,graph,reward,trialNumber,difficulty,difficulty_2,type,wid,RT_first_visit,RT_second_visit,RT,max_reward,current_reward,loss,accuracy,accuracy_1,df,unchoosen_diff
0,"[[], [], [], [10, 5], [7, 2], [1, 0], [], [2], [], [], [8, 6]]","[-3, 2, 3, None, -1, 3, -2, 0, -3, -2, -2]",317,8,6.0,best_second,w58a3a3f,8.133880887949205,7.998335395952982,8.761393485256058,5,5,0,1,1,2,1.0
1,"[[6, 7], [], [], [], [8, 1], [], [10, 2], [3, 9], [1], [], []]","[None, -3, -2, -4, -3, 4, 3, 1, 2, 1, 3]",19,6,5.0,best_third,w58a3a3f,8.228443883004035,7.969011781106478,8.800113946766308,6,6,0,1,1,2,5.0
2,"[[], [], [], [], [10, 7], [], [9, 8], [], [3, 5], [2, 1], [7]]","[3, 3, -1, 0, -4, -4, None, -4, -4, 4, 4]",389,10,1.0,best_second,w58a3a3f,7.990915463091325,7.842278779117352,8.612321536507816,7,7,0,1,1,2,4.0
4,"[[], [4, 3], [], [], [], [], [], [1, 8], [2, 6], [5], [9, 5]]","[-2, 2, -4, 3, -2, -2, -2, None, -3, -4, -2]",237,9,1.0,best_second,w58a3a3f,7.8160138391590275,7.558516743045645,8.388450315523512,5,5,0,1,1,2,2.0
5,"[[], [], [7, 6], [], [], [1, 0], [], [], [2, 5], [3], [9, 3]]","[0, -2, -1, -4, 2, 4, 2, -2, None, 0, -3]",121,4,4.0,best_second,w58a3a3f,7.961370201719511,7.948031990637284,8.647694999480397,4,4,0,1,1,2,4.0
6,"[[], [0], [], [], [8, 3], [7, 4], [1, 0], [2, 10], [], [], []]","[1, 4, 4, -1, -1, None, -1, 3, 4, 0, -4]",9,7,7.0,best_third,w58a3a3f,7.780303087908373,7.0130157896396295,8.161375023197486,7,7,0,1,1,2,5.0
7,"[[9], [], [], [], [10, 1], [0, 9], [7, 4], [3, 8], [], [], []]","[-1, 3, 0, -1, -2, 3, None, 1, 1, 1, 1]",313,2,0.0,best_third,w58a3a3f,7.771910256435763,8.666647144584577,9.009202900924588,2,2,0,1,1,2,2.0
10,"[[], [7], [], [0, 5], [3, 10], [], [1, 7], [], [], [], [2, 8]]","[-1, 4, -3, 1, None, 2, -4, -1, -2, 3, 4]",207,2,6.0,best_min,w58a3a3f,8.173575486634153,8.594709633844065,9.09918532261002,3,2,1,0,0,2,3.0
11,"[[], [4], [], [2, 0], [], [9, 10], [], [1, 4], [3, 5], [], []]","[0, -3, -1, -3, 4, 1, 2, -1, None, 2, -3]",129,6,4.0,best_second,w58a3a3f,8.314342343369791,7.575071699507561,8.70450228972123,3,3,0,1,1,2,1.0
14,"[[], [], [], [], [8, 1], [2, 0], [9, 3], [], [1], [], [5, 6]]","[-3, -2, -1, -4, 0, 3, -3, 2, -4, 4, None]",335,4,6.0,best_third,w58a3a3f,7.763021309018518,7.4673710669175595,8.318986125392058,2,2,0,1,1,2,8.0
15,"[[8, 5], [], [], [], [9], [2, 3], [], [], [7, 1], [], [4, 9]]","[None, -4, 4, -4, -1, 2, 2, 4, -2, 0, 3]",209,8,6.0,best_third,w58a3a3f,8.03689677268507,6.784457062637643,8.288031567776464,6,6,0,1,1,2,8.0
20,"[[1, 4], [], [], [9, 2], [], [], [], [8, 5], [], [2], [0, 7]]","[0, 0, 1, -3, -2, 2, 1, 2, 0, 1, None]",87,4,0.0,best_second,w58a3a3f,8.182838710766026,7.471932078245122,8.58223158759546,4,4,0,1,1,2,2.0
21,"[[1, 6], [], [5, 9], [], [0, 8], [9], [], [], [10, 3], [], []]","[3, 3, 1, 4, None, 1, 0, 2, -4, -4, -2]",5,7,3.0,best_second,w58a3a3f,7.704811922932594,7.404887575616125,8.258940462988459,6,6,0,1,1,2,6.0
22,"[[2], [4, 7], [], [], [], [], [8, 1], [], [3, 10], [0, 2], []]","[2, -1, 4, 3, 0, -3, None, 2, 1, 2, -1]",167,4,3.0,best_third,w58a3a3f,8.463792414689122,8.168486417126681,9.020026965252676,4,-1,5,0,0,2,4.0
23,"[[4, 3], [6, 0], [], [], [], [10], [8, 7], [], [], [5, 10], []]","[-3, None, 2, -1, -2, -3, 3, -3, 4, -2, -4]",399,10,6.0,best_second,w58a3a3f,7.437206366871293,7.029087564149662,7.946617563244473,7,7,0,1,1,2,1.0
24,"[[], [0], [], [], [], [], [], [8, 10], [4, 5], [1, 0], [6, 2]]","[4, 0, 4, 4, -4, 2, 0, None, 3, 3, 0]",1,4,1.0,best_min,w58a3a3f,8.872487182278038,6.77078942390898,8.987696695703624,5,5,0,1,1,2,4.0
25,"[[6, 2], [4, 3], [], [5, 7], [8, 9], [], [2], [], [], [], []]","[3, None, 1, 0, 2, -2, 2, 0, 2, -3, 2]",221,5,5.0,best_third,w58a3a3f,8.50936261230105,6.853299093186078,8.683893367307236,4,4,0,1,1,2,2.0
29,"[[9, 2], [], [], [7, 4], [], [1, 10], [0, 5], [4], [], [], []]","[1, 3, 4, 2, -3, 3, None, 0, -3, -4, 1]",325,4,2.0,best_third,w58a3a3f,7.5745584842024805,7.00033446027523,8.020927718981575,6,6,0,1,1,2,8.0
31,"[[], [], [0, 7], [9], [], [], [4, 5], [], [2, 6], [], [3, 9]]","[4, -2, -3, 0, -4, -1, -3, 2, None, 2, 3]",171,5,5.0,best_second,w58a3a3f,8.83127373772255,6.697034247666484,8.942983665985647,1,1,0,1,1,2,3.0
33,"[[6, 4], [7, 2], [], [], [10, 3], [], [8, 5], [2], [], [], []]","[None, 0, 0, 3, 3, 2, -3, 4, 1, -1, 0]",377,6,0.0,best_second,w58a3a3f,7.420578905410801,7.60887062919126,8.212025804623437,6,6,0,1,1,2,1.0
34,"[[], [], [], [10], [1, 2], [], [5, 0], [4, 6], [3, 10], [], []]","[-1, -2, -4, -4, -3, 1, 4, None, 3, -4, -1]",315,8,5.0,best_second,w58a3a3f,7.472500744737558,6.095824562432225,7.697121317282625,5,5,0,1,1,2,2.0
35,"[[8, 5], [7, 9], [0, 3], [6, 4], [], [], [], [9], [], [], []]","[-2, 2, None, -4, 0, -1, 2, 3, 2, 1, -4]",177,3,1.0,best_third,w58a3a3f,8.173857454773621,6.901737206656573,8.420682291035394,0,0,0,1,1,2,2.0
36,"[[], [8, 3], [], [], [5, 9], [6, 0], [], [], [3], [7, 2], []]","[0, -2, -1, -4, None, 2, 4, -4, 4, -3, 4]",77,9,2.0,best_second,w58a3a3f,7.913155185928068,6.293419278846481,8.09346227450118,6,6,0,1,1,2,3.0
37,"[[4, 6], [2], [], [], [7, 3], [], [8, 5], [], [], [1, 2], []]","[None, -1, -4, -1, 4, 4, 3, 0, -1, -3, -2]",247,4,1.0,best_min,w58a3a3f,7.992268643270744,7.385851078125209,8.42726848388825,7,7,0,1,1,2,1.0
39,"[[], [9, 0], [5, 3], [], [10], [], [], [1, 2], [4, 10], [], []]","[3, 4, -4, 4, -1, -1, 4, None, 2, 1, 2]",301,7,1.0,best_second,w58a3a3f,8.269244521183058,7.665284718471351,8.705165419719005,7,7,0,1,1,2,5.0
41,"[[7, 5], [9, 0], [], [4, 8], [8], [], [], [], [], [10, 2], []]","[-3, None, 3, -4, 4, -1, 0, 3, 4, 1, 4]",235,5,2.0,best_second,w58a3a3f,7.927685045615778,7.282073658093465,8.349011198176003,5,5,0,1,1,2,4.0
42,"[[6], [4, 9], [], [], [2, 8], [], [], [0, 6], [], [10, 3], []]","[4, None, -2, 4, -4, 0, 1, 4, -1, 4, -2]",373,11,0.0,best_second,w58a3a3f,7.81237820598861,7.452402451223638,8.341410211461865,8,8,0,1,1,2,1.0
47,"[[1, 3], [7, 6], [10], [9, 8], [], [2, 10], [], [], [], [], []]","[None, 0, 0, -3, -4, -3, -1, 3, -4, -1, -3]",137,7,1.0,best_second,w58a3a3f,8.260234291607297,6.849066282633457,8.478244441277663,3,3,0,1,1,2,3.0
48,"[[], [], [], [], [0, 2], [], [], [3], [1, 5], [7, 3], [8, 4]]","[2, -1, 3, 3, 0, 2, 0, 3, 2, -3, None]",15,2,0.0,best_min,w58a3a3f,9.638740451366843,6.813444599510896,9.696278864234225,4,1,3,0,1,2,1.0
51,"[[], [4, 9], [], [], [], [1, 8], [], [10, 0], [6, 2], [], [0]]","[4, 1, -2, -1, -3, None, -3, 4, -4, 4, 0]",381,10,3.0,best_second,w58a3a3f,8.015327309021718,6.907755278982137,8.300528606199737,5,5,0,1,1,2,1.0
52,"[[], [], [7, 4], [9, 1], [], [8, 6], [], [4], [], [], [3, 5]]","[3, 3, -3, 4, 1, -4, -4, 0, -3, -1, None]",283,11,1.0,best_second,w58a3a3f,8.1101268019411,7.9287663216266955,8.716535732544495,7,7,0,1,1,2,1.0
53,"[[], [], [5, 7], [4, 2], [8, 1], [], [], [], [], [10, 6], [6]]","[-3, -3, 2, None, -4, 4, -1, -3, 0, 0, 1]",191,10,5.0,best_second,w58a3a3f,7.451241684987676,7.083387847625295,7.976938756959434,6,6,0,1,1,2,3.0
54,"[[], [], [6, 7], [0], [9, 10], [3, 0], [], [], [2, 4], [], []]","[4, 2, -2, -2, -1, -2, -4, -2, None, 2, 3]",7,5,4.0,best_second,w58a3a3f,7.487173694213739,7.183870715062453,8.039802343736485,2,2,0,1,1,2,2.0
56,"[[], [], [3, 8], [9, 6], [1], [4, 1], [], [], [7, 10], [], []]","[0, 4, None, -4, 1, 4, -2, 0, -2, 3, 4]",289,5,6.0,best_third,w58a3a3f,8.506132244056813,7.3310603052186325,8.775085935057266,2,2,0,1,1,2,5.0
57,"[[7, 10], [5, 2], [], [9, 0], [], [2], [], [], [], [8, 6], []]","[3, 4, -1, None, -1, -3, -4, -1, 1, -4, 4]",139,10,1.0,best_second,w58a3a3f,7.540621528657152,7.393263094763838,8.162516250140179,7,7,0,1,1,2,5.0
59,"[[], [5, 4], [], [0], [], [], [3, 0], [], [10, 1], [], [7, 2]]","[4, -3, -3, -4, -4, 3, -1, 3, None, 4, 4]",397,9,7.0,best_second,w58a3a3f,8.99342737041261,6.669498089857879,9.086702731518004,7,7,0,1,1,2,7.0
60,"[[], [9, 5], [], [0], [], [7, 2], [], [], [], [4, 6], [3, 0]]","[-2, None, 3, 0, 3, 4, 1, 4, -4, 2, -3]",353,3,1.0,best_second,w58a3a3f,7.959275960116396,7.163946684342547,8.331586243630753,8,8,0,1,1,2,2.0
62,"[[], [], [4, 0], [7, 10], [0], [], [], [1, 9], [], [], [6, 8]]","[1, -1, 3, None, 0, 2, 4, -3, -2, -4, 4]",153,11,6.0,best_second,w58a3a3f,7.918264686095274,7.899153483343098,8.601718146485926,8,8,0,1,1,2,3.0
63,"[[], [], [0], [2, 0], [7, 10], [], [5, 9], [], [4, 6], [], []]","[4, -4, 4, 4, -3, 3, -3, -2, None, 2, 0]",173,3,5.0,best_second,w58a3a3f,8.784621534840749,7.492760300922379,9.02725852623582,0,0,0,1,1,2,2.0
65,"[[3, 10], [], [], [9, 4], [], [], [7, 8], [8], [], [], [5, 2]]","[None, -3, -1, -4, 2, 4, 1, 3, -1, -2, 3]",147,9,4.0,best_second,w58a3a3f,7.700295203420117,6.461468176353717,7.954372272531867,7,7,0,1,1,2,4.0
66,"[[], [4, 5], [], [], [7, 3], [0, 10], [9, 8], [], [], [8], []]","[3, None, -3, -3, 0, 0, -2, 1, 1, 2, -1]",337,4,1.0,best_third,w58a3a3f,8.209852481301272,6.51025834052315,8.377471248241099,3,3,0,1,1,2,4.0
67,"[[], [], [], [1, 5], [2], [], [4, 2], [], [9, 3], [7, 10], []]","[-1, 4, 4, 4, 1, 3, -2, -3, None, 0, -4]",375,8,1.0,best_second,w58a3a3f,8.440744019252831,7.520776415062797,8.776012719182917,8,8,0,1,1,2,1.0
69,"[[], [], [9, 8], [6, 7], [], [], [10, 5], [1, 0], [], [8], []]","[-2, 1, -1, None, 4, -1, -4, 3, -3, 0, 2]",115,6,5.0,best_second,w58a3a3f,7.523481312573497,7.506042178518122,8.207674424355282,4,4,0,1,1,2,3.0
71,"[[], [7, 3], [], [9, 10], [0], [], [], [5, 2], [4, 0], [], []]","[-1, None, 1, 4, 1, 4, -1, -1, 1, -3, -2]",25,2,2.0,best_min,w58a3a3f,8.764678074116604,7.581209826196346,9.031692060548524,3,3,0,1,1,2,1.0
72,"[[], [8, 4], [0], [], [], [2, 0], [7, 1], [9, 10], [], [], []]","[3, 4, 3, -4, -3, -4, None, -3, 4, -4, 0]",233,11,7.0,best_second,w58a3a3f,7.900266036767701,7.784057002639929,8.536799721055155,8,8,0,1,1,2,4.0
75,"[[], [], [], [], [6, 1], [8, 0], [1], [], [], [5, 10], [7, 3]]","[4, -4, 2, -4, 0, 4, -2, -1, -4, None, -2]",319,11,0.0,best_second,w58a3a3f,7.539027055823994,6.860663671448286,7.949091499830517,8,8,0,1,1,2,3.0
77,"[[8], [], [3, 1], [], [], [], [10, 2], [0, 8], [], [], [9, 5]]","[-4, -1, -2, -2, -1, 1, None, 2, 4, 3, 3]",83,7,2.0,best_second,w58a3a3f,7.66105638236183,6.873163834212518,8.035602692918582,6,6,0,1,1,2,1.0
80,"[[], [], [], [4, 5], [5], [], [], [2, 0], [1, 9], [], [8, 7]]","[-4, 3, 1, 0, -4, -1, -4, 1, -3, -3, None]",339,5,5.0,best_third,w58a3a3f,8.0149968943483,7.493873886783559,8.480944058741116,2,2,0,1,1,2,6.0
82,"[[], [8], [], [6, 2], [], [3, 10], [], [], [], [1, 8], [0, 7]]","[-2, -2, -1, 0, 3, None, 4, -3, -3, 3, 0]",61,6,1.0,best_second,w58a3a3f,8.200562797008564,6.4599044543775355,8.361941906144946,4,4,0,1,1,2,1.0
85,"[[8, 4], [0, 3], [], [6, 5], [], [], [], [10, 9], [], [], [9]]","[4, None, -2, -3, -3, -3, -4, 4, 3, 0, -3]",187,11,7.0,best_second,w58a3a3f,7.8343923029104365,6.584791392385717,8.0861025356691,7,7,0,1,1,2,1.0
87,"[[3, 8], [], [0, 4], [], [5, 6], [], [], [9], [], [], [7, 9]]","[-1, 0, None, -3, 4, -4, 4, 3, -4, -3, -3]",101,11,0.0,best_second,w58a3a3f,8.780018887869153,7.453561871643373,9.015298250772847,8,8,0,1,1,2,1.0
89,"[[1, 8], [8], [], [], [9, 2], [], [], [3, 5], [], [], [4, 7]]","[-3, -2, -4, -2, -1, 4, -1, 4, -3, -2, None]",213,10,0.0,best_second,w58a3a3f,8.11701408773731,7.471932078245122,8.53856321715243,8,8,0,1,1,2,2.0
94,"[[3, 10], [8, 9], [], [], [], [], [2, 4], [0, 6], [9], [], []]","[-4, 3, 1, -1, 3, -2, 2, None, 3, -4, 0]",127,7,1.0,best_second,w58a3a3f,7.460490305825337,7.452402451223638,8.149312843635345,5,5,0,1,1,2,1.0
96,"[[9, 5], [8, 10], [], [4, 2], [2], [], [1, 0], [], [], [], []]","[4, 1, -1, 2, 4, -1, None, 1, 4, -2, 0]",91,3,5.0,best_min,w58a3a3f,7.390798521735676,7.460490305825337,8.119100837637486,5,2,3,0,0,2,4.0
98,"[[], [], [8, 10], [], [1, 0], [3, 6], [], [5, 4], [10], [], []]","[-1, -4, 0, 3, 3, 3, 2, None, 3, 4, 4]",331,4,1.0,best_second,w58a3a3f,8.834482608620675,7.024649030453636,8.98594603876032,6,6,0,1,1,2,3.0
103,"[[5, 7], [], [], [], [6, 9], [7], [1, 3], [], [], [2, 10], []]","[0, 4, 4, -1, None, 0, -3, 3, 3, 4, -1]",241,8,5.0,best_second,w58a3a3f,8.060855752934316,6.787844982309579,8.307459327011944,8,8,0,1,1,2,5.0
105,"[[], [], [], [], [1, 2], [4, 10], [], [9, 6], [], [6], [8, 3]]","[-4, -3, -4, 2, 1, None, -1, 3, 1, 1, -2]",119,2,5.0,best_second,w58a3a3f,8.153925132007862,8.20412493257404,8.87234697898303,0,-2,2,0,0,2,1.0
108,"[[9, 5], [8, 2], [], [7, 1], [], [], [], [10, 4], [], [5], []]","[1, -3, -1, None, -3, -1, -1, 2, -4, -1, 4]",47,10,5.0,best_second,w58a3a3f,7.496097345175956,7.044905117129371,7.988542982737695,6,6,0,1,1,2,3.0
109,"[[], [10], [3, 5], [], [], [], [1, 10], [], [2, 9], [0, 4], []]","[-1, 1, 0, -1, -2, 3, 3, 3, None, -1, -2]",269,5,3.0,best_second,w58a3a3f,7.29641326877392,7.4133673356952405,8.049427057110695,3,3,0,1,1,2,1.0
110,"[[], [], [], [], [2, 1], [], [], [6], [7, 6], [0, 3], [9, 4]]","[-4, -2, 3, -3, 2, -4, -4, 1, -1, -4, None]",291,10,4.0,best_second,w58a3a3f,7.4999765409521215,6.904750769961838,7.938802248154481,5,5,0,1,1,2,1.0
112,"[[], [], [7, 0], [], [9, 1], [], [10, 5], [], [6, 2], [1], []]","[-3, 3, -4, -2, 2, 2, 0, 3, None, 4, 4]",51,6,2.0,best_second,w58a3a3f,7.97522083865341,7.724004656676065,8.550434525196039,4,4,0,1,1,2,6.0
114,"[[6], [0, 6], [], [], [], [10, 9], [], [], [], [7, 8], [2, 4]]","[0, -2, 4, 0, -2, None, -4, -3, -2, -3, 4]",309,11,6.0,best_second,w58a3a3f,7.645875825184814,6.464588303689961,7.913155185928068,8,8,0,1,1,2,1.0
115,"[[], [5, 8], [7], [], [], [3, 9], [2, 7], [], [0, 10], [], []]","[1, None, -2, 1, 0, 1, 1, 4, 2, -4, -1]",105,3,5.0,best_third,w58a3a3f,8.302265794873367,6.536691597591305,8.45998771764546,3,2,1,0,0,2,2.0
121,"[[10, 8], [9, 7], [], [2], [3, 2], [], [0, 1], [], [], [], []]","[4, -3, 2, 0, -3, 4, None, 1, 4, -4, -1]",71,10,0.0,best_second,w58a3a3f,7.406103381237015,7.454141078146678,8.123261319121745,8,8,0,1,1,2,5.0
123,"[[8, 3], [], [], [2, 4], [], [6, 10], [10], [], [7, 9], [], []]","[None, -4, 4, 0, 0, -4, -3, 3, 4, -2, 0]",287,5,6.0,best_third,w58a3a3f,7.1891677384203225,6.985641817639208,7.785305182539862,7,7,0,1,1,2,4.0
124,"[[9, 5], [6], [], [1, 6], [], [10, 8], [], [], [], [4, 7], []]","[None, 3, 4, -3, 3, 0, 2, 1, -2, -2, -3]",379,3,2.0,best_second,w58a3a3f,7.350516171833998,7.8367647832640674,8.31581113188354,1,-2,3,0,0,2,2.0
127,"[[], [10, 6], [], [], [3, 5], [], [], [0], [1, 4], [7, 0], []]","[-3, 1, -1, 4, 4, -3, -1, -1, None, -3, 4]",333,6,7.0,best_third,w58a3a3f,8.384804003370492,7.0613343669104385,8.620651899784468,8,8,0,1,1,2,5.0
128,"[[], [10, 3], [], [], [], [], [5, 4], [6, 9], [], [2, 0], [3]]","[4, 4, -3, 1, 0, -3, -4, None, -2, 2, 3]",131,10,2.0,best_second,w58a3a3f,7.469654172932128,7.431299675155903,8.14351740579748,6,6,0,1,1,2,3.0
130,"[[2], [0, 2], [], [], [], [6, 7], [10, 8], [4, 9], [], [], []]","[-2, 3, 4, 3, 2, None, -2, 3, 4, 0, 0]",205,4,3.0,best_second,w58a3a3f,8.661812881026181,7.385851078125209,8.907883013942246,5,5,0,1,1,2,4.0
132,"[[], [], [7, 6], [10, 0], [], [8, 2], [], [], [1, 4], [], [0]]","[-4, -3, -4, 3, 4, None, -3, 1, 1, 0, -4]",299,9,3.0,best_second,w58a3a3f,8.121777419161074,6.78897174299217,8.355614995760183,5,5,0,1,1,2,4.0
134,"[[], [], [9, 10], [], [7, 8], [], [], [8], [], [6, 5], [1, 0]]","[-2, -1, None, 4, 0, -4, 4, -1, -3, 4, -3]",27,11,8.0,best_second,w58a3a3f,7.607878073278507,7.305860032684008,8.161089512845797,8,8,0,1,1,2,1.0
136,"[[], [6], [1, 6], [], [], [8, 9], [], [], [3, 4], [7, 0], []]","[2, 2, 3, -3, 3, None, -1, -3, 3, -4, -3]",243,9,0.0,best_second,w58a3a3f,8.031060180240619,6.824373670043086,8.29254851397576,6,6,0,1,1,2,5.0
139,"[[], [5], [], [7, 6], [], [], [2, 4], [9, 10], [1, 5], [], []]","[-2, -4, 3, None, 4, 0, -3, -1, 2, -1, 0]",113,2,1.0,best_second,w58a3a3f,8.47261414801827,7.1785454837637,8.714731714015052,1,-1,2,0,0,2,1.0
142,"[[], [9, 7], [8, 5], [4, 10], [], [], [3, 2], [], [], [7], []]","[1, 2, 3, -1, 4, -3, None, 1, -2, -2, 3]",203,2,6.0,best_second,w58a3a3f,7.505492274737424,7.351799869057777,8.124446855715847,3,0,3,0,0,2,1.0
143,"[[1, 5], [], [], [7, 10], [], [], [3, 0], [], [9, 4], [4], []]","[-4, 3, -4, 4, 3, -2, None, -3, 1, 1, 2]",341,8,2.0,best_second,w58a3a3f,8.254268770090183,6.5652649700353605,8.423541635334782,6,6,0,1,1,2,5.0
144,"[[], [], [4, 7], [], [5, 1], [], [10, 8], [0, 3], [], [], [8]]","[-4, 4, None, -2, -1, -2, 1, -3, -3, 1, 3]",31,8,5.0,best_second,w58a3a3f,8.415603335654604,6.697034247666484,8.580355766373879,3,3,0,1,1,2,2.0
146,"[[7, 9], [], [], [], [10, 0], [], [8, 1], [], [1], [], [3, 5]]","[2, 2, 4, -3, None, -4, -1, -4, -1, 4, -3]",229,11,2.0,best_second,w58a3a3f,7.692113339595466,7.517520850603031,8.301521654940728,6,6,0,1,1,2,1.0
147,"[[], [2, 3], [0, 10], [7, 6], [], [8], [], [], [], [5, 8], []]","[-3, None, -1, -3, 3, -2, 0, -2, -1, 3, 1]",93,4,2.0,best_third,w58a3a3f,8.235095497258358,7.00397413672268,8.491054533806544,0,0,0,1,1,2,2.0
154,"[[], [0, 5], [9], [], [1, 10], [], [], [], [2, 9], [], [6, 3]]","[-2, -3, -3, -4, None, -4, 3, -4, 4, 3, 4]",259,11,8.0,best_second,w58a3a3f,7.708859601047174,6.16541785423142,7.902117546276448,7,7,0,1,1,2,2.0
155,"[[2, 7], [], [], [10, 5], [6, 8], [], [], [], [], [0, 4], [5]]","[3, -3, -4, 4, -3, 1, -3, 2, -2, None, -4]",17,9,1.0,best_second,w58a3a3f,7.781973234434385,6.879355804460439,8.122074375362217,5,5,0,1,1,2,1.0
157,"[[7, 9], [], [], [], [10, 0], [1], [], [], [5, 1], [], [2, 3]]","[-3, 2, 3, -3, None, 3, -1, 0, 2, -1, 4]",277,9,7.0,best_second,w58a3a3f,7.99799931797973,6.261491684321042,8.159946655578548,7,7,0,1,1,2,1.0
158,"[[4], [0, 4], [6, 5], [10, 7], [], [], [], [], [], [2, 3], []]","[1, -2, 4, -2, -1, 0, 3, 4, 4, None, -1]",157,6,4.0,best_second,w58a3a3f,7.64826303090192,6.3561076606958915,7.890582534656536,7,7,0,1,1,2,5.0
159,"[[10, 9], [], [], [], [3, 2], [8], [5, 8], [4, 0], [], [], []]","[4, -4, -1, 1, -2, -4, 4, None, 4, 4, -3]",343,9,0.0,best_second,w58a3a3f,7.4223737009868245,7.299797366758161,8.055792450977771,8,8,0,1,1,2,2.0
160,"[[], [5], [], [8, 7], [1, 5], [], [2, 0], [], [], [], [3, 6]]","[4, 2, -3, -2, 2, -2, 4, -4, 1, -4, None]",57,10,0.0,best_second,w58a3a3f,7.912423121473704,7.433666540166168,8.394347361417392,8,8,0,1,1,2,5.0
163,"[[], [], [6, 9], [], [], [0, 4], [9], [10, 1], [7, 5], [], []]","[-3, -2, 0, 4, 4, 4, 0, -4, None, 2, 0]",297,11,0.0,best_second,w58a3a3f,7.357556200910353,7.311218384419628,8.027476530860481,8,8,0,1,1,2,2.0
165,"[[9, 7], [3, 4], [], [4], [], [], [], [10, 5], [], [8, 6], []]","[None, 0, -1, 0, -1, -4, -3, -3, 3, 4, 3]",249,9,7.0,best_second,w58a3a3f,7.597396320212795,6.059123195581797,7.791522819150733,7,7,0,1,1,2,7.0
167,"[[6, 1], [], [4, 3], [], [], [10, 2], [1], [], [], [], [8, 9]]","[3, 3, -4, -2, 2, None, 4, -4, -2, 3, 4]",33,9,1.0,best_second,w58a3a3f,7.2019163175316265,7.180069874302796,7.8838232148921525,7,7,0,1,1,2,4.0
169,"[[], [0, 6], [10, 8], [9], [1, 2], [3, 9], [], [], [], [], []]","[-1, 2, -3, -1, None, 0, -3, 4, 0, 0, 1]",393,3,5.0,best_second,w58a3a3f,8.688453800850768,7.325807502595773,8.916237731721479,1,1,0,1,1,2,1.0
171,"[[9, 1], [], [], [8, 6], [10, 7], [0, 3], [], [], [], [], [7]]","[3, -4, 1, -3, -3, None, -2, 1, 0, 3, 4]",145,9,7.0,best_second,w58a3a3f,8.415603335654604,6.230481447578482,8.521981708148035,6,6,0,1,1,2,2.0
176,"[[3, 1], [], [5], [], [], [], [2, 5], [], [10, 4], [8, 0], []]","[-2, 0, -3, -2, 0, 4, 1, -4, -3, None, 2]",279,2,2.0,best_third,w58a3a3f,9.163458386076053,7.277938572945662,9.304650051446925,-1,-2,1,0,0,2,2.0
179,"[[], [], [], [], [0], [3, 9], [], [5, 8], [2, 1], [], [4, 0]]","[0, -1, -3, 4, -1, -1, -4, None, -1, 1, -2]",39,5,2.0,best_second,w58a3a3f,8.32482129876878,6.690842277418563,8.502891406705379,3,3,0,1,1,2,2.0
184,"[[], [], [], [10, 5], [], [], [0, 4], [1], [6, 3], [7, 1], []]","[-1, -3, -3, -1, 3, -2, 0, -3, None, -1, -1]",195,5,3.0,best_second,w58a3a3f,8.201385955238608,7.130098510125578,8.495765244002618,3,3,0,1,1,2,1.0
187,"[[], [5, 6], [], [], [10, 8], [7, 9], [2, 0], [], [], [], [8]]","[-2, None, -1, 3, 1, -1, 2, 4, 2, -3, -4]",149,4,2.0,best_min,w58a3a3f,8.589141690728823,6.46302945692067,8.70167907103957,3,3,0,1,1,2,1.0
190,"[[], [], [7, 5], [], [10, 3], [6, 9], [], [1, 8], [], [], [3]]","[2, 2, None, -2, -2, -1, -4, -4, 1, -3, -3]",53,2,5.0,best_second,w58a3a3f,8.723068501163928,7.62413058566129,9.010547069270189,-2,-2,0,1,1,2,1.0
192,"[[4], [], [], [], [], [0, 4], [], [1, 3], [6, 2], [], [8, 7]]","[0, 4, -1, -2, 2, 0, 4, 4, -4, -3, None]",103,9,6.0,best_second,w58a3a3f,8.426830751335846,7.072421900537371,8.656259239539235,8,8,0,1,1,2,5.0
196,"[[], [], [6], [], [9, 1], [10, 0], [], [2, 6], [4, 5], [], []]","[4, -2, -2, 2, -4, -2, 3, 2, None, 3, 0]",225,5,6.0,best_third,w58a3a3f,8.312626025674964,6.977281341630747,8.545974992841689,2,2,0,1,1,2,5.0
201,"[[], [], [3, 7], [6, 5], [9], [], [], [8, 1], [], [], [4, 9]]","[-4, -3, None, 0, 2, 1, 4, -3, -4, -3, -1]",261,8,1.0,best_second,w58a3a3f,7.873217054862741,7.0184017990692,8.227375506834035,4,4,0,1,1,2,1.0
202,"[[], [0], [10, 6], [], [2, 9], [], [], [1, 0], [], [5, 3], []]","[3, 0, -4, -1, None, 4, -3, 4, 2, -3, 3]",321,5,2.0,best_third,w58a3a3f,8.240121298076472,6.855408798609927,8.463370384718731,1,1,0,1,1,2,6.0
204,"[[3], [], [4, 8], [], [], [0, 3], [], [], [], [6, 1], [2, 9]]","[2, 2, 2, 2, -1, -1, -2, 1, 0, -2, None]",385,3,2.0,best_second,w58a3a3f,8.32772616646141,6.603943824600473,8.491670234185152,2,2,0,1,1,2,4.0
208,"[[], [4, 0], [8], [], [], [10, 6], [], [5, 1], [], [2, 8], []]","[-1, -3, -1, 2, -4, 4, -2, None, 3, 3, 4]",391,11,6.0,best_second,w58a3a3f,7.755338812846502,6.484635235635252,8.002359546252707,8,8,0,1,1,2,3.0
210,"[[], [3, 9], [0], [], [], [2, 0], [], [], [4, 6], [], [1, 8]]","[-3, 1, 4, -2, -2, 1, 0, 3, 0, -4, None]",159,2,0.0,best_third,w58a3a3f,8.637107288081575,7.577633832602728,8.934586870389676,0,0,0,1,1,2,2.0
212,"[[9, 5], [0, 8], [], [6, 4], [], [], [4], [], [7, 2], [], []]","[3, None, -3, 1, 1, 0, -3, -1, -4, 4, 4]",219,10,3.0,best_second,w58a3a3f,7.498869733976931,5.752572638825633,7.659171367666058,7,7,0,1,1,2,2.0
214,"[[], [], [], [], [9, 6], [7, 8], [1, 3], [8], [], [0, 10], []]","[4, -4, 0, -1, None, -1, -3, 3, -1, 4, -2]",327,11,6.0,best_second,w58a3a3f,7.029087564149662,6.20050917404269,7.390798521735676,8,8,0,1,1,2,3.0
215,"[[], [10, 3], [7, 0], [8, 6], [], [], [], [0], [], [], [4, 5]]","[4, None, 4, -4, 1, -1, 3, 1, -3, 3, 3]",107,6,4.0,best_second,w58a3a3f,7.683403681053826,6.434546518787453,7.935229539816907,4,4,0,1,1,2,6.0
216,"[[7, 6], [], [5, 3], [], [], [3], [], [], [10, 0], [], [9, 1]]","[1, 2, 3, 1, -1, -4, -2, 0, None, 4, -4]",189,2,3.0,best_third,w58a3a3f,8.06777619577889,7.0613343669104385,8.379079889286603,1,1,0,1,1,2,2.0
220,"[[5, 4], [], [], [], [], [4], [1, 9], [2, 8], [], [], [6, 7]]","[-1, -4, 2, 2, 4, -2, -1, 4, 1, -2, None]",323,7,3.0,best_second,w58a3a3f,7.831220214604293,7.130898830296347,8.234034207692043,6,6,0,1,1,2,2.0
221,"[[9, 3], [], [], [], [10], [0, 6], [1, 7], [], [4, 10], [], []]","[1, -4, -4, 4, 3, None, -3, 1, 4, -1, -3]",349,8,3.0,best_second,w58a3a3f,7.67693714581808,6.654152520183219,7.983781068977451,5,5,0,1,1,2,5.0
224,"[[10, 3], [], [6], [], [7, 9], [4, 0], [], [], [2, 6], [], []]","[3, -3, 1, 3, -3, None, 3, -4, -3, -2, 0]",163,9,0.0,best_second,w73a27fb,8.419580362549237,8.816853240627426,9.33087517360492,6,6,0,1,1,2,2.0
225,"[[5, 2], [], [], [], [], [], [], [3], [0, 9], [1, 4], [7, 3]]","[-3, -1, -4, -3, 4, 0, 2, 4, None, 2, 3]",219,9,2.0,best_second,w73a27fb,8.6921543938039,8.512180649592693,9.299266581170585,6,6,0,1,1,2,4.0
226,"[[], [], [], [], [], [3, 2], [7, 5], [4, 0], [9, 10], [10], []]","[-4, -3, -4, -2, 3, -4, None, 3, -3, -4, 2]",55,11,7.0,best_second,w73a27fb,7.73718007783463,8.10711747075039,8.632127729508337,6,6,0,1,1,2,2.0
228,"[[8, 4], [], [], [], [], [], [3, 10], [1, 2], [4], [6, 7], []]","[2, 0, -2, 0, 3, -4, -4, 3, -2, None, 1]",375,5,5.0,best_second,w73a27fb,8.811503250158239,9.204825191288071,9.72046575062778,3,3,0,1,1,2,1.0
231,"[[7, 2], [10, 4], [], [], [], [8, 9], [1, 0], [], [9], [], []]","[3, -4, -2, -2, -1, -4, None, 1, 1, 3, 2]",215,6,5.0,best_second,w73a27fb,8.405591014834934,9.0940312495758,9.500993027872797,4,1,3,0,1,2,3.0
233,"[[], [3, 2], [], [], [], [], [9], [6, 9], [4, 0], [], [1, 8]]","[-2, 3, 3, 0, 0, 2, 2, -1, 1, 2, None]",173,5,0.0,best_second,w73a27fb,8.538367426647644,8.39660622842712,9.16303909885817,6,6,0,1,1,2,2.0
234,"[[], [], [10, 0], [], [7, 2], [9, 1], [], [3, 6], [], [1], []]","[4, -1, -2, 4, None, 3, 0, 1, 0, 0, 2]",249,4,6.0,best_third,w73a27fb,9.070043286437459,8.889446165318288,9.676900579444158,5,2,3,0,0,2,4.0
235,"[[7, 4], [], [], [5], [9, 1], [], [], [2, 6], [3, 5], [], []]","[None, 2, -1, 1, 2, 4, -3, -4, -3, -2, -1]",133,8,0.0,best_second,w73a27fb,8.667680024690174,8.407824654360873,9.23921933152656,4,4,0,1,1,2,2.0
236,"[[], [], [], [], [], [0], [], [5, 0], [4, 3], [10, 8], [2, 1]]","[-4, -3, 4, -1, -2, -3, -1, -4, -3, None, 3]",61,10,6.0,best_second,w73a27fb,7.9102237070973445,7.506591780070841,8.421562960400987,7,7,0,1,1,2,1.0
237,"[[], [], [9, 4], [], [3, 10], [], [5], [], [6, 5], [1, 7], []]","[-4, 4, None, -3, -4, 0, -3, -4, 4, 4, 2]",87,11,8.0,best_second,w73a27fb,7.723120092266331,7.531016332077916,8.32457884513685,8,8,0,1,1,2,5.0
238,"[[9], [], [], [], [5, 7], [1, 6], [], [2, 3], [], [], [0, 9]]","[-3, 1, -1, 4, None, 4, 3, -4, 3, 1, 1]",235,7,1.0,best_second,w73a27fb,8.854379458771108,8.17695386822578,9.26501793326688,7,7,0,1,1,2,5.0
239,"[[3, 8], [], [], [], [], [9], [5, 9], [0, 10], [], [], [1, 4]]","[-1, -3, 0, -2, 4, -1, -1, None, 4, -3, 3]",383,7,1.0,best_third,w73a27fb,8.213381737034572,8.165079258805068,8.882530508433621,7,7,0,1,1,2,6.0
240,"[[10], [], [0, 10], [], [], [9, 8], [3, 1], [6, 5], [], [], []]","[-4, 4, -1, -4, -4, 1, -3, None, -4, 4, 4]",361,8,5.0,best_third,w73a27fb,9.285355075781629,8.074649075066652,9.546098067659527,5,5,0,1,1,2,8.0
243,"[[5, 9], [7, 2], [], [0, 4], [8, 10], [], [], [2], [], [], []]","[4, 4, -1, None, -4, 1, 0, 2, -4, 4, 4]",209,9,0.0,best_second,w73a27fb,7.81762544305337,8.063692634269515,8.641179171197228,8,8,0,1,1,2,8.0
246,"[[], [], [], [0, 7], [], [8], [10, 3], [], [], [5, 8], [4, 2]]","[-4, 0, -3, -2, 4, -2, None, -2, 0, 3, 1]",301,9,4.0,best_second,w73a27fb,8.345930261979015,7.329749689041512,8.654691704601872,5,5,0,1,1,2,2.0
247,"[[7], [0, 7], [], [], [], [], [4, 3], [], [10, 6], [], [2, 9]]","[3, -2, -1, 3, -4, 1, 1, -2, None, 1, 0]",59,5,2.0,best_min,w73a27fb,8.312871394342617,8.887376485379763,9.333884558067638,4,4,0,1,1,2,2.0
248,"[[5, 10], [4, 9], [], [2, 6], [9], [], [], [], [3, 0], [], []]","[2, 2, -4, -3, -1, -2, -2, -1, None, -4, -1]",195,5,3.0,best_second,w73a27fb,8.457867725331424,8.639056779173076,9.245610986058102,1,0,1,0,1,2,2.0
250,"[[], [], [], [7, 8], [5, 0], [], [9, 4], [8], [], [1, 2], []]","[0, 0, 4, -4, 3, 2, None, 2, 0, -2, 3]",277,4,3.0,best_second,w73a27fb,7.842278779117352,7.039660349862076,8.212297138229768,5,5,0,1,1,2,4.0
255,"[[10, 8], [0, 3], [4, 7], [5, 9], [7], [], [], [], [], [], []]","[2, None, -1, 2, 2, -4, -1, 0, -2, -3, 1]",145,4,4.0,best_second,w73a27fb,9.084777149000837,6.9411900550683745,9.195531256322475,3,3,0,1,1,2,1.0
256,"[[], [3, 10], [], [6, 7], [5, 8], [8], [], [], [], [], [2, 9]]","[3, None, -1, 3, -1, 4, -2, -1, -4, 3, 4]",83,5,1.0,best_second,w73a27fb,8.745602852402946,8.0805469658245,9.160414563206457,7,7,0,1,1,2,1.0
257,"[[], [0], [], [7, 5], [], [], [], [], [1, 0], [3, 10], [6, 4]]","[-1, -2, 2, -3, 1, 3, -4, -3, 3, None, 1]",363,5,0.0,best_third,w73a27fb,9.569412440514636,8.188966863648874,9.793672686528922,2,-3,5,0,1,2,6.0
258,"[[7, 5], [6], [], [4, 0], [2, 9], [], [], [], [], [], [1, 6]]","[2, 4, -4, None, -2, -4, 3, 4, -1, -2, 0]",13,10,0.0,best_second,w73a27fb,7.6004023345004,8.304247465078474,8.705993714307901,6,-6,12,0,0,2,8.0
262,"[[], [0, 10], [3, 8], [], [7, 6], [], [], [6], [], [2, 1], []]","[-3, 2, 2, 0, -4, 1, 3, 3, 4, None, 3]",319,4,2.0,best_third,w73a27fb,8.799963219507,8.133587417660966,9.21433239324572,6,6,0,1,1,2,6.0
263,"[[4], [], [0, 4], [6, 8], [], [7, 3], [], [9, 1], [], [], []]","[0, 3, -2, 3, -4, None, 3, 0, 1, -1, -3]",323,4,2.0,best_second,w73a27fb,8.383890344101816,7.746300662231439,8.808070154764538,6,6,0,1,1,2,4.0
268,"[[], [], [1], [], [], [3, 4], [9, 10], [2, 1], [5, 6], [], []]","[3, -1, -2, -4, -3, -3, 3, 1, None, 4, -2]",15,11,5.0,best_second,w73a27fb,7.979338895262328,7.3783837129967145,8.416267272826277,7,7,0,1,1,2,1.0
270,"[[5, 10], [], [], [], [], [10], [3, 9], [1, 4], [6, 7], [], []]","[3, -2, 1, 4, 4, 4, -1, -4, None, -2, -4]",333,6,1.0,best_third,w73a27fb,12.111954255262486,7.884952945759814,12.126439437333612,3,3,0,1,1,2,6.0
271,"[[10, 1], [], [], [7, 4], [], [], [5, 2], [], [], [3, 6], [1]]","[4, -4, -4, -1, -3, -2, 4, -1, 4, None, -4]",199,4,8.0,best_second,w73a27fb,8.589141690728823,8.850087606689566,9.421168397567744,2,2,0,1,1,2,2.0
272,"[[], [4, 2], [], [8, 5], [2], [0, 6], [], [], [10, 9], [], []]","[-3, 0, 0, None, -1, 0, 1, -1, 0, 2, 4]",57,4,2.0,best_second,w73a27fb,8.930361883909434,7.427738840532894,9.131188933670744,4,4,0,1,1,2,4.0
275,"[[6, 4], [], [], [5, 10], [], [10], [], [2, 1], [7, 0], [], []]","[-3, -4, 4, -2, -2, -2, -1, 4, None, 3, 1]",391,11,8.0,best_second,w73a27fb,8.203304026795282,7.1929342212158,8.513586695822127,8,8,0,1,1,2,1.0
277,"[[7, 3], [], [10, 8], [], [], [], [], [3], [5, 6], [], [9, 4]]","[3, 0, None, 1, 3, 0, -1, 0, 2, 4, -4]",27,2,7.0,best_second,w73a27fb,8.450625947144125,8.46779284112111,9.152287440527566,2,0,2,0,0,2,1.0
278,"[[8, 6], [], [], [], [], [], [5, 2], [3], [1, 4], [], [7, 3]]","[None, -2, 0, 1, 2, -1, -2, -1, 4, 0, 3]",77,7,2.0,best_second,w73a27fb,7.953669778649798,7.753623546559747,8.55159461813357,6,6,0,1,1,2,1.0
279,"[[8, 10], [], [6, 7], [1], [3, 1], [0, 2], [], [], [], [], []]","[1, 0, 3, 0, 0, None, 2, -2, 1, -3, -1]",271,4,5.0,best_third,w73a27fb,8.851090687664982,7.4999765409521215,9.081256218564645,5,5,0,1,1,2,2.0
280,"[[], [], [0], [], [1, 3], [], [2, 0], [8, 5], [], [], [4, 7]]","[1, 3, -4, -1, 1, 2, 0, -1, 0, 1, None]",81,4,2.0,best_third,w73a27fb,8.409162447202533,6.839476438228843,8.598035579260339,4,4,0,1,1,2,2.0
281,"[[8, 1], [], [], [2, 10], [], [], [5, 4], [], [1], [6, 3], []]","[2, 2, -1, 2, -3, 1, 2, -1, -4, None, -2]",191,3,4.0,best_min,w73a27fb,8.989444293202451,7.878912912297132,9.274066062856727,3,1,2,0,0,2,4.0
284,"[[], [], [9, 8], [], [], [3, 7], [4, 1], [], [], [8], [5, 6]]","[2, -4, -3, 0, 1, -4, 3, -3, -1, -4, None]",369,8,7.0,best_second,w73a27fb,8.337109129562474,8.780018887869153,9.275940829060131,4,4,0,1,1,2,3.0
285,"[[1, 8], [4, 6], [], [], [], [], [], [9, 3], [10, 2], [3], []]","[None, -1, 3, -2, 3, 1, 1, 0, -4, 0, -1]",223,4,2.0,best_second,w73a27fb,9.050406334059858,6.967909201801884,9.167745974343763,2,2,0,1,1,2,4.0
288,"[[9, 8], [], [], [4, 7], [7], [], [], [], [2, 10], [6, 1], []]","[None, -1, -4, 0, -1, -2, 3, 4, 0, 2, -3]",327,7,3.0,best_second,w73a27fb,7.823645930834953,7.4489161025442,8.346642090221197,5,5,0,1,1,2,1.0
289,"[[], [], [], [6, 2], [], [], [], [1, 5], [7, 3], [4], [9, 4]]","[4, -2, -2, -4, -1, 2, 3, 3, None, 0, 3]",75,7,1.0,best_second,w73a27fb,7.904703913873747,7.88344635413774,8.587092318795905,5,5,0,1,1,2,5.0
290,"[[], [6, 5], [], [], [0, 3], [], [], [1, 4], [10, 9], [], [9]]","[-4, 3, 0, -3, 0, -2, 2, None, -4, -1, -3]",11,7,5.0,best_second,w73a27fb,7.791109510610028,6.956545443151569,8.151333337900434,5,5,0,1,1,2,1.0
291,"[[9], [8, 4], [], [], [3, 6], [], [], [], [2, 5], [], [0, 9]]","[-2, None, 4, -3, -4, 1, -1, 4, 2, 2, -4]",381,9,1.0,best_second,w73a27fb,8.84419212624497,6.5998704992128365,8.944811104165534,6,6,0,1,1,2,2.0
294,"[[], [], [9, 4], [7, 1], [], [3, 8], [], [], [6, 0], [4], []]","[-4, 3, -1, 3, -4, None, 1, -4, -4, 0, -2]",185,10,0.0,best_second,w73a27fb,8.599141774063405,7.681560362559537,8.935113740791747,6,6,0,1,1,2,5.0
295,"[[], [9, 3], [4, 5], [0, 6], [5], [], [], [], [], [7, 10], []]","[-1, None, 3, -2, 1, -3, 0, 0, 3, 0, -4]",43,3,4.0,best_min,w73a27fb,9.289243969571649,7.319202458767849,9.419709489868554,0,0,0,1,1,2,1.0
296,"[[5, 3], [], [], [], [], [3], [7, 2], [], [10, 6], [], [4, 1]]","[-4, -2, 1, -1, -3, -4, 4, 0, None, -1, -4]",337,8,3.0,best_second,w73a27fb,8.205218426395412,8.411610428841172,9.006754319877505,5,4,1,0,1,2,1.0
301,"[[], [], [], [10, 0], [6, 2], [4, 7], [], [9, 1], [], [], [0]]","[2, -3, -1, 4, 2, None, 4, -3, 4, -4, -2]",349,10,3.0,best_second,w73a27fb,9.158415299111264,7.968665700466236,9.423999084079178,6,1,5,0,1,2,1.0
302,"[[], [], [], [1], [], [3, 1], [], [4, 9], [7, 10], [], [2, 6]]","[4, 0, 2, 0, 4, 0, -3, 3, None, 0, -1]",123,7,3.0,best_second,w73a27fb,7.878534196140362,6.880384082186005,8.192016914536875,7,7,0,1,1,2,5.0
303,"[[], [2], [], [5, 4], [8, 10], [0, 6], [], [], [], [1, 2], []]","[-3, -1, -2, None, 2, -4, 3, -4, 1, -1, 0]",227,5,2.0,best_second,w73a27fb,8.600798775271034,8.741775706924702,9.366831168735617,3,2,1,0,1,2,6.0
304,"[[], [10], [3, 7], [], [9, 2], [], [], [], [1, 10], [5, 0], []]","[2, 4, 0, -2, None, 4, 3, 0, 1, -3, 3]",395,2,5.0,best_third,w73a27fb,8.900412690577081,7.143617602704122,9.0595174822416,1,1,0,1,1,2,2.0
306,"[[], [], [7, 1], [9], [2, 10], [], [], [], [3, 9], [], [0, 6]]","[2, -1, -4, 1, None, 0, -2, -2, -1, 4, 1]",141,7,3.0,best_second,w73a27fb,8.688622307043769,8.286269452783065,9.200593020521302,3,-5,8,0,0,2,4.0
310,"[[], [7, 6], [8], [], [], [], [0, 9], [4, 5], [], [], [2, 8]]","[-2, None, -3, 4, 4, -3, -2, 4, -4, -4, -2]",147,11,7.0,best_second,w73a27fb,8.246171559857563,6.558197802812268,8.415603335654604,8,8,0,1,1,2,2.0
312,"[[], [], [8], [6, 9], [2, 8], [], [], [0, 1], [], [], [3, 7]]","[-3, 2, -4, -1, 2, 1, -3, 0, -4, -4, None]",389,6,3.0,best_second,w73a27fb,8.644706511715196,8.592486175451668,9.311994025702683,2,-4,6,0,0,2,5.0
313,"[[7, 3], [], [], [], [], [], [4, 8], [3], [], [2, 1], [9, 6]]","[-2, -2, -3, 3, 4, -3, -4, -4, 1, 1, None]",371,2,5.0,best_min,w73a27fb,9.076466063419854,7.9215356321335495,9.3502762122737,0,0,0,1,1,2,1.0
315,"[[], [], [9, 10], [], [], [6, 4], [4], [], [], [7, 0], [8, 3]]","[-3, -4, None, 1, 0, 0, 1, -1, -2, 0, 3]",63,5,2.0,best_second,w73a27fb,8.27359179819963,8.753213480544126,9.234935418831563,4,4,0,1,1,2,2.0
316,"[[], [2], [], [8, 7], [], [], [1, 2], [10, 4], [0, 5], [], []]","[-3, 4, 1, None, -4, 2, 4, -4, 0, -1, 3]",355,6,2.0,best_third,w73a27fb,9.225819942824568,7.942006808489857,9.470240063415512,2,2,0,1,1,2,7.0
317,"[[], [9, 10], [], [8], [], [], [3, 8], [], [], [2, 5], [4, 0]]","[1, None, 0, 0, -1, 4, 3, -3, 2, 3, 0]",175,6,1.0,best_second,w73a27fb,8.453401058328458,7.591861714889934,8.805674944038582,7,3,4,0,1,2,2.0
322,"[[], [10], [], [], [6, 0], [], [], [4, 8], [2, 5], [1, 10], []]","[-2, 1, -3, 3, -4, 3, -1, None, 2, -4, -2]",45,9,1.0,best_second,w73a27fb,8.867709208039386,7.942006808489857,9.201400530406708,5,5,0,1,1,2,1.0
323,"[[6, 10], [], [], [], [5, 8], [], [10], [9, 4], [], [3, 1], []]","[4, -4, -4, 3, -3, 2, -1, None, -2, 1, -4]",343,7,1.0,best_third,w73a27fb,9.26955223160803,7.7706452341291765,9.471087945687758,4,-1,5,0,0,2,7.0
324,"[[2, 9], [3, 10], [4, 5], [10], [], [], [], [], [], [8, 7], []]","[None, -4, -1, 1, 0, -2, -2, -2, 3, 3, 4]",387,7,5.0,best_second,w73a27fb,8.70450228972123,7.041411663794811,8.877939834725023,6,6,0,1,1,2,2.0
325,"[[9, 2], [], [], [], [8, 7], [], [], [6, 3], [10, 5], [2], []]","[-1, -1, -3, -4, None, 0, -1, -3, -1, -3, 1]",167,4,1.0,best_second,w73a27fb,9.322150047028188,8.28349412616251,9.62509552699144,0,-1,1,0,1,2,3.0
326,"[[], [9, 6], [], [7], [], [], [0, 5], [], [], [8, 2], [3, 7]]","[4, None, 3, 1, 0, 2, 1, -4, 0, 4, -4]",105,3,1.0,best_third,w73a27fb,8.14902386805177,7.669495251007694,8.630700432209833,7,7,0,1,1,2,2.0
331,"[[8, 9], [], [7, 1], [0, 4], [6, 10], [], [], [1], [], [], []]","[3, -2, -2, None, 4, 4, -1, 1, 3, -1, 0]",379,3,4.0,best_min,w73a27fb,7.529943370601589,7.4223737009868245,8.170468578330674,6,6,0,1,1,2,1.0
333,"[[7, 10], [], [], [9, 6], [], [], [], [8, 5], [], [6], [1, 4]]","[None, -1, 4, 1, -2, -3, 2, -1, 4, -3, 2]",303,4,2.0,best_min,w73a27fb,7.688455356549944,7.785720896534625,8.431199478249262,3,3,0,1,1,2,1.0
335,"[[4, 9], [10], [], [], [8, 3], [], [], [1, 10], [], [6, 5], []]","[None, -4, 2, -2, -4, 4, -1, -4, 3, 2, -2]",251,8,2.0,best_second,w73a27fb,7.926241523170962,8.323851131338817,8.837681215593195,6,6,0,1,1,2,5.0
336,"[[], [], [8, 1], [5, 10], [], [6, 9], [], [], [1], [], [0, 7]]","[-4, -2, -2, None, -3, 4, -1, 0, 0, 4, -4]",101,11,0.0,best_second,w73a27fb,7.630946580890459,8.079308192051963,8.57300625623545,8,8,0,1,1,2,4.0
338,"[[9, 4], [], [], [7, 2], [], [], [3, 10], [], [], [4], [5, 1]]","[3, 0, 1, 1, -3, 2, None, 3, -2, 3, 3]",181,2,3.0,best_third,w73a27fb,8.277920258172143,7.692113339595466,8.72029728739272,5,5,0,1,1,2,2.0
339,"[[8, 3], [], [0, 7], [], [5], [], [], [9, 1], [], [], [4, 5]]","[2, -2, None, -4, -1, 1, -1, 4, -2, 2, -4]",157,6,6.0,best_second,w73a27fb,8.348537825386098,7.643003635560718,8.749732464370808,6,6,0,1,1,2,2.0
340,"[[10], [0, 10], [4, 6], [], [], [], [], [2, 8], [3, 9], [], []]","[4, 2, 1, -3, -1, 3, 2, None, 4, -2, -1]",267,2,6.0,best_min,w73a27fb,7.692113339595466,8.536014945656826,8.893572718629306,3,2,1,0,0,2,3.0
345,"[[5, 8], [10, 3], [0, 1], [], [], [], [9, 4], [], [], [4], []]","[3, -4, None, -3, 4, 3, -2, 3, -4, -4, 0]",255,10,7.0,best_second,w73a27fb,7.556427969440253,7.431299675155903,8.1886891244442,6,6,0,1,1,2,3.0
346,"[[], [10, 7], [5], [2, 5], [], [], [], [8, 6], [], [], [0, 4]]","[4, None, 2, 2, -3, 2, -4, -4, 0, -1, 3]",279,11,6.0,best_second,w73a27fb,7.742402021815782,6.858565034791365,8.08794755464267,7,7,0,1,1,2,4.0
347,"[[9], [], [4, 1], [10, 2], [], [], [], [], [0, 9], [], [6, 7]]","[2, -4, 4, None, 1, -2, -2, -3, -3, -4, -2]",3,8,8.0,best_second,w73a27fb,7.86940171257709,7.633369649679584,8.45126704130007,5,5,0,1,1,2,1.0
348,"[[], [], [4, 5], [], [7, 1], [0, 9], [10, 3], [], [], [], [3]]","[-1, 3, None, 1, 3, 2, 4, -1, 0, -2, -2]",21,5,4.0,best_second,w73a27fb,8.550627967502475,7.347943823148688,8.81314100828505,6,1,5,0,0,2,4.0
351,"[[4], [], [9, 6], [], [], [], [5, 3], [], [], [7, 1], [0, 4]]","[3, 4, None, -3, 1, 3, -4, -1, 2, 3, 3]",347,9,1.0,best_second,w73a27fb,7.456454555176209,8.078998258685155,8.508354242749034,7,7,0,1,1,2,6.0
353,"[[], [], [], [], [7, 10], [6, 1], [1], [0, 2], [], [], [3, 8]]","[-2, -4, -4, 2, None, 1, -3, 2, -2, -2, 4]",93,6,6.0,best_second,w73a27fb,8.01829613851552,7.684324067681155,8.558143177745192,6,6,0,1,1,2,2.0
358,"[[4, 2], [], [], [], [], [10, 9], [1, 3], [], [0, 6], [], [9]]","[4, 4, -1, 0, -2, 0, 1, 4, None, 2, -3]",233,3,1.0,best_min,w73a27fb,7.690286020676767,7.556950572012899,8.318742252692399,5,5,0,1,1,2,1.0
359,"[[], [2, 4], [], [], [], [], [8, 3], [], [3], [10, 1], [7, 0]]","[1, 2, -4, -4, -3, -2, -1, 4, -1, None, -1]",5,4,2.0,best_second,w73a27fb,8.470101583882387,7.877397186353287,8.910045761473558,3,3,0,1,1,2,1.0
361,"[[], [4], [], [], [], [1, 4], [10, 7], [2, 3], [], [], [8, 9]]","[-4, 4, -3, 3, 1, 1, None, 4, -3, -2, -4]",285,11,1.0,best_second,w73a27fb,7.81923445385907,8.033334015880062,8.624970783589669,7,7,0,1,1,2,1.0
363,"[[], [], [], [2, 4], [], [7, 1], [], [1], [6, 0], [8, 3], []]","[-4, -1, 4, 1, 0, 4, 4, 3, 4, None, -1]",269,6,8.0,best_min,w73a27fb,7.717351272185329,6.919683849847411,8.08886878916199,8,8,0,1,1,2,4.0
368,"[[], [], [], [9, 2], [], [], [8, 10], [], [7, 4], [2], [1, 5]]","[3, 4, -4, -4, -3, 2, None, 4, 2, -4, -4]",393,7,5.0,best_third,w73a27fb,8.445911989411274,8.253488028345904,9.04735074348172,6,6,0,1,1,2,2.0
369,"[[], [9, 10], [], [], [], [], [], [3], [7, 3], [0, 2], [5, 4]]","[0, None, 4, -4, -2, 4, 1, 0, 3, -1, -2]",317,4,5.0,best_third,w73a27fb,8.555451903533328,7.559038255443383,8.869538777193739,3,3,0,1,1,2,6.0
370,"[[4, 1], [6, 5], [], [10, 7], [8, 9], [], [], [], [], [], [7]]","[None, -3, -3, -1, 1, -2, 2, 1, -1, 2, 4]",241,5,1.0,best_second,w73a27fb,8.886270902072013,7.950854857719988,9.217216675915614,3,3,0,1,1,2,4.0
371,"[[], [4], [7, 0], [], [], [1, 4], [2, 9], [], [], [10, 8], []]","[-2, -1, 0, 1, 1, -2, None, -1, 4, 2, -2]",365,7,2.0,best_second,w73a27fb,7.9786537290827315,8.579228582335691,9.016391478941248,6,6,0,1,1,2,1.0
372,"[[5, 7], [], [10, 3], [], [8, 9], [], [0, 4], [], [], [], [3]]","[-3, 4, -1, 0, 0, 3, None, 1, -4, 3, -1]",351,5,3.0,best_min,w73a27fb,8.631235907456897,8.216358332386156,9.1381996941985,3,3,0,1,1,2,2.0
373,"[[5, 4], [6], [], [], [], [], [], [0, 9], [], [8, 2], [1, 6]]","[4, -4, -4, 4, 4, -1, -3, None, 0, -4, 3]",179,11,0.0,best_second,w73a27fb,7.374001859350161,7.80994708647679,8.30844552038576,8,8,0,1,1,2,4.0
374,"[[], [], [9, 0], [], [], [8, 1], [], [10, 2], [1], [], [6, 3]]","[-3, -4, 1, -2, -3, -4, 1, None, 2, -4, 4]",281,6,6.0,best_second,w73a27fb,7.962763930168115,8.539737155851132,8.985320060649112,5,2,3,0,1,2,1.0
375,"[[7, 9], [], [1, 3], [], [6, 10], [0, 2], [10], [], [], [], []]","[-3, -1, 4, 2, 3, None, 2, 1, 2, -4, 3]",183,8,2.0,best_second,w73a27fb,8.200288260287554,8.131530710604252,8.859505484519133,6,6,0,1,1,2,5.0
376,"[[], [], [1, 10], [], [], [4, 3], [], [8, 6], [6], [2, 5], []]","[-3, 2, 2, -3, 4, -4, 2, -3, -1, None, 4]",197,7,1.0,best_second,w73a27fb,8.540909718033554,7.597897950521784,8.869679374733515,6,0,6,0,0,2,2.0
379,"[[], [], [3, 5], [5], [], [], [7, 9], [1, 8], [], [4, 0], []]","[3, -3, -3, -2, -3, -3, None, -4, 4, 4, 4]",189,9,1.0,best_second,w73a27fb,8.118802996980035,8.137688184977604,8.821289805136113,7,7,0,1,1,2,7.0
381,"[[], [], [0], [10, 5], [3, 9], [], [2, 0], [], [], [1, 7], []]","[2, -3, -2, -4, None, 1, -3, -2, 4, -3, -3]",203,3,1.0,best_min,w73a27fb,8.92757950384347,8.06117135969092,9.278466201023782,-3,-6,3,0,0,2,4.0
382,"[[4, 8], [], [7], [], [9, 3], [], [2, 7], [], [10, 1], [], []]","[None, -3, 3, -1, -3, -2, 4, -3, -3, 1, -2]",207,3,0.0,best_second,w73a27fb,9.169622538697624,8.240121298076472,9.502263438685219,-2,-6,4,0,0,2,2.0
384,"[[], [3, 6], [1, 7], [], [8], [], [], [0, 5], [], [], [4, 8]]","[3, -4, None, -2, -1, -3, 1, 3, 1, 1, 1]",19,9,6.0,best_second,w73a27fb,8.043663352393944,7.283448228756631,8.42704964156327,6,6,0,1,1,2,3.0
386,"[[4, 5], [], [], [], [5], [], [], [2, 1], [7, 10], [], [3, 6]]","[3, 2, 1, -2, 1, 3, 3, -4, None, 3, -2]",161,4,5.0,best_min,w73a27fb,8.45807992692373,8.03073492409854,8.960082528170402,1,1,0,1,1,2,1.0
387,"[[3, 2], [], [6, 10], [9, 1], [], [4], [], [5, 4], [], [], []]","[None, 0, 3, -3, -3, -2, 3, 2, 1, -4, -2]",91,9,5.0,best_second,w73a27fb,8.063377822367025,6.956545443151569,8.348774539791274,6,6,0,1,1,2,4.0
388,"[[7, 3], [], [1], [5, 8], [], [], [], [6, 10], [], [2, 1], []]","[None, 4, -2, -3, 2, -3, -4, 2, -1, -1, 4]",273,10,2.0,best_second,w73a27fb,8.214194414852562,7.656337166430183,8.666647144584577,6,6,0,1,1,2,2.0
390,"[[], [7, 9], [], [], [0, 10], [2, 8], [5, 4], [9], [], [], []]","[-3, 4, -3, 4, -3, 0, None, -4, -4, -1, -2]",85,2,4.0,best_second,w73a27fb,8.773229786032472,8.35819745992578,9.280146246220145,-3,-4,1,0,1,2,1.0
391,"[[], [], [3, 6], [4, 9], [], [8, 10], [7, 0], [], [10], [], []]","[-1, -4, None, 4, -3, 4, -4, -4, -4, 3, 2]",275,11,1.0,best_second,w73a27fb,7.953669778649798,7.821643126239982,8.582793648500187,7,7,0,1,1,2,3.0
394,"[[5], [4, 7], [1, 3], [6, 8], [], [], [], [], [], [0, 5], []]","[3, -4, None, 4, -1, -2, 1, 4, -2, -3, 1]",7,6,6.0,best_second,w73a27fb,7.888709524182014,7.741099090035365,8.51057131510735,5,5,0,1,1,2,5.0
396,"[[9], [], [], [0, 9], [], [], [4, 7], [], [10, 6], [], [1, 5]]","[0, -3, -1, 1, 3, 0, 4, -2, None, 2, -4]",291,10,6.0,best_second,w73a27fb,7.947678571301567,6.70073110954781,8.200013648175434,7,7,0,1,1,2,3.0
397,"[[], [5], [1, 5], [9, 4], [8, 0], [], [], [], [], [7, 6], []]","[-1, -2, -2, None, -3, 4, -3, 3, 4, -4, -1]",187,5,2.0,best_third,w73a27fb,8.86304982791909,7.113956109566035,9.023287640806325,1,1,0,1,1,2,6.0
399,"[[9, 2], [], [], [10, 0], [6, 8], [], [8], [], [], [], [7, 5]]","[-4, 2, -2, None, -2, 4, -3, 1, 2, -1, 4]",201,10,0.0,best_second,w73a27fb,7.447751280047908,7.839131648274334,8.355379895253634,8,8,0,1,1,2,1.0
400,"[[4], [2, 10], [], [], [], [], [0, 4], [], [1, 9], [3, 5], []]","[-1, -3, 0, 3, 1, -2, 4, -2, None, -3, 2]",359,3,1.0,best_min,w73a27fb,8.855378246041125,6.964135612418245,8.995784837848506,0,0,0,1,1,2,2.0
401,"[[2], [], [], [6, 4], [], [], [], [0, 2], [5, 1], [], [8, 3]]","[2, 1, -1, 4, 4, -4, -1, 3, -3, 3, None]",245,10,0.0,best_second,w73a27fb,7.786967002614872,8.06777619577889,8.6301646700754,8,8,0,1,1,2,5.0
402,"[[], [2, 3], [3], [], [], [], [], [5, 4], [7, 9], [6, 0], []]","[-4, 1, -4, 1, -4, 2, -3, 4, None, -4, -2]",117,11,8.0,best_second,w73a27fb,7.556950572012899,7.309212365692763,8.133587417660966,6,6,0,1,1,2,1.0
403,"[[], [9], [8, 3], [], [0, 6], [4, 2], [], [1, 9], [], [], []]","[-2, -3, 1, 0, 4, None, 0, 0, 2, 4, -1]",217,2,4.0,best_third,w73a27fb,8.111328003286733,8.20631072579402,8.852950887099581,4,4,0,1,1,2,2.0
404,"[[6], [8, 10], [], [], [9, 1], [0, 6], [], [], [], [7, 3], []]","[0, 0, -2, -3, None, 0, 2, 1, -4, -3, 4]",221,8,0.0,best_third,w73a27fb,7.735433352499688,8.32457884513685,8.765770543987257,4,-2,6,0,0,2,8.0
406,"[[], [], [8, 3], [5, 1], [], [], [], [], [6, 7], [4], [9, 4]]","[-2, -2, None, 2, -4, 4, 0, -4, -4, -2, 1]",335,10,4.0,best_second,w73a27fb,7.949444420250626,6.906754778648553,8.251142139090751,6,6,0,1,1,2,4.0
407,"[[], [6, 4], [], [7, 5], [2, 9], [], [0, 8], [5], [], [], []]","[0, None, -1, -2, 4, 2, -4, 2, 2, 3, 3]",119,8,1.0,best_second,w73a27fb,8.483222671845084,8.151621646969751,9.024131268455035,7,7,0,1,1,2,2.0
409,"[[1, 7], [], [8, 0], [], [], [], [3], [], [4, 5], [], [6, 3]]","[3, 4, None, -2, -4, 0, -4, -3, -4, 0, 3]",341,11,6.0,best_second,w73a27fb,8.613593685702552,7.644919344958857,8.935245415029874,7,7,0,1,1,2,4.0
412,"[[1, 9], [], [7], [8, 4], [], [0, 3], [], [], [], [], [2, 7]]","[-3, 4, -1, 2, 4, None, 0, 4, -4, -2, 3]",79,8,2.0,best_third,w73a27fb,7.810758116529357,7.875499292445207,8.53660358493606,6,6,0,1,1,2,6.0
413,"[[3], [0, 3], [], [], [10, 6], [], [8, 9], [], [], [], [5, 7]]","[-3, 0, -1, 0, None, -4, -3, 4, 0, -3, 4]",345,11,0.0,best_second,w73a27fb,7.933079771880415,7.4821189235521155,8.425735580927402,8,8,0,1,1,2,3.0
415,"[[], [9, 6], [4, 7], [], [], [8, 2], [], [], [0, 3], [6], []]","[4, 2, 2, 0, 2, None, 4, -3, 3, 0, -2]",33,5,3.0,best_third,w73a27fb,7.8674885686991285,7.084226422097916,8.243545507928259,7,7,0,1,1,2,5.0
416,"[[5, 1], [], [], [0, 9], [], [], [], [2], [], [4, 8], [7, 2]]","[1, -1, 2, None, -3, 1, -1, -3, -1, -4, -4]",47,6,2.0,best_second,w73a27fb,10.532362843075934,8.261009786023827,10.63052878474363,2,0,2,0,1,2,2.0
417,"[[5, 9], [4, 3], [], [], [], [9], [], [10, 1], [], [], [2, 6]]","[-4, 1, -4, -4, 4, 0, 4, None, 2, 3, -3]",107,8,7.0,best_third,w73a27fb,8.632662441222353,7.735870319952566,8.974618038455112,5,1,4,0,0,2,8.0
418,"[[], [2, 6], [], [], [9, 3], [8, 7], [], [], [], [3], [1, 5]]","[-1, 4, -4, -4, 4, 3, -2, 4, -2, -4, None]",125,6,1.0,best_third,w73a27fb,8.708144074908246,7.731930721948486,9.027738775974909,7,7,0,1,1,2,2.0
420,"[[], [], [], [], [], [7, 0], [], [0], [10, 9], [4, 2], [1, 3]]","[2, -3, 2, -4, -1, -2, 1, 2, None, 4, -1]",155,8,2.0,best_second,w73a27fb,7.994294986415977,8.150179269682326,8.768263145371286,6,6,0,1,1,2,1.0
422,"[[], [3, 5], [4, 7], [], [], [], [], [], [6], [8, 6], [2, 1]]","[-1, -3, -1, -2, -3, 0, -1, 1, -4, 2, None]",71,4,2.0,best_third,w73a27fb,8.61794309451638,8.169053149927342,9.111514017669288,0,0,0,1,1,2,2.0
423,"[[], [], [], [], [9, 0], [1, 7], [8, 5], [], [2, 10], [0], []]","[3, 4, 2, -3, 0, -4, None, -3, 2, 3, 4]",213,7,2.0,best_second,w73a27fb,8.177796683277776,7.243512974665482,8.508959386489135,6,4,2,0,1,2,7.0
425,"[[6], [0, 6], [], [7, 2], [], [3, 10], [], [], [], [], [4, 9]]","[2, 4, 3, 0, 0, None, 1, -4, -3, 3, 4]",357,6,1.0,best_second,w73a27fb,7.897668150726906,7.813187267521416,8.54927308487965,7,7,0,1,1,2,7.0
426,"[[2], [], [], [], [], [3, 10], [1, 4], [5, 6], [], [0, 2], []]","[0, -3, 1, -3, -2, -2, -4, None, -2, -3, -1]",111,3,1.0,best_second,w73a27fb,8.736649954872453,7.776954403322441,9.060795734696164,-3,-3,0,1,1,2,1.0
428,"[[2, 3], [], [], [], [9, 1], [4, 0], [], [6], [7, 6], [], []]","[1, -3, 0, -4, -1, None, 0, 4, 4, -4, 2]",309,5,2.0,best_second,w73a27fb,8.532475814947395,8.098642843759416,9.031931152002143,1,-4,5,0,0,2,4.0
434,"[[], [], [], [], [], [7, 6], [3, 4], [2, 10], [1], [8, 1], []]","[3, 1, -1, -1, 0, None, 0, 2, 3, -4, -4]",149,2,6.0,best_min,w73a27fb,7.8547691834991324,7.971776122880628,8.607947554684703,1,1,0,1,1,2,1.0
436,"[[], [], [], [], [2, 6], [0], [], [4, 9], [], [1, 8], [5, 0]]","[0, 4, 1, 3, -3, 4, -1, None, -1, 4, 4]",9,9,5.0,best_second,w73a27fb,7.675081857716334,6.8690144506657065,8.043984431221554,8,8,0,1,1,2,2.0
439,"[[], [], [], [6, 9], [], [4], [8, 1], [], [], [7, 0], [5, 4]]","[2, 4, -1, None, -1, 1, 4, -4, -3, -4, 0]",299,11,0.0,best_second,w73a27fb,7.803843303538773,7.826443135456014,8.50815244676409,8,8,0,1,1,2,6.0
441,"[[], [], [8], [7, 6], [], [3, 9], [], [], [], [4, 0], [2, 8]]","[-3, -1, -3, 4, 3, None, -2, 2, -4, -4, 4]",329,8,6.0,best_second,w73a27fb,7.406103381237015,6.977281341630747,7.907283609426348,6,6,0,1,1,2,6.0
443,"[[], [0, 3], [], [], [5], [], [], [], [9, 1], [6, 7], [4, 5]]","[-2, -4, 0, 0, 4, 0, -3, 2, None, 4, 1]",67,9,2.0,best_second,w73a27fb,8.464003362902119,7.666221925662725,8.835646922534771,6,1,5,0,1,2,2.0
444,"[[], [2, 0], [], [], [10, 1], [], [5], [], [6, 5], [], [3, 9]]","[2, 0, -2, 3, None, 3, 4, -4, -1, -1, 4]",139,6,5.0,best_second,w73a27fb,7.758333467490911,6.641182169740591,8.041091003708633,7,7,0,1,1,2,4.0
446,"[[2, 7], [], [], [1], [0, 8], [], [], [], [5, 6], [3, 1], []]","[1, -2, -2, 1, None, 1, 0, 2, 4, 1, 3]",307,3,4.0,best_second,w73a27fb,7.451241684987676,7.130898830296347,7.9966538754626075,5,5,0,1,1,2,4.0
449,"[[5, 7], [3, 0], [], [2, 8], [], [], [10], [], [], [6, 10], []]","[4, None, -4, -3, 3, 3, -2, -3, -3, 1, 2]",261,11,7.0,best_second,w73a27fb,8.183118079394745,7.020190708311925,8.454892165218858,7,7,0,1,1,2,1.0
451,"[[6, 10], [], [], [4], [], [], [9, 7], [], [3, 4], [], [2, 5]]","[None, 4, 2, 3, 2, -2, -4, -3, -2, 4, 3]",99,7,5.0,best_second,w73a27fb,8.90815361332152,8.492080490601163,9.414668009032752,5,5,0,1,1,2,7.0
453,"[[], [8, 6], [3, 0], [0], [10, 5], [], [], [], [], [4, 1], []]","[3, 4, -4, 4, -3, -3, -2, 1, 4, None, -2]",265,11,6.0,best_second,w73a27fb,8.31752199628717,6.93828448401696,8.54188580400661,8,8,0,1,1,2,1.0
455,"[[], [0], [4, 3], [10, 7], [9, 5], [], [], [], [1, 0], [], []]","[-1, 4, None, 4, -4, -3, 1, 1, 1, 0, 4]",311,10,3.0,best_second,w73a27fb,7.875499292445207,7.108244139731541,8.256607344626158,8,8,0,1,1,2,3.0
459,"[[2, 7], [], [8, 10], [4], [], [], [], [6, 5], [], [3, 4], []]","[None, 1, -2, 2, -1, 2, 0, -1, -3, 2, -4]",25,5,2.0,best_second,w73a27fb,8.668539943910762,7.833203948641058,9.028698584086985,1,-6,7,0,0,2,2.0
464,"[[3, 1], [], [], [], [0, 9], [], [5], [], [], [8, 7], [6, 5]]","[1, -1, -3, 4, None, 0, 1, -3, 4, 4, 0]",127,6,7.0,best_third,w73a27fb,7.876258882303226,6.655440350367647,8.134467570277561,8,8,0,1,1,2,5.0
467,"[[], [3, 4], [], [10, 9], [6, 5], [], [], [8, 0], [0], [], []]","[2, None, 3, 4, 3, 1, -1, 2, 1, -4, 4]",37,6,8.0,best_min,w73a27fb,7.649692623711514,7.176254532017144,8.133587417660966,8,8,0,1,1,2,2.0
469,"[[], [2, 3], [3], [], [], [10, 0], [9, 4], [], [5, 6], [], []]","[-4, 0, -1, 2, 3, 1, -3, -4, None, -3, 1]",35,5,5.0,best_third,w73a27fb,8.410053315858335,8.209852481301272,9.007979359844501,2,2,0,1,1,2,6.0
471,"[[], [], [1, 7], [], [], [3, 0], [9, 4], [], [], [4], [5, 2]]","[2, 4, 2, -4, 0, -1, 1, -4, -1, -2, None]",287,8,6.0,best_third,w73a27fb,7.771067086065406,7.3727463664043285,8.284504227258495,6,6,0,1,1,2,6.0
473,"[[4, 8], [6, 9], [], [1, 0], [], [10, 2], [], [], [], [], [2]]","[-2, 3, -2, None, -3, -1, -4, 1, -1, 4, -2]",17,10,1.0,best_second,w73a27fb,7.266128779556451,7.678326356506886,8.186185994226083,7,7,0,1,1,2,2.0
475,"[[2, 10], [], [], [1, 6], [], [7, 4], [], [4], [], [0, 3], []]","[3, 2, 4, -4, 1, 2, -3, -1, 4, None, -3]",23,10,6.0,best_second,w73a27fb,8.062432791583195,7.310550158534422,8.448485993406447,7,7,0,1,1,2,5.0
479,"[[10, 6], [], [], [], [5, 0], [3, 1], [], [8, 2], [2], [], []]","[-4, -2, -1, -3, None, -3, -3, 1, -3, 0, 0]",351,2,1.0,best_min,wb87d6ac,8.931155429778348,8.892886141190733,9.605283652624765,-4,-5,1,0,0,2,3.0
480,"[[], [], [], [9, 2], [1], [], [3, 10], [4, 1], [], [], [5, 0]]","[-1, 0, -3, 3, 4, -2, None, -4, 0, 4, -3]",75,10,6.0,best_second,wb87d6ac,8.11192806331074,8.384347278082808,8.95040315983296,7,7,0,1,1,2,1.0
481,"[[], [5, 10], [7, 1], [], [], [], [9, 8], [4, 0], [], [8], []]","[-1, -4, None, 3, 4, -4, -2, 2, 3, -3, -1]",141,10,3.0,best_second,wb87d6ac,8.053887083618225,8.087025470667701,8.763584409450138,6,6,0,1,1,2,3.0
484,"[[7, 9], [2], [], [], [], [1, 2], [], [6, 3], [], [8, 10], []]","[None, 1, -1, -3, 2, -1, -4, -2, 0, 2, 1]",177,6,1.0,best_second,wb87d6ac,8.569975376855206,7.575071699507561,8.88447171813916,3,2,1,0,1,2,1.0
485,"[[], [5, 10], [], [8, 9], [], [4, 6], [], [], [9], [], [0, 7]]","[0, None, 1, 4, -3, -3, -1, 4, -4, 4, -2]",101,6,6.0,best_second,wb87d6ac,8.599510233905452,8.192016914536875,9.109414453386222,2,2,0,1,1,2,2.0
487,"[[], [5, 9], [], [1, 7], [], [], [10, 0], [2, 4], [], [], [0]]","[2, 1, -3, None, -4, 4, -3, -4, -4, -4, 1]",45,11,5.0,best_second,wb87d6ac,8.334951631422452,7.9966538754626075,8.873047798971067,5,5,0,1,1,2,1.0
488,"[[], [3], [8, 0], [], [], [], [1, 3], [9, 2], [], [4, 5], []]","[1, -1, -3, 3, -1, 4, -3, None, -4, 4, 4]",183,10,0.0,best_second,wb87d6ac,8.091627411601069,7.814803429489359,8.655737000864297,8,8,0,1,1,2,5.0
489,"[[8, 1], [4, 6], [], [5, 10], [], [10], [], [], [7, 2], [], []]","[None, 1, 4, 4, -3, 4, -4, -1, 0, -3, -2]",21,6,5.0,best_second,wb87d6ac,8.206037762778815,8.269756947532983,8.931419805192975,4,-2,6,0,0,2,5.0
490,"[[], [3, 4], [], [8, 10], [6, 0], [7], [], [], [], [5, 7], []]","[-1, None, 2, -1, 3, -2, -2, 3, 4, -1, 1]",129,2,4.0,best_min,wb87d6ac,7.83002808253384,8.53660358493606,8.93748122841604,3,2,1,0,0,2,3.0
493,"[[9, 1], [7, 4], [], [8, 6], [], [], [], [], [6], [2, 5], []]","[None, 4, -2, -2, -1, 0, 2, -3, 1, 4, 4]",89,2,4.0,best_third,wb87d6ac,9.290352309945568,8.163656176168432,9.571017297294212,4,4,0,1,1,2,2.0
494,"[[7, 5], [8], [10, 0], [], [], [], [], [], [], [1, 8], [6, 3]]","[-3, 2, None, -3, 2, -3, 4, -1, 1, 3, 4]",291,11,7.0,best_second,wb87d6ac,8.109826276018477,7.909856667269403,8.707813551024886,8,8,0,1,1,2,2.0
495,"[[10, 9], [4, 0], [], [], [7, 2], [3], [5, 3], [], [], [], []]","[-2, None, 0, 3, 1, -3, 0, 4, -2, 4, 2]",111,4,1.0,best_third,wb87d6ac,8.982937763741589,6.680854678790215,9.078179468373843,5,5,0,1,1,2,2.0
496,"[[], [9, 7], [], [10, 5], [], [], [], [4, 6], [], [8, 2], [5]]","[-4, None, -3, 4, -3, -3, 3, 3, 2, 2, 1]",7,5,0.0,best_third,wb87d6ac,8.44741429680832,7.80057265467065,8.868413284672005,6,6,0,1,1,2,5.0
499,"[[], [], [7, 6], [10, 2], [8, 1], [], [], [], [1], [], [5, 0]]","[-4, 0, -2, None, -1, -3, -1, -2, -2, 1, -2]",33,2,1.0,best_second,wb87d6ac,9.574219304763417,7.696667081526462,9.716495104092274,-3,-3,0,1,1,2,1.0
502,"[[6], [], [4, 8], [], [], [2, 7], [], [9, 1], [], [], [0, 6]]","[3, -2, -1, 2, 4, None, -4, 2, -3, -1, 4]",273,4,4.0,best_min,wb87d6ac,7.955775781534187,8.562548893137034,8.997518369733845,3,1,2,0,0,2,7.0
503,"[[], [10, 2], [6, 7], [], [8], [], [], [], [], [4, 8], [5, 0]]","[-3, None, 1, 0, -2, 2, 4, 0, 1, -2, 0]",207,5,1.0,best_third,wb87d6ac,9.038602608721872,7.028201432058004,9.164191715950203,5,5,0,1,1,2,5.0
504,"[[], [], [4, 8], [9, 7], [8], [], [], [1, 5], [], [10, 6], []]","[-4, -4, -1, None, -2, -1, -4, -4, 4, 2, 2]",341,9,6.0,best_second,wb87d6ac,8.074649075066652,7.758760544157663,8.622093601241607,4,4,0,1,1,2,3.0
505,"[[3, 7], [9, 8], [], [7], [], [], [1, 10], [], [], [], [4, 5]]","[-2, -2, -1, 1, -4, -2, None, 0, 3, -2, -4]",43,7,5.0,best_second,wb87d6ac,8.37539918579835,7.662937850461535,8.774312958285378,1,1,0,1,1,2,2.0
506,"[[5, 6], [4, 8], [1, 0], [], [], [], [], [10, 3], [], [], [3]]","[-4, 2, None, 2, 4, -4, -1, 1, -1, -2, -3]",193,10,3.0,best_second,wb87d6ac,8.092545263891298,7.55171221535131,8.551208070003515,6,6,0,1,1,2,3.0
508,"[[4, 1], [], [], [0, 9], [], [], [], [10, 8], [], [5, 2], [8]]","[0, -3, -1, None, 4, -3, -1, 1, -3, -4, -3]",293,9,3.0,best_second,wb87d6ac,8.132412674500905,7.7142311448490855,8.63799389156194,4,4,0,1,1,2,2.0
511,"[[], [3, 9], [], [0, 2], [], [], [], [], [10, 4], [6, 7], [4]]","[0, None, -1, 4, 4, 4, -1, 4, -3, 3, 1]",377,4,1.0,best_min,wb87d6ac,8.558335134747413,7.676473646389156,8.904630097005011,7,7,0,1,1,2,1.0
512,"[[8, 4], [], [1, 9], [7, 2], [], [], [], [5, 10], [4], [], []]","[-1, -1, 2, None, 3, 0, -1, 2, 3, 1, -2]",345,2,4.0,best_third,wb87d6ac,9.21283725217477,7.808729306744399,9.43236329562169,3,2,1,0,0,2,2.0
513,"[[], [0], [6, 3], [], [10, 2], [1, 0], [], [], [], [], [8, 9]]","[-2, 0, 4, 3, None, -3, 4, 4, -3, -2, -4]",275,10,1.0,best_second,wb87d6ac,8.07527154629746,8.287025025165063,8.879750798513125,8,8,0,1,1,2,1.0
514,"[[], [], [8], [6, 7], [5, 1], [], [], [], [], [3, 4], [2, 8]]","[-3, -2, 3, 1, -2, -4, -3, -1, 1, None, 1]",71,4,2.0,best_second,wb87d6ac,7.861341795599989,7.753623546559747,8.501876487304344,0,0,0,1,1,2,2.0
516,"[[], [], [], [], [1, 3], [], [8, 2], [5], [], [7, 5], [4, 6]]","[2, 3, -2, -4, 3, 3, -3, 0, 0, 1, None]",187,9,7.0,best_second,wb87d6ac,7.686162303492906,6.966024187106113,8.082402253926244,6,6,0,1,1,2,2.0
518,"[[], [], [5, 3], [], [], [3], [], [9, 8], [4, 1], [10, 0], []]","[-1, 3, 1, 1, -3, 0, -2, None, -4, 3, 1]",267,6,4.0,best_second,wb87d6ac,7.481555701909516,7.419380582918692,8.143807976771484,4,4,0,1,1,2,6.0
520,"[[], [3, 4], [10], [0, 5], [7, 9], [], [], [], [2, 10], [], []]","[-2, None, -4, 4, -1, 4, -2, -2, -3, -4, 3]",105,10,0.0,best_second,wb87d6ac,8.522976436171964,7.548555979169873,8.843037724962368,8,8,0,1,1,2,2.0
521,"[[7], [5, 10], [1, 3], [6, 4], [], [], [], [], [], [0, 7], []]","[-3, -4, None, 4, 4, 0, -3, 4, 3, -4, -2]",201,11,0.0,best_second,wb87d6ac,7.512071245835466,7.550661243105336,8.224431573221157,8,8,0,1,1,2,2.0
522,"[[], [], [4, 5], [10, 1], [8, 9], [6, 0], [], [], [], [], [1]]","[-2, -3, None, 3, 1, 2, -4, 0, -2, -4, 4]",247,2,4.0,best_third,wb87d6ac,7.891330757661889,8.761393485256058,9.111182800442965,0,0,0,1,1,2,2.0
524,"[[], [5, 0], [8, 3], [], [], [0], [], [10, 4], [], [7, 2], []]","[-1, -4, 1, -4, -3, 4, -2, -1, -3, None, -4]",53,2,5.0,best_second,wb87d6ac,9.425048444469292,7.433075348898581,9.552865680310473,-2,-2,0,1,1,2,1.0
525,"[[], [0, 7], [], [6, 9], [2], [3, 1], [], [], [], [], [4, 2]]","[-2, -2, 3, -3, 0, None, 2, 0, 3, 0, 1]",181,2,3.0,best_third,wb87d6ac,7.374629015218945,8.70930004894499,8.942853006809921,-1,-1,0,1,1,2,2.0
526,"[[7], [], [], [6, 8], [0, 7], [], [], [], [], [3, 10], [2, 5]]","[1, 0, -4, -2, -4, 3, -2, -2, -3, None, 4]",361,10,1.0,best_second,wb87d6ac,8.153061946801051,8.000349495324684,8.772610303280741,7,7,0,1,1,2,1.0
527,"[[], [4, 8], [10], [0, 5], [], [], [2, 10], [], [], [1, 3], []]","[-1, -2, -3, 2, 2, -4, 3, 0, 1, None, -3]",135,2,6.0,best_min,wb87d6ac,9.178540059426386,8.268988209506658,9.516868732224323,1,1,0,1,1,2,1.0
528,"[[5, 2], [3, 9], [], [], [], [2], [1, 8], [], [7, 4], [], []]","[4, 2, -3, 3, -1, 4, None, -3, -2, 0, -4]",59,7,2.0,best_second,wb87d6ac,8.918650278126863,6.862757913051401,9.038958755220563,5,5,0,1,1,2,2.0
530,"[[7, 2], [4], [], [], [], [9, 0], [], [], [], [6, 3], [1, 4]]","[-3, 2, 0, 4, 4, None, 0, -4, -2, 4, 1]",265,10,0.0,best_second,wb87d6ac,7.703007682479236,7.51425465281641,8.3059782109673,8,8,0,1,1,2,4.0
531,"[[8, 9], [7, 2], [], [6, 10], [3, 1], [], [], [], [9], [], []]","[-3, -3, 3, 1, None, -4, 4, 1, 1, -3, -2]",225,6,3.0,best_third,wb87d6ac,8.338544879988579,6.656726524178392,8.508959386489135,5,5,0,1,1,2,2.0
532,"[[], [6, 2], [8, 4], [10, 0], [], [], [7, 5], [], [], [], [0]]","[1, None, 3, -4, -4, -2, -1, 2, 4, -3, -3]",87,8,7.0,best_third,wb87d6ac,8.143226750367443,6.727431724850856,8.360305435879093,7,7,0,1,1,2,4.0
534,"[[], [10, 9], [], [2], [8, 0], [3, 2], [], [1, 4], [], [], []]","[4, -1, 4, 4, 3, -1, 3, None, 3, 2, 0]",153,5,1.0,best_second,wb87d6ac,7.809135398120539,7.592366128519796,8.399535147948004,7,6,1,0,1,2,2.0
538,"[[7, 8], [], [], [], [9, 0], [3], [5, 3], [], [], [2, 10], []]","[3, 4, -3, -3, None, -3, 1, 3, -2, -3, -1]",39,9,5.0,best_second,wb87d6ac,7.9483852851118995,6.55250788703459,8.169336395928386,6,6,0,1,1,2,2.0
542,"[[], [7, 3], [10, 8], [], [], [9, 2], [], [3], [], [4, 0], []]","[0, 0, 4, -1, 4, None, 4, 3, -1, 1, -2]",175,3,5.0,best_min,wb87d6ac,8.260492856573185,7.827639546366423,8.76029622047005,5,3,2,0,0,2,4.0
544,"[[7], [], [0, 7], [], [5, 3], [], [], [], [], [10, 4], [1, 6]]","[1, -2, -4, -4, -1, -2, 4, 0, 3, None, 4]",133,10,0.0,best_second,wb87d6ac,8.239593454305968,7.075808863978387,8.511175119090675,8,8,0,1,1,2,2.0
546,"[[], [4], [], [], [], [1, 4], [10, 7], [2, 0], [], [], [9, 3]]","[3, 1, 0, 1, 0, -3, None, 3, 3, 2, 3]",67,2,0.0,best_min,wb87d6ac,8.057694194815587,7.319202458767849,8.448057452581375,6,6,0,1,1,2,1.0
547,"[[6], [3, 5], [], [2, 10], [], [9, 4], [], [], [0, 6], [], []]","[-1, None, 0, 2, 1, 2, -4, 0, 3, -1, -2]",229,2,1.0,best_third,wb87d6ac,8.69851424787661,7.532623618788788,8.969669103793755,3,3,0,1,1,2,2.0
549,"[[8, 4], [5, 7], [], [], [], [9, 2], [], [6, 3], [4], [], []]","[-2, None, 3, 4, 4, 4, -4, -2, -4, -3, 1]",217,8,1.0,best_third,wb87d6ac,7.822044008185619,7.80994708647679,8.508959386489135,7,7,0,1,1,2,8.0
550,"[[], [], [1], [0, 5], [], [], [], [6, 10], [2, 1], [7, 3], []]","[-4, 3, -2, -3, -2, 1, -1, 4, 3, None, 4]",27,10,0.0,best_second,wb87d6ac,8.162516250140179,7.0166096838942185,8.438366410870266,8,8,0,1,1,2,5.0
551,"[[], [2, 6], [], [10, 9], [], [], [], [4, 0], [1, 7], [], [9]]","[2, -3, -3, -2, -4, 4, -2, 3, None, -3, -3]",123,9,1.0,best_second,wb87d6ac,7.463363045520021,7.8632667240095735,8.376090350438236,5,5,0,1,1,2,1.0
554,"[[], [], [], [0], [], [], [8, 10], [], [7, 1], [3, 0], [2, 5]]","[3, 4, -4, 4, -2, -2, None, -3, 2, -3, -4]",359,11,2.0,best_second,wb87d6ac,8.047829357457841,7.444833273892193,8.484049972822984,6,6,0,1,1,2,2.0
556,"[[3, 4], [], [1], [], [], [9, 8], [], [5, 0], [], [], [2, 1]]","[-3, 3, 1, 3, 2, -3, 1, None, 0, -2, 2]",317,3,3.0,best_second,wb87d6ac,7.154615356913663,8.117610746466228,8.440744019252831,0,-3,3,0,0,2,1.0
557,"[[3, 2], [], [5, 4], [9, 1], [], [], [], [], [10, 7], [], [7]]","[None, -3, 1, -4, -4, -3, 3, 0, -2, -1, -4]",195,3,5.0,best_second,wb87d6ac,7.671360923190644,7.905441649060286,8.488176242345745,-2,-2,0,1,1,2,2.0
558,"[[2, 4], [], [], [], [], [], [7], [], [6, 7], [0, 10], [1, 5]]","[3, -1, -1, 3, -3, 2, 1, -2, -1, None, 2]",199,3,0.0,best_third,wb87d6ac,8.776012719182917,7.457609289715606,9.012986392348266,4,4,0,1,1,2,2.0
560,"[[], [7, 0], [3, 5], [5], [], [], [10, 1], [], [], [], [8, 9]]","[-4, -3, 1, 0, 1, -2, None, -2, 4, -1, 4]",329,11,5.0,best_second,wb87d6ac,7.933438387627489,6.966967138613983,8.255568653283746,8,8,0,1,1,2,2.0
561,"[[3, 5], [4, 6], [8, 9], [], [6], [], [], [], [], [], [0, 2]]","[1, 0, -4, 1, -2, -2, 4, -3, 1, 2, None]",151,4,3.0,best_second,wb87d6ac,7.988542982737695,6.977281341630747,8.29853954537488,2,2,0,1,1,2,1.0
563,"[[10, 8], [], [3, 5], [], [2, 0], [], [9, 7], [], [], [7], []]","[0, 3, -2, 3, None, 1, -2, 0, -2, -2, -3]",73,3,3.0,best_second,wb87d6ac,9.488729397516371,7.247792581767847,9.589735252351163,1,1,0,1,1,2,1.0
564,"[[6, 5], [], [9], [0, 4], [10, 1], [], [], [], [2, 9], [], []]","[-3, -2, -4, None, -3, -1, 0, -3, 4, 2, 1]",299,2,1.0,best_min,wb87d6ac,9.157677719392877,6.895682697747867,9.256651274839433,-2,-2,0,1,1,2,1.0
566,"[[], [], [], [0, 4], [], [7, 1], [], [], [10, 6], [3, 5], [6]]","[-4, -3, 0, -4, -2, 2, -3, 4, 4, None, 3]",393,11,5.0,best_second,wb87d6ac,8.446556111816797,6.6080006252960874,8.593969030218288,6,6,0,1,1,2,2.0
567,"[[], [], [3, 0], [0], [9, 7], [], [], [6, 1], [], [8, 5], []]","[-4, 0, -4, 4, None, 2, -4, -2, 3, 3, 2]",55,7,1.0,best_second,wb87d6ac,7.892452043520352,7.432483807917119,8.38160253710989,6,6,0,1,1,2,4.0
568,"[[], [8, 10], [3, 1], [7, 6], [5], [], [], [], [], [4, 5], []]","[-2, 2, None, 1, 2, 2, 0, -1, -3, -4, -4]",353,2,1.0,best_second,wb87d6ac,8.60300384782935,7.381501894506707,8.86120833720818,1,1,0,1,1,2,1.0
570,"[[2, 3], [], [], [], [], [1, 6], [], [4], [7, 4], [], [0, 5]]","[3, -1, 3, -2, -4, -4, -4, 0, 4, 1, None]",37,10,5.0,best_second,wb87d6ac,8.011355109161284,6.519147287940395,8.213923595622742,6,6,0,1,1,2,3.0
575,"[[9, 4], [3], [6, 10], [], [], [1, 3], [], [], [0, 2], [], []]","[2, -2, 1, -1, -3, -2, 2, 4, None, -2, -3]",319,4,4.0,best_min,wb87d6ac,8.877521453852872,6.78897174299217,8.994172434398399,3,3,0,1,1,2,1.0
576,"[[], [0, 3], [], [], [8], [], [7, 1], [9, 5], [], [], [4, 8]]","[2, 4, -3, -2, 4, 1, None, -4, 2, -1, 3]",167,8,6.0,best_second,wb87d6ac,7.555905093611346,7.942362237674335,8.460622839927844,6,6,0,1,1,2,2.0
578,"[[10, 9], [], [], [], [5, 1], [], [3], [4, 0], [6, 3], [], []]","[4, -2, 3, 4, -4, -1, -3, None, 0, 4, 1]",117,10,0.0,best_second,wb87d6ac,8.120588711740268,7.470793774195062,8.540519016719733,8,8,0,1,1,2,1.0
581,"[[], [7, 5], [], [], [], [], [8, 10], [5], [0, 2], [], [3, 4]]","[2, -4, 4, 4, -3, 0, None, 1, 2, -2, -4]",189,7,2.0,best_second,wb87d6ac,8.422442854870427,7.388327859577107,8.726481196440007,6,6,0,1,1,2,7.0
582,"[[], [], [10, 6], [], [], [], [9, 5], [8, 3], [3], [], [1, 0]]","[2, 0, None, -3, 1, 0, -4, -1, 3, -2, 4]",51,8,2.0,best_second,wb87d6ac,8.000349495324684,7.036148493750536,8.323122887587735,6,6,0,1,1,2,2.0
583,"[[6, 4], [], [3, 7], [], [], [2, 10], [4], [], [], [], [9, 8]]","[3, -4, 4, 0, -2, None, 3, 4, -3, -4, -3]",371,11,0.0,best_second,wb87d6ac,8.153637486385284,7.046647277848756,8.439015410352214,8,8,0,1,1,2,1.0
584,"[[8, 4], [], [], [], [7, 1], [], [5], [], [2, 3], [6, 5], []]","[None, -3, 4, -1, 0, 0, 0, -2, 0, 1, -3]",241,6,1.0,best_second,wb87d6ac,8.53856321715243,6.934397209928558,8.721602344674196,4,4,0,1,1,2,1.0
587,"[[], [4, 9], [10, 1], [], [], [], [8, 0], [], [0], [], [5, 3]]","[0, 4, None, -4, 1, 1, -2, -4, 4, -4, 0]",155,6,4.0,best_third,wb87d6ac,7.753194269884341,8.336869637284956,8.780018887869153,5,1,4,0,0,2,5.0
590,"[[], [], [], [], [], [1, 2], [8], [4, 3], [], [7, 5], [6, 8]]","[3, 1, 2, -2, 1, 2, 0, 4, 0, None, 3]",83,2,6.0,best_min,wb87d6ac,8.336869637284956,6.613384218379559,8.50086053679534,5,5,0,1,1,2,1.0
591,"[[], [], [9, 8], [1, 0], [2, 3], [6, 7], [7], [], [], [], []]","[4, 3, 4, -1, None, 4, 2, 4, -3, 0, 2]",397,2,7.0,best_min,wb87d6ac,7.232010331664759,7.9102237070973445,8.320448113956559,4,4,0,1,1,2,1.0
596,"[[], [], [9, 10], [], [], [7, 2], [0], [3, 1], [6, 0], [], []]","[4, 4, 1, -3, 3, None, 2, 3, 2, 0, 1]",115,6,1.0,best_min,wb87d6ac,8.328934041955529,7.00669522683704,8.565030520830398,7,7,0,1,1,2,1.0
597,"[[1, 6], [], [], [10, 9], [], [], [], [5, 4], [7, 0], [], [9]]","[1, 4, -3, -2, -3, 1, -2, -3, None, 0, -3]",119,8,3.0,best_second,wb87d6ac,8.310169021981912,7.00397413672268,8.549660381553739,5,5,0,1,1,2,4.0
599,"[[], [2, 9], [7, 10], [], [3], [], [4, 3], [], [], [8, 0], []]","[1, None, -2, 1, 3, 1, 3, -2, 3, -4, 0]",233,2,5.0,best_third,wb87d6ac,8.703008637464448,7.00669522683704,8.871224644409551,-1,-1,0,1,1,2,2.0
603,"[[], [7, 2], [], [5, 4], [], [], [], [2], [10, 6], [3, 8], []]","[-4, 3, -1, 1, -4, 3, -2, 2, -3, None, 2]",243,7,5.0,best_third,wb87d6ac,8.315077007294104,6.395261598115449,8.451694209183541,4,4,0,1,1,2,4.0
604,"[[], [7, 0], [9], [8, 10], [2, 9], [], [1, 3], [], [], [], []]","[4, -4, -3, 1, -1, 2, None, -1, 4, 3, -2]",131,7,3.0,best_third,wb87d6ac,8.384118837190895,7.60389796852188,8.761236806838188,5,5,0,1,1,2,5.0
606,"[[], [], [0, 1], [], [], [6], [], [5, 6], [9, 2], [10, 4], []]","[-3, 4, 4, 0, -2, -2, 0, 4, None, -4, 0]",327,11,0.0,best_second,wb87d6ac,7.4377951216719325,7.562681246721885,8.195057690895078,8,8,0,1,1,2,2.0
607,"[[9, 3], [], [], [], [8, 1], [2, 10], [0, 5], [], [1], [], []]","[0, -3, 1, 2, -2, 0, None, -2, 1, 0, -1]",113,2,2.0,best_third,wb87d6ac,9.418004736441933,7.377133712833954,9.540075680658964,2,2,0,1,1,2,2.0
608,"[[8], [], [], [0, 8], [], [], [7, 10], [1, 2], [], [], [9, 4]]","[-1, -3, 1, -3, -3, 4, None, -1, 2, 2, 4]",323,7,7.0,best_second,wb87d6ac,8.204945165019206,7.786551806428712,8.710454688248525,6,6,0,1,1,2,4.0
611,"[[8], [], [], [0, 8], [], [], [], [10, 9], [], [6, 1], [5, 2]]","[-4, -4, 3, -3, -3, 1, 1, None, 4, -1, -4]",255,3,7.0,best_min,wb87d6ac,9.016512874996025,6.8762646118907655,9.127610724377186,0,-1,1,0,0,2,5.0
612,"[[], [], [6, 9], [4, 2], [5, 8], [], [], [1], [], [], [7, 1]]","[-1, 3, -2, None, -2, -2, 4, -4, 3, -4, 1]",147,5,2.0,best_min,wb87d6ac,9.17636985240503,7.333023014386481,9.323222529032856,2,2,0,1,1,2,5.0
613,"[[4, 8], [], [10], [], [1, 7], [], [2, 10], [], [5, 3], [], []]","[None, 2, 1, -2, 4, -4, -4, 0, -2, -1, 2]",335,8,4.0,best_second,wb87d6ac,8.355614995760183,6.779921907472252,8.543445562560303,6,6,0,1,1,2,2.0
615,"[[2, 8], [], [1, 6], [10, 7], [], [], [], [], [5, 9], [], [7]]","[None, 3, 0, -4, 0, 1, -3, 0, 1, 0, -2]",281,3,3.0,best_min,wb87d6ac,8.600798775271034,6.966967138613983,8.778941881841513,3,3,0,1,1,2,1.0
617,"[[], [0, 4], [], [], [], [1, 6], [10, 3], [9, 2], [], [2], []]","[1, -1, 2, 0, -4, None, 1, -2, 1, 2, -2]",57,3,1.0,best_third,wb87d6ac,8.546363568716018,7.531016332077916,8.855378246041125,1,1,0,1,1,2,5.0
623,"[[3, 9], [], [6, 7], [9], [], [], [], [], [1, 4], [], [8, 2]]","[-3, -2, 0, -3, -3, -3, -2, 4, -4, 1, None]",253,9,4.0,best_second,wb87d6ac,7.867871490396322,7.241366283322318,8.295798110636145,4,4,0,1,1,2,1.0
624,"[[], [3, 8], [], [10, 0], [2], [], [], [4, 2], [9, 6], [], []]","[3, None, -3, -2, -4, -3, -2, -4, -4, -4, -2]",215,7,5.0,best_second,wb87d6ac,9.683152553543957,7.149131598557407,9.75944395695215,1,1,0,1,1,2,2.0
625,"[[], [4, 2], [0, 6], [], [3, 10], [], [], [9, 5], [], [5], []]","[2, None, -4, -3, 4, -4, -4, 2, -3, 2, 4]",157,11,0.0,best_second,wb87d6ac,7.509883061154913,7.046647277848756,7.9976631270201,8,8,0,1,1,2,6.0
628,"[[8], [], [9, 5], [], [], [1, 4], [], [0, 8], [], [6, 10], []]","[-4, 2, None, 4, -1, 4, 3, -1, 0, -4, -4]",63,8,5.0,best_second,wb87d6ac,8.458504195067558,7.226936018493289,8.714403360703942,6,6,0,1,1,2,7.0
633,"[[], [], [6, 7], [9, 10], [], [], [4, 1], [0, 5], [], [10], []]","[2, -2, None, 1, -4, 3, -2, -1, -4, -2, 1]",227,5,4.0,best_second,wb87d6ac,8.220403099933728,7.642044402873258,8.665440767876442,2,1,1,0,1,2,2.0
634,"[[], [3], [1, 3], [], [10, 9], [], [], [], [], [7, 6], [5, 8]]","[3, -2, 2, 2, None, 3, -2, 0, -4, -2, 4]",97,9,8.0,best_second,wb87d6ac,8.728749873478527,7.076653815443951,8.903951072058705,7,7,0,1,1,2,2.0
636,"[[2, 8], [], [8], [], [1, 10], [], [7, 4], [9, 5], [], [], []]","[4, -1, 3, 4, 4, -1, None, 3, -3, -2, 3]",91,5,1.0,best_second,wb87d6ac,8.347827345782498,7.4770384723196965,8.697345730925353,7,7,0,1,1,2,1.0
637,"[[9, 7], [], [], [], [6, 2], [1, 3], [2], [], [], [], [5, 0]]","[-4, -3, 3, -2, 2, -3, 3, -3, -2, 0, None]",375,2,1.0,best_min,wb87d6ac,8.664750755773852,8.080237416216702,9.10764297373784,-4,-4,0,1,1,2,1.0
639,"[[10], [9, 2], [], [6, 7], [3, 1], [0, 10], [], [], [], [], []]","[-2, 4, -3, 3, None, 2, -3, 0, -3, -2, -4]",19,2,3.0,best_min,wb87d6ac,8.942853006809921,7.157735484249907,9.097843340749037,3,3,0,1,1,2,1.0
640,"[[], [8, 4], [9, 3], [], [0, 7], [], [], [], [5, 6], [3], []]","[0, None, -3, 0, 2, 4, 3, -1, -4, 3, 2]",15,2,3.0,best_second,wb87d6ac,8.784621534840749,7.45529848568329,9.019300924562504,2,2,0,1,1,2,1.0
642,"[[], [], [8, 0], [6, 5], [], [], [], [9, 4], [], [4], [2, 3]]","[-4, 4, -2, 2, 4, 2, -2, 4, -1, 4, None]",17,7,0.0,best_second,wb87d6ac,7.774015077250727,7.683403681053826,8.422662707570003,4,0,4,0,1,2,3.0
647,"[[], [], [7, 5], [9], [], [1, 4], [], [6, 0], [3, 9], [], []]","[0, -2, None, 4, 2, -2, -1, 2, 1, 2, -3]",31,3,2.0,best_second,wb87d6ac,8.14148104145742,7.896924656268864,8.719644119505357,2,2,0,1,1,2,4.0
650,"[[2, 4], [3, 7], [], [7], [], [], [0, 9], [], [], [8, 5], []]","[-3, 0, 2, -2, 1, 4, None, -3, -1, 4, 2]",13,8,0.0,best_second,wb87d6ac,7.440733707389261,7.476472381163905,8.151621646969751,8,8,0,1,1,2,1.0
652,"[[8, 5], [], [7, 9], [2, 10], [], [], [], [], [5], [], [1, 4]]","[2, 0, -2, None, -3, 2, 1, 2, 1, 3, -3]",179,4,5.0,best_second,wb87d6ac,8.535425959677298,6.992096427415888,8.72891172506098,1,1,0,1,1,2,3.0
657,"[[1, 3], [4, 9], [7, 6], [10, 5], [], [], [], [6], [], [], []]","[None, -1, -4, 4, -4, 2, -4, -2, 2, -3, -1]",337,8,2.0,best_second,wb87d6ac,8.423321975806166,7.530479995245536,8.766394277049736,6,6,0,1,1,2,1.0
660,"[[5, 10], [], [1, 8], [], [9, 6], [], [], [2, 0], [], [6], []]","[4, 2, -4, -1, -2, 4, -3, None, 0, -4, -4]",69,10,8.0,best_second,wb87d6ac,7.598399329323963,6.804614520062623,7.971085753505608,8,8,0,1,1,2,2.0
661,"[[], [], [], [10], [5, 6], [], [], [4, 8], [2, 1], [3, 10], []]","[-2, 2, -4, 4, 4, 0, 4, None, -4, -2, 4]",305,10,0.0,best_second,wb87d6ac,7.328437352895162,6.985641817639208,7.864419904994565,8,8,0,1,1,2,6.0
665,"[[], [2], [], [], [], [], [], [1, 2], [3, 5], [8, 10], [6, 4]]","[4, -2, -3, 1, 2, -4, -1, 3, -3, None, 4]",219,8,2.0,best_second,wb87d6ac,7.898039690764619,7.921898411023797,8.60300384782935,6,6,0,1,1,2,5.0
666,"[[], [2], [], [], [], [10, 3], [1, 2], [4, 8], [], [7, 5], []]","[4, -3, 2, -1, 1, -4, 3, 1, -1, None, -3]",277,6,2.0,best_second,wb87d6ac,8.070906088787819,7.597396320212795,8.554874258383926,2,2,0,1,1,2,2.0
671,"[[], [9, 3], [], [], [], [], [7, 0], [], [5, 4], [3], [6, 8]]","[0, 0, 1, -1, -2, 3, -3, -4, 3, -3, None]",125,9,5.0,best_second,wb87d6ac,7.68017564043659,7.067319848653476,8.112827478751374,6,6,0,1,1,2,4.0
672,"[[8, 3], [], [], [4, 5], [], [], [], [1], [2, 6], [], [7, 1]]","[None, 2, -2, -3, 4, -4, -1, 4, -1, -4, 2]",315,5,1.0,best_min,wb87d6ac,8.603921194926063,7.197435354096591,8.822911626354117,1,1,0,1,1,2,1.0
675,"[[10], [3, 2], [], [], [1, 8], [0, 10], [], [], [6, 7], [], []]","[-2, -2, 1, 3, None, -3, -2, 2, -4, 3, -1]",197,4,3.0,best_second,wb87d6ac,8.038834757787749,6.659293919683638,8.263074835802598,1,1,0,1,1,2,4.0
677,"[[3], [], [9, 5], [], [2, 7], [], [0, 3], [8, 1], [], [], []]","[4, 0, -4, 4, None, -4, 3, 0, -3, 3, -4]",311,4,0.0,best_third,wb87d6ac,7.721348612617949,7.957877358489813,8.53954159508,0,0,0,1,1,2,7.0
679,"[[], [], [], [7, 5], [6, 8], [2, 10], [8], [0, 1], [], [], []]","[-4, 4, -1, None, 1, -2, 4, 3, 1, -4, 0]",385,9,1.0,best_second,wb87d6ac,8.335431477880796,6.8762646118907655,8.544224530467268,7,7,0,1,1,2,1.0
681,"[[], [], [9, 0], [7, 4], [], [], [], [], [5, 1], [0], [3, 8]]","[-1, -3, 4, 3, 4, 3, 2, -1, -4, -2, None]",325,9,1.0,best_second,wb87d6ac,8.060224240440958,6.9975959829819265,8.356789669923213,7,7,0,1,1,2,6.0
682,"[[], [], [], [9, 8], [], [], [], [10, 6], [2, 5], [0, 4], [6]]","[-2, -4, 1, None, -1, -4, 1, 1, -4, 4, 1]",25,6,5.0,best_second,wb87d6ac,8.534836626588833,7.58018941794454,8.860357273327022,3,3,0,1,1,2,5.0
684,"[[5, 6], [], [], [], [9, 3], [6], [], [10, 4], [], [], [8, 1]]","[-2, 2, -3, -2, 4, 4, -1, None, 3, -4, 2]",79,3,6.0,best_second,wb87d6ac,7.659171367666058,7.961718815981365,8.514790306799927,5,2,3,0,0,2,1.0
685,"[[], [2], [], [7, 9], [], [], [], [5, 0], [], [6, 4], [1, 2]]","[1, 3, -1, None, -3, 2, -2, 3, -4, -4, 1]",365,8,2.0,best_second,wb87d6ac,7.852050207265889,7.463936604468925,8.3696208269491,5,4,1,0,1,2,1.0
686,"[[], [], [], [], [], [4, 3], [10, 1], [], [9, 5], [7, 0], [1]]","[3, 2, -2, -2, 3, 4, -3, 2, None, -2, -2]",23,6,6.0,best_second,wb87d6ac,7.990576881743922,7.123672785204607,8.341171747170762,7,7,0,1,1,2,1.0
689,"[[2, 6], [], [3, 4], [], [], [], [7, 8], [], [], [10, 5], [5]]","[None, -4, -4, -4, -2, 1, 0, 4, -4, 0, -2]",303,10,4.0,best_second,wb87d6ac,7.6586995582682995,6.3578422665081,7.899153483343098,4,4,0,1,1,2,2.0
690,"[[], [], [], [8, 9], [], [], [10], [6, 10], [0, 4], [1, 2], []]","[4, 4, -3, None, -1, -1, 1, -2, 1, 4, -3]",369,6,7.0,best_third,wb87d6ac,8.155649270366002,6.255750041753367,8.294799358992574,8,8,0,1,1,2,5.0
691,"[[], [], [0, 1], [], [3], [], [], [], [4, 3], [6, 7], [2, 9]]","[4, -4, 2, -4, 4, -1, -2, -3, 4, -4, None]",9,11,6.0,best_second,wb87d6ac,8.112827478751374,6.551080335043405,8.3030093814735,6,6,0,1,1,2,1.0
695,"[[], [], [4], [], [], [6, 1], [], [], [0, 3], [2, 4], [5, 8]]","[4, -1, -4, 1, -1, -3, -3, 0, 3, 0, None]",77,9,2.0,best_second,wb87d6ac,7.927685045615778,8.044626279767337,8.68084148294457,7,7,0,1,1,2,2.0
696,"[[], [], [], [], [5, 3], [3], [], [8, 10], [2, 9], [], [1, 0]]","[-4, -1, 4, 0, 2, 3, -4, None, 4, -4, -2]",171,11,8.0,best_second,wb87d6ac,8.017637159908476,6.33682573114644,8.188133414510478,8,8,0,1,1,2,3.0
699,"[[], [10, 3], [5, 9], [], [], [], [7, 0], [], [2, 6], [], [3]]","[2, 3, -3, -4, -3, 3, -3, 1, None, 0, -3]",143,2,3.0,best_min,wb87d6ac,8.701845363548475,6.656726524178392,8.82335348511379,0,0,0,1,1,2,1.0
701,"[[], [5, 6], [0], [2, 0], [], [], [], [], [7, 4], [], [1, 8]]","[3, -4, 2, -4, 4, -1, -2, 1, 4, 4, None]",5,10,0.0,best_second,wb87d6ac,7.741533589281827,7.539027055823994,8.338305731356565,8,8,0,1,1,2,1.0
702,"[[], [4, 10], [], [], [3, 0], [7], [], [], [], [5, 7], [2, 6]]","[4, None, 1, -3, 4, 4, 0, -4, 2, 2, -1]",205,8,0.0,best_second,wb87d6ac,7.906915488678587,7.217443431696532,8.3133619511344,8,8,0,1,1,2,1.0
704,"[[], [4], [7, 10], [1, 4], [], [9, 0], [2, 5], [], [], [], []]","[3, 3, -2, 3, 3, -1, None, -4, -1, 2, -2]",11,5,4.0,best_second,wb87d6ac,8.174984532943087,7.946263643580541,8.760139370026627,2,2,0,1,1,2,2.0
705,"[[5, 7], [9, 2], [], [6, 8], [], [], [], [], [], [2], [3, 0]]","[0, -3, 0, -4, -4, 4, -4, -4, -2, -2, None]",99,10,4.0,best_second,wb87d6ac,8.20631072579402,6.317164686747283,8.34687925374656,4,4,0,1,1,2,2.0
707,"[[], [], [], [5, 0], [], [0], [1, 4], [], [10, 7], [8, 6], []]","[2, -4, 3, 0, -2, -1, 3, 4, -4, None, -1]",169,3,5.0,best_third,wb87d6ac,7.43543801981455,7.9892214088152755,8.44311598801992,1,1,0,1,1,2,5.0
713,"[[6, 2], [], [], [], [], [3, 1], [], [10], [5, 0], [7, 10], []]","[3, -1, 1, -3, -4, -3, 4, -2, None, -1, 2]",221,9,2.0,best_second,wb87d6ac,7.755338812846502,6.93537044601511,8.119993827725105,7,7,0,1,1,2,2.0
716,"[[10, 9], [], [1], [], [8, 3], [], [2, 1], [4, 0], [], [], []]","[1, 0, -4, -2, -3, 4, 3, None, -4, -4, -2]",3,4,5.0,best_second,wb87d6ac,8.222285073872717,7.324489979348533,8.56388591940822,-1,-1,0,1,1,2,2.0
717,"[[10, 3], [], [], [9, 7], [8, 6], [], [], [], [6], [], [2, 5]]","[None, -1, -1, 1, -1, 2, -4, 0, -1, 3, -4]",191,6,1.0,best_second,wb87d6ac,7.848933726364071,7.104144092987528,8.237214703349489,4,4,0,1,1,2,3.0
720,"[[2], [0, 2], [], [7, 4], [], [3, 6], [9, 10], [], [], [], []]","[3, -1, 1, -4, -3, None, 3, 0, -2, -4, 4]",159,11,1.0,best_second,wb87d6ac,7.455876687491824,7.2254814727822945,8.040124664448381,7,7,0,1,1,2,3.0
721,"[[9, 3], [6, 7], [], [], [], [1, 8], [], [], [2, 4], [3], []]","[3, -2, -4, 3, 4, None, 0, 1, 4, 2, 3]",331,9,0.0,best_second,wb87d6ac,7.493873886783559,8.048149101665203,8.501876487304344,8,8,0,1,1,2,1.0
722,"[[], [], [7, 3], [1, 0], [], [], [], [4, 8], [], [10, 6], [6]]","[2, -3, None, 0, -3, 1, 4, -1, -4, -4, -2]",349,6,2.0,best_second,wc96be14,9.613202094214232,7.496097345175956,9.726810038127258,2,2,0,1,1,2,1.0
723,"[[], [], [10, 0], [6, 4], [], [9, 2], [4], [], [], [7, 1], []]","[1, -2, -4, 1, -4, None, -2, -3, -2, 1, 4]",145,2,3.0,best_min,wc96be14,7.918992488165245,8.563504094279487,8.985320060649112,0,-1,1,0,0,2,3.0
724,"[[], [], [3, 8], [], [], [], [7, 1], [1], [], [10, 2], [4, 5]]","[2, -4, 1, 4, -4, 4, 3, 1, -4, None, -3]",281,8,5.0,best_third,wc96be14,8.309676895987726,7.719129840906732,8.750366278367625,5,5,0,1,1,2,8.0
725,"[[], [7, 10], [], [], [6], [4, 6], [], [2, 8], [], [], [9, 3]]","[3, None, -3, 4, 1, -3, 4, 4, 1, -3, 3]",245,5,1.0,best_min,wc96be14,8.783242963740904,7.294377299288821,8.986571625268054,7,0,7,0,1,2,4.0
726,"[[5, 7], [], [8, 4], [], [1, 10], [7], [], [], [3, 9], [], []]","[-3, 1, None, -3, -1, 3, 2, 1, 4, 4, 0]",65,8,0.0,best_second,wc96be14,8.062117582754738,7.8387375595992825,8.649623978596727,8,8,0,1,1,2,1.0
731,"[[], [0], [1, 0], [], [], [7, 8], [], [10, 4], [3, 9], [], []]","[1, -1, -3, -1, 3, None, 1, 4, -4, 0, -4]",21,10,1.0,best_second,wc96be14,7.318539548567902,7.93630269320196,8.36730010184162,7,7,0,1,1,2,1.0
733,"[[7, 8], [], [5, 0], [], [10], [6, 1], [], [], [], [4, 10], []]","[0, 4, None, -4, -4, 3, -1, 3, -2, -3, -3]",343,6,1.0,best_third,wc96be14,7.380879035564116,7.875499292445207,8.351374706721296,7,7,0,1,1,2,5.0
738,"[[9, 3], [7, 5], [6, 10], [], [2, 0], [], [], [5], [], [], []]","[2, 3, -4, 4, None, 1, -3, 3, 4, -4, -2]",287,11,2.0,best_second,wc96be14,7.564757012905729,7.921898411023797,8.452121194672523,6,6,0,1,1,2,1.0
739,"[[6, 2], [7], [], [], [], [1, 7], [], [], [9, 3], [], [0, 8]]","[3, -2, 1, 3, 0, 4, 2, 0, 3, 0, None]",39,2,0.0,best_min,wc96be14,7.995643604287271,7.696667081526462,8.550241045462437,6,6,0,1,1,2,1.0
742,"[[10, 1], [], [], [2], [], [8, 0], [], [], [6, 7], [3, 2], []]","[-3, -1, 4, 4, -1, None, -4, 4, 2, -2, -3]",109,10,2.0,best_second,wc96be14,7.682021510826875,7.282073658093465,8.19478163844336,6,6,0,1,1,2,2.0
746,"[[8, 6], [], [0, 10], [], [1], [4, 1], [], [], [], [], [7, 9]]","[3, 2, None, 0, 0, 2, 0, 3, -2, -2, -4]",285,5,3.0,best_second,wc96be14,8.037543185118697,8.376781037699491,8.91449171019134,3,3,0,1,1,2,5.0
747,"[[], [], [5, 0], [], [], [0], [3, 9], [8, 6], [1, 10], [], []]","[1, -4, 1, 4, -2, 4, 2, None, -1, -4, 2]",99,8,6.0,best_third,wc96be14,7.369600720526409,7.1204443723924875,7.945555428253489,6,6,0,1,1,2,6.0
749,"[[], [], [1, 5], [4], [], [], [], [9, 2], [], [8, 6], [3, 4]]","[-1, -3, -4, 0, 3, -1, -1, None, 1, 1, 3]",249,6,2.0,best_second,wc96be14,8.940629184845639,7.846589975291187,9.229358377811945,2,2,0,1,1,2,2.0
750,"[[], [9, 8], [], [0, 7], [3, 5], [2, 6], [], [], [], [8], []]","[0, 3, 2, 2, None, 1, 0, 4, 0, -3, 0]",217,4,2.0,best_third,wc96be14,8.474494436883122,7.217443431696532,8.724695046740491,6,6,0,1,1,2,2.0
756,"[[9, 8], [10, 2], [], [], [], [3], [0, 1], [5, 3], [], [], []]","[-4, 4, 4, 3, -4, -4, None, 3, -1, -2, -2]",377,11,0.0,best_second,wc96be14,7.877397186353287,7.954021087278037,8.60940767540405,8,8,0,1,1,2,1.0
757,"[[], [10, 6], [4, 9], [], [5, 0], [], [], [], [], [8, 7], [6]]","[-3, -1, None, -2, 2, -1, -3, 0, 1, -3, -4]",251,3,5.0,best_second,wc96be14,8.59932602095476,8.238536930171769,9.128153700988236,1,1,0,1,1,2,1.0
760,"[[], [], [], [4, 5], [5], [], [], [0, 10], [1, 2], [7, 8], []]","[4, -1, -2, 3, -4, -2, 0, 4, -3, None, -4]",341,11,8.0,best_second,wc96be14,7.647786045440933,7.299797366758161,8.181720455128108,8,8,0,1,1,2,1.0
761,"[[6, 8], [4, 5], [], [], [5], [], [2, 9], [], [7, 3], [], []]","[None, 3, 3, 4, 4, 1, -1, -2, 2, 2, 2]",323,5,2.0,best_min,wc96be14,7.704811922932594,7.392031567514591,8.253488028345904,6,6,0,1,1,2,1.0
762,"[[], [6], [1, 6], [10, 9], [], [8, 0], [], [3, 5], [], [], []]","[2, 0, -2, 2, 3, -4, 3, None, 4, -3, 4]",151,7,5.0,best_third,wc96be14,7.861341795599989,7.338888133838879,8.32675881451173,6,6,0,1,1,2,2.0
768,"[[10, 5], [], [7], [2, 7], [], [], [1, 8], [], [], [0, 6], []]","[-1, -1, 4, -1, 1, 1, -4, 1, 3, None, 3]",331,4,2.0,best_second,wc96be14,8.621373010325902,8.01466637046494,9.056373008678756,2,2,0,1,1,2,4.0
771,"[[], [], [], [7, 8], [], [4], [5, 4], [0, 2], [9, 10], [], []]","[4, -3, 3, None, -1, 4, -1, 1, -1, -1, 2]",119,4,2.0,best_second,wc96be14,7.919719760924575,7.050989447068045,8.269756947532983,5,5,0,1,1,2,3.0
772,"[[5, 8], [], [10, 1], [2, 9], [], [8], [], [], [], [7, 6], []]","[-4, 1, -3, None, 1, -4, 2, 4, -4, 2, 4]",43,5,0.0,best_second,wc96be14,7.651595573857601,7.003065458786462,8.071843149609158,6,6,0,1,1,2,3.0
775,"[[5, 7], [2, 6], [6], [], [], [], [], [], [], [10, 0], [4, 3]]","[-4, -4, 0, 1, 0, -2, -2, -3, 1, None, -2]",201,4,3.0,best_second,wc96be14,8.80537513890967,7.661997558901893,9.081938657171658,-1,-1,0,1,1,2,1.0
776,"[[], [], [1, 10], [4, 2], [8, 9], [7], [5, 7], [], [], [], []]","[1, 1, -3, None, -3, -4, 2, -2, 0, -1, -2]",317,2,1.0,best_min,wc96be14,8.31360713931756,7.628031126930335,8.721439305625983,-2,-2,0,1,1,2,1.0
778,"[[], [], [5], [9, 1], [8, 3], [], [], [2, 5], [10, 0], [], []]","[-3, -3, 4, -4, None, 3, -1, 0, 3, 2, 4]",189,10,1.0,best_second,wc96be14,8.65434302956347,9.211140052146746,9.664087578702395,7,-2,9,0,0,2,7.0
782,"[[3], [0, 3], [], [], [10, 9], [], [], [], [], [2, 6], [8, 5]]","[4, 1, -4, 0, None, 4, 4, -1, 1, -4, 4]",107,9,0.0,best_second,wc96be14,7.79770203551669,7.730174795246221,8.457443187010464,8,5,3,0,1,2,8.0
784,"[[], [0], [], [2, 8], [10, 9], [4, 3], [], [1, 0], [], [], []]","[3, -3, 1, 0, 4, None, 1, 3, 2, -1, -4]",389,2,5.0,best_min,wc96be14,7.87777633327726,8.967631665167133,9.257414779362112,3,3,0,1,1,2,1.0
786,"[[], [4, 7], [], [], [7], [6, 10], [0, 9], [], [], [], [2, 3]]","[0, 0, -1, -2, -4, None, -2, -2, 3, -2, 2]",57,3,4.0,best_second,wc96be14,7.538494999413465,8.073714641109857,8.534443544822764,1,1,0,1,1,2,2.0
787,"[[3], [], [], [], [5, 10], [2, 9], [], [0, 3], [], [], [8, 6]]","[-1, -1, -1, 0, None, 2, 4, 4, -4, -3, 4]",355,8,0.0,best_third,wc96be14,7.822044008185619,7.930925372483388,8.570923513837204,8,8,0,1,1,2,2.0
788,"[[], [], [8, 10], [], [0], [3, 1], [4, 0], [], [], [2, 5], []]","[-3, 2, 4, -2, 3, 0, -4, -2, 3, None, -1]",225,6,5.0,best_second,wc96be14,7.663407664893479,7.57353126274595,8.31238059678675,7,7,0,1,1,2,4.0
789,"[[8], [], [4, 1], [], [], [], [0, 8], [10, 2], [], [], [3, 5]]","[0, 1, 1, -3, 0, 4, 2, None, 0, 2, 3]",229,6,1.0,best_min,wc96be14,7.64396194900253,7.461640392208574,8.249836485425702,7,7,0,1,1,2,1.0
793,"[[], [], [], [], [7, 8], [], [], [2, 0], [3, 6], [10, 5], [5]]","[-2, -4, -4, 0, None, 4, 3, -3, 3, -1, 3]",243,9,0.0,best_second,wc96be14,7.836369760545124,7.677400430514807,8.452974619089586,6,3,3,0,1,2,2.0
795,"[[3, 7], [], [], [1, 8], [5], [], [], [2, 6], [], [4, 5], []]","[None, 3, -1, 4, -2, -4, 4, -2, 0, 0, -2]",203,6,4.0,best_second,wc96be14,7.687997166393016,7.521859252201629,8.301273485191347,7,7,0,1,1,2,5.0
797,"[[], [], [], [1], [], [3, 1], [10, 9], [], [], [4, 7], [8, 2]]","[4, -3, -3, 1, 2, -2, None, 0, 2, -1, -2]",195,3,1.0,best_third,wc96be14,8.790269111478656,8.54927308487965,9.370075430097343,1,1,0,1,1,2,5.0
798,"[[4, 10], [6], [5, 7], [2, 0], [], [], [], [], [], [1, 6], []]","[1, 4, 3, None, 0, -3, -2, 4, 1, -2, 1]",47,6,1.0,best_min,wc96be14,8.03947991910045,7.262628600974241,8.417593826193484,7,7,0,1,1,2,1.0
799,"[[4, 3], [2, 5], [5], [10, 6], [8, 9], [], [], [], [], [], []]","[None, 1, 3, 4, -2, -3, 4, -3, -2, -4, -3]",111,11,0.0,best_second,wc96be14,7.44716835960004,8.095598701378188,8.515992470839718,8,8,0,1,1,2,2.0
802,"[[6, 10], [3, 9], [], [7, 8], [], [], [10], [], [], [2, 4], []]","[-3, None, -4, 4, -2, 3, -3, 1, -4, -3, 2]",81,9,8.0,best_second,wc96be14,7.73280753042202,7.974876900558876,8.554103545436334,5,5,0,1,1,2,2.0
804,"[[3, 6], [4, 7], [], [2, 5], [7], [], [10, 8], [], [], [], []]","[None, 1, 4, -1, -3, 0, -4, 0, -2, -1, 2]",299,6,1.0,best_second,wc96be14,8.504310565585225,7.300472814267798,8.76655014954635,3,3,0,1,1,2,4.0
805,"[[], [10, 8], [5], [], [], [], [], [2, 5], [4, 0], [], [3, 6]]","[-4, None, 0, -1, 4, -3, 0, 1, 1, -1, -4]",173,9,5.0,best_second,wc96be14,7.747596838692886,6.516193076042964,8.003363058629947,5,5,0,1,1,2,1.0
807,"[[], [8, 10], [], [], [2, 6], [7, 0], [], [], [10], [4, 5], []]","[4, 2, 0, 2, -2, -2, -2, -4, 3, None, -3]",197,6,6.0,best_min,wc96be14,8.9947928972836,7.557472901614746,9.207837241758064,2,2,0,1,1,2,2.0
808,"[[], [0, 3], [], [], [], [], [10], [1, 8], [2, 5], [6, 10], []]","[-1, -2, 1, 0, 1, 2, -1, None, 1, 2, 3]",19,4,1.0,best_second,wc96be14,8.329658067569394,7.487733761436444,8.687779491991773,3,3,0,1,1,2,1.0
809,"[[7], [], [], [5, 6], [1, 2], [], [], [], [], [0, 7], [4, 3]]","[-3, -3, 3, -3, 4, -3, -4, 2, 2, 1, None]",187,11,1.0,best_second,wc96be14,8.446985296372741,6.874198495453294,8.63533171943328,7,7,0,1,1,2,1.0
810,"[[3, 2], [], [5, 1], [10, 6], [], [], [], [], [7], [8, 7], []]","[None, -3, 4, 1, -1, 4, -1, -1, 2, 4, 4]",33,6,7.0,best_third,wc96be14,8.049746290952193,6.529418838262225,8.247220052745229,8,8,0,1,1,2,5.0
811,"[[], [9, 0], [7, 6], [], [3, 10], [4, 2], [], [], [], [0], []]","[-2, 0, -3, -1, -1, None, 4, 3, -4, -2, 0]",289,2,7.0,best_second,wc96be14,8.905308661189288,8.165079258805068,9.295232838994146,1,1,0,1,1,2,1.0
813,"[[], [], [], [6, 1], [0, 10], [], [1], [], [5, 2], [4, 8], []]","[4, 3, 0, -1, 4, 4, 2, 0, 1, None, -4]",15,6,8.0,best_min,wc96be14,7.493873886783559,6.716594773520979,7.871692664323645,8,8,0,1,1,2,4.0
814,"[[], [3, 9], [7, 0], [], [1, 2], [], [], [], [5], [], [8, 5]]","[-4, 0, -3, 3, None, 3, -2, -1, 0, -1, 2]",259,7,1.0,best_second,wc96be14,8.32579052588609,6.4754327167040895,8.471568013389962,3,3,0,1,1,2,3.0
817,"[[], [], [7], [], [], [2, 7], [1, 3], [], [9, 0], [], [8, 6]]","[2, -1, 3, 4, -2, 3, 0, 4, 0, -4, None]",147,5,4.0,best_third,wc96be14,8.816705015621595,7.425357887027151,9.038721338315364,4,4,0,1,1,2,6.0
818,"[[], [], [], [4, 1], [1], [], [], [8, 10], [5, 9], [], [0, 6]]","[4, -1, 0, -1, 3, -1, -3, None, 4, 2, 1]",161,4,2.0,best_third,wc96be14,8.163940954755008,6.714170529909472,8.374476889214641,6,6,0,1,1,2,7.0
819,"[[1, 10], [], [], [4, 9], [9], [8, 2], [], [0, 5], [], [], []]","[1, -1, -1, -2, 4, -2, 1, None, -2, 3, -3]",353,3,4.0,best_second,wc96be14,8.559869465696673,7.682943169878292,8.90761234131913,0,0,0,1,1,2,1.0
824,"[[6, 9], [], [], [], [], [2, 3], [9], [5, 10], [], [], [4, 8]]","[1, 0, 1, 0, 0, -4, -2, None, 2, 3, 4]",271,7,2.0,best_second,wc96be14,7.456454555176209,7.700747794511798,8.278936002291978,6,6,0,1,1,2,1.0
830,"[[], [9, 8], [], [], [6, 10], [], [2, 3], [], [], [8], [5, 0]]","[-3, -3, 1, 3, None, -1, -4, 1, -1, -2, 4]",55,4,7.0,best_second,wc96be14,7.595889917718538,7.703459047867174,8.344029572407047,3,3,0,1,1,2,2.0
832,"[[5, 10], [0, 9], [], [], [6, 2], [], [2], [], [], [3, 8], []]","[1, None, -2, -4, -4, -3, 0, 1, -2, -2, -1]",183,4,2.0,best_second,wc96be14,8.639056779173076,7.646831391430482,8.954286157204713,0,0,0,1,1,2,2.0
833,"[[], [2], [], [], [], [8, 0], [4, 10], [1, 2], [], [5, 6], []]","[3, -3, -4, 3, -1, 2, -4, 4, 2, None, -4]",397,8,1.0,best_second,wc96be14,7.794411205726601,7.785305182539862,8.482808764554408,5,5,0,1,1,2,3.0
834,"[[], [], [], [9], [6, 5], [2, 0], [1, 8], [3, 9], [], [], []]","[-3, -4, 4, 2, None, 4, -3, -4, 3, -4, 1]",155,10,7.0,best_second,wc96be14,7.889084407035514,6.542471960506805,8.119993827725105,8,8,0,1,1,2,7.0
835,"[[], [8, 7], [], [], [], [1, 10], [9, 0], [], [], [0], [2, 4]]","[-2, 2, -1, -3, -2, None, 2, -4, 3, 0, -2]",265,8,6.0,best_second,wc96be14,7.740664401917241,6.33327962813969,7.959275960116396,5,5,0,1,1,2,1.0
841,"[[], [], [1], [7, 5], [9, 3], [], [], [], [2, 1], [10, 6], []]","[3, -2, -3, -3, None, -1, 3, 3, -1, 1, 4]",293,5,2.0,best_second,wc96be14,8.661120360222881,7.766840537085513,9.00380808646717,5,5,0,1,1,2,4.0
842,"[[9, 4], [7], [10, 0], [], [], [], [1, 7], [], [], [], [8, 5]]","[3, 0, None, 4, -3, 2, 3, 3, 1, -4, 0]",207,2,2.0,best_second,wc96be14,8.734560089952993,7.7102051944325325,9.041211408968211,2,2,0,1,1,2,1.0
843,"[[], [], [], [], [1], [7, 9], [8, 5], [], [2, 3], [], [4, 1]]","[-3, 2, -3, -1, -4, -2, None, -4, 1, -2, 3]",113,4,2.0,best_second,wc96be14,8.1886891244442,8.233503140233994,8.904358542352968,0,0,0,1,1,2,2.0
844,"[[], [], [0, 5], [4, 2], [1, 9], [], [], [10], [7, 10], [], []]","[3, -4, 1, None, 4, -2, 2, 2, -1, 3, 2]",79,6,1.0,best_third,wc96be14,8.047189562170502,7.45182223652793,8.486115235845377,7,7,0,1,1,2,5.0
846,"[[], [5, 4], [], [8, 0], [], [], [], [1, 9], [0], [2, 10], []]","[0, 3, 2, 1, 1, -1, -4, None, 4, -4, -2]",29,6,2.0,best_second,wc96be14,8.120886021092838,7.8632667240095735,8.693328989123106,4,4,0,1,1,2,4.0
848,"[[], [5, 3], [0], [], [6, 7], [], [], [], [], [2, 0], [1, 4]]","[-3, -3, -2, 4, 4, -4, 3, -4, 1, 1, None]",209,9,8.0,best_third,wc96be14,8.170185652879642,7.282761179605593,8.514790306799927,7,7,0,1,1,2,8.0
849,"[[1, 4], [], [], [10, 9], [], [3, 0], [], [8, 2], [2], [], []]","[2, -2, -3, 0, 4, None, -3, 1, -4, -2, -1]",385,7,2.0,best_second,wc96be14,7.80016307039296,7.8709295967551425,8.52912176228151,6,6,0,1,1,2,1.0
850,"[[], [], [], [6, 5], [], [1, 4], [10, 8], [9, 0], [], [0], []]","[1, -2, 0, None, 0, -1, 4, -1, -3, 2, 4]",125,9,7.0,best_second,wc96be14,7.9355873855892,6.070737728002491,8.079308192051963,8,8,0,1,1,2,2.0
853,"[[], [10, 3], [9, 7], [], [], [], [], [0, 6], [], [5, 4], [3]]","[4, -2, None, 2, -4, 4, 0, 1, -4, 4, -3]",275,6,8.0,best_min,wc96be14,7.946617563244473,6.692083742506628,8.197263371414337,8,8,0,1,1,2,4.0
855,"[[], [], [], [], [2, 10], [1, 8], [3], [6, 3], [], [4, 5], []]","[4, -2, -4, -4, 4, -2, -1, 2, 0, None, 0]",25,6,4.0,best_second,wc96be14,8.797548488481558,8.059592328887545,9.188197007290494,4,4,0,1,1,2,2.0
856,"[[3, 6], [7], [5, 10], [], [1, 7], [], [], [], [2, 0], [], []]","[4, 3, -1, -1, 3, -4, 2, -3, None, 2, -3]",131,8,2.0,best_second,wc96be14,7.687080155783135,7.922261058353247,8.504513138258863,6,6,0,1,1,2,1.0
857,"[[6, 10], [], [], [0, 5], [], [4, 1], [], [2], [], [7, 2], []]","[-1, -2, -2, None, 2, 4, -4, -4, 3, 3, 4]",59,6,6.0,best_third,wc96be14,7.934871565945177,7.461065514354282,8.418697944667139,6,6,0,1,1,2,8.0
860,"[[], [7, 4], [], [5, 2], [], [], [], [], [10, 6], [3, 1], [6]]","[4, -2, 4, 4, 0, 0, -4, -3, -3, None, -2]",277,9,0.0,best_second,wc96be14,7.581209826196346,7.262628600974241,8.12740456269308,8,8,0,1,1,2,3.0
862,"[[], [], [8, 9], [], [2, 5], [7, 1], [10, 3], [], [], [], [3]]","[-2, 0, 4, 2, None, -4, 3, -2, 0, 2, -3]",311,8,2.0,best_second,wc96be14,7.337587743538596,7.313886831633462,8.018625465045748,6,6,0,1,1,2,2.0
865,"[[1, 6], [6], [3, 8], [10, 5], [], [], [], [], [7, 4], [], []]","[-2, 2, None, 4, 0, -1, 1, 2, 2, -3, -3]",329,2,2.0,best_third,wc96be14,8.493924564476883,6.821107472256465,8.665785595466065,4,4,0,1,1,2,2.0
868,"[[], [3, 5], [], [5], [2, 9], [], [8, 4], [], [10, 7], [], []]","[3, -2, 3, -4, -1, 3, None, -4, 2, 4, 4]",35,5,6.0,best_min,wc96be14,7.742835955430749,6.898714534329988,8.100161446936607,6,6,0,1,1,2,1.0
869,"[[], [8, 0], [], [], [9, 5], [6, 3], [], [], [0], [2, 7], []]","[2, 1, 4, -1, None, -3, -4, 2, 1, -3, 4]",327,5,5.0,best_second,wc96be14,8.344267356262645,6.51025834052315,8.492285555710053,1,1,0,1,1,2,3.0
871,"[[], [], [], [9, 6], [], [], [7, 4], [], [10, 2], [0, 1], [2]]","[-2, 3, 3, None, 1, -4, -2, 3, -2, 2, 3]",89,5,1.0,best_third,wc96be14,7.988882253309227,7.84109976542212,8.610683534503577,5,5,0,1,1,2,2.0
872,"[[], [7], [10, 3], [], [], [8, 2], [1, 7], [], [9, 4], [], []]","[0, 3, -1, 1, 4, None, -4, 2, 2, -4, 0]",333,7,2.0,best_min,wc96be14,8.170751423757533,6.894670039433481,8.416709652837914,6,6,0,1,1,2,1.0
873,"[[], [], [], [], [], [2, 0], [], [9, 3], [6, 1], [3], [8, 5]]","[0, 2, 3, -4, -4, 2, 1, -2, -1, -2, None]",153,4,2.0,best_second,wc96be14,7.473069088032197,6.576469569048224,7.814803429489359,5,5,0,1,1,2,1.0
876,"[[3, 5], [], [7, 0], [], [10, 9], [], [], [6, 1], [], [], [9]]","[-3, -1, None, 4, -4, -4, -2, -1, 4, 2, -3]",273,5,1.0,best_min,wc96be14,8.944419791305915,6.498282149476434,9.027378610294804,1,1,0,1,1,2,1.0
878,"[[2, 5], [], [], [], [7, 1], [], [0, 4], [], [], [10, 3], [3]]","[2, -3, 4, -2, -3, -1, None, -4, 0, 0, 3]",205,10,3.0,best_second,wc96be14,8.12740456269308,7.821242083523558,8.678971846978863,6,6,0,1,1,2,1.0
881,"[[8, 10], [], [5, 6], [], [1], [], [], [4, 1], [], [2, 0], []]","[1, -1, -3, 2, 1, 2, 3, 4, 0, None, 1]",247,2,0.0,best_second,wc96be14,8.321664807135,7.504942068396171,8.687442166975924,2,2,0,1,1,2,1.0
882,"[[2], [4, 7], [], [], [8, 3], [0, 2], [], [6, 9], [], [], []]","[1, None, 1, 4, 2, 4, -2, -4, 0, -1, 0]",391,9,2.0,best_second,wc96be14,7.690743163541872,7.392031567514591,8.245384468120747,6,6,0,1,1,2,1.0
889,"[[], [9], [], [], [1, 9], [], [0, 10], [3, 2], [6, 7], [], []]","[3, -2, -3, 0, 3, -4, 3, -4, None, -2, -4]",63,10,7.0,best_second,wc96be14,7.639642287858013,7.369600720526409,8.206583614320751,6,6,0,1,1,2,3.0
897,"[[8, 7], [], [], [], [9, 1], [], [], [5, 6], [10, 2], [1], []]","[None, -3, 2, 0, 4, -3, 4, 4, -4, 1, -1]",149,10,0.0,best_second,wc96be14,7.4413203897176174,7.844632644464681,8.35608503102148,8,8,0,1,1,2,3.0
898,"[[], [], [], [], [], [1, 3], [], [0, 4], [10, 6], [5, 7], [6]]","[-4, -2, 4, 4, -2, -1, -3, -3, -2, None, -1]",1,8,5.0,best_second,wc96be14,8.736328721332908,7.545389749611823,9.001592700945706,3,3,0,1,1,2,2.0
900,"[[9, 3], [0, 6], [], [], [], [8], [10, 4], [5, 8], [], [], []]","[4, None, 1, -2, -4, -1, -4, -1, -1, 3, 4]",127,9,6.0,best_second,wc96be14,8.127699852817772,7.521859252201629,8.562931083090092,7,7,0,1,1,2,8.0
903,"[[3], [9, 8], [0, 3], [], [6, 7], [], [], [], [], [], [4, 1]]","[2, 3, -4, -2, 3, 3, -3, -1, -2, 1, None]",375,3,5.0,best_third,wc96be14,7.379008127628304,8.245909264774092,8.596558746796978,4,4,0,1,1,2,2.0
905,"[[8], [7, 10], [0, 8], [5, 1], [], [6, 9], [], [], [], [], []]","[4, -3, 0, None, 1, 4, -3, 1, 3, 3, -2]",121,9,1.0,best_second,wc96be14,7.610357618312838,7.934871565945177,8.478660241699455,7,7,0,1,1,2,3.0
910,"[[9, 2], [], [1, 7], [4, 5], [5], [], [], [], [], [8, 10], []]","[None, -3, 2, 1, -3, -4, 2, 1, 1, 4, -3]",77,4,7.0,best_third,wc96be14,7.5416830998821105,7.390798521735676,8.161945799468691,5,5,0,1,1,2,4.0
911,"[[], [2], [], [], [1, 2], [9, 10], [], [], [], [3, 7], [6, 8]]","[4, 4, 2, 2, -2, None, 0, 1, -3, 0, -2]",175,4,1.0,best_second,wc96be14,7.80994708647679,6.778784897685177,8.114623886420098,2,2,0,1,1,2,3.0
912,"[[10], [], [0, 10], [], [6, 5], [], [], [], [4, 9], [7, 1], []]","[-2, 3, -2, 3, -1, 1, -3, -1, None, 2, 4]",13,6,1.0,best_second,wc96be14,7.2950564164626295,5.991464547107982,7.534762657037537,5,1,4,0,1,2,4.0
913,"[[9, 7], [], [], [], [6], [], [], [3, 8], [], [5, 1], [4, 6]]","[None, 0, 1, -2, 4, 2, 0, -2, 0, -3, -3]",83,2,3.0,best_third,wc96be14,8.947676062499688,7.200424892944957,9.10819689830748,-1,-1,0,1,1,2,2.0
914,"[[6, 10], [], [], [2, 1], [3, 8], [], [10], [], [7, 5], [], []]","[-2, 2, 1, 3, None, -2, 1, 2, 1, 1, 4]",193,3,1.0,best_second,wc96be14,8.388905171114706,7.309212365692763,8.681181041521688,5,5,0,1,1,2,4.0
915,"[[10, 5], [], [], [4, 9], [9], [1, 7], [], [], [], [], [8, 6]]","[None, -1, -1, 4, -3, 0, 1, 1, -1, -1, 1]",337,2,0.0,best_third,wc96be14,7.803843303538773,7.3938782901077555,8.312626025674964,2,2,0,1,1,2,2.0
916,"[[], [], [3, 8], [], [7, 5], [], [2, 10], [5], [], [], [9, 1]]","[-1, 1, -2, -4, 3, 4, None, 2, -2, -3, -2]",93,4,3.0,best_third,wc96be14,8.27614021955846,7.32317071794347,8.6020856584342,-1,-1,0,1,1,2,2.0
917,"[[], [10], [6, 0], [1, 10], [], [7, 2], [], [8, 9], [], [], []]","[-2, 4, -2, -4, -3, None, -4, 1, -3, -1, 3]",303,4,2.0,best_second,wc96be14,8.846353043314329,7.466227556215481,9.070618428801044,0,0,0,1,1,2,2.0
918,"[[], [6, 2], [], [], [10, 7], [], [2], [], [5, 0], [4, 8], []]","[-2, -2, -2, 3, 3, 0, 1, -4, -3, None, -2]",363,4,7.0,best_second,wc96be14,7.905441649060286,7.943782692458625,8.617762246337934,1,1,0,1,1,2,2.0
920,"[[9], [], [8, 5], [], [0, 9], [7, 10], [], [], [6, 1], [], []]","[3, -4, None, -1, 2, 0, -3, -3, -4, 1, 4]",307,10,4.0,best_second,wc96be14,7.556950572012899,7.477604243197589,8.210939733379021,4,4,0,1,1,2,1.0
922,"[[], [5, 0], [], [], [10, 6], [0], [8, 9], [], [], [], [7, 3]]","[2, -3, -1, 4, None, -4, -4, 2, 4, -3, 2]",7,7,2.0,best_second,wc96be14,7.683403681053826,7.3702306418070815,8.23190824356418,6,6,0,1,1,2,7.0
923,"[[], [], [], [], [3, 0], [], [4, 7], [1, 2], [10, 5], [], [5]]","[1, -3, -2, -3, -4, 3, None, -3, 3, -2, -2]",373,3,5.0,best_min,wc96be14,8.75352933651643,6.845879875264049,8.891786635857315,-3,-3,0,1,1,2,1.0
927,"[[7, 8], [0, 9], [], [], [3], [4, 3], [], [], [], [10, 6], []]","[0, None, 3, 0, 1, -4, -1, -4, -3, 2, 0]",137,4,3.0,best_second,wc96be14,8.758255243232792,7.478734825567875,9.003562174748238,2,2,0,1,1,2,1.0
929,"[[], [], [0, 5], [4], [], [], [2, 7], [1, 9], [3, 4], [], []]","[1, 3, -4, 3, -3, -2, None, 0, 3, 4, 2]",269,6,4.0,best_second,wc96be14,8.00836557031292,7.951559331155251,8.67334187390617,4,4,0,1,1,2,3.0
934,"[[], [], [1, 9], [6], [], [3, 6], [], [], [0, 4], [], [2, 8]]","[-2, -1, 3, -2, 4, 4, 1, 0, 0, 0, None]",211,3,3.0,best_min,wc96be14,8.126222529458525,6.814542897259958,8.364508103750588,4,3,1,0,0,2,6.0
937,"[[4, 3], [], [], [10, 5], [9, 2], [], [8, 7], [], [7], [], []]","[None, -4, 3, -2, 2, 1, -3, 0, -3, 2, 2]",71,4,1.0,best_second,wc96be14,8.185628891147607,7.4067107301776405,8.563122123304638,5,4,1,0,1,2,1.0
938,"[[1, 6], [], [], [0, 10], [], [8, 4], [], [], [4], [], [2, 9]]","[-4, -4, -4, None, -2, 1, -1, 1, 4, 4, 2]",231,11,2.0,best_second,wc96be14,7.609862200913555,7.693937325509271,8.345692873253865,6,6,0,1,1,2,3.0
941,"[[1, 2], [], [], [], [7, 3], [], [8, 5], [3], [], [], [6, 0]]","[1, 2, -1, 1, 2, -4, -4, 2, 0, -1, None]",115,7,2.0,best_second,wc96be14,7.640603826393635,7.156176637480615,8.12029131396856,3,3,0,1,1,2,4.0
942,"[[], [], [], [], [], [4], [], [9, 8], [2, 6], [3, 1], [5, 4]]","[1, 3, 2, -2, 0, -3, -2, None, -4, 4, 2]",335,9,1.0,best_second,wc96be14,7.594884387216519,7.231287004327615,8.122371243406553,7,7,0,1,1,2,4.0
944,"[[], [8, 2], [5, 0], [], [6, 10], [], [10], [], [3, 7], [], []]","[1, None, 1, 0, 4, -2, -1, -3, -4, 4, 0]",215,6,0.0,best_second,wc96be14,8.731174900938061,7.240649694255466,8.934191535338075,2,2,0,1,1,2,3.0
945,"[[2, 3], [], [10, 1], [9, 7], [], [4], [5, 4], [], [], [], []]","[None, -4, 1, -3, 4, 1, 3, 3, 0, -3, 1]",23,5,5.0,best_third,wc96be14,8.239593454305968,6.359573868672378,8.381373468273702,2,2,0,1,1,2,6.0
946,"[[10, 9], [5, 6], [0, 8], [], [], [6], [], [], [4, 7], [], []]","[2, 2, None, 4, -4, -4, -3, -3, -4, 1, 4]",221,10,1.0,best_second,wc96be14,7.76259604854007,7.333676395657684,8.263848131368906,6,6,0,1,1,2,1.0
947,"[[], [], [], [0, 2], [10], [], [4, 10], [9, 5], [3, 7], [], []]","[4, -4, -1, 4, -3, 0, 3, -4, None, 2, 4]",219,9,5.0,best_second,wc96be14,7.707062655370473,6.966967138613983,8.096817470572319,8,8,0,1,1,2,2.0
949,"[[], [], [6, 9], [10], [3, 10], [], [7, 8], [], [], [0, 5], []]","[4, -3, None, 3, 1, -3, -3, -4, 0, 4, 1]",383,11,7.0,best_second,wc96be14,7.491087593534876,7.319202458767849,8.101677747454572,8,8,0,1,1,2,4.0
950,"[[1, 9], [9], [4, 6], [8, 2], [], [], [], [], [7, 5], [], []]","[4, -2, -2, None, 1, -4, 2, -3, 1, 0, -3]",257,2,4.0,best_second,wc96be14,9.651751606857816,7.463363045520021,9.757941413904788,0,0,0,1,1,2,1.0
951,"[[], [8, 7], [10, 0], [], [3], [], [1, 2], [], [], [4, 3], []]","[2, 4, 2, 3, -4, -1, None, -2, 1, -4, 1]",49,2,6.0,best_min,wc96be14,7.556427969440253,7.642524134232902,8.293299358711323,5,5,0,1,1,2,1.0
952,"[[10, 6], [], [], [4, 0], [7, 1], [2], [], [], [], [5, 2], []]","[2, 0, 3, None, -4, 1, -2, 2, -2, 3, 3]",105,7,4.0,best_second,wc96be14,7.349230824613334,7.876258882303226,8.339978571990427,5,5,0,1,1,2,2.0
953,"[[10, 8], [6, 4], [], [], [], [2, 3], [], [1, 5], [], [], [8]]","[-4, 1, 3, -1, 3, -3, 4, None, -2, -2, 3]",143,5,2.0,best_second,wc96be14,8.014004994779457,7.401231264413014,8.446770727119691,5,4,1,0,1,2,4.0
954,"[[7, 8], [2], [], [5, 0], [], [9, 4], [1, 2], [], [], [], []]","[-3, -2, -3, None, 2, 4, -3, -4, 1, -4, -3]",213,9,2.0,best_second,wc96be14,8.000014093678072,7.544332108053688,8.490849216076636,6,6,0,1,1,2,5.0
957,"[[7, 3], [], [4, 5], [6, 8], [5], [], [], [9, 1], [], [], []]","[None, 2, 1, 0, -4, 4, 3, -3, -3, 4, -1]",387,4,3.0,best_min,wc96be14,8.29853954537488,7.459338895220295,8.657476736863293,3,3,0,1,1,2,2.0
962,"[[], [], [], [], [0, 5], [], [7], [], [6, 7], [1, 3], [4, 9]]","[-2, 0, -3, 3, 4, -3, 0, 0, 0, 0, None]",313,2,7.0,best_min,wc96be14,8.425516402844334,7.57353126274595,8.780633799494984,3,2,1,0,0,2,3.0
963,"[[], [4, 0], [], [], [0], [], [], [9, 10], [], [6, 5], [8, 2]]","[3, 3, 4, -2, -4, -3, 1, None, 1, 0, -2]",11,3,3.0,best_third,wc96be14,7.980707820869669,7.195937226475569,8.356319965828153,2,1,1,0,0,2,3.0
967,"[[10, 6], [], [], [], [5, 0], [3, 1], [], [8, 2], [2], [], []]","[-4, -2, -1, -3, None, -3, -3, 1, -3, 0, 0]",351,2,1.0,best_min,w2ab44bd,9.66529381317554,9.016876974763383,10.085850775128717,-4,-6,2,0,0,2,3.0
968,"[[], [], [], [9, 2], [1], [], [3, 10], [4, 1], [], [], [5, 0]]","[-1, 0, -3, 3, 4, -2, None, -4, 0, 4, -3]",75,10,6.0,best_second,w2ab44bd,9.031333316150057,8.207946941048617,9.395158808968723,7,7,0,1,1,2,1.0
969,"[[], [5, 10], [7, 1], [], [], [], [9, 8], [4, 0], [], [8], []]","[-1, -4, None, 3, 4, -4, -2, 2, 3, -3, -1]",141,10,3.0,best_second,w2ab44bd,9.126197603863755,7.9976631270201,9.40640045488065,6,6,0,1,1,2,3.0
972,"[[7, 9], [2], [], [], [], [1, 2], [], [6, 3], [], [8, 10], []]","[None, 1, -1, -3, 2, -1, -4, -2, 0, 2, 1]",177,6,1.0,best_second,w2ab44bd,8.893160828735379,8.873748128154393,9.57657943358351,3,3,0,1,1,2,1.0
973,"[[], [5, 10], [], [8, 9], [], [4, 6], [], [], [9], [], [0, 7]]","[0, None, 1, 4, -3, -3, -1, 4, -4, 4, -2]",101,6,6.0,best_second,w2ab44bd,9.338997404184443,8.296297112642506,9.64088826045181,2,2,0,1,1,2,2.0
975,"[[], [5, 9], [], [1, 7], [], [], [10, 0], [2, 4], [], [], [0]]","[2, 1, -3, None, -4, 4, -3, -4, -4, -4, 1]",45,11,5.0,best_second,w2ab44bd,8.814181823188317,7.2485040723706105,9.00380808646717,5,5,0,1,1,2,1.0
976,"[[], [3], [8, 0], [], [], [], [1, 3], [9, 2], [], [4, 5], []]","[1, -1, -3, 3, -1, 4, -3, None, -4, 4, 4]",183,10,0.0,best_second,w2ab44bd,8.804775258867686,7.658227526161352,9.080573313917117,8,8,0,1,1,2,5.0
977,"[[8, 1], [4, 6], [], [5, 10], [], [10], [], [], [7, 2], [], []]","[None, 1, 4, 4, -3, 4, -4, -1, 0, -3, -2]",21,6,4.0,best_second,w2ab44bd,9.40878131065002,8.470939806898775,9.73908449624452,4,4,0,1,1,2,1.0
978,"[[], [3, 4], [], [8, 10], [6, 0], [7], [], [], [], [5, 7], []]","[-1, None, 2, -1, 3, -2, -2, 3, 4, -1, 1]",129,2,2.0,best_min,w2ab44bd,9.419790596158391,8.2482674474469,9.689675328650802,3,3,0,1,1,2,1.0
981,"[[9, 1], [7, 4], [], [8, 6], [], [], [], [], [6], [2, 5], []]","[None, 4, -2, -2, -1, 0, 2, -3, 1, 4, 4]",89,2,4.0,best_third,w2ab44bd,9.660778845727078,8.047509510981422,9.842409703027538,4,4,0,1,1,2,2.0
982,"[[7, 5], [8], [10, 0], [], [], [], [], [], [], [1, 8], [6, 3]]","[-3, 2, None, -3, 2, -3, 4, -1, 1, 3, 4]",291,11,7.0,best_second,w2ab44bd,9.219201000408379,7.303843225277704,9.356516482133785,8,8,0,1,1,2,2.0
983,"[[10, 9], [4, 0], [], [], [7, 2], [3], [5, 3], [], [], [], []]","[-2, None, 0, 3, 1, -3, 0, 4, -2, 4, 2]",111,4,1.0,best_third,w2ab44bd,8.643473357326567,7.220373836723949,8.859221393608133,5,5,0,1,1,2,2.0
984,"[[], [9, 7], [], [10, 5], [], [], [], [4, 6], [], [8, 2], [5]]","[-4, None, -3, 4, -3, -3, 3, 3, 2, 2, 1]",7,5,0.0,best_third,w2ab44bd,9.25339986143663,8.129764445794171,9.534812320874815,6,6,0,1,1,2,5.0
987,"[[], [], [7, 6], [10, 2], [8, 1], [], [], [], [1], [], [5, 0]]","[-4, 0, -2, None, -1, -3, -1, -2, -2, 1, -2]",33,2,1.0,best_second,w2ab44bd,9.983361015119291,8.54907938027856,10.197052288146065,-3,-3,0,1,1,2,1.0
990,"[[6], [], [4, 8], [], [], [2, 7], [], [9, 1], [], [], [0, 6]]","[3, -2, -1, 2, 4, None, -4, 2, -3, -1, 4]",273,4,4.0,best_min,w2ab44bd,9.470548467427209,7.978310969867722,9.673319386284954,3,1,2,0,0,2,7.0
991,"[[], [10, 2], [6, 7], [], [8], [], [], [], [], [4, 8], [5, 0]]","[-3, None, 1, 0, -2, 2, 4, 0, 1, -2, 0]",207,5,1.0,best_third,w2ab44bd,9.61025678115393,7.707512194600341,9.749228533507058,5,5,0,1,1,2,5.0
992,"[[], [], [4, 8], [9, 7], [8], [], [], [1, 5], [], [10, 6], []]","[-4, -4, -1, None, -2, -1, -4, -4, 4, 2, 2]",341,9,6.0,best_second,w2ab44bd,8.843470781627381,6.962243464266207,8.9851948179913,4,4,0,1,1,2,3.0
993,"[[3, 7], [9, 8], [], [7], [], [], [1, 10], [], [], [], [4, 5]]","[-2, -2, -1, 1, -4, -2, None, 0, 3, -2, -4]",43,7,5.0,best_second,w2ab44bd,8.729073550451737,8.138564737261632,9.169830828637973,1,1,0,1,1,2,2.0
994,"[[5, 6], [4, 8], [1, 0], [], [], [], [], [10, 3], [], [], [3]]","[-4, 2, None, 2, 4, -4, -1, 1, -1, -2, -3]",193,10,3.0,best_second,w2ab44bd,8.367764677924308,7.472500744737558,8.710124927322207,6,6,0,1,1,2,3.0
996,"[[4, 1], [], [], [0, 9], [], [], [], [10, 8], [], [5, 2], [8]]","[0, -3, -1, None, 4, -3, -1, 1, -3, -4, -3]",293,9,3.0,best_second,w2ab44bd,8.584103896698865,7.809135398120539,8.962904128092928,4,4,0,1,1,2,2.0
999,"[[], [3, 9], [], [0, 2], [], [], [], [], [10, 4], [6, 7], [4]]","[0, None, -1, 4, 4, 4, -1, 4, -3, 3, 1]",377,4,5.0,best_min,w2ab44bd,9.28933637820268,7.028201432058004,9.388402871849753,7,4,3,0,0,2,5.0
1000,"[[8, 4], [], [1, 9], [7, 2], [], [], [], [5, 10], [4], [], []]","[-1, -1, 2, None, 3, 0, -1, 2, 3, 1, -2]",345,2,1.0,best_third,w2ab44bd,9.392578591964389,8.559677803022392,9.753536375772624,3,3,0,1,1,2,2.0
1001,"[[], [0], [6, 3], [], [10, 2], [1, 0], [], [], [], [], [8, 9]]","[-2, 0, 4, 3, None, -3, 4, 4, -3, -2, -4]",275,10,1.0,best_second,w2ab44bd,8.403800504061147,8.152774052744075,8.979164648964709,8,8,0,1,1,2,1.0
1002,"[[], [], [8], [6, 7], [5, 1], [], [], [], [], [3, 4], [2, 8]]","[-3, -2, 3, 1, -2, -4, -3, -1, 1, None, 1]",71,4,2.0,best_second,w2ab44bd,9.256842205627603,8.403128235128264,9.611529685221559,0,0,0,1,1,2,2.0
1004,"[[], [], [], [], [1, 3], [], [8, 2], [5], [], [7, 5], [4, 6]]","[2, 3, -2, -4, 3, 3, -3, 0, 0, 1, None]",187,9,7.0,best_second,w2ab44bd,8.852807917623322,7.134890851565885,9.017726025696795,6,6,0,1,1,2,2.0
1006,"[[], [], [5, 3], [], [], [3], [], [9, 8], [4, 1], [10, 0], []]","[-1, 3, 1, 1, -3, 0, -2, None, -4, 3, 1]",267,6,4.0,best_second,w2ab44bd,8.7937637591133,7.592366128519796,9.056606272034141,4,4,0,1,1,2,6.0
1008,"[[], [3, 4], [10], [0, 5], [7, 9], [], [], [], [2, 10], [], []]","[-2, None, -4, 4, -1, 4, -2, -2, -3, -4, 3]",105,10,0.0,best_second,w2ab44bd,8.974364841846594,7.763021309018518,9.234935418831563,8,8,0,1,1,2,2.0
1009,"[[7], [5, 10], [1, 3], [6, 4], [], [], [], [], [], [0, 7], []]","[-3, -4, None, 4, 4, 0, -3, 4, 3, -4, -2]",201,11,0.0,best_second,w2ab44bd,8.481151420068972,8.028781162487146,8.97335141383992,8,8,0,1,1,2,2.0
1010,"[[], [], [4, 5], [10, 1], [8, 9], [6, 0], [], [], [], [], [1]]","[-2, -3, None, 3, 1, 2, -4, 0, -2, -4, 4]",247,2,5.0,best_third,w2ab44bd,9.92378025580389,8.131236549696116,10.077776937632818,0,-1,1,0,0,2,2.0
1012,"[[], [5, 0], [8, 3], [], [], [0], [], [10, 4], [], [7, 2], []]","[-1, -4, 1, -4, -3, 4, -2, -1, -3, None, -4]",53,2,5.0,best_second,w2ab44bd,9.673319386284954,8.267448958304849,9.892527712299785,-2,-2,0,1,1,2,1.0
1013,"[[], [0, 7], [], [6, 9], [2], [3, 1], [], [], [], [], [4, 2]]","[-2, -2, 3, -3, 0, None, 2, 0, 3, 0, 1]",181,2,2.0,best_third,w2ab44bd,10.160529988855798,8.217708406845304,10.294414153523169,-1,-2,1,0,0,2,2.0
1014,"[[7], [], [], [6, 8], [0, 7], [], [], [], [], [3, 10], [2, 5]]","[1, 0, -4, -2, -4, 3, -2, -2, -3, None, 4]",361,10,1.0,best_second,w2ab44bd,8.512180649592693,8.263848131368906,9.088737550216933,7,7,0,1,1,2,1.0
1015,"[[], [4, 8], [10], [0, 5], [], [], [2, 10], [], [], [1, 3], []]","[-1, -2, -3, 2, 2, -4, 3, 0, 1, None, -3]",135,2,6.0,best_min,w2ab44bd,9.901485549865454,8.136518252115291,10.05946513399048,1,1,0,1,1,2,1.0
1016,"[[5, 2], [3, 9], [], [], [], [2], [1, 8], [], [7, 4], [], []]","[4, 2, -3, 3, -1, 4, None, -3, -2, 0, -4]",59,7,2.0,best_second,w2ab44bd,8.81045964216192,6.804614520062623,8.936561204693394,5,5,0,1,1,2,2.0
1018,"[[7, 2], [4], [], [], [], [9, 0], [], [], [], [6, 3], [1, 4]]","[-3, 2, 0, 4, 4, None, 0, -4, -2, 4, 1]",265,10,0.0,best_second,w2ab44bd,8.035278911144667,7.829232537543593,8.630521876723241,8,8,0,1,1,2,4.0
1019,"[[8, 9], [7, 2], [], [6, 10], [3, 1], [], [], [], [9], [], []]","[-3, -3, 3, 1, None, -4, 4, 1, 1, -3, -2]",225,6,3.0,best_third,w2ab44bd,8.397057390176256,6.703188113240862,8.565602330623925,5,5,0,1,1,2,2.0
1020,"[[], [6, 2], [8, 4], [10, 0], [], [], [7, 5], [], [], [], [0]]","[1, None, 3, -4, -4, -2, -1, 2, 4, -3, -3]",87,8,7.0,best_third,w2ab44bd,8.3654396361887,6.635946555686647,8.528528701079983,7,7,0,1,1,2,4.0
1022,"[[], [10, 9], [], [2], [8, 0], [3, 2], [], [1, 4], [], [], []]","[4, -1, 4, 4, 3, -1, 3, None, 3, 2, 0]",153,5,1.0,best_second,w2ab44bd,8.558143177745192,8.645938147306799,9.296059247378722,7,7,0,1,1,2,2.0
1026,"[[7, 8], [], [], [], [9, 0], [3], [5, 3], [], [], [2, 10], []]","[3, 4, -3, -3, None, -3, 1, 3, -2, -3, -1]",39,9,5.0,best_second,w2ab44bd,8.428580533059634,7.3938782901077555,8.732465848349879,6,6,0,1,1,2,2.0
1030,"[[], [7, 3], [10, 8], [], [], [9, 2], [], [3], [], [4, 0], []]","[0, 0, 4, -1, 4, None, 4, 3, -1, 1, -2]",175,3,1.0,best_min,w2ab44bd,8.679822114864455,7.0130157896396295,8.852664927703866,5,5,0,1,1,2,1.0
1032,"[[7], [], [0, 7], [], [5, 3], [], [], [], [], [10, 4], [1, 6]]","[1, -2, -4, -4, -1, -2, 4, 0, 3, None, 4]",133,10,0.0,best_second,w2ab44bd,8.105307515505151,7.773173680482535,8.645938147306799,8,8,0,1,1,2,2.0
1034,"[[], [4], [], [], [], [1, 4], [10, 7], [2, 0], [], [], [9, 3]]","[3, 1, 0, 1, 0, -3, None, 3, 3, 2, 3]",67,2,0.0,best_min,w2ab44bd,9.25874951118387,8.272315147956022,9.575608290332934,6,6,0,1,1,2,1.0
1035,"[[6], [3, 5], [], [2, 10], [], [9, 4], [], [], [0, 6], [], []]","[-1, None, 0, 2, 1, 2, -4, 0, 3, -1, -2]",229,2,1.0,best_third,w2ab44bd,9.732936451341088,8.131824785007195,9.916601191681512,3,3,0,1,1,2,2.0
1037,"[[8, 4], [5, 7], [], [], [], [9, 2], [], [6, 3], [4], [], []]","[-2, None, 3, 4, 4, 4, -4, -2, -4, -3, 1]",217,8,1.0,best_third,w2ab44bd,8.57941653459637,7.976595409316577,9.015784277513886,7,7,0,1,1,2,8.0
1038,"[[], [], [1], [0, 5], [], [], [], [6, 10], [2, 1], [7, 3], []]","[-4, 3, -2, -3, -2, 1, -1, 4, 3, None, 4]",27,10,0.0,best_second,w2ab44bd,8.490233009833455,7.195187320178708,8.73214326770192,8,8,0,1,1,2,5.0
1039,"[[], [2, 6], [], [10, 9], [], [], [], [4, 0], [1, 7], [], [9]]","[2, -3, -3, -2, -4, 4, -2, 3, None, -3, -3]",123,9,1.0,best_second,w2ab44bd,8.751474487140902,7.89655270164304,9.105757331783742,5,5,0,1,1,2,1.0
1042,"[[], [], [], [0], [], [], [8, 10], [], [7, 1], [3, 0], [2, 5]]","[3, 4, -4, 4, -2, -2, None, -3, 2, -3, -4]",359,11,2.0,best_second,w2ab44bd,8.345217926676426,7.776954403322441,8.793915423631677,6,6,0,1,1,2,2.0
1044,"[[3, 4], [], [1], [], [], [9, 8], [], [5, 0], [], [], [2, 1]]","[-3, 3, 1, 3, 2, -3, 1, None, 0, -2, 2]",317,3,5.0,best_second,w2ab44bd,9.799903236279558,8.262558973010657,9.994561499435498,0,0,0,1,1,2,2.0
1045,"[[3, 2], [], [5, 4], [9, 1], [], [], [], [], [10, 7], [], [7]]","[None, -3, 1, -4, -4, -3, 3, 0, -2, -1, -4]",195,3,5.0,best_second,w2ab44bd,9.700636704489682,8.584477938221834,9.983914801648742,-2,-2,0,1,1,2,2.0
1046,"[[2, 4], [], [], [], [], [], [7], [], [6, 7], [0, 10], [1, 5]]","[3, -1, -1, 3, -3, 2, 1, -2, -1, None, 2]",199,3,0.0,best_third,w2ab44bd,9.273972232220956,8.03398273468322,9.52806656577634,4,4,0,1,1,2,2.0
1048,"[[], [7, 0], [3, 5], [5], [], [], [10, 1], [], [], [], [8, 9]]","[-4, -3, 1, 0, 1, -2, None, -2, 4, -1, 4]",329,11,5.0,best_second,w2ab44bd,8.51959031601596,6.96979066990159,8.711937268208748,8,8,0,1,1,2,2.0
1049,"[[3, 5], [4, 6], [8, 9], [], [6], [], [], [], [], [], [0, 2]]","[1, 0, -4, 1, -2, -2, 4, -3, 1, 2, None]",151,4,3.0,best_second,w2ab44bd,9.262078567380597,7.366445148327599,9.40195197567723,2,2,0,1,1,2,1.0
1051,"[[10, 8], [], [3, 5], [], [2, 0], [], [9, 7], [], [], [7], []]","[0, 3, -2, 3, None, 1, -2, 0, -2, -2, -3]",73,3,3.0,best_second,w2ab44bd,9.330431852234002,7.220373836723949,9.444779883032243,1,1,0,1,1,2,1.0
1052,"[[6, 5], [], [9], [0, 4], [10, 1], [], [], [], [2, 9], [], []]","[-3, -2, -4, None, -3, -1, 0, -3, 4, 2, 1]",299,2,1.0,best_min,w2ab44bd,9.647239545573877,7.2115567333138015,9.731096524419081,-2,-2,0,1,1,2,1.0
1054,"[[], [], [], [0, 4], [], [7, 1], [], [], [10, 6], [3, 5], [6]]","[-4, -3, 0, -4, -2, 2, -3, 4, 4, None, 3]",393,11,5.0,best_second,w2ab44bd,8.662850763838602,7.21081845347222,8.873047798971067,6,6,0,1,1,2,2.0
1055,"[[], [], [3, 0], [0], [9, 7], [], [], [6, 1], [], [8, 5], []]","[-4, 0, -4, 4, None, 2, -4, -2, 3, 3, 2]",55,7,1.0,best_second,w2ab44bd,8.736489351001554,6.664409020350408,8.854950316500325,6,6,0,1,1,2,4.0
1056,"[[], [8, 10], [3, 1], [7, 6], [5], [], [], [], [], [4, 5], []]","[-2, 2, None, 1, 2, 2, 0, -1, -3, -4, -4]",353,2,1.0,best_second,w2ab44bd,9.769327390849192,8.51418868239594,10.020069867615993,1,1,0,1,1,2,1.0
1058,"[[2, 3], [], [], [], [], [1, 6], [], [4], [7, 4], [], [0, 5]]","[3, -1, 3, -2, -4, -4, -4, 0, 4, 1, None]",37,10,5.0,best_second,w2ab44bd,8.439663988906998,7.166265974133638,8.686260632531777,6,6,0,1,1,2,3.0
1063,"[[9, 4], [3], [6, 10], [], [], [1, 3], [], [], [0, 2], [], []]","[2, -2, 1, -1, -3, -2, 2, 4, None, -2, -3]",319,4,4.0,best_min,w2ab44bd,8.999248901686114,7.451241684987676,9.191972714617998,3,3,0,1,1,2,1.0
1064,"[[], [0, 3], [], [], [8], [], [7, 1], [9, 5], [], [], [4, 8]]","[2, 4, -3, -2, 4, 1, None, -4, 2, -1, 3]",167,8,6.0,best_second,w2ab44bd,9.154510487015513,7.491645473605133,9.328034514792826,6,6,0,1,1,2,2.0
1066,"[[10, 9], [], [], [], [5, 1], [], [3], [4, 0], [6, 3], [], []]","[4, -2, 3, 4, -4, -1, -3, None, 0, 4, 1]",117,10,0.0,best_second,w2ab44bd,8.718172930028725,7.848543482456679,9.06808532439531,8,8,0,1,1,2,1.0
1069,"[[], [7, 5], [], [], [], [], [8, 10], [5], [0, 2], [], [3, 4]]","[2, -4, 4, 4, -3, 0, None, 1, 2, -2, -4]",189,7,2.0,best_second,w2ab44bd,8.991562278171614,7.272398392570047,9.156306483483696,6,6,0,1,1,2,7.0
1070,"[[], [], [10, 6], [], [], [], [9, 5], [8, 3], [3], [], [1, 0]]","[2, 0, None, -3, 1, 0, -4, -1, 3, -2, 4]",51,8,2.0,best_second,w2ab44bd,8.965462328515967,7.821643126239982,9.241935933565934,6,6,0,1,1,2,2.0
1071,"[[6, 4], [], [3, 7], [], [], [2, 10], [4], [], [], [], [9, 8]]","[3, -4, 4, 0, -2, None, 3, 4, -3, -4, -3]",371,11,0.0,best_second,w2ab44bd,8.132412674500905,7.421177528595394,8.531687637566689,8,8,0,1,1,2,1.0
1072,"[[8, 4], [], [], [], [7, 1], [], [5], [], [2, 3], [6, 5], []]","[None, -3, 4, -1, 0, 0, 0, -2, 0, 1, -3]",241,6,1.0,best_second,w2ab44bd,8.921457578947884,6.967909201801884,9.053920452704881,4,4,0,1,1,2,1.0
1075,"[[], [4, 9], [10, 1], [], [], [], [8, 0], [], [0], [], [5, 3]]","[0, 4, None, -4, 1, 1, -2, -4, 4, -4, 0]",155,6,8.0,best_third,w2ab44bd,9.346356175893627,6.75343791859778,9.418410893792872,5,5,0,1,1,2,5.0
1078,"[[], [], [], [], [], [1, 2], [8], [4, 3], [], [7, 5], [6, 8]]","[3, 1, 2, -2, 1, 2, 0, 4, 0, None, 3]",83,2,6.0,best_min,w2ab44bd,9.266058860732526,8.097426298597213,9.536617962187327,5,5,0,1,1,2,1.0
1079,"[[], [], [9, 8], [1, 0], [2, 3], [6, 7], [7], [], [], [], []]","[4, 3, 4, -1, None, 4, 2, 4, -3, 0, 2]",397,2,7.0,best_min,w2ab44bd,8.312871394342617,7.7279755421055585,8.75557997214314,4,4,0,1,1,2,1.0
1084,"[[], [], [9, 10], [], [], [7, 2], [0], [3, 1], [6, 0], [], []]","[4, 4, 1, -3, 3, None, 2, 3, 2, 0, 1]",115,6,1.0,best_min,w2ab44bd,9.155356063643424,7.819636302367591,9.38873757187798,7,7,0,1,1,2,1.0
1085,"[[1, 6], [], [], [10, 9], [], [], [], [5, 4], [7, 0], [], [9]]","[1, 4, -3, -2, -3, 1, -2, -3, None, 0, -3]",119,8,3.0,best_second,w2ab44bd,8.83477381421388,7.0967213784947605,8.996651979432727,5,5,0,1,1,2,4.0
1087,"[[], [2, 9], [7, 10], [], [3], [], [4, 3], [], [], [8, 0], []]","[1, None, -2, 1, 3, 1, 3, -2, 3, -4, 0]",233,2,5.0,best_third,w2ab44bd,9.03990785957464,7.168579897264035,9.182969175180052,-1,-1,0,1,1,2,2.0
1091,"[[], [7, 2], [], [5, 4], [], [], [], [2], [10, 6], [3, 8], []]","[-4, 3, -1, 1, -4, 3, -2, 2, -3, None, 2]",243,7,5.0,best_third,w2ab44bd,8.384804003370492,6.693323668269948,8.55371796609861,4,4,0,1,1,2,4.0
1092,"[[], [7, 0], [9], [8, 10], [2, 9], [], [1, 3], [], [], [], []]","[4, -4, -3, 1, -1, 2, None, -1, 4, 3, -2]",131,7,3.0,best_third,w2ab44bd,8.519390774959724,6.5337888379333435,8.647870515057853,5,5,0,1,1,2,5.0
1094,"[[], [], [0, 1], [], [], [6], [], [5, 6], [9, 2], [10, 4], []]","[-3, 4, 4, 0, -2, -2, 0, 4, None, -4, 0]",327,11,0.0,best_second,w2ab44bd,8.515992470839718,7.640123172695364,8.86403999703599,8,8,0,1,1,2,2.0
1095,"[[9, 3], [], [], [], [8, 1], [2, 10], [0, 5], [], [1], [], []]","[0, -3, 1, 2, -2, 0, None, -2, 1, 0, -1]",113,2,2.0,best_third,w2ab44bd,8.861066543517762,7.554858521040675,9.10063710688422,2,2,0,1,1,2,2.0
1096,"[[8], [], [], [0, 8], [], [], [7, 10], [1, 2], [], [], [9, 4]]","[-1, -3, 1, -3, -3, 4, None, -1, 2, 2, 4]",323,7,7.0,best_second,w2ab44bd,9.037176752966992,6.637258031284457,9.123910643977794,6,6,0,1,1,2,4.0
1099,"[[8], [], [], [0, 8], [], [], [], [10, 9], [], [6, 1], [5, 2]]","[-4, -4, 3, -3, -3, 1, 1, None, 4, -1, -4]",255,3,7.0,best_min,w2ab44bd,9.781884730776879,7.738488122494645,9.903687532538795,0,-1,1,0,0,2,5.0
1100,"[[], [], [6, 9], [4, 2], [5, 8], [], [], [1], [], [], [7, 1]]","[-1, 3, -2, None, -2, -2, 4, -4, 3, -4, 1]",147,5,5.0,best_min,w2ab44bd,8.735525185733225,7.237778191923443,8.937218450855731,2,1,1,0,0,2,8.0
1101,"[[4, 8], [], [10], [], [1, 7], [], [2, 10], [], [5, 3], [], []]","[None, 2, 1, -2, 4, -4, -4, 0, -2, -1, 2]",335,8,4.0,best_second,w2ab44bd,8.791941988456118,7.0343879299155025,8.950921764797261,6,6,0,1,1,2,2.0
1103,"[[2, 8], [], [1, 6], [10, 7], [], [], [], [], [5, 9], [], [7]]","[None, 3, 0, -4, 0, 1, -3, 0, 1, 0, -2]",281,3,3.0,best_min,w2ab44bd,9.149846991547221,7.3613754289773485,9.304377013902567,3,3,0,1,1,2,1.0
1105,"[[], [0, 4], [], [], [], [1, 6], [10, 3], [9, 2], [], [2], []]","[1, -1, 2, 0, -4, None, 1, -2, 1, 2, -2]",57,3,3.0,best_third,w2ab44bd,9.113388845899733,7.9017475185201445,9.37390375584155,1,0,1,0,0,2,2.0
1111,"[[3, 9], [], [6, 7], [9], [], [], [], [], [1, 4], [], [8, 2]]","[-3, -2, 0, -3, -3, -3, -2, 4, -4, 1, None]",253,9,4.0,best_second,w2ab44bd,8.43771698991444,8.014335737299422,8.941283763647567,4,4,0,1,1,2,1.0
1112,"[[], [3, 8], [], [10, 0], [2], [], [], [4, 2], [9, 6], [], []]","[3, None, -3, -2, -4, -3, -2, -4, -4, -4, -2]",215,7,5.0,best_second,w2ab44bd,9.33600338997184,7.576097340623111,9.494691904331509,1,1,0,1,1,2,2.0
1113,"[[], [4, 2], [0, 6], [], [3, 10], [], [], [9, 5], [], [5], []]","[2, None, -4, -3, 4, -4, -4, 2, -3, 2, 4]",157,11,0.0,best_second,w2ab44bd,8.448700194970936,7.591861714889934,8.8023721336499,8,8,0,1,1,2,6.0
1116,"[[8], [], [9, 5], [], [], [1, 4], [], [0, 8], [], [6, 10], []]","[-4, 2, None, 4, -1, 4, 3, -1, 0, -4, -4]",63,8,5.0,best_second,w2ab44bd,8.870803443982124,7.1808311990445555,9.040026434306505,6,6,0,1,1,2,7.0
1121,"[[], [], [6, 7], [9, 10], [], [], [4, 1], [0, 5], [], [10], []]","[2, -2, None, 1, -4, 3, -2, -1, -4, -2, 1]",227,5,4.0,best_second,w2ab44bd,8.909505512946101,7.142827401161621,9.067162602299854,2,1,1,0,1,2,2.0
1122,"[[], [3], [1, 3], [], [10, 9], [], [], [], [], [7, 6], [5, 8]]","[3, -2, 2, 2, None, 3, -2, 0, -4, -2, 4]",97,9,8.0,best_second,w2ab44bd,7.962067308753667,6.380122536899766,8.148734808937169,7,7,0,1,1,2,2.0
1124,"[[2, 8], [], [8], [], [1, 10], [], [7, 4], [9, 5], [], [], []]","[4, -1, 3, 4, 4, -1, None, 3, -3, -2, 3]",91,5,1.0,best_second,w2ab44bd,8.815666824946216,7.9291264873067995,9.16062477973025,7,7,0,1,1,2,1.0
1125,"[[9, 7], [], [], [], [6, 2], [1, 3], [2], [], [], [], [5, 0]]","[-4, -3, 3, -2, 2, -3, 3, -3, -2, 0, None]",375,2,1.0,best_min,w2ab44bd,10.033638237001172,7.425953657077541,10.104712639749314,-4,-5,1,0,0,2,3.0
1127,"[[10], [9, 2], [], [6, 7], [3, 1], [0, 10], [], [], [], [], []]","[-2, 4, -3, 3, None, 2, -3, 0, -3, -2, -4]",19,2,3.0,best_min,w2ab44bd,9.21562637640542,7.356918242356021,9.360396968182862,3,3,0,1,1,2,1.0
1128,"[[], [8, 4], [9, 3], [], [0, 7], [], [], [], [5, 6], [3], []]","[0, None, -3, 0, 2, 4, 3, -1, -4, 3, 2]",15,2,7.0,best_second,w2ab44bd,9.411565459189369,7.82803803212583,9.598184471326945,2,0,2,0,0,2,1.0
1130,"[[], [], [8, 0], [6, 5], [], [], [], [9, 4], [], [4], [2, 3]]","[-4, 4, -2, 2, 4, 2, -2, 4, -1, 4, None]",17,7,0.0,best_second,w2ab44bd,8.737773460327283,7.51425465281641,8.995536944936974,4,4,0,1,1,2,3.0
1135,"[[], [], [7, 5], [9], [], [1, 4], [], [6, 0], [3, 9], [], []]","[0, -2, None, 4, 2, -2, -1, 2, 1, 2, -3]",31,3,2.0,best_second,w2ab44bd,8.917310693197805,7.4360278163518485,9.12205545710861,2,2,0,1,1,2,4.0
1138,"[[2, 4], [3, 7], [], [7], [], [], [0, 9], [], [], [8, 5], []]","[-3, 0, 2, -2, 1, 4, None, -3, -1, 4, 2]",13,8,0.0,best_second,w2ab44bd,8.094378444972959,7.721348612617949,8.618123909994678,8,8,0,1,1,2,1.0
1140,"[[8, 5], [], [7, 9], [2, 10], [], [], [], [], [5], [], [1, 4]]","[2, 0, -2, None, -3, 2, 1, 2, 1, 3, -3]",179,4,5.0,best_second,w2ab44bd,8.568076401730806,7.135687347028144,8.782015969721936,1,0,1,0,1,2,3.0
1145,"[[1, 3], [4, 9], [7, 6], [10, 5], [], [], [], [6], [], [], []]","[None, -1, -4, 4, -4, 2, -4, -2, 2, -3, -1]",337,8,2.0,best_second,w2ab44bd,8.584103896698865,7.4999765409521215,8.875287128108383,6,3,3,0,1,2,1.0
1148,"[[5, 10], [], [1, 8], [], [9, 6], [], [], [2, 0], [], [6], []]","[4, 2, -4, -1, -2, 4, -3, None, 0, -4, -4]",69,10,8.0,best_second,w2ab44bd,8.224431573221157,6.695798917058491,8.420462002456466,8,8,0,1,1,2,2.0
1149,"[[], [], [], [10], [5, 6], [], [], [4, 8], [2, 1], [3, 10], []]","[-2, 2, -4, 4, 4, 0, 4, None, -4, -2, 4]",305,10,0.0,best_second,w2ab44bd,8.19229373114764,6.946975992135418,8.445052513638554,8,8,0,1,1,2,6.0
1153,"[[], [2], [], [], [], [], [], [1, 2], [3, 5], [8, 10], [6, 4]]","[4, -2, -3, 1, 2, -4, -1, 3, -3, None, 4]",219,8,2.0,best_second,w2ab44bd,8.550627967502475,8.066207568006263,9.03049574505712,6,6,0,1,1,2,5.0
1154,"[[], [2], [], [], [], [10, 3], [1, 2], [4, 8], [], [7, 5], []]","[4, -3, 2, -1, 1, -4, 3, 1, -1, None, -3]",277,6,2.0,best_second,w2ab44bd,8.611229833342621,6.507277712385012,8.726156679156613,2,2,0,1,1,2,2.0
1159,"[[], [9, 3], [], [], [], [], [7, 0], [], [5, 4], [3], [6, 8]]","[0, 0, 1, -1, -2, 3, -3, -4, 3, -3, None]",125,9,5.0,best_second,w2ab44bd,8.504918160540626,6.980075940561763,8.70167907103957,6,6,0,1,1,2,4.0
1160,"[[8, 3], [], [], [4, 5], [], [], [], [1], [2, 6], [], [7, 1]]","[None, 2, -2, -3, 4, -4, -1, 4, -1, -4, 2]",315,5,1.0,best_min,w2ab44bd,9.523397750759191,7.6251071482389,9.662943486541751,1,1,0,1,1,2,1.0
1163,"[[10], [3, 2], [], [], [1, 8], [0, 10], [], [], [6, 7], [], []]","[-2, -2, 1, 3, None, -3, -2, 2, -4, 3, -1]",197,4,3.0,best_second,w2ab44bd,9.236884927198295,7.0130157896396295,9.339524830357007,1,1,0,1,1,2,4.0
1165,"[[3], [], [9, 5], [], [2, 7], [], [0, 3], [8, 1], [], [], []]","[4, 0, -4, 4, None, -4, 3, 0, -3, 3, -4]",311,4,0.0,best_third,w2ab44bd,9.24445190160495,8.347116361038719,9.586308009295324,0,0,0,1,1,2,7.0
1167,"[[], [], [], [7, 5], [6, 8], [2, 10], [8], [0, 1], [], [], []]","[-4, 4, -1, None, 1, -2, 4, 3, 1, -4, 0]",385,9,1.0,best_second,w2ab44bd,8.366602832783736,7.1098794630722715,8.616857514529183,7,7,0,1,1,2,1.0
1169,"[[], [], [9, 0], [7, 4], [], [], [], [], [5, 1], [0], [3, 8]]","[-1, -3, 4, 3, 4, 3, 2, -1, -4, -2, None]",325,9,1.0,best_second,w2ab44bd,8.697846691109495,7.288244401020124,8.916237731721479,7,7,0,1,1,2,6.0
1170,"[[], [], [], [9, 8], [], [], [], [10, 6], [2, 5], [0, 4], [6]]","[-2, -4, 1, None, -1, -4, 1, 1, -4, 4, 1]",25,6,5.0,best_second,w2ab44bd,9.060214913398545,8.452334619067742,9.494842393421333,3,3,0,1,1,2,5.0
1172,"[[5, 6], [], [], [], [9, 3], [6], [], [10, 4], [], [], [8, 1]]","[-2, 2, -3, -2, 4, 4, -1, None, 3, -4, 2]",79,3,0.0,best_second,w2ab44bd,9.05742226555147,7.724004656676065,9.291274989472182,5,4,1,0,1,2,2.0
1173,"[[], [2], [], [7, 9], [], [], [], [5, 0], [], [6, 4], [1, 2]]","[1, 3, -1, None, -3, 2, -2, 3, -4, -4, 1]",365,8,2.0,best_second,w2ab44bd,8.581669210600603,7.325148957955576,8.83200393125627,5,5,0,1,1,2,1.0
1174,"[[], [], [], [], [], [4, 3], [10, 1], [], [9, 5], [7, 0], [1]]","[3, 2, -2, -2, 3, 4, -3, 2, None, -2, -2]",23,6,6.0,best_second,w2ab44bd,8.50673873351238,6.580639137284949,8.64259160081057,7,7,0,1,1,2,1.0
1177,"[[2, 6], [], [3, 4], [], [], [], [7, 8], [], [], [10, 5], [5]]","[None, -4, -4, -4, -2, 1, 0, 4, -4, 0, -2]",303,10,4.0,best_second,w2ab44bd,8.587278798982926,7.175489713624222,8.805225202632307,4,4,0,1,1,2,2.0
1178,"[[], [], [], [8, 9], [], [], [10], [6, 10], [0, 4], [1, 2], []]","[4, 4, -3, None, -1, -1, 1, -2, 1, 4, -3]",369,6,7.0,best_third,w2ab44bd,8.23323750070527,7.605392364814934,8.660773919893762,8,8,0,1,1,2,5.0
1179,"[[], [], [0, 1], [], [3], [], [], [], [4, 3], [6, 7], [2, 9]]","[4, -4, 2, -4, 4, -1, -2, -3, 4, -4, None]",9,11,6.0,best_second,w2ab44bd,8.653994232908383,6.694562058521095,8.785692444451243,6,6,0,1,1,2,1.0
1183,"[[], [], [4], [], [], [6, 1], [], [], [0, 3], [2, 4], [5, 8]]","[4, -1, -4, 1, -1, -3, -3, 0, 3, 0, None]",77,9,2.0,best_second,w2ab44bd,8.353261499733874,7.084226422097916,8.600798775271034,7,7,0,1,1,2,2.0
1184,"[[], [], [], [], [5, 3], [3], [], [8, 10], [2, 9], [], [1, 0]]","[-4, -1, 4, 0, 2, 3, -4, None, 4, -4, -2]",171,11,8.0,best_second,w2ab44bd,7.807510042216193,6.809039306042979,8.120886021092838,8,8,0,1,1,2,3.0
1187,"[[], [10, 3], [5, 9], [], [], [], [7, 0], [], [2, 6], [], [3]]","[2, 3, -3, -4, -3, 3, -3, 1, None, 0, -3]",143,2,3.0,best_min,w2ab44bd,9.599540587618312,7.154615356913663,9.682653831508809,0,0,0,1,1,2,1.0
1189,"[[], [5, 6], [0], [2, 0], [], [], [], [], [7, 4], [], [1, 8]]","[3, -4, 2, -4, 4, -1, -2, 1, 4, 4, None]",5,10,0.0,best_second,w2ab44bd,8.241703159729818,7.757051142032014,8.721439305625983,8,8,0,1,1,2,1.0
1190,"[[], [4, 10], [], [], [3, 0], [7], [], [], [], [5, 7], [2, 6]]","[4, None, 1, -3, 4, 4, 0, -4, 2, 2, -1]",205,8,0.0,best_second,w2ab44bd,8.385032287813898,7.15851399732932,8.642062173462106,8,8,0,1,1,2,1.0
1192,"[[], [4], [7, 10], [1, 4], [], [9, 0], [2, 5], [], [], [], []]","[3, 3, -2, 3, 3, -1, None, -4, -1, 2, -2]",11,5,4.0,best_second,w2ab44bd,8.940498217652733,8.025189321890833,9.277157545013498,2,2,0,1,1,2,2.0
1193,"[[5, 7], [9, 2], [], [6, 8], [], [], [], [], [], [2], [3, 0]]","[0, -3, 0, -4, -4, 4, -4, -4, -2, -2, None]",99,10,4.0,best_second,w2ab44bd,8.726481196440007,7.0707241072602764,8.901094121608562,4,4,0,1,1,2,2.0
1195,"[[], [], [], [5, 0], [], [0], [1, 4], [], [10, 7], [8, 6], []]","[2, -4, 3, 0, -2, -1, 3, 4, -4, None, -1]",169,3,5.0,best_third,w2ab44bd,9.039433419997481,7.85748078694253,9.306831672164945,1,1,0,1,1,2,5.0
1201,"[[6, 2], [], [], [], [], [3, 1], [], [10], [5, 0], [7, 10], []]","[3, -1, 1, -3, -4, -3, 4, -2, None, -1, 2]",221,9,2.0,best_second,w2ab44bd,8.497806477616049,8.158229916959494,9.03539156951164,7,7,0,1,1,2,2.0
1204,"[[10, 9], [], [1], [], [8, 3], [], [2, 1], [4, 0], [], [], []]","[1, 0, -4, -2, -3, 4, 3, None, -4, -4, -2]",3,4,5.0,best_second,w2ab44bd,9.310276200588783,8.027802848370312,9.55499334068759,-1,-1,0,1,1,2,2.0
1205,"[[10, 3], [], [], [9, 7], [8, 6], [], [], [], [6], [], [2, 5]]","[None, -1, -1, 1, -1, 2, -4, 0, -1, 3, -4]",191,6,1.0,best_second,w2ab44bd,8.246958032568177,7.597396320212795,8.666991556504632,4,4,0,1,1,2,3.0
1210,"[[], [5, 2], [], [6, 4], [], [2], [], [], [], [3, 10], [0, 8]]","[-1, -2, -3, -2, 0, -1, -2, 4, -4, None, 1]",37,3,5.0,best_third,w7ffa36c,7.923710333969238,7.682943169878292,8.503499864284235,0,-3,3,0,1,2,2.0
1214,"[[], [7, 5], [], [], [], [0, 4], [], [2, 3], [], [10, 8], [8]]","[0, None, -4, 4, 1, -1, 0, 2, -3, -2, 3]",303,7,2.0,best_min,w7ffa36c,7.97349996402463,7.48941208350872,8.453401058328458,6,6,0,1,1,2,1.0
1217,"[[8, 1], [], [], [], [], [3, 10], [4], [6, 4], [], [5, 0], []]","[4, 2, 0, -4, -1, -2, 0, 4, -3, None, -2]",195,9,2.0,best_second,w7ffa36c,8.398860004454372,7.503289630675082,8.741136422901013,6,6,0,1,1,2,2.0
1220,"[[], [10, 5], [9, 4], [7, 6], [], [], [], [6], [2, 1], [], []]","[-3, -1, 4, -4, -2, -1, -3, -3, None, 4, 1]",227,8,6.0,best_second,w7ffa36c,7.932721027481949,8.057060681965766,8.689801056022553,8,8,0,1,1,2,2.0
1221,"[[8], [], [], [5, 4], [2, 6], [9, 1], [], [0, 8], [], [], []]","[0, 1, 3, None, -4, 0, 4, 0, 1, 3, -1]",225,3,1.0,best_second,w7ffa36c,7.92588031673756,7.167809184316444,8.309922989258318,3,3,0,1,1,2,1.0
1222,"[[4], [10, 8], [0, 4], [], [], [], [], [], [7, 3], [], [6, 5]]","[4, None, -2, -4, 0, -2, 3, 4, -4, 2, 4]",115,9,6.0,best_second,w7ffa36c,7.763446388727362,7.682021510826875,8.416488487294606,7,7,0,1,1,2,8.0
1227,"[[3, 8], [], [9, 1], [], [10, 7], [4, 0], [], [], [], [1], []]","[1, 2, -1, 4, 4, None, -2, -4, 0, 1, 4]",95,6,8.0,best_min,w7ffa36c,8.345217926676426,6.413458957167357,8.480321716640333,8,8,0,1,1,2,4.0
1229,"[[5, 1], [], [], [2, 9], [6, 8], [1], [], [], [], [], [3, 4]]","[3, 2, -2, 4, -1, 1, -2, -3, -4, 4, None]",31,10,0.0,best_second,w7ffa36c,8.320448113956559,7.99967857949945,8.865876285425417,8,8,0,1,1,2,2.0
1232,"[[], [], [1, 9], [5, 8], [], [8], [], [2, 10], [], [], [4, 6]]","[0, -4, -1, -3, -1, 1, 2, None, -2, -3, 4]",127,8,2.0,best_second,w7ffa36c,8.049107721326406,7.508787170634276,8.507950610049306,6,6,0,1,1,2,1.0
1233,"[[], [], [9], [], [], [], [5, 3], [4, 0], [2, 9], [], [6, 7]]","[-4, -3, -2, 4, -3, 0, 1, -3, -3, -1, None]",353,9,3.0,best_second,w7ffa36c,8.209580483475577,7.402451520818244,8.57828829077605,5,5,0,1,1,2,1.0
1238,"[[], [5, 2], [7, 0], [], [9, 3], [6, 10], [], [], [], [3], []]","[3, None, 4, 0, -4, -3, -3, 4, 2, -1, -1]",295,9,1.0,best_second,w7ffa36c,7.639642287858013,6.639875833826536,7.952615111650999,8,8,0,1,1,2,2.0
1239,"[[10, 4], [5, 7], [], [], [2, 6], [7], [], [], [], [], [9, 8]]","[None, 1, 3, -1, -1, -2, -4, 4, 1, -3, 3]",111,5,2.0,best_third,w7ffa36c,8.22389538017882,7.846589975291187,8.745921121024347,4,4,0,1,1,2,7.0
1240,"[[], [], [], [1], [], [], [2, 4], [8, 6], [10, 5], [3, 1], []]","[-1, -1, 2, -3, 0, 1, 0, None, -4, 1, -2]",7,5,0.0,best_second,w7ffa36c,8.817001443665859,7.122059881629142,8.985445287623167,2,2,0,1,1,2,3.0
1241,"[[2, 6], [], [6], [], [], [3, 10], [], [], [1, 7], [5, 8], []]","[-1, -2, -3, 4, -3, 1, -4, 3, -3, None, -2]",311,7,6.0,best_third,w7ffa36c,8.102889134640868,7.671826797878781,8.60337088765729,5,-5,10,0,0,2,6.0
1242,"[[10, 5], [], [3, 1], [], [], [], [8, 2], [], [9, 4], [], [5]]","[2, -3, -3, -4, 4, 1, None, -1, 2, -4, -4]",135,11,2.0,best_second,w7ffa36c,8.197814032221203,7.976595409316577,8.786303878282583,6,6,0,1,1,2,1.0
1244,"[[], [], [8, 9], [0, 1], [], [7, 4], [3, 2], [4], [], [], []]","[-1, 1, 1, 0, 2, 3, None, -4, -4, 3, -4]",203,5,2.0,best_min,w7ffa36c,7.742402021815782,7.98514393119862,8.564076777315087,4,4,0,1,1,2,2.0
1246,"[[], [], [], [], [], [2, 3], [7, 1], [1], [], [8, 0], [9, 5]]","[-1, 0, 1, 2, 3, 0, 4, 4, -4, 4, None]",259,2,5.0,best_min,w7ffa36c,7.808729306744399,9.041211408968211,9.29697667863573,3,3,0,1,1,2,1.0
1248,"[[5, 3], [8, 0], [], [], [9], [], [4, 9], [], [10, 7], [], []]","[3, None, 2, -3, -2, 4, 2, -4, -4, -2, 0]",331,11,0.0,best_second,w7ffa36c,8.704336438489404,8.081784206935001,9.133783249254027,7,-4,11,0,0,2,7.0
1250,"[[5, 9], [7, 0], [10, 4], [], [], [], [], [6, 3], [], [], [4]]","[4, None, 1, -1, 1, 3, -4, 0, -4, -2, -2]",249,8,6.0,best_second,w7ffa36c,8.272059622210412,6.968850378341948,8.512180649592693,7,7,0,1,1,2,3.0
1254,"[[], [], [], [4, 2], [2], [], [], [5, 6], [10, 0], [8, 7], []]","[-1, 2, 0, -4, 2, -1, 2, 2, 0, None, -3]",251,5,0.0,best_second,w7ffa36c,7.829232537543593,7.150701457592527,8.239329427901795,4,1,3,0,1,2,2.0
1255,"[[], [7, 6], [5], [2, 5], [], [], [], [], [10, 0], [1, 8], []]","[-2, 4, -3, -2, -3, -2, 3, -4, 1, None, 3]",187,6,1.0,best_third,w7ffa36c,8.103796712981794,7.827240901752812,8.668024081118821,7,7,0,1,1,2,5.0
1256,"[[], [8, 5], [6, 9], [], [], [], [4, 10], [], [5], [3, 7], []]","[3, 0, None, -1, 0, -1, 2, 1, -1, 2, -2]",105,2,1.0,best_third,w7ffa36c,8.632662441222353,7.571988449377439,8.929832503272403,3,3,0,1,1,2,2.0
1257,"[[], [3, 9], [], [10, 0], [], [], [4], [], [6, 4], [5, 7], []]","[-1, None, 1, -4, 3, 2, 4, 1, 3, 4, 1]",397,7,3.0,best_second,w7ffa36c,7.834788107388195,7.811568489345179,8.516192691082653,6,6,0,1,1,2,2.0
1258,"[[], [], [1, 10], [9], [5, 6], [], [], [2, 4], [3, 9], [], []]","[-1, 0, -4, -2, 3, 1, -4, None, -1, 1, -3]",305,8,7.0,best_second,w7ffa36c,8.125630988477063,7.167809184316444,8.450198322591959,4,4,0,1,1,2,3.0
1259,"[[], [7, 4], [3], [], [8, 9], [], [], [0, 6], [], [], [2, 3]]","[4, None, 0, 1, 4, 2, 0, 1, -2, -1, 3]",35,3,1.0,best_min,w7ffa36c,8.793308627496552,6.756932389247553,8.915835074176275,5,5,0,1,1,2,1.0
1260,"[[9, 7], [4, 8], [], [0, 6], [8], [], [10, 2], [], [], [], []]","[1, 2, -2, None, -1, -3, 3, -1, -2, 1, 2]",69,4,5.0,best_third,w7ffa36c,7.909856667269403,6.584791392385717,8.145259566516865,5,5,0,1,1,2,2.0
1261,"[[7], [], [], [1, 5], [8, 3], [], [0, 7], [], [9, 2], [], []]","[2, -1, -4, -3, None, -3, 4, -1, 2, -2, -3]",59,4,6.0,best_second,w7ffa36c,8.133293861222633,8.295049140435111,8.910450756416656,0,0,0,1,1,2,2.0
1263,"[[], [8, 7], [], [4], [], [], [], [6, 2], [0, 5], [3, 4], []]","[1, None, -2, -4, 0, 3, 3, 3, 2, -2, -3]",351,3,5.0,best_min,w7ffa36c,8.63141433550626,6.610696044717759,8.75573753930647,6,6,0,1,1,2,2.0
1265,"[[6, 2], [], [3, 8], [], [], [], [5, 4], [9], [], [], [7, 9]]","[None, -2, 3, -4, -4, 2, 0, 1, 0, -2, 1]",269,4,3.0,best_third,w7ffa36c,7.8050670442584895,7.942362237674335,8.569026340056254,3,3,0,1,1,2,6.0
1268,"[[], [], [9, 6], [], [1], [], [3, 5], [4, 1], [], [0, 8], []]","[-3, 4, None, -4, -2, 4, 4, 2, -4, -1, 2]",211,11,0.0,best_second,w7ffa36c,7.6362696033793735,7.656337166430183,8.339261982923576,8,8,0,1,1,2,1.0
1270,"[[8, 1], [9, 2], [], [7], [], [], [], [], [4, 5], [], [3, 7]]","[None, 4, 4, 0, -2, 2, -3, -4, -4, 1, -4]",177,9,0.0,best_second,w7ffa36c,7.761319180947988,7.455876687491824,8.313116702819254,8,8,0,1,1,2,4.0
1274,"[[6, 3], [], [], [], [7, 0], [10, 9], [], [1, 2], [], [], [9]]","[2, 2, 0, -2, None, 1, 3, -4, 4, -4, 4]",323,7,4.0,best_second,w7ffa36c,7.974188669286012,6.92461239604856,8.27410200229233,5,5,0,1,1,2,2.0
1275,"[[7], [0, 7], [5, 10], [4, 8], [], [], [], [], [], [3, 2], []]","[-3, 0, -4, 2, -4, 0, 1, -4, 4, None, -2]",65,10,2.0,best_second,w7ffa36c,8.38867776918081,7.198931240688173,8.654168646443315,6,6,0,1,1,2,2.0
1278,"[[], [], [10], [1, 9], [8, 3], [], [2, 10], [], [7, 5], [], []]","[0, 0, -4, -1, None, -1, 1, 3, 1, 2, 4]",341,4,2.0,best_third,w7ffa36c,8.187021067343503,6.760414691083428,8.40200678160712,4,4,0,1,1,2,2.0
1279,"[[], [], [], [], [5, 0], [0], [9, 7], [3, 1], [], [10, 2], []]","[1, -2, 2, 1, 4, 4, None, 4, -1, 1, 3]",289,2,6.0,best_min,w7ffa36c,7.786967002614872,8.074649075066652,8.634086942887738,5,5,0,1,1,2,1.0
1282,"[[], [7, 8], [5, 6], [10, 4], [], [], [], [], [], [1, 2], [4]]","[2, 3, -3, -4, 0, -4, -1, 3, 2, None, 1]",309,8,1.0,best_second,w7ffa36c,7.4181808227267885,7.10002716662926,7.9645033635515485,6,6,0,1,1,2,3.0
1284,"[[8, 5], [], [], [], [1, 9], [], [2], [6, 2], [], [], [0, 4]]","[-2, 3, -1, 3, -3, 3, -1, 2, 0, 2, None]",89,2,5.0,best_min,w7ffa36c,8.705165419719005,7.543273346705446,8.97727273946428,1,1,0,1,1,2,1.0
1286,"[[], [4, 9], [1, 8], [], [], [10, 0], [], [], [7, 3], [], [0]]","[-3, 4, None, 1, -3, 2, 2, -3, -4, 4, 3]",109,11,0.0,best_second,w7ffa36c,8.248529124800218,6.803505257608338,8.45998771764546,8,8,0,1,1,2,4.0
1288,"[[], [10, 6], [1, 5], [9, 4], [], [0, 8], [], [], [], [4], []]","[0, 1, None, -2, -1, -2, -1, 3, 4, 4, 4]",233,5,2.0,best_third,w7ffa36c,7.7102051944325325,7.344072850573066,8.236685322712457,5,5,0,1,1,2,4.0
1289,"[[], [], [3, 0], [], [], [], [8, 2], [], [4, 7], [1], [9, 1]]","[0, 3, 1, 4, 4, 2, None, -4, 4, 4, -1]",215,6,8.0,best_min,w7ffa36c,8.183118079394745,7.022868086082641,8.45553053102413,8,8,0,1,1,2,4.0
1290,"[[], [8, 0], [3, 6], [6], [], [], [], [], [], [7, 4], [1, 9]]","[4, -3, -4, -1, -3, 4, -3, 2, 0, -4, None]",103,5,7.0,best_third,w7ffa36c,9.185432736269998,6.673297967767653,9.263312256742289,1,1,0,1,1,2,5.0
1291,"[[], [7], [], [], [3, 2], [10, 4], [], [], [1, 7], [], [0, 6]]","[-4, 4, -4, 4, 2, None, -2, 0, -1, 3, -2]",131,10,6.0,best_second,w7ffa36c,7.7266536648476425,6.963189985870238,8.10892415597534,6,6,0,1,1,2,2.0
1292,"[[], [7, 9], [8], [], [2, 8], [], [], [0, 6], [], [5, 10], []]","[1, None, 1, 0, 2, 0, 0, -4, -2, 4, 2]",245,7,2.0,best_second,w7ffa36c,7.4181808227267885,8.38320455141292,8.705828110266784,6,6,0,1,1,2,1.0
1293,"[[], [5], [], [], [1, 5], [], [], [], [10, 9], [3, 7], [2, 0]]","[4, 3, -1, -4, 2, -2, -3, 0, None, -4, 4]",297,11,0.0,best_second,w7ffa36c,7.447751280047908,6.9782137426306985,7.933079771880415,8,8,0,1,1,2,4.0
1294,"[[], [4], [1, 4], [], [], [6, 3], [], [], [5, 10], [], [0, 7]]","[4, 3, 3, -2, -3, 4, 3, -4, None, -4, -4]",139,9,6.0,best_second,w7ffa36c,7.477604243197589,7.990576881743922,8.459564078579602,7,7,0,1,1,2,8.0
1296,"[[7, 9], [10, 2], [], [], [], [8, 0], [], [], [6, 3], [], [2]]","[4, -1, 0, -4, 1, None, -2, 1, -3, -1, 2]",223,8,5.0,best_second,w7ffa36c,7.669961995473577,8.131236549696116,8.61993026886735,5,3,2,0,1,2,2.0
1297,"[[], [], [], [], [], [], [10, 9], [8, 0], [0], [1, 4], [3, 2]]","[1, 4, 1, 3, 1, -1, None, 1, -2, 3, -4]",87,7,2.0,best_second,w7ffa36c,7.153051634937481,7.217443431696532,7.878534196140362,7,7,0,1,1,2,2.0
1298,"[[], [9, 5], [], [], [6, 2], [], [], [10, 0], [4, 1], [], [0]]","[-4, -1, -1, 0, 3, 2, -4, 2, None, -2, 0]",49,3,4.0,best_third,w7ffa36c,7.776115477098742,7.099201743553092,8.186742787113518,2,2,0,1,1,2,4.0
1300,"[[6, 3], [7, 2], [], [], [5, 9], [], [3], [], [1, 4], [], []]","[-1, 3, 3, 2, 2, -1, 3, -1, None, -2, -1]",1,5,0.0,best_second,w7ffa36c,7.893198869544609,7.069023426578259,8.256607344626158,6,6,0,1,1,2,1.0
1301,"[[6, 3], [], [], [], [], [], [3], [], [7, 2], [10, 8], [4, 5]]","[0, 3, 3, 1, 0, 1, 0, 2, 4, None, 4]",25,2,3.0,best_second,w7ffa36c,8.146709052203319,7.659642954564682,8.625509334899697,7,5,2,0,0,2,1.0
1304,"[[3, 2], [], [], [], [], [4, 8], [10, 1], [0, 5], [], [], [1]]","[-4, 3, -2, 4, -1, 4, 1, None, 4, 2, 3]",327,9,0.0,best_second,w7ffa36c,7.33823815006559,7.069023426578259,7.905441649060286,8,8,0,1,1,2,6.0
1305,"[[6, 2], [10, 3], [], [], [], [], [], [0, 9], [], [4, 5], [3]]","[-2, 1, 3, -3, 4, -4, -2, None, -3, -2, -3]",191,5,5.0,best_min,w7ffa36c,8.602820277383675,6.8617113404807295,8.764209507142002,2,1,1,0,0,2,8.0
1306,"[[], [], [3, 5], [6, 1], [], [0, 7], [], [], [4], [], [8, 4]]","[-2, -2, None, -3, 4, 2, -4, -1, 4, 4, -2]",279,5,3.0,best_second,w7ffa36c,7.917900586327916,8.789660098061537,9.138951775888529,1,0,1,0,1,2,2.0
1308,"[[], [], [0, 5], [9, 1], [], [], [3, 2], [10], [7, 10], [], []]","[-3, 1, 3, -3, -1, 2, None, 2, 0, -1, 3]",179,7,1.0,best_second,w7ffa36c,7.895808377083183,7.8954360069429645,8.58858318750291,5,5,0,1,1,2,2.0
1309,"[[], [], [1, 0], [5, 2], [], [4, 8], [], [6], [], [], [7, 6]]","[4, 3, -1, None, 0, 4, 4, 4, -3, -4, 4]",377,2,7.0,best_min,w7ffa36c,7.387090235656757,8.310414994188292,8.644706511715196,4,4,0,1,1,2,1.0
1311,"[[], [9], [], [8, 0], [], [2, 4], [3, 5], [], [], [], [1, 9]]","[-1, -2, -4, 0, 4, 0, None, 1, 2, 2, 3]",219,5,4.0,best_min,w7ffa36c,8.422662707570003,7.059617628291384,8.650324504019421,4,-4,8,0,1,2,3.0
1312,"[[], [7, 10], [4], [], [], [2, 4], [], [9, 3], [], [], [0, 8]]","[1, None, -4, 2, 3, -1, 0, -4, 4, -2, 4]",329,9,0.0,best_second,w7ffa36c,7.966239776559468,7.491087593534876,8.449556542700426,8,8,0,1,1,2,4.0
1313,"[[], [], [6, 5], [0, 7], [10, 9], [], [], [], [2, 3], [], [9]]","[4, -4, 0, 1, 2, 2, 0, -3, None, 3, 0]",207,5,4.0,best_min,w7ffa36c,7.794823152179389,7.4133673356952405,8.315077007294104,5,5,0,1,1,2,2.0
1317,"[[], [], [7], [5, 8], [9, 3], [], [], [], [], [1, 6], [2, 7]]","[0, 1, 4, 3, None, 2, -1, 4, -2, 1, 1]",359,4,5.0,best_third,w7ffa36c,8.095598701378188,7.368970402194794,8.489821994620106,5,5,0,1,1,2,2.0
1321,"[[7, 6], [10, 4], [], [], [], [], [2, 5], [3, 9], [], [], [4]]","[None, 2, 3, 4, 1, -4, 1, -2, -4, 3, 4]",287,4,5.0,best_min,w7ffa36c,7.9102237070973445,6.476972362889683,8.123854263105914,4,4,0,1,1,2,1.0
1323,"[[], [4, 8], [], [], [2, 9], [], [], [0], [6, 3], [], [7, 0]]","[3, None, 4, 0, 4, -1, 4, -4, 1, -4, 1]",213,6,8.0,best_min,w7ffa36c,7.931284761525891,7.462214939768189,8.416930769477844,8,8,0,1,1,2,4.0
1329,"[[], [], [7, 6], [], [], [3], [4, 8], [9, 1], [], [], [5, 3]]","[-3, 4, None, 1, -4, 1, -2, 4, -2, -3, -4]",189,11,0.0,best_second,w7ffa36c,6.914730892718562,6.961296045910167,7.630946580890459,8,8,0,1,1,2,2.0
1330,"[[], [8, 7], [0, 9], [2, 1], [], [10, 4], [], [], [], [], [4]]","[-3, 2, 2, None, 2, 2, -2, 1, -1, 3, 4]",9,4,1.0,best_min,w7ffa36c,8.378850241794492,7.510977752014095,8.729235349659273,5,5,0,1,1,2,2.0
1333,"[[], [], [], [8, 2], [], [1, 10], [0], [6, 0], [], [3, 5], []]","[3, -1, -1, -4, -4, 2, 0, 4, -4, None, 4]",243,10,2.0,best_second,w7ffa36c,8.148734808937169,7.554858521040675,8.588210678651519,6,6,0,1,1,2,3.0
1336,"[[9, 1], [], [], [6, 5], [], [2, 10], [7, 8], [], [], [1], []]","[1, 1, 2, None, -3, 3, -2, -3, -2, 3, -3]",231,8,6.0,best_second,w7ffa36c,8.126518168780708,6.862757913051401,8.375168691386818,5,5,0,1,1,2,1.0
1338,"[[], [5, 8], [], [4, 0], [], [8], [9, 10], [6, 3], [], [], []]","[-4, 3, -2, 4, 4, 4, -4, None, 2, -2, 1]",91,11,8.0,best_second,w7ffa36c,8.246171559857563,7.134093721192866,8.53030683056162,8,8,0,1,1,2,3.0
1340,"[[], [8, 10], [], [], [], [], [5], [6, 5], [9, 2], [], [0, 4]]","[-4, None, 4, -1, 0, 0, 1, -1, -4, 1, -4]",363,5,8.0,best_second,w7ffa36c,8.410498452745275,6.9508147684425845,8.619208116822968,0,0,0,1,1,2,4.0
1343,"[[], [], [10, 3], [8, 5], [], [], [9, 1], [], [], [1], [7, 4]]","[-4, 2, None, 4, -1, 3, -3, -4, -2, -4, -3]",369,10,2.0,best_second,w7ffa36c,6.641182169740591,5.707110264748875,6.97166860472579,7,-7,14,0,0,2,5.0
1345,"[[], [9, 0], [], [7, 5], [2, 6], [], [], [5], [1, 4], [], []]","[-3, 4, -4, 2, -3, 4, -3, -2, None, 3, -4]",183,11,7.0,best_second,w7ffa36c,7.8119734296220225,6.359573868672378,8.021912778985708,7,7,0,1,1,2,1.0
1346,"[[], [8, 4], [], [], [], [9, 1], [2], [], [], [0, 3], [6, 2]]","[-1, 1, 2, 3, 3, None, 0, 1, -4, -1, 4]",23,5,4.0,best_min,w7ffa36c,8.768574284141685,7.024649030453636,8.929567707825337,4,2,2,0,0,2,7.0
1353,"[[5, 2], [], [8, 1], [6, 7], [], [4, 10], [7], [], [], [], []]","[None, -3, -4, -2, 4, 4, 4, -1, 2, 4, -4]",79,11,8.0,best_second,w7ffa36c,7.449498005382849,7.697121317282625,8.273846932784508,8,8,0,1,1,2,5.0
1360,"[[10], [], [], [], [2, 9], [7, 3], [0, 10], [], [5, 4], [], []]","[-1, -3, -3, 2, 3, -3, 1, 4, None, 2, 1]",267,5,1.0,best_third,w7ffa36c,8.856945756159021,7.576097340623111,9.101975347298058,5,5,0,1,1,2,2.0
1361,"[[], [9, 4], [], [5, 2], [], [], [3, 8], [], [10, 7], [4], []]","[-2, 0, -2, -3, -1, -4, None, 1, -3, -4, 0]",97,3,4.0,best_second,w7ffa36c,9.11007795003779,6.504288173536645,9.18122047340233,-2,-3,1,0,1,2,2.0
1363,"[[], [], [], [], [], [], [4], [2, 5], [6, 4], [1, 3], [9, 7]]","[2, -1, -4, 1, -3, 3, -3, 1, -3, 0, None]",367,5,2.0,best_min,w7ffa36c,9.537771863945247,7.342779189331846,9.643290937019207,4,4,0,1,1,2,2.0
1364,"[[1, 9], [], [], [], [7, 0], [10, 3], [], [6, 2], [], [], [3]]","[-4, 2, 4, -2, None, 0, 0, -3, -3, -3, -2]",275,5,7.0,best_third,w7ffa36c,8.485702524324866,6.352629396319567,8.59748202264504,1,1,0,1,1,2,5.0
1365,"[[], [], [5, 8], [], [], [0, 6], [], [], [7, 3], [4], [9, 4]]","[3, 2, None, -2, 2, -2, 1, -3, 0, 1, 2]",151,3,2.0,best_second,w7ffa36c,8.174984532943087,7.695757990554761,8.656781205623291,1,-2,3,0,0,2,2.0
1367,"[[10], [], [], [7, 9], [], [], [0, 10], [2, 4], [], [5, 1], []]","[-1, -1, -4, None, 4, -3, 0, 3, 4, -2, 2]",153,10,1.0,best_second,w7ffa36c,7.768956044538332,6.892641641172089,8.116715624819113,7,7,0,1,1,2,2.0
1370,"[[7, 8], [3, 6], [4, 0], [6], [9, 5], [], [], [], [], [], []]","[4, 1, None, 3, -3, -2, 2, 4, -2, 3, -2]",265,9,6.0,best_second,w7ffa36c,8.063377822367025,6.440946540632921,8.243282523048375,8,8,0,1,1,2,5.0
1375,"[[], [], [1], [], [2, 1], [6, 10], [], [], [3, 0], [5, 8], []]","[-1, 2, 0, -3, -1, 0, 2, -1, -2, None, 3]",387,5,3.0,best_second,w7ffa36c,8.16961956172385,7.381501894506707,8.544224530467268,3,3,0,1,1,2,2.0
1376,"[[10, 8], [], [], [6, 5], [1, 7], [], [5], [], [], [0, 4], []]","[1, -2, -2, -4, 4, -3, -4, -1, 0, None, 4]",3,3,5.0,best_min,w7ffa36c,7.7266536648476425,7.646353722445999,8.38022733634308,5,3,2,0,0,2,4.0
1377,"[[], [], [], [], [3], [], [9, 8], [4, 3], [0, 1], [5, 2], []]","[2, -3, 3, 3, 0, 0, None, -1, -3, 1, 0]",145,6,2.0,best_second,w7ffa36c,7.568379267836522,7.291656209174461,8.132412674500905,4,4,0,1,1,2,5.0
1381,"[[], [6, 0], [5, 1], [], [10, 9], [7, 3], [], [], [], [], [9]]","[-4, -1, None, -4, -2, 0, -2, 4, 2, 1, 4]",77,8,4.0,best_third,w7ffa36c,7.591861714889934,6.408528791059498,7.858640655620791,4,4,0,1,1,2,2.0
1382,"[[2, 6], [], [], [], [7, 3], [10, 1], [], [3], [], [0, 5], []]","[4, 2, -3, -4, -3, -4, 4, 2, -2, None, -4]",113,11,0.0,best_second,w7ffa36c,7.9892214088152755,7.780303087908373,8.58316818033977,8,8,0,1,1,2,6.0
1383,"[[6, 7], [], [0, 3], [4, 8], [], [], [], [], [], [10, 1], [1]]","[1, 1, None, -2, 0, -4, 4, -1, 4, -4, 3]",393,5,2.0,best_third,w7ffa36c,7.675546002537848,7.550661243105336,8.307952545271018,5,5,0,1,1,2,4.0
1387,"[[], [], [], [], [2, 6], [0], [], [], [4, 9], [7, 1], [5, 0]]","[2, -3, -3, -3, 3, -3, 4, -2, None, -2, -4]",237,10,1.0,best_second,w7ffa36c,7.5416830998821105,7.315218389752975,8.127699852817772,7,7,0,1,1,2,1.0
1388,"[[7, 5], [], [], [8, 10], [], [4, 6], [], [9, 2], [10], [], []]","[None, 0, -4, -4, -4, 3, 4, -2, 2, -3, 3]",155,11,1.0,best_second,w7ffa36c,7.7102051944325325,7.107425474110705,8.146419323098003,7,7,0,1,1,2,1.0
1390,"[[7, 1], [9, 8], [6], [], [2, 6], [], [], [5, 10], [], [], []]","[None, -2, 2, 0, 1, -3, -4, 3, -3, -1, -4]",119,3,7.0,best_second,w7ffa36c,7.510977752014095,8.038512020976814,8.50207955360619,0,0,0,1,1,2,2.0
1392,"[[], [3, 0], [], [], [6, 1], [], [8, 2], [], [], [5], [9, 5]]","[-2, 4, 2, -4, None, -3, 2, -1, 3, 4, 2]",121,3,6.0,best_second,w7ffa36c,7.7336835707759,7.56734567601324,8.34687925374656,5,2,3,0,0,2,1.0
1396,"[[], [], [], [], [0, 2], [], [8, 5], [3], [], [4, 6], [7, 3]]","[-2, 0, -3, 1, -2, -3, 3, 4, 4, None, 1]",57,10,6.0,best_second,w7ffa36c,8.116417072794205,7.135687347028144,8.434680769841773,7,7,0,1,1,2,1.0
1398,"[[10], [2, 7], [], [5, 9], [0, 10], [], [], [], [3, 1], [], []]","[2, 4, 1, -4, 1, -1, 0, -2, None, 1, -3]",375,7,6.0,best_second,w7ffa36c,7.51425465281641,7.332369205929062,8.12029131396856,5,5,0,1,1,2,2.0
1399,"[[9, 3], [], [], [], [], [8, 1], [], [0, 10], [1], [], [4, 2]]","[1, 1, -4, 3, -2, 4, 3, None, 0, -4, -3]",317,9,2.0,best_second,w7ffa36c,7.932721027481949,7.346010209913293,8.37470754311948,4,4,0,1,1,2,2.0
1400,"[[1, 8], [8], [4, 3], [], [], [], [], [6, 10], [], [2, 7], []]","[1, -1, -2, 2, 1, 1, -2, -4, 1, None, -4]",293,5,4.0,best_second,w7ffa36c,8.20631072579402,6.077642243349034,8.318498320504338,0,-1,1,0,1,2,2.0
1401,"[[7, 10], [], [4, 3], [], [], [0, 2], [], [], [6], [8, 6], []]","[-4, -4, -2, 2, 4, None, 1, 3, -3, -2, -4]",301,5,4.0,best_second,w7ffa36c,8.324093761450404,6.4692503167957724,8.469262657658687,2,2,0,1,1,2,7.0
1402,"[[], [], [], [5, 9], [10, 3], [], [], [8, 6], [6], [], [0, 1]]","[4, 1, 3, 3, None, -2, -2, 0, 3, -1, -1]",315,2,2.0,best_min,w7ffa36c,8.37816098272068,6.220590170099739,8.487352349405217,3,3,0,1,1,2,1.0
1404,"[[], [], [8, 4], [6, 9], [], [2, 10], [9], [], [], [], [1, 7]]","[-2, 0, 4, 1, 3, None, -1, -3, -3, 1, -2]",319,9,1.0,best_second,w7ffa36c,7.622663951323595,6.734591659972948,7.96693349840484,7,7,0,1,1,2,3.0
1405,"[[6], [9, 2], [10, 5], [], [], [], [], [], [0, 6], [4, 7], []]","[-1, None, 3, 4, 1, 3, -2, 2, 0, -3, 0]",141,6,0.0,best_second,w7ffa36c,7.780720886117918,7.346010209913293,8.279697133877626,6,6,0,1,1,2,1.0
1413,"[[5, 8], [], [4, 3], [], [3], [], [7, 0], [10, 1], [], [], []]","[-1, -3, 1, -2, 3, -3, None, 4, 1, 1, 2]",321,7,7.0,best_second,w7ffa36c,7.653969180478775,7.076653815443951,8.099250561796959,6,6,0,1,1,2,4.0
1417,"[[10, 5], [], [9, 0], [], [], [], [3], [], [6, 3], [4, 7], []]","[4, -4, None, -2, 0, -1, -2, -4, 1, -1, 1]",147,6,5.0,best_second,w7ffa36c,7.776115477098742,7.145196134997172,8.202482446576537,5,5,0,1,1,2,4.0
1420,"[[], [], [9, 6], [], [], [4], [3, 10], [], [5, 4], [7, 0], []]","[0, 4, None, 3, -2, 4, -4, -2, 2, -2, 1]",197,2,5.0,best_third,w7ffa36c,8.556413904569519,6.78897174299217,8.713910628493924,-1,-1,0,1,1,2,2.0
1423,"[[], [5, 10], [7, 4], [1, 8], [], [], [], [4], [9, 6], [], []]","[4, -4, 1, None, 3, -2, -4, 1, 4, 4, 1]",185,11,8.0,best_second,w7ffa36c,7.373374309910049,6.825460036255307,7.829232537543593,8,8,0,1,1,2,3.0
1425,"[[], [], [9], [4, 1], [], [], [3, 7], [5, 8], [], [], [2, 9]]","[-3, 4, -1, 2, 2, 4, None, -4, -3, 1, 1]",73,7,2.0,best_second,w7ffa36c,7.967973179662936,6.452048954437227,8.166216268592143,6,6,0,1,1,2,7.0
1428,"[[], [], [9, 1], [], [], [], [5, 7], [], [10, 6], [1], [0, 4]]","[-1, 0, -2, 1, -3, -4, 4, 4, None, -4, 2]",175,8,0.0,best_third,w7ffa36c,7.6838639802564295,7.014814351275545,8.09712193091871,8,0,8,0,1,2,2.0
1429,"[[], [7, 10], [4, 5], [], [], [], [], [10], [0, 6], [8, 2], []]","[0, -1, 2, -4, 3, -4, -4, 1, 3, None, 4]",271,5,7.0,best_min,w7ffa36c,7.736307096548285,7.1853870155804165,8.191186004642788,5,-1,6,0,0,2,7.0
1433,"[[2], [], [], [], [], [6, 9], [8, 1], [0, 2], [], [3, 4], []]","[3, -4, -4, 3, -3, None, -2, -1, -3, -1, 0]",335,7,2.0,best_second,w7ffa36c,7.944846711001996,7.359467638255621,8.387312270561717,2,2,0,1,1,2,1.0
1434,"[[1, 10], [], [7, 0], [], [], [8], [], [3, 4], [], [5, 8], []]","[4, 1, None, -1, -2, 0, -3, -4, 4, 2, 4]",81,10,0.0,best_second,w7ffa36c,7.340835554123275,7.118826249062077,7.9287663216266955,8,8,0,1,1,2,1.0
1436,"[[6, 8], [], [], [7, 2], [], [], [1, 10], [2], [4, 9], [], []]","[None, -4, 4, 4, -1, -1, 4, -1, -2, -4, 4]",21,11,0.0,best_second,w7ffa36c,7.45182223652793,7.47477218239787,8.156223323194626,8,8,0,1,1,2,3.0
1437,"[[1, 9], [], [3, 4], [], [], [], [0, 2], [8, 10], [10], [], []]","[-4, 2, -4, 1, 3, -2, None, 2, -3, -3, 0]",383,3,7.0,best_third,w7ffa36c,8.299285906897273,7.051855622955895,8.55159461813357,-1,-1,0,1,1,2,5.0
1438,"[[6, 3], [], [4], [], [], [2, 4], [], [0, 8], [9, 10], [], []]","[-1, 0, -4, 1, -2, -4, 4, None, -1, -3, -1]",171,5,2.0,best_second,w7ffa36c,7.79770203551669,6.5652649700353605,8.053251153549098,3,3,0,1,1,2,2.0
1442,"[[4, 5], [8, 7], [], [], [5], [], [], [], [], [10, 1], [6, 3]]","[-1, -1, -1, -2, 2, 1, 3, -2, -1, None, 4]",107,8,6.0,best_second,w7ffa36c,7.691200097522863,7.206377291472252,8.170751423757533,7,7,0,1,1,2,1.0
1443,"[[1, 4], [9, 6], [3], [], [7, 5], [], [], [], [2, 3], [], []]","[None, -4, -4, 0, 4, -4, -4, 3, 3, 0, -3]",55,11,8.0,best_second,w7ffa36c,7.27655640271871,6.78332520060396,7.752764808851329,7,7,0,1,1,2,4.0
1445,"[[], [7, 2], [10, 3], [], [9, 5], [], [], [0, 6], [], [5], []]","[-3, None, -3, 4, 2, 3, 4, 1, 1, -4, -2]",101,7,3.0,best_third,w7ffa36c,7.615298339825815,6.755768921984255,7.967973179662936,5,5,0,1,1,2,6.0
1448,"[[7, 6], [], [], [10, 8], [], [], [], [6], [4, 1], [], [2, 5]]","[4, -2, -1, None, 3, 0, -4, 1, -1, 3, -4]",125,6,1.0,best_second,w7ffa36c,8.130647968160583,7.309212365692763,8.494947582468917,2,2,0,1,1,2,1.0
1450,"[[5, 6], [4, 8], [7, 9], [], [], [], [], [9], [], [], [1, 0]]","[2, -3, 2, 0, -4, -2, -1, 4, -2, -3, None]",51,5,3.0,best_second,w7ffa36c,7.542213463193402,7.2875606403097235,8.115819701211327,1,0,1,0,1,2,2.0
1451,"[[], [], [7, 0], [1, 8], [], [9, 6], [], [], [], [6], [2, 3]]","[4, -1, 1, -4, 2, -2, 1, -4, -3, -3, None]",349,10,3.0,best_second,w7ffa36c,7.75491027202143,7.703459047867174,8.422442854870427,5,5,0,1,1,2,2.0
1452,"[[], [9, 6], [], [8, 10], [7, 1], [], [], [2, 5], [10], [], []]","[-4, -4, 3, 2, None, -4, -4, 3, 1, -2, 0]",379,11,7.0,best_second,w7dc578d,8.931155429778348,8.95660873889395,9.637044983076766,6,6,0,1,1,2,2.0
1453,"[[], [], [7, 1], [9, 8], [6, 10], [3, 4], [], [1], [], [], []]","[3, 3, 2, 1, -2, None, -2, 2, -1, -4, 0]",173,3,2.0,best_third,w7dc578d,9.26926943950547,8.644178203170725,9.697876897764221,0,0,0,1,1,2,2.0
1458,"[[], [], [8, 9], [7, 2], [], [10, 6], [], [1, 4], [], [], [6]]","[1, 3, 0, None, -4, -2, 0, 4, -1, 4, 1]",175,6,8.0,best_third,w7dc578d,8.811205187562889,6.834108738813839,8.940760134888384,7,7,0,1,1,2,5.0
1459,"[[], [7, 9], [], [8], [1, 6], [3, 8], [2, 0], [], [], [], []]","[-3, -2, 2, -1, None, -4, -3, -2, 3, 0, 0]",291,3,2.0,best_min,w7dc578d,9.56605485481979,8.0323601479245,9.761347785375005,-1,-2,1,0,0,2,5.0
1461,"[[], [3, 6], [8, 7], [6], [10, 9], [4, 2], [], [], [], [], []]","[0, 0, 3, 4, 2, None, -4, -3, -2, -3, -4]",217,2,6.0,best_second,w7dc578d,9.36082720525012,9.032886946579088,9.903337541285003,1,1,0,1,1,2,1.0
1463,"[[6, 3], [], [], [], [2, 9], [], [], [10, 5], [0, 4], [], [5]]","[4, -4, -4, -4, 1, -3, 4, 1, None, 2, -3]",365,8,1.0,best_third,w7dc578d,8.630343289348893,8.082402253926244,9.086476384753796,8,3,5,0,0,2,8.0
1464,"[[], [3, 9], [1, 6], [], [5, 8], [8], [10, 7], [], [], [], []]","[0, -4, None, 4, 1, -1, -3, 1, 4, 1, -1]",205,3,5.0,best_third,w7dc578d,9.622317563699571,8.11552088154677,9.822440173682805,0,0,0,1,1,2,2.0
1465,"[[6, 9], [], [10, 4], [], [7, 1], [], [9], [], [], [], [5, 8]]","[0, 4, None, -1, 4, 2, 0, 1, -4, 0, -3]",91,9,0.0,best_second,w7dc578d,8.377011160816375,7.550135342488429,8.739696537843024,8,8,0,1,1,2,6.0
1469,"[[5, 10], [], [7], [], [], [], [2, 7], [], [3, 4], [0, 8], []]","[3, -1, -1, 3, -2, -1, 1, -3, 0, None, 4]",375,6,1.0,best_third,w7dc578d,8.463581421967588,7.48324441607385,8.782015969721936,7,7,0,1,1,2,5.0
1471,"[[], [], [], [4, 2], [2], [7, 10], [1, 0], [], [6, 5], [], []]","[-1, -2, -4, 4, 1, 2, -1, 0, None, 4, 4]",383,7,2.0,best_second,w7dc578d,8.54110501146255,8.005700678662542,9.001839097398843,6,6,0,1,1,2,1.0
1473,"[[6, 4], [7, 5], [], [], [2, 3], [], [10, 8], [5], [], [], []]","[None, 2, -2, -1, 0, -3, -1, -2, 2, -1, 1]",283,2,3.0,best_second,w7dc578d,9.367515046348181,8.310660905907225,9.665737848832556,1,1,0,1,1,2,1.0
1474,"[[], [], [], [4, 6], [2, 0], [], [1, 7], [], [9, 5], [5], []]","[-4, -3, 3, None, -4, 0, 0, 0, -3, -4, 2]",251,4,0.0,best_third,w7dc578d,9.219399216464529,6.796823718274855,9.304285984818712,0,-1,1,0,0,2,3.0
1475,"[[7], [0, 7], [], [], [], [], [5, 10], [], [4, 3], [8, 6], []]","[4, 2, 4, -3, 4, -2, -1, -4, 4, None, 0]",33,9,7.0,best_second,w7dc578d,8.570354739530469,7.3271232922592935,8.823647949191301,8,8,0,1,1,2,2.0
1478,"[[], [], [5, 8], [], [9, 10], [8], [], [], [], [1, 0], [3, 7]]","[4, 3, -2, 0, None, 1, 1, 2, -3, -1, 4]",309,3,2.0,best_second,w7dc578d,8.59137258959049,7.7266536648476425,8.942722330560143,6,6,0,1,1,2,1.0
1479,"[[], [], [8, 3], [5, 0], [], [], [], [], [4, 1], [10, 7], [7]]","[-4, -3, None, 1, -1, -3, -2, -1, -4, 4, -1]",115,3,5.0,best_second,w7dc578d,9.307648554443182,7.03085747611612,9.405249044275608,-2,-2,0,1,1,2,2.0
1481,"[[6, 4], [9, 10], [], [0, 5], [], [7, 2], [], [], [], [10], []]","[-4, -3, -4, None, 0, -2, -4, 2, -3, 0, -1]",35,6,2.0,best_third,w7dc578d,8.856376036730422,6.747586526829315,8.970813341411448,0,0,0,1,1,2,4.0
1483,"[[], [], [7, 3], [], [], [], [9, 0], [3], [10, 6], [], [4, 1]]","[1, 2, -4, -4, -2, 4, 2, 1, None, -1, 4]",59,4,2.0,best_third,w7dc578d,8.894533135798554,6.956545443151569,9.028938392241612,6,6,0,1,1,2,2.0
1484,"[[], [4], [], [9, 5], [], [], [7, 3], [0, 8], [], [], [1, 4]]","[4, 3, 0, -4, 2, 4, None, 4, -2, 2, 3]",253,8,6.0,best_second,w7dc578d,8.429672593886743,6.618738983517219,8.580918882296784,8,8,0,1,1,2,2.0
1485,"[[], [], [3, 0], [], [2, 8], [7], [], [], [6, 9], [], [5, 7]]","[-3, -4, -4, 4, None, 1, 2, -2, 3, -2, -2]",367,7,5.0,best_second,w7dc578d,8.097730573664219,7.311886164077165,8.473032295630468,5,5,0,1,1,2,7.0
1486,"[[10, 1], [], [7, 8], [], [], [], [], [4, 5], [3, 6], [], [1]]","[3, 4, None, 4, 4, -1, -3, 1, 4, -4, 1]",159,6,7.0,best_third,w7dc578d,8.505120610181969,6.769641976852502,8.667335849845957,8,8,0,1,1,2,5.0
1487,"[[], [10], [], [4, 5], [2, 6], [0, 8], [], [], [], [1, 10], []]","[2, -1, -1, None, -3, 0, 0, -2, 1, 0, 2]",3,4,1.0,best_second,w7dc578d,8.976514972315112,8.210668031162976,9.358243001899679,2,2,0,1,1,2,1.0
1488,"[[5, 4], [], [], [], [2, 3], [1, 9], [], [8], [], [], [7, 8]]","[None, 4, -4, 0, -4, 4, 3, 0, 1, 2, -3]",237,10,2.0,best_second,w7dc578d,8.426611813184998,6.726233402358747,8.594154232552366,8,8,0,1,1,2,4.0
1490,"[[], [4, 7], [3, 6], [6], [], [], [], [], [10, 1], [], [9, 0]]","[2, 4, -1, -1, -2, 4, 3, 0, None, -2, -1]",41,4,4.0,best_second,w7dc578d,8.72729202920964,7.312553498102598,8.944680683558895,4,4,0,1,1,2,4.0
1492,"[[], [], [7, 6], [1], [], [], [4, 9], [5, 10], [3, 1], [], []]","[-3, 3, None, -2, -4, -2, 3, 0, -2, -1, 0]",287,3,4.0,best_third,w7dc578d,9.43284371840297,7.502186486602924,9.5682245844549,2,2,0,1,1,2,2.0
1495,"[[3, 5], [], [], [4, 1], [], [10, 6], [], [], [9, 7], [7], []]","[None, -4, 4, 1, 1, 2, -1, 2, 3, -3, 1]",21,3,3.0,best_third,w7dc578d,8.764365720529808,6.771935555839602,8.892061625546935,3,3,0,1,1,2,5.0
1496,"[[], [], [], [], [], [3, 8], [2, 1], [0], [], [5, 6], [7, 0]]","[2, 2, -4, 0, 2, -1, 4, -1, -4, None, 3]",111,8,2.0,best_second,w7dc578d,7.757478766584179,7.7195739892595805,8.431635303054591,6,6,0,1,1,2,4.0
1498,"[[1], [], [4, 6], [], [9, 5], [], [10, 7], [], [0, 1], [], []]","[-2, -4, None, 1, -2, -2, 2, 0, 2, -4, -1]",17,5,2.0,best_second,w7dc578d,8.305484017727691,7.627544390488503,8.715880102296456,2,2,0,1,1,2,2.0
1501,"[[], [], [3], [], [], [], [], [9, 8], [5, 0], [1, 6], [2, 3]]","[1, 1, 0, -3, -3, -3, -4, None, -1, -4, 0]",121,5,2.0,best_third,w7dc578d,8.818926087090677,7.4882935151594285,9.053335623166019,0,0,0,1,1,2,5.0
1502,"[[3, 1], [], [8, 4], [], [], [7, 6], [], [], [4], [], [5, 0]]","[2, -2, -4, 3, -2, -4, -3, -4, 1, -3, None]",9,10,4.0,best_second,w7dc578d,8.444622498581401,6.466144724237619,8.573951525234847,5,5,0,1,1,2,1.0
1503,"[[3, 8], [], [4], [1, 7], [], [2, 4], [], [], [9, 6], [], []]","[None, -2, 3, -4, 1, 1, -2, -1, 1, 2, -4]",183,7,3.0,best_second,w7dc578d,8.435332164935916,8.36380888451688,9.093244600099936,3,-5,8,0,0,2,4.0
1509,"[[5], [], [10, 3], [], [], [], [9, 2], [0, 5], [], [8, 1], []]","[4, -4, 4, 3, -4, 0, None, -1, -1, -4, -3]",227,11,1.0,best_second,w7dc578d,8.231109840328154,7.344719054149673,8.57602797713713,7,7,0,1,1,2,3.0
1515,"[[], [], [], [], [3], [], [], [5, 1], [7, 10], [4, 3], [0, 2]]","[-3, -1, 3, 1, -2, 1, 2, 3, None, 3, -4]",101,6,4.0,best_second,w7dc578d,8.57828829077605,7.510430556378006,8.87360810154911,4,4,0,1,1,2,6.0
1516,"[[2, 4], [], [4], [], [], [3, 10], [5, 7], [1, 8], [], [], []]","[-3, -3, -1, 2, 3, 4, None, -4, -4, -4, -1]",347,10,5.0,best_second,w7dc578d,8.318254328798844,7.457609289715606,8.670772279344538,6,6,0,1,1,2,1.0
1517,"[[4, 10], [], [], [6, 5], [10], [], [], [], [2, 1], [8, 3], []]","[-1, 2, 0, -3, 4, -4, 3, 0, 4, None, 2]",199,7,2.0,best_second,w7dc578d,8.163086375583216,6.754604099487962,8.38160253710989,6,6,0,1,1,2,7.0
1520,"[[5, 6], [9, 2], [], [4, 10], [], [], [], [], [3, 0], [2], []]","[0, -2, 1, 1, 1, 4, -2, -4, None, 3, -4]",181,5,2.0,best_third,w7dc578d,8.397508348470257,6.990256500493881,8.616314282284044,4,4,0,1,1,2,5.0
1523,"[[1, 10], [2, 8], [], [9], [], [3, 9], [], [], [], [], [7, 6]]","[None, -2, -2, 3, 0, 4, -3, 4, -3, -2, 3]",63,10,6.0,best_second,w7dc578d,7.957177323459475,6.4967749901858625,8.165647925297504,7,7,0,1,1,2,1.0
1526,"[[3, 10], [6], [], [], [8, 0], [], [], [], [5, 2], [1, 6], []]","[4, 0, 2, -1, None, -1, 1, 4, -2, 4, 2]",31,6,2.0,best_second,w7dc578d,8.182279739259018,7.449498005382849,8.574518258035507,6,6,0,1,1,2,3.0
1527,"[[4, 3], [], [], [], [3], [], [], [], [10, 9], [7, 6], [2, 5]]","[4, 0, 1, -1, -3, 3, -2, 3, None, 3, 2]",97,3,5.0,best_min,w7dc578d,8.06117135969092,6.699500340161678,8.289037098278483,6,6,0,1,1,2,2.0
1528,"[[], [2, 3], [], [], [10], [0, 7], [], [], [4, 10], [5, 1], []]","[0, -2, 0, 1, 3, -3, 4, 3, 4, None, 3]",339,2,3.0,best_min,w7dc578d,8.856518497019858,7.400009517162692,9.06589246761031,0,-1,1,0,0,2,3.0
1529,"[[4, 2], [9, 3], [], [], [], [], [10, 8], [6, 0], [], [3], []]","[-2, -1, -3, 0, -4, -1, 1, None, -1, -3, -2]",87,4,2.0,best_second,w7dc578d,8.74273386733017,6.992096427415888,8.902727664035522,0,0,0,1,1,2,1.0
1530,"[[], [10, 5], [], [], [7, 9], [], [], [8, 2], [], [0, 6], [5]]","[4, 4, -3, 1, None, 2, -2, -3, -2, 4, 1]",15,11,6.0,best_second,w7dc578d,7.968319500012718,6.610696044717759,8.196987927258897,8,8,0,1,1,2,1.0
1531,"[[], [3, 5], [4, 7], [], [], [], [9], [], [6, 9], [], [2, 1]]","[-4, -3, -3, 1, 3, 2, 1, 0, 3, 1, None]",271,2,3.0,best_min,w7dc578d,9.092344813738475,6.980075940561763,9.206432747145165,0,0,0,1,1,2,1.0
1534,"[[], [], [], [8, 5], [], [2, 1], [7, 9], [9], [4, 10], [], []]","[1, 3, -1, None, 0, 3, 4, 4, 1, 4, -4]",307,6,0.0,best_second,w7dc578d,8.235890725928495,7.329749689041512,8.575084669832014,6,2,4,0,1,2,4.0
1536,"[[], [], [6, 5], [], [1, 3], [], [5], [8, 9], [], [], [7, 4]]","[1, 2, 1, -3, 1, -1, 0, 2, -2, -3, None]",221,4,4.0,best_min,w7dc578d,8.298290634359281,6.364750756851912,8.433159195806228,3,3,0,1,1,2,1.0
1538,"[[1, 4], [], [7, 9], [2, 0], [], [6, 10], [10], [], [], [], []]","[4, -2, 1, None, -1, -3, -2, 4, -3, 0, 0]",341,3,1.0,best_min,w7dc578d,8.498825534058053,6.54965074223381,8.631771096123673,5,5,0,1,1,2,1.0
1543,"[[], [5, 2], [], [6, 9], [10, 3], [2], [], [], [], [], [7, 0]]","[-4, -2, -1, 1, None, 3, 2, -2, 0, -1, -3]",145,7,2.0,best_second,w7dc578d,8.39660622842712,6.569481420414296,8.545586265917455,3,3,0,1,1,2,2.0
1547,"[[], [0], [7, 4], [1, 0], [5, 9], [], [], [8, 6], [], [], []]","[-2, -3, None, -1, -3, -4, 4, 4, -1, 1, 4]",385,10,0.0,best_second,w7dc578d,8.58653266949485,6.828712071641685,8.74544368009859,8,8,0,1,1,2,5.0
1553,"[[10, 5], [], [], [], [], [], [1, 4], [6, 0], [2], [8, 2], []]","[-3, 1, 0, -1, 4, -3, 3, None, 1, 4, -4]",179,10,1.0,best_second,w7dc578d,7.731930721948486,6.913737350659685,8.09712193091871,7,7,0,1,1,2,1.0
1555,"[[4], [8, 3], [], [7, 2], [], [], [], [], [9, 5], [], [0, 4]]","[-3, None, 2, 1, -1, 3, -4, -4, -1, 2, -1]",281,3,1.0,best_min,w7dc578d,8.364275084991524,7.119635638017636,8.617219505483362,3,3,0,1,1,2,1.0
1556,"[[1], [], [7, 5], [6, 8], [3, 2], [], [], [], [], [], [0, 1]]","[2, -1, 1, -4, None, -4, -1, 4, 0, 0, 0]",203,9,5.0,best_second,w7dc578d,7.973155433444133,6.413458957167357,8.163656176168432,5,5,0,1,1,2,1.0
1560,"[[], [3, 7], [4], [], [], [], [9, 0], [], [2, 4], [], [6, 1]]","[-2, 4, -3, 4, 0, 1, -4, -1, 3, 4, None]",229,9,5.0,best_second,w7dc578d,8.153637486385284,6.208590026096629,8.287025025165063,8,8,0,1,1,2,6.0
1561,"[[], [5, 4], [], [0, 2], [], [4], [9, 10], [6, 3], [], [], []]","[-4, 2, -2, 1, 1, 2, 1, None, -1, -3, 4]",153,7,3.0,best_third,w7dc578d,8.269756947532983,7.893945138235959,8.792397742356904,5,-1,6,0,0,2,7.0
1562,"[[], [], [5], [2, 5], [0, 10], [], [], [8, 6], [], [4, 7], []]","[0, -1, 3, -4, 1, 0, 3, 3, -1, None, -4]",363,6,0.0,best_second,w7dc578d,8.582418976333946,7.284820912568604,8.823795148720528,6,6,0,1,1,2,4.0
1563,"[[8, 1], [6, 2], [], [], [], [7], [], [], [3, 4], [5, 7], []]","[None, 2, -4, -3, -1, 0, 4, -2, -3, -4, -1]",297,10,6.0,best_second,w7dc578d,7.811568489345179,6.499787040655854,8.049746290952193,6,6,0,1,1,2,2.0
1568,"[[3], [], [], [], [], [0, 3], [7, 10], [1, 8], [], [], [2, 4]]","[-2, -1, 1, -3, 4, 2, None, -4, -2, 2, 4]",67,10,0.0,best_second,w7dc578d,7.690286020676767,7.29641326877392,8.205491613120236,8,8,0,1,1,2,1.0
1571,"[[], [7], [], [6, 5], [], [], [], [], [2, 0], [1, 7], [8, 3]]","[-1, -3, 4, -3, 2, 1, -4, -2, 4, -2, None]",327,10,5.0,best_second,w7dc578d,7.793999089503996,6.51025834052315,8.038189179973203,8,8,0,1,1,2,5.0
1572,"[[], [6, 3], [], [4, 9], [], [10, 7], [2, 0], [], [], [], [7]]","[-4, None, 4, 1, -3, -3, 4, 0, -3, 1, -2]",257,8,8.0,best_third,w7dc578d,8.109224953089955,7.015712420487229,8.39795910349254,8,8,0,1,1,2,4.0
1573,"[[6], [], [0, 6], [], [], [4, 8], [], [9, 3], [], [], [7, 5]]","[1, -3, -2, 1, 0, 3, 0, 3, 3, 2, None]",197,2,0.0,best_min,w7dc578d,8.344505083590521,7.232733136177615,8.628734566149145,6,6,0,1,1,2,1.0
1575,"[[5, 6], [], [], [7], [10, 0], [], [], [], [], [3, 7], [2, 1]]","[1, 3, 0, 2, None, 4, 2, 2, 4, 4, 4]",353,3,1.0,best_third,w7dc578d,8.457230850243555,7.1276936993473985,8.691818541575723,7,7,0,1,1,2,2.0
1578,"[[], [], [4, 10], [], [8, 0], [3], [], [], [], [5, 3], [1, 7]]","[-4, -1, None, -4, 2, -3, -1, -3, -2, 2, -3]",323,4,6.0,best_second,w7dc578d,8.96482339168508,7.632885505395133,9.198976041897133,0,0,0,1,1,2,2.0
1579,"[[8, 10], [9, 0], [], [], [7, 2], [], [], [2], [], [5, 6], []]","[-3, None, 2, 3, -4, -1, 4, 1, -2, 4, -1]",29,10,0.0,best_second,w7dc578d,7.789454566086673,6.901737206656573,8.133880887949205,8,8,0,1,1,2,1.0
1581,"[[], [], [], [], [3, 6], [1, 0], [], [], [2], [4, 5], [8, 2]]","[4, -1, 0, 0, 2, 1, 2, -1, 1, None, 4]",89,3,0.0,best_min,w7dc578d,8.18646442942209,7.023758954738443,8.458292083496076,5,4,1,0,0,2,5.0
1583,"[[], [], [9, 10], [], [1, 3], [7, 0], [], [], [4, 5], [10], []]","[-4, -4, -2, 0, -4, 4, -2, 3, None, -4, -1]",193,11,8.0,best_second,w7dc578d,7.797291273547473,6.499787040655854,8.038512020976814,7,7,0,1,1,2,4.0
1585,"[[], [2, 8], [], [], [0], [], [4, 0], [10, 1], [], [], [3, 9]]","[2, -2, 3, -2, 4, -3, -1, None, 1, -1, -1]",269,3,3.0,best_second,w7dc578d,8.632484235750972,7.413970290190445,8.891374009484636,1,1,0,1,1,2,1.0
1586,"[[], [], [0, 9], [], [], [8], [3, 4], [6, 2], [], [], [5, 8]]","[-2, 0, 3, -1, -4, -2, -4, None, -4, 4, -4]",137,11,1.0,best_second,w7dc578d,7.548555979169873,7.639642287858013,8.288031567776464,7,7,0,1,1,2,3.0
1588,"[[9, 10], [], [], [6, 0], [], [7, 1], [4, 2], [1], [], [], []]","[-4, -1, -2, None, 2, -4, 2, -3, 4, 0, -1]",51,7,4.0,best_second,w7dc578d,8.18841130807903,7.160069207596127,8.493924564476883,4,4,0,1,1,2,1.0
1590,"[[3], [], [], [], [0, 3], [], [7, 9], [], [10, 6], [], [2, 1]]","[-3, 4, 1, -3, 0, 4, 4, -1, None, 2, -4]",303,6,2.0,best_second,w7dc578d,7.584264818389059,7.337587743538596,8.161375023197486,6,6,0,1,1,2,3.0
1591,"[[], [8, 5], [4, 0], [], [0], [3, 10], [], [], [6, 7], [], []]","[-4, None, 3, -1, 0, -2, 3, 2, 3, -4, 3]",331,5,1.0,best_second,w7dc578d,8.222553638396958,6.906754778648553,8.45998771764546,6,6,0,1,1,2,4.0
1593,"[[], [6, 0], [], [1, 4], [5, 8], [], [], [9], [], [], [7, 9]]","[-2, -4, -2, None, 4, 4, 4, 4, -1, 3, -1]",147,9,5.0,best_second,w7dc578d,7.9441374911141125,6.609349243167381,8.177515823846075,8,8,0,1,1,2,6.0
1595,"[[], [], [5, 1], [], [10, 9], [], [8, 2], [], [3, 0], [], [9]]","[-2, 1, 4, -4, 2, 2, None, -2, -1, -3, 0]",157,7,3.0,best_second,w7dc578d,7.992268643270744,6.901737206656573,8.28172399041139,6,6,0,1,1,2,2.0
1596,"[[10, 1], [], [9, 5], [6, 7], [], [], [], [], [0, 3], [5], []]","[-1, 4, 3, -2, -4, 1, -4, 1, None, -1, -4]",55,7,5.0,best_third,w7dc578d,8.874028122556334,6.871091294610546,9.000483164987706,3,3,0,1,1,2,5.0
1599,"[[], [], [], [6], [0, 10], [4, 8], [], [], [1, 7], [3, 6], []]","[1, 2, 1, -2, 3, None, 3, -2, 1, -3, 2]",119,3,1.0,best_second,w7dc578d,7.713784616598755,7.010311867307228,8.11552088154677,5,5,0,1,1,2,4.0
1600,"[[], [], [7], [5, 4], [], [], [3, 8], [], [0, 10], [2, 7], []]","[-4, 3, 2, 4, 4, 0, None, -3, -4, 1, 2]",49,10,0.0,best_second,w7dc578d,7.57095858316901,6.852242569051878,7.9676267393338165,8,8,0,1,1,2,6.0
1602,"[[], [], [4, 10], [7, 9], [0, 6], [], [], [9], [], [], [1, 8]]","[2, 1, None, 2, -4, 2, -1, -1, -2, -3, 3]",279,6,5.0,best_second,w7dc578d,8.1101268019411,7.423568444259167,8.517593111437565,4,4,0,1,1,2,3.0
1603,"[[], [], [], [10, 2], [8], [0, 7], [4, 8], [], [], [3, 5], []]","[-4, 3, 4, 4, 4, -2, -3, -1, -3, None, -4]",75,11,0.0,best_second,w7dc578d,7.442492722794441,7.095064377287131,7.976595409316577,8,8,0,1,1,2,3.0
1604,"[[4], [], [], [], [], [7, 8], [], [6, 9], [2, 1], [], [0, 4]]","[2, -4, -2, -1, 2, None, 4, 0, -1, -4, 0]",371,8,4.0,best_third,w7dc578d,8.271292652979412,6.5722825426940075,8.439015410352214,4,4,0,1,1,2,2.0
1605,"[[9, 10], [], [0, 5], [], [7, 1], [3, 6], [], [1], [], [], []]","[2, 1, None, -1, 0, 1, 4, 4, -2, 0, 2]",139,3,3.0,best_min,w7dc578d,8.75352933651643,7.461640392208574,8.996156562033445,5,5,0,1,1,2,2.0
1606,"[[], [], [], [7, 10], [], [9, 1], [], [6, 8], [], [1], [2, 0]]","[0, -3, -4, None, -4, -3, -3, 2, 3, -4, 1]",343,6,1.0,best_third,w7dc578d,7.945555428253489,6.824373670043086,8.227375506834035,5,5,0,1,1,2,4.0
1613,"[[], [], [10, 8], [4], [], [], [], [3, 4], [6, 0], [], [9, 1]]","[3, -3, None, -1, -4, -3, 0, 0, 0, -2, 4]",219,2,3.0,best_min,w7dc578d,8.369157112588832,7.170888478512505,8.632662441222353,3,3,0,1,1,2,1.0
1616,"[[10, 2], [], [], [], [8, 5], [], [1, 3], [0, 6], [5], [], []]","[4, -1, -1, 4, -2, 2, 3, None, 4, -4, 0]",135,4,1.0,best_min,w7dc578d,8.274866820685254,7.259116128097101,8.583729715216483,7,7,0,1,1,2,1.0
1617,"[[], [], [7, 10], [9, 1], [], [], [], [8, 6], [], [1], [4, 0]]","[1, -3, None, 4, -4, 3, 2, 4, -4, 4, -3]",285,9,2.0,best_second,w7dc578d,7.891330757661889,6.943122422819428,8.21851757748959,6,6,0,1,1,2,5.0
1618,"[[], [3, 4], [8, 6], [9, 0], [7, 10], [], [], [], [6], [], []]","[0, None, 1, -4, 3, 4, 0, 0, 4, -4, 2]",1,8,1.0,best_second,w7dc578d,8.386172928977834,7.307202314764738,8.678631537293768,5,5,0,1,1,2,4.0
1621,"[[9], [], [4, 8], [1, 6], [], [], [], [0, 9], [], [], [2, 3]]","[1, -4, -1, 1, -1, -2, 3, 3, 3, 4, None]",255,5,2.0,best_min,w7dc578d,7.723120092266331,7.238496840894365,8.202756381655636,4,4,0,1,1,2,4.0
1622,"[[], [], [], [], [8, 1], [], [10, 9], [], [1], [5, 2], [7, 0]]","[-3, -1, 2, 2, -4, 4, None, 4, -1, -4, 2]",19,7,5.0,best_third,w7dc578d,7.653969180478775,6.388561405545629,7.902117546276448,6,6,0,1,1,2,2.0
1623,"[[6, 5], [], [], [0, 9], [], [], [], [10, 4], [], [8, 2], [4]]","[-3, 3, 2, None, 1, 0, -2, 0, 3, -3, 1]",165,3,5.0,best_second,w7dc578d,8.854950316500325,7.570443252057373,9.09918532261002,0,0,0,1,1,2,2.0
1624,"[[7, 9], [], [4, 8], [5, 0], [8], [10, 6], [], [], [], [], []]","[2, -2, 0, None, -1, -3, -4, -4, -1, 4, -3]",117,11,2.0,best_second,w7dc578d,7.904334842085095,7.142036574706803,8.287025025165063,6,6,0,1,1,2,1.0
1626,"[[8, 6], [], [], [10, 7], [], [], [], [2, 9], [6], [], [4, 1]]","[-3, -1, -2, None, 4, -2, 2, 0, -2, -3, 0]",393,6,1.0,best_second,w7dc578d,8.680331928793418,7.402451520818244,8.925986089617076,4,4,0,1,1,2,1.0
1627,"[[], [8, 0], [], [], [], [], [7, 9], [2, 10], [0], [5, 3], []]","[-3, 2, -4, -1, -3, -3, None, 3, -3, -2, 4]",105,10,1.0,best_second,w7dc578d,7.815207062189088,7.22256601882217,8.255048902752295,7,7,0,1,1,2,2.0
1630,"[[], [], [], [], [], [9], [8, 10], [5, 9], [2, 3], [], [4, 1]]","[3, -2, -1, 4, 2, 1, None, -1, 0, 2, -1]",45,5,4.0,best_third,w7dc578d,8.066835314417336,6.888572459565363,8.334951631422452,4,4,0,1,1,2,4.0
1632,"[[1, 5], [5], [8, 3], [], [], [], [10, 2], [], [], [], [7, 4]]","[-4, 4, -1, 4, -4, 1, None, 4, 3, 3, 2]",357,5,6.0,best_min,w7dc578d,7.778211474512493,6.752270376141742,8.084254106307318,6,6,0,1,1,2,1.0
1633,"[[], [7, 8], [6, 0], [1, 2], [], [], [], [], [], [10, 4], [4]]","[4, 0, 0, None, 1, -3, -2, 3, -1, 1, 1]",125,4,4.0,best_min,w7dc578d,8.331345424845724,7.382746449738912,8.658519127506672,4,4,0,1,1,2,4.0
1634,"[[], [], [], [4, 8], [8], [], [10, 1], [2, 0], [], [7, 6], []]","[0, 2, -1, 4, 1, -2, -2, 2, 4, None, -2]",259,3,2.0,best_second,w7dc578d,8.98281222234415,7.638198244285779,9.21433239324572,2,2,0,1,1,2,4.0
1635,"[[], [], [3, 10], [], [1], [], [2, 7], [0, 9], [4, 1], [], []]","[-3, 4, 3, -2, 0, 4, None, -4, 0, -2, 4]",107,11,1.0,best_second,w7dc578d,7.981733286691886,6.894670039433481,8.272059622210412,7,7,0,1,1,2,1.0
1636,"[[9, 2], [7], [], [8, 0], [1, 7], [], [], [], [10, 6], [], []]","[0, -3, 3, None, -2, 4, 1, 1, -3, -4, 3]",191,5,3.0,best_min,w7dc578d,8.815963560853438,7.292337176173877,9.012986392348266,3,3,0,1,1,2,2.0
1639,"[[], [10, 0], [], [], [], [3, 8], [9, 5], [], [], [4, 2], [0]]","[-2, -4, -1, -4, 4, -4, None, 0, -1, 2, 1]",95,10,3.0,best_second,w7dc578d,8.212839584676484,6.617402977974477,8.39728289474368,6,6,0,1,1,2,3.0
1641,"[[], [], [4, 5], [2, 7], [], [], [10], [9, 0], [6, 10], [], []]","[1, -3, 4, None, -2, 2, -3, 2, 1, -1, 3]",345,4,2.0,best_third,w7dc578d,8.073402968986406,6.975413927455952,8.361007108226909,6,6,0,1,1,2,2.0
1642,"[[3], [], [], [], [10, 5], [], [8, 4], [], [7, 2], [0, 3], []]","[-1, 2, 0, 0, 3, 3, None, 1, 3, -1, -1]",293,3,0.0,best_min,w7dc578d,7.808323050391056,7.728855823852543,8.462314529906248,6,6,0,1,1,2,1.0
1644,"[[1], [], [0, 1], [6, 9], [], [], [], [10, 5], [7, 3], [], []]","[3, -4, 3, -2, -1, -3, -2, 4, None, -4, 4]",109,11,7.0,best_second,w7dc578d,7.497207223203318,6.439350371100098,7.794823152179389,8,8,0,1,1,2,2.0
1645,"[[4, 8], [], [10, 9], [6], [], [3, 6], [], [0, 2], [], [], []]","[-4, 1, 3, -4, 1, -1, 1, None, -4, 4, -1]",247,10,1.0,best_second,w7dc578d,7.889084407035514,7.43543801981455,8.380685946761574,7,7,0,1,1,2,5.0
1646,"[[], [], [], [8, 2], [0], [9, 3], [], [], [], [7, 1], [4, 0]]","[-2, 3, -3, 4, 2, None, 4, 1, 2, 2, 3]",249,3,7.0,best_min,w7dc578d,8.22282213081366,6.618738983517219,8.405814603432848,6,6,0,1,1,2,2.0
1648,"[[2, 8], [4, 10], [], [9, 7], [], [0, 1], [], [], [], [7], []]","[2, 0, -1, -3, 2, None, 0, 4, 2, 4, 3]",351,2,0.0,best_min,w7dc578d,8.65799806800726,7.217443431696532,8.870382066070137,4,4,0,1,1,2,1.0
1649,"[[8, 10], [], [4, 5], [], [3, 7], [6, 1], [], [], [10], [], []]","[-4, 2, None, -1, 0, -1, 1, 4, 0, 3, -3]",223,4,4.0,best_min,w7dc578d,8.161375023197486,6.848005274576362,8.39931015075952,4,4,0,1,1,2,1.0
1652,"[[], [], [0], [8, 5], [2, 0], [], [10, 3], [], [], [], [9, 7]]","[0, -2, 2, 3, -1, 4, None, -3, -4, 0, -4]",129,11,1.0,best_second,w7dc578d,7.752335163302292,7.57147364885127,8.358900612421644,7,7,0,1,1,2,3.0
1657,"[[], [], [5, 4], [7, 1], [], [4], [8, 10], [], [], [6, 3], []]","[4, -3, 0, 3, -4, 3, -4, 4, 0, None, -4]",127,11,6.0,best_second,w7dc578d,7.830425617820332,7.07834157955767,8.216358332386156,7,7,0,1,1,2,4.0
1659,"[[6, 7], [], [5, 1], [8, 9], [0, 2], [], [], [], [9], [], []]","[-4, -4, 2, 2, None, 3, -4, -1, 2, -1, 3]",209,10,6.0,best_second,w7dc578d,8.535622326884605,6.481577129276431,8.656085190282857,5,5,0,1,1,2,3.0
1661,"[[], [9], [], [8, 0], [5, 6], [], [], [4, 3], [], [], [1, 9]]","[-4, 3, 1, -3, 3, -3, 3, None, 4, -4, 0]",37,8,0.0,best_third,w7dc578d,8.290292591224315,7.064759027791802,8.54752839121231,6,6,0,1,1,2,8.0
1662,"[[7], [6, 10], [5, 3], [], [1, 2], [], [], [], [0, 7], [], []]","[4, -3, 2, 4, None, -1, 0, -2, 3, 2, -4]",113,9,2.0,best_second,w7dc578d,7.814803429489359,7.284820912568604,8.277411998949004,6,6,0,1,1,2,4.0
1663,"[[2, 8], [], [], [5], [], [], [7, 0], [1, 4], [], [], [3, 5]]","[4, 1, -3, 0, -4, -1, None, -2, 4, -2, -2]",305,10,0.0,best_second,w7dc578d,8.069029328774958,7.1846291527173145,8.414495793177895,8,8,0,1,1,2,5.0
1669,"[[], [9, 7], [], [2], [], [3, 2], [], [4, 6], [], [8, 0], []]","[4, None, -2, 1, -3, 2, -2, -4, -3, 1, -1]",177,10,2.0,best_second,w7dc578d,7.944846711001996,7.776954403322441,8.557374981049069,5,-6,11,0,0,2,7.0
1671,"[[5, 10], [], [], [], [8], [6, 1], [], [4, 8], [], [], [2, 3]]","[None, 2, 3, -3, -4, -3, -2, 2, 4, -2, 3]",349,8,6.0,best_second,w7dc578d,7.548028969935014,6.4425401664681985,7.833600223661104,6,6,0,1,1,2,4.0
1672,"[[8], [], [], [7, 5], [], [1, 6], [], [9, 4], [], [], [0, 8]]","[4, -4, 3, None, 4, -3, -3, 2, 3, -4, -1]",187,11,2.0,best_second,w7dc578d,8.087640287778983,7.236339342754344,8.442900586834382,6,6,0,1,1,2,1.0
1673,"[[6, 9], [], [], [10], [7, 0], [3, 10], [], [1, 8], [], [], []]","[3, 1, 0, 0, None, -2, 3, -3, -4, -3, 2]",381,9,6.0,best_second,w7dc578d,7.965198290612176,6.86484777797086,8.252185436003328,6,6,0,1,1,2,5.0
1674,"[[], [9, 6], [], [8, 10], [7, 1], [], [], [2, 5], [10], [], []]","[-4, -4, 3, 2, None, -4, -4, 3, 1, -2, 0]",379,11,7.0,best_second,w45a7a42,8.403128235128264,7.5745584842024805,8.765302488748194,6,6,0,1,1,2,2.0
1675,"[[], [], [7, 1], [9, 8], [6, 10], [3, 4], [], [1], [], [], []]","[3, 3, 2, 1, -2, None, -2, 2, -1, -4, 0]",173,3,2.0,best_third,w45a7a42,8.857230494201946,8.224431573221157,9.28312604170183,0,-3,3,0,1,2,2.0
1680,"[[], [], [8, 9], [7, 2], [], [10, 6], [], [1, 4], [], [], [6]]","[1, 3, 0, None, -4, -2, 0, 4, -1, 4, 1]",175,6,8.0,best_third,w45a7a42,8.506132244056813,7.694392802629421,8.87346805533363,7,7,0,1,1,2,5.0
1681,"[[], [7, 9], [], [8], [1, 6], [3, 8], [2, 0], [], [], [], []]","[-3, -2, 2, -1, None, -4, -3, -2, 3, 0, 0]",291,3,2.0,best_min,w45a7a42,9.933968259789715,8.331827004436057,10.117469262057952,-1,-4,3,0,0,2,5.0
1683,"[[], [3, 6], [8, 7], [6], [10, 9], [4, 2], [], [], [], [], []]","[0, 0, 3, 4, 2, None, -4, -3, -2, -3, -4]",217,2,6.0,best_second,w45a7a42,9.20281210555539,9.91353688838913,10.313143865262761,1,0,1,0,1,2,1.0
1685,"[[6, 3], [], [], [], [2, 9], [], [], [10, 5], [0, 4], [], [5]]","[4, -4, -4, -4, 1, -3, 4, 1, None, 2, -3]",365,8,8.0,best_third,w45a7a42,8.345455428161927,7.798523053625207,8.801920904041582,8,8,0,1,1,2,6.0
1686,"[[], [3, 9], [1, 6], [], [5, 8], [8], [10, 7], [], [], [], []]","[0, -4, None, 4, 1, -1, -3, 1, 4, 1, -1]",205,3,4.0,best_third,w45a7a42,9.963594393268247,9.471473109194427,10.440623991091917,0,-2,2,0,0,2,3.0
1687,"[[6, 9], [], [10, 4], [], [7, 1], [], [9], [], [], [], [5, 8]]","[0, 4, None, -1, 4, 2, 0, 1, -4, 0, -3]",91,9,0.0,best_second,w45a7a42,8.844768827529697,7.928045600874777,9.181014542594355,8,5,3,0,1,2,6.0
1691,"[[5, 10], [], [7], [], [], [], [2, 7], [], [3, 4], [0, 8], []]","[3, -1, -1, 3, -2, -1, 1, -3, 0, None, 4]",375,6,1.0,best_third,w45a7a42,9.105757331783742,7.478734825567875,9.2850767180902,7,7,0,1,1,2,5.0
1693,"[[], [], [], [4, 2], [2], [7, 10], [1, 0], [], [6, 5], [], []]","[-1, -2, -4, 4, 1, 2, -1, 0, None, 4, 4]",383,7,2.0,best_second,w45a7a42,9.099408811268901,8.22389538017882,9.447623486844112,6,6,0,1,1,2,1.0
1695,"[[6, 4], [7, 5], [], [], [2, 3], [], [10, 8], [5], [], [], []]","[None, 2, -2, -1, 0, -3, -1, -2, 2, -1, 1]",283,2,3.0,best_second,w45a7a42,9.549950537288323,8.045588280803528,9.750511182936638,1,1,0,1,1,2,1.0
1696,"[[], [], [], [4, 6], [2, 0], [], [1, 7], [], [9, 5], [5], []]","[-4, -3, 3, None, -4, 0, 0, 0, -3, -4, 2]",251,4,0.0,best_third,w45a7a42,7.945909598613133,8.09803475617607,8.717845704894915,0,0,0,1,1,2,7.0
1697,"[[7], [0, 7], [], [], [], [], [5, 10], [], [4, 3], [8, 6], []]","[4, 2, 4, -3, 4, -2, -1, -4, 4, None, 0]",33,9,7.0,best_second,w45a7a42,8.945071894361302,8.686935966003333,9.517383797906582,8,8,0,1,1,2,2.0
1700,"[[], [], [5, 8], [], [9, 10], [8], [], [], [], [1, 0], [3, 7]]","[4, 3, -2, 0, None, 1, 1, 2, -3, -1, 4]",309,3,2.0,best_second,w45a7a42,8.640825751861511,8.922924930641834,9.48486121415014,6,6,0,1,1,2,1.0
1701,"[[], [], [8, 3], [5, 0], [], [], [], [], [4, 1], [10, 7], [7]]","[-4, -3, None, 1, -1, -3, -2, -1, -4, 4, -1]",115,3,5.0,best_second,w45a7a42,8.463581421967588,8.846640813100487,9.366403507607771,-2,-3,1,0,1,2,2.0
1703,"[[6, 4], [9, 10], [], [0, 5], [], [7, 2], [], [], [], [10], []]","[-4, -3, -4, None, 0, -2, -4, 2, -3, 0, -1]",35,6,2.0,best_third,w45a7a42,9.248406572782638,7.713784616598755,9.44351345892757,0,0,0,1,1,2,4.0
1705,"[[], [], [7, 3], [], [], [], [9, 0], [3], [10, 6], [], [4, 1]]","[1, 2, -4, -4, -2, 4, 2, 1, None, -1, 4]",59,4,2.0,best_third,w45a7a42,7.833600223661104,7.815207062189088,8.517393171418904,6,6,0,1,1,2,2.0
1706,"[[], [4], [], [9, 5], [], [], [7, 3], [0, 8], [], [], [1, 4]]","[4, 3, 0, -4, 2, 4, None, 4, -2, 2, 3]",253,8,6.0,best_second,w45a7a42,8.03268487596762,6.9508147684425845,8.324336332706899,8,8,0,1,1,2,2.0
1707,"[[], [], [3, 0], [], [2, 8], [7], [], [], [6, 9], [], [5, 7]]","[-3, -4, -4, 4, None, 1, 2, -2, 3, -2, -2]",367,7,5.0,best_second,w45a7a42,8.124446855715847,7.744136627627991,8.645234541297121,5,5,0,1,1,2,7.0
1708,"[[10, 1], [], [7, 8], [], [], [], [], [4, 5], [3, 6], [], [1]]","[3, 4, None, 4, 4, -1, -3, 1, 4, -4, 1]",159,6,7.0,best_third,w45a7a42,8.3696208269491,7.346010209913293,8.676416696964216,8,8,0,1,1,2,5.0
1709,"[[], [10], [], [4, 5], [2, 6], [0, 8], [], [], [], [1, 10], []]","[2, -1, -1, None, -3, 0, 0, -2, 1, 0, 2]",3,4,1.0,best_second,w45a7a42,7.638198244285779,8.600982717145921,8.9242570208881,2,2,0,1,1,2,1.0
1710,"[[5, 4], [], [], [], [2, 3], [1, 9], [], [8], [], [], [7, 8]]","[None, 4, -4, 0, -4, 4, 3, 0, 1, 2, -3]",237,10,2.0,best_second,w45a7a42,8.315321775377567,7.795234929002173,8.781708985836179,8,6,2,0,1,2,4.0
1712,"[[], [4, 7], [3, 6], [6], [], [], [], [], [10, 1], [], [9, 0]]","[2, 4, -1, -1, -2, 4, 3, 0, None, -2, -1]",41,4,4.0,best_second,w45a7a42,7.579678823090456,8.046229101075378,8.532869670801245,4,4,0,1,1,2,4.0
1714,"[[], [], [7, 6], [1], [], [], [4, 9], [5, 10], [3, 1], [], []]","[-3, 3, None, -2, -4, -2, 3, 0, -2, -1, 0]",287,3,4.0,best_third,w45a7a42,8.195609567288775,8.525161361065415,9.066931788680826,2,2,0,1,1,2,2.0
1717,"[[3, 5], [], [], [4, 1], [], [10, 6], [], [], [9, 7], [7], []]","[None, -4, 4, 1, 1, 2, -1, 2, 3, -3, 1]",21,3,3.0,best_third,w45a7a42,8.406038142050075,7.903596289614302,8.87905466204227,3,3,0,1,1,2,5.0
1718,"[[], [], [], [], [], [3, 8], [2, 1], [0], [], [5, 6], [7, 0]]","[2, 2, -4, 0, 2, -1, 4, -1, -4, None, 3]",111,8,2.0,best_second,w45a7a42,7.8367647832640674,8.340933226000878,8.813289762469037,6,6,0,1,1,2,4.0
1720,"[[1], [], [4, 6], [], [9, 5], [], [10, 7], [], [0, 1], [], []]","[-2, -4, None, 1, -2, -2, 2, 0, 2, -4, -1]",17,5,2.0,best_second,w45a7a42,7.780720886117918,9.029657471850737,9.281730368062854,2,1,1,0,1,2,2.0
1723,"[[], [], [3], [], [], [], [], [9, 8], [5, 0], [1, 6], [2, 3]]","[1, 1, 0, -3, -3, -3, -4, None, -1, -4, 0]",121,5,2.0,best_third,w45a7a42,8.589885876809678,8.35490952835879,9.172326929777967,0,0,0,1,1,2,5.0
1724,"[[3, 1], [], [8, 4], [], [], [7, 6], [], [], [4], [], [5, 0]]","[2, -2, -4, 3, -2, -4, -3, -4, 1, -3, None]",9,10,4.0,best_second,w45a7a42,8.031710375322042,6.9930151229329605,8.334471554600942,5,5,0,1,1,2,1.0
1725,"[[3, 8], [], [4], [1, 7], [], [2, 4], [], [], [9, 6], [], []]","[None, -2, 3, -4, 1, 1, -2, -1, 1, 2, -4]",183,7,3.0,best_second,w45a7a42,7.792761720816526,7.6324011266014535,8.408716715080153,3,3,0,1,1,2,1.0
1731,"[[5], [], [10, 3], [], [], [], [9, 2], [0, 5], [], [8, 1], []]","[4, -4, 4, 3, -4, 0, None, -1, -1, -4, -3]",227,11,1.0,best_second,w45a7a42,7.44716835960004,8.386400901166214,8.716207971151851,7,7,0,1,1,2,3.0
1737,"[[], [], [], [], [3], [], [], [5, 1], [7, 10], [4, 3], [0, 2]]","[-3, -1, 3, 1, -2, 1, 2, 3, None, 3, -4]",101,6,4.0,best_second,w45a7a42,8.053887083618225,6.802394763324311,8.305236829492591,4,4,0,1,1,2,6.0
1738,"[[2, 4], [], [4], [], [], [3, 10], [5, 7], [1, 8], [], [], []]","[-3, -3, -1, 2, 3, 4, None, -4, -4, -4, -1]",347,10,5.0,best_second,w45a7a42,7.56734567601324,6.901737206656573,7.981733286691886,6,6,0,1,1,2,1.0
1739,"[[4, 10], [], [], [6, 5], [10], [], [], [], [2, 1], [8, 3], []]","[-1, 2, 0, -3, 4, -4, 3, 0, 4, None, 2]",199,7,2.0,best_second,w45a7a42,7.400620577371135,7.543802867501509,8.16763571524637,6,6,0,1,1,2,7.0
1742,"[[5, 6], [9, 2], [], [4, 10], [], [], [], [], [3, 0], [2], []]","[0, -2, 1, 1, 1, 4, -2, -4, None, 3, -4]",181,5,2.0,best_third,w45a7a42,9.328034514792826,6.715383386334682,9.398726833332388,4,4,0,1,1,2,5.0
1745,"[[1, 10], [2, 8], [], [9], [], [3, 9], [], [], [], [], [7, 6]]","[None, -2, -2, 3, 0, 4, -3, 4, -3, -2, 3]",63,10,6.0,best_second,w45a7a42,8.061802274538346,7.643003635560718,8.567125560164447,7,7,0,1,1,2,1.0
1748,"[[3, 10], [6], [], [], [8, 0], [], [], [], [5, 2], [1, 6], []]","[4, 0, 2, -1, None, -1, 1, 4, -2, 4, 2]",31,6,2.0,best_second,w45a7a42,7.962763930168115,8.36287583103188,8.875706444628609,6,6,0,1,1,2,3.0
1749,"[[4, 3], [], [], [], [3], [], [], [], [10, 9], [7, 6], [2, 5]]","[4, 0, 1, -1, -3, 3, -2, 3, None, 3, 2]",97,3,1.0,best_min,w45a7a42,8.664232934065552,8.000349495324684,9.079434102128383,6,5,1,0,0,2,5.0
1750,"[[], [2, 3], [], [], [10], [0, 7], [], [], [4, 10], [5, 1], []]","[0, -2, 0, 1, 3, -3, 4, 3, 4, None, 3]",339,2,3.0,best_min,w45a7a42,8.711772645605693,9.196342862332328,9.676210469940312,0,-1,1,0,0,2,3.0
1751,"[[4, 2], [9, 3], [], [], [], [], [10, 8], [6, 0], [], [3], []]","[-2, -1, -3, 0, -4, -1, 1, None, -1, -3, -2]",87,4,2.0,best_second,w45a7a42,8.07558263667172,7.908019444632471,8.688285266258644,0,0,0,1,1,2,1.0
1752,"[[], [10, 5], [], [], [7, 9], [], [], [8, 2], [], [0, 6], [5]]","[4, 4, -3, 1, None, 2, -2, -3, -2, 4, 1]",15,11,6.0,best_second,w45a7a42,7.91644286012226,7.3277805384216315,8.35772841676521,8,8,0,1,1,2,1.0
1753,"[[], [3, 5], [4, 7], [], [], [], [9], [], [6, 9], [], [2, 1]]","[-4, -3, -3, 1, 3, 2, 1, 0, 3, 1, None]",271,2,5.0,best_min,w45a7a42,8.953769294549454,8.08487062913819,9.303921785597714,0,-1,1,0,0,2,3.0
1756,"[[], [], [], [8, 5], [], [2, 1], [7, 9], [9], [4, 10], [], []]","[1, 3, -1, None, 0, 3, 4, 4, 1, 4, -4]",307,6,0.0,best_second,w45a7a42,8.614501373883236,7.656810091480378,8.939187601475613,6,6,0,1,1,2,4.0
1758,"[[], [], [6, 5], [], [1, 3], [], [5], [8, 9], [], [], [7, 4]]","[1, 2, 1, -3, 1, -1, 0, 2, -2, -3, None]",221,4,4.0,best_min,w45a7a42,8.61050136854989,7.110696122978828,8.811801223938751,3,3,0,1,1,2,1.0
1760,"[[1, 4], [], [7, 9], [2, 0], [], [6, 10], [10], [], [], [], []]","[4, -2, 1, None, -1, -3, -2, 4, -3, 0, 0]",341,3,5.0,best_min,w45a7a42,8.096208271650035,8.410943391573527,8.958925938694945,5,3,2,0,0,2,4.0
1765,"[[], [5, 2], [], [6, 9], [10, 3], [2], [], [], [], [], [7, 0]]","[-4, -2, -1, 1, None, 3, 2, -2, 0, -1, -3]",145,7,2.0,best_second,w45a7a42,7.8636512654486515,7.588829878307813,8.428580533059634,3,3,0,1,1,2,2.0
1769,"[[], [0], [7, 4], [1, 0], [5, 9], [], [], [8, 6], [], [], []]","[-2, -3, None, -1, -3, -4, 4, 4, -1, 1, 4]",385,10,0.0,best_second,w45a7a42,7.292337176173877,7.752335163302292,8.24143968982973,8,8,0,1,1,2,5.0
1775,"[[10, 5], [], [], [], [], [], [1, 4], [6, 0], [2], [8, 2], []]","[-3, 1, 0, -1, 4, -3, 3, None, 1, 4, -4]",179,10,1.0,best_second,w45a7a42,7.585281078639126,7.7989333100412175,8.39072252736229,7,7,0,1,1,2,1.0
1777,"[[4], [8, 3], [], [7, 2], [], [], [], [], [9, 5], [], [0, 4]]","[-3, None, 2, 1, -1, 3, -4, -4, -1, 2, -1]",281,3,4.0,best_min,w45a7a42,8.697178688412645,7.044905117129371,8.87234697898303,3,2,1,0,0,2,6.0
1778,"[[1], [], [7, 5], [6, 8], [3, 2], [], [], [], [], [], [0, 1]]","[2, -1, 1, -4, None, -4, -1, 4, 0, 0, 0]",203,9,5.0,best_second,w45a7a42,7.829630389150193,6.6758232216348485,8.10349427838097,5,5,0,1,1,2,1.0
1782,"[[], [3, 7], [4], [], [], [], [9, 0], [], [2, 4], [], [6, 1]]","[-2, 4, -3, 4, 0, 1, -4, -1, 3, 4, None]",229,9,5.0,best_second,w45a7a42,7.649692623711514,7.170119543449628,8.131236549696116,8,8,0,1,1,2,6.0
1783,"[[], [5, 4], [], [0, 2], [], [4], [9, 10], [6, 3], [], [], []]","[-4, 2, -2, 1, 1, 2, 1, None, -1, -3, 4]",153,7,3.0,best_third,w45a7a42,8.618666160346871,6.75110146893676,8.762176509334903,5,-2,7,0,1,2,2.0
1784,"[[], [], [5], [2, 5], [0, 10], [], [], [8, 6], [], [4, 7], []]","[0, -1, 3, -4, 1, 0, 3, 3, -1, None, -4]",363,6,5.0,best_second,w45a7a42,7.840312983320165,8.322151070212902,8.802973456578423,6,1,5,0,0,2,4.0
1785,"[[8, 1], [6, 2], [], [], [], [7], [], [], [3, 4], [5, 7], []]","[None, 2, -4, -3, -1, 0, 4, -2, -3, -4, -1]",297,10,6.0,best_second,w45a7a42,7.88570539124302,6.98100574072173,8.225235324101668,6,6,0,1,1,2,2.0
1790,"[[3], [], [], [], [], [0, 3], [7, 10], [1, 8], [], [], [2, 4]]","[-2, -1, 1, -3, 4, 2, None, -4, -2, 2, 4]",67,10,0.0,best_second,w45a7a42,7.687080155783135,8.221747728346623,8.68270762989381,8,8,0,1,1,2,1.0
1793,"[[], [7], [], [6, 5], [], [], [], [], [2, 0], [1, 7], [8, 3]]","[-1, -3, 4, -3, 2, 1, -4, -2, 4, -2, None]",327,10,5.0,best_second,w45a7a42,7.510977752014095,6.920671504248683,7.951559331155251,8,8,0,1,1,2,5.0
1794,"[[], [6, 3], [], [4, 9], [], [10, 7], [2, 0], [], [], [], [7]]","[-4, None, 4, 1, -3, -3, 4, 0, -3, 1, -2]",257,8,8.0,best_third,w45a7a42,7.913886714856082,7.71333788887187,8.511577452630602,8,8,0,1,1,2,4.0
1795,"[[6], [], [0, 6], [], [], [4, 8], [], [9, 3], [], [], [7, 5]]","[1, -3, -2, 1, 0, 3, 0, 3, 3, 2, None]",197,2,0.0,best_min,w45a7a42,8.685922794690725,8.023552392404348,9.101640955052842,6,6,0,1,1,2,1.0
1797,"[[5, 6], [], [], [7], [10, 0], [], [], [], [], [3, 7], [2, 1]]","[1, 3, 0, 2, None, 4, 2, 2, 4, 4, 4]",353,3,1.0,best_third,w45a7a42,8.404248432400102,7.704811922932594,8.807471889715284,7,7,0,1,1,2,2.0
1800,"[[], [], [4, 10], [], [8, 0], [3], [], [], [], [5, 3], [1, 7]]","[-4, -1, None, -4, 2, -3, -1, -3, -2, 2, -3]",323,4,6.0,best_second,w45a7a42,9.102977853647683,8.205218426395412,9.444700778495557,0,0,0,1,1,2,2.0
1801,"[[8, 10], [9, 0], [], [], [7, 2], [], [], [2], [], [5, 6], []]","[-3, None, 2, 3, -4, -1, 4, 1, -2, 4, -1]",29,10,0.0,best_second,w45a7a42,7.746300662231439,7.555381944240272,8.348301054933943,8,8,0,1,1,2,1.0
1803,"[[], [], [], [], [3, 6], [1, 0], [], [], [2], [4, 5], [8, 2]]","[4, -1, 0, 0, 2, 1, 2, -1, 1, None, 4]",89,3,0.0,best_min,w45a7a42,7.716015266642587,7.8709295967551425,8.489410810403786,5,4,1,0,0,2,5.0
1805,"[[], [], [9, 10], [], [1, 3], [7, 0], [], [], [4, 5], [10], []]","[-4, -4, -2, 0, -4, 4, -2, 3, None, -4, -1]",193,11,8.0,best_second,w45a7a42,8.03365842788615,7.0909098220799835,8.36240897761537,7,7,0,1,1,2,4.0
1807,"[[], [2, 8], [], [], [0], [], [4, 0], [10, 1], [], [], [3, 9]]","[2, -2, 3, -2, 4, -3, -1, None, 1, -1, -1]",269,3,3.0,best_second,w45a7a42,9.633252393688068,7.095064377287131,9.709235104874208,1,1,0,1,1,2,1.0
1808,"[[], [], [0, 9], [], [], [8], [3, 4], [6, 2], [], [], [5, 8]]","[-2, 0, 3, -1, -4, -2, -4, None, -4, 4, -4]",137,11,1.0,best_second,w45a7a42,7.964155718840938,7.873978379604501,8.61304867705976,7,7,0,1,1,2,3.0
1810,"[[9, 10], [], [], [6, 0], [], [7, 1], [4, 2], [1], [], [], []]","[-4, -1, -2, None, 2, -4, 2, -3, 4, 0, -1]",51,7,4.0,best_second,w45a7a42,9.176162920174596,7.635303886259415,9.370160663423624,4,4,0,1,1,2,1.0
1812,"[[3], [], [], [], [0, 3], [], [7, 9], [], [10, 6], [], [2, 1]]","[-3, 4, 1, -3, 0, 4, 4, -1, None, 2, -4]",303,6,2.0,best_second,w45a7a42,7.697575346802343,8.122668023346407,8.625509334899697,6,6,0,1,1,2,3.0
1813,"[[], [8, 5], [4, 0], [], [0], [3, 10], [], [], [6, 7], [], []]","[-4, None, 3, -1, 0, -2, 3, 2, 3, -4, 3]",331,5,1.0,best_second,w45a7a42,8.212025804623437,7.866338923046544,8.747034264178168,6,6,0,1,1,2,4.0
1815,"[[], [6, 0], [], [1, 4], [5, 8], [], [], [9], [], [], [7, 9]]","[-2, -4, -2, None, 4, 4, 4, 4, -1, 3, -1]",147,9,5.0,best_second,w45a7a42,8.09223940672421,7.41457288135059,8.502688505213357,8,8,0,1,1,2,6.0
1817,"[[], [], [5, 1], [], [10, 9], [], [8, 2], [], [3, 0], [], [9]]","[-2, 1, 4, -4, 2, 2, None, -2, -1, -3, 0]",157,7,3.0,best_second,w45a7a42,8.38206051742474,7.0613343669104385,8.618485442898109,6,6,0,1,1,2,2.0
1818,"[[10, 1], [], [9, 5], [6, 7], [], [], [], [], [0, 3], [5], []]","[-1, 4, 3, -2, -4, 1, -4, 1, None, -1, -4]",55,7,5.0,best_third,w45a7a42,8.180600947594447,7.653969180478775,8.644530439877432,3,3,0,1,1,2,5.0
1821,"[[], [], [], [6], [0, 10], [4, 8], [], [], [1, 7], [3, 6], []]","[1, 2, 1, -2, 3, None, 3, -2, 1, -3, 2]",119,3,1.0,best_second,w45a7a42,8.304247465078474,7.816416983691801,8.782783017393202,5,5,0,1,1,2,4.0
1822,"[[], [], [7], [5, 4], [], [], [3, 8], [], [0, 10], [2, 7], []]","[-4, 3, 2, 4, 4, 0, None, -3, -4, 1, 2]",49,10,0.0,best_second,w45a7a42,8.205491613120236,7.299797366758161,8.544808358449211,8,8,0,1,1,2,6.0
1824,"[[], [], [4, 10], [7, 9], [0, 6], [], [], [9], [], [], [1, 8]]","[2, 1, None, 2, -4, 2, -1, -1, -2, -3, 3]",279,6,5.0,best_second,w45a7a42,7.827240901752812,8.086410275323782,8.65817178467581,4,4,0,1,1,2,3.0
1825,"[[], [], [], [10, 2], [8], [0, 7], [4, 8], [], [], [3, 5], []]","[-4, 3, 4, 4, 4, -2, -3, -1, -3, None, -4]",75,11,0.0,best_second,w45a7a42,7.415175109613295,7.60489448081162,8.207401833376355,8,8,0,1,1,2,3.0
1826,"[[4], [], [], [], [], [7, 8], [], [6, 9], [2, 1], [], [0, 4]]","[2, -4, -2, -1, 2, None, 4, 0, -1, -4, 0]",371,8,4.0,best_third,w45a7a42,8.152486075780242,7.202661196523238,8.479283618343018,4,4,0,1,1,2,2.0
1827,"[[9, 10], [], [0, 5], [], [7, 1], [3, 6], [], [1], [], [], []]","[2, 1, None, -1, 0, 1, 4, 4, -2, 0, 2]",139,3,0.0,best_min,w45a7a42,9.070733417589764,7.5740450053721995,9.272657678041044,5,4,1,0,0,2,5.0
1828,"[[], [], [], [7, 10], [], [9, 1], [], [6, 8], [], [1], [2, 0]]","[0, -3, -4, None, -4, -3, -3, 2, 3, -4, 1]",343,6,1.0,best_third,w45a7a42,8.348774539791274,7.645875825184814,8.750841375375531,5,5,0,1,1,2,4.0
1835,"[[], [], [10, 8], [4], [], [], [], [3, 4], [6, 0], [], [9, 1]]","[3, -3, None, -1, -4, -3, 0, 0, 0, -2, 4]",219,2,3.0,best_min,w45a7a42,8.708309295891686,8.606851063346774,9.351926736038054,3,3,0,1,1,2,1.0
1838,"[[10, 2], [], [], [], [8, 5], [], [1, 3], [0, 6], [5], [], []]","[4, -1, -1, 4, -2, 2, 3, None, 4, -4, 0]",135,4,5.0,best_min,w45a7a42,8.888480847722816,7.60389796852188,9.13270310224903,7,4,3,0,0,2,5.0
1839,"[[], [], [7, 10], [9, 1], [], [], [], [8, 6], [], [1], [4, 0]]","[1, -3, None, 4, -4, 3, 2, 4, -4, 4, -3]",285,9,2.0,best_second,w45a7a42,8.872487182278038,7.0630481633881725,9.024010793784688,6,6,0,1,1,2,5.0
1840,"[[], [3, 4], [8, 6], [9, 0], [7, 10], [], [], [], [6], [], []]","[0, None, 1, -4, 3, 4, 0, 0, 4, -4, 2]",1,8,1.0,best_second,w45a7a42,7.87473912517181,7.792761720816526,8.527539483470381,5,3,2,0,1,2,4.0
1843,"[[9], [], [4, 8], [1, 6], [], [], [], [0, 9], [], [], [2, 3]]","[1, -4, -1, 1, -1, -2, 3, 3, 3, 4, None]",255,5,2.0,best_min,w45a7a42,8.838696812343528,7.760467029213421,9.13140538388804,4,4,0,1,1,2,4.0
1844,"[[], [], [], [], [8, 1], [], [10, 9], [], [1], [5, 2], [7, 0]]","[-3, -1, 2, 2, -4, 4, None, 4, -1, -4, 2]",19,7,5.0,best_third,w45a7a42,8.03947991910045,7.821242083523558,8.629271094821588,6,6,0,1,1,2,2.0
1845,"[[6, 5], [], [], [0, 9], [], [], [], [10, 4], [], [8, 2], [4]]","[-3, 3, 2, None, 1, 0, -2, 0, 3, -3, 1]",165,3,5.0,best_second,w45a7a42,8.363575702750637,7.208600337960199,8.637284671674056,0,0,0,1,1,2,2.0
1846,"[[7, 9], [], [4, 8], [5, 0], [8], [10, 6], [], [], [], [], []]","[2, -2, 0, None, -1, -3, -4, -4, -1, 4, -3]",117,11,2.0,best_second,w45a7a42,7.895808377083183,8.266164436612492,8.791029857045965,6,6,0,1,1,2,1.0
1848,"[[8, 6], [], [], [10, 7], [], [], [], [2, 9], [6], [], [4, 1]]","[-3, -1, -2, None, 4, -2, 2, 0, -2, -3, 0]",393,6,1.0,best_second,w45a7a42,8.321907968230423,7.889459149404524,8.821879862683842,4,-1,5,0,1,2,1.0
1849,"[[], [8, 0], [], [], [], [], [7, 9], [2, 10], [0], [5, 3], []]","[-3, 2, -4, -1, -3, -3, None, 3, -3, -2, 4]",105,10,1.0,best_second,w45a7a42,8.982937763741589,7.37650812632622,9.165656764349542,7,-1,8,0,1,2,2.0
1852,"[[], [], [], [], [], [9], [8, 10], [5, 9], [2, 3], [], [4, 1]]","[3, -2, -1, 4, 2, 1, None, -1, 0, 2, -1]",45,5,4.0,best_third,w45a7a42,9.095153962167066,7.407924322559599,9.264828557260252,4,4,0,1,1,2,4.0
1854,"[[1, 5], [5], [8, 3], [], [], [], [10, 2], [], [], [], [7, 4]]","[-4, 4, -1, 4, -4, 1, None, 4, 3, 3, 2]",357,5,6.0,best_min,w45a7a42,7.465082736399547,7.534762657037537,8.193400231952099,6,6,0,1,1,2,1.0
1855,"[[], [7, 8], [6, 0], [1, 2], [], [], [], [], [], [10, 4], [4]]","[4, 0, 0, None, 1, -3, -2, 3, -1, 1, 1]",125,4,4.0,best_min,w45a7a42,8.255308811785596,8.246171559857563,8.943767262734637,4,4,0,1,1,2,4.0
1856,"[[], [], [], [4, 8], [8], [], [10, 1], [2, 0], [], [7, 6], []]","[0, 2, -1, 4, 1, -2, -2, 2, 4, None, -2]",259,3,2.0,best_second,w45a7a42,9.29771001811309,7.969357742016347,9.532641238823578,2,2,0,1,1,2,4.0
1857,"[[], [], [3, 10], [], [1], [], [2, 7], [0, 9], [4, 1], [], []]","[-3, 4, 3, -2, 0, 4, None, -4, 0, -2, 4]",107,11,1.0,best_second,w45a7a42,7.433666540166168,7.807916628926409,8.331104548053037,7,7,0,1,1,2,1.0
1858,"[[9, 2], [7], [], [8, 0], [1, 7], [], [], [], [10, 6], [], []]","[0, -3, 3, None, -2, 4, 1, 1, -3, -4, 3]",191,5,3.0,best_min,w45a7a42,8.163371316459912,7.974876900558876,8.76655014954635,3,3,0,1,1,2,2.0
1861,"[[], [10, 0], [], [], [], [3, 8], [9, 5], [], [], [4, 2], [0]]","[-2, -4, -1, -4, 4, -4, None, 0, -1, 2, 1]",95,10,3.0,best_second,w45a7a42,8.36474106822456,6.85751406254539,8.564649132572534,6,6,0,1,1,2,3.0
1863,"[[], [], [4, 5], [2, 7], [], [], [10], [9, 0], [6, 10], [], []]","[1, -3, 4, None, -2, 2, -3, 2, 1, -1, 3]",345,4,2.0,best_third,w45a7a42,8.265907334155749,7.495541943884256,8.646113971483077,6,6,0,1,1,2,2.0
1864,"[[3], [], [], [], [10, 5], [], [8, 4], [], [7, 2], [0, 3], []]","[-1, 2, 0, 0, 3, 3, None, 1, 3, -1, -1]",293,3,3.0,best_min,w45a7a42,7.700747794511798,6.99942246750796,8.103191752285786,6,4,2,0,0,2,4.0
1866,"[[1], [], [0, 1], [6, 9], [], [], [], [10, 5], [7, 3], [], []]","[3, -4, 3, -2, -1, -3, -2, 4, None, -4, 4]",109,11,7.0,best_second,w45a7a42,7.7651449029361315,7.494430215031565,8.331827004436057,8,1,7,0,1,2,2.0
1867,"[[4, 8], [], [10, 9], [6], [], [3, 6], [], [0, 2], [], [], []]","[-4, 1, 3, -4, 1, -1, 1, None, -4, 4, -1]",247,10,1.0,best_second,w45a7a42,7.618742377670413,7.898411092811599,8.461257559085935,7,7,0,1,1,2,5.0
1868,"[[], [], [], [8, 2], [0], [9, 3], [], [], [], [7, 1], [4, 0]]","[-2, 3, -3, 4, 2, None, 4, 1, 2, 2, 3]",249,3,7.0,best_min,w45a7a42,7.686162303492906,8.934850340289763,9.186969385652944,6,6,0,1,1,2,2.0
1870,"[[2, 8], [4, 10], [], [9, 7], [], [0, 1], [], [], [], [7], []]","[2, 0, -1, -3, 2, None, 0, 4, 2, 4, 3]",351,2,0.0,best_min,w45a7a42,8.555836815008442,7.61972421378267,8.886547412512044,4,4,0,1,1,2,1.0
1871,"[[8, 10], [], [4, 5], [], [3, 7], [6, 1], [], [], [10], [], []]","[-4, 2, None, -1, 0, -1, 1, 4, 0, 3, -3]",223,4,4.0,best_min,w45a7a42,8.069968149059841,7.063903961472069,8.381373468273702,4,4,0,1,1,2,1.0
1874,"[[], [], [0], [8, 5], [2, 0], [], [10, 3], [], [], [], [9, 7]]","[0, -2, 2, 3, -1, 4, None, -3, -4, 0, -4]",129,11,1.0,best_second,w45a7a42,7.834788107388195,8.391176350832751,8.84419212624497,7,7,0,1,1,2,3.0
1879,"[[], [], [5, 4], [7, 1], [], [4], [8, 10], [], [], [6, 3], []]","[4, -3, 0, 3, -4, 3, -4, 4, 0, None, -4]",127,11,6.0,best_second,w45a7a42,7.993282328101591,7.575071699507561,8.498825534058053,7,7,0,1,1,2,4.0
1881,"[[6, 7], [], [5, 1], [8, 9], [0, 2], [], [], [], [9], [], []]","[-4, -4, 2, 2, None, 3, -4, -1, 2, -1, 3]",209,10,6.0,best_second,w45a7a42,7.6362696033793735,6.961296045910167,8.047509510981422,5,5,0,1,1,2,3.0
1883,"[[], [9], [], [8, 0], [5, 6], [], [], [4, 3], [], [], [1, 9]]","[-4, 3, 1, -3, 3, -3, 3, None, 4, -4, 0]",37,8,0.0,best_third,w45a7a42,8.031385330625534,7.285506548522786,8.419359831067474,6,6,0,1,1,2,8.0
1884,"[[7], [6, 10], [5, 3], [], [1, 2], [], [], [], [0, 7], [], []]","[4, -3, 2, 4, None, -1, 0, -2, 3, 2, -4]",113,9,2.0,best_second,w45a7a42,7.970049304976135,7.068172000388042,8.310414994188292,6,1,5,0,1,2,4.0
1885,"[[2, 8], [], [], [5], [], [], [7, 0], [1, 4], [], [], [3, 5]]","[4, 1, -3, 0, -4, -1, None, -2, 4, -2, -2]",305,10,0.0,best_second,w45a7a42,7.639642287858013,8.32772616646141,8.734721003944813,8,8,0,1,1,2,5.0
1891,"[[], [9, 7], [], [2], [], [3, 2], [], [4, 6], [], [8, 0], []]","[4, None, -2, 1, -3, 2, -2, -4, -3, 1, -1]",177,10,3.0,best_second,w45a7a42,8.459352191726389,7.050122520269059,8.677780256064187,5,5,0,1,1,2,1.0
1893,"[[5, 10], [], [], [], [8], [6, 1], [], [4, 8], [], [], [2, 3]]","[None, 2, 3, -3, -4, -3, -2, 2, 4, -2, 3]",349,8,6.0,best_second,w45a7a42,7.989899374942939,7.307872780763706,8.398860004454372,6,6,0,1,1,2,4.0
1894,"[[8], [], [], [7, 5], [], [1, 6], [], [9, 4], [], [], [0, 8]]","[4, -4, 3, None, 4, -3, -3, 2, 3, -4, -1]",187,11,2.0,best_second,w45a7a42,8.16961956172385,7.523481312573497,8.590815331286851,6,6,0,1,1,2,1.0
1895,"[[6, 9], [], [], [10], [7, 0], [3, 10], [], [1, 8], [], [], []]","[3, 1, 0, 0, None, -2, 3, -3, -4, -3, 2]",381,9,6.0,best_second,w45a7a42,7.766416898019656,7.057036981697892,8.166216268592143,6,6,0,1,1,2,5.0
1899,"[[], [], [9], [], [0, 8], [2, 9], [4, 7], [1, 3], [], [], []]","[0, 3, 0, 2, -1, -3, None, 2, 4, 0, 1]",169,3,0.0,best_second,w45a7a42,7.754481547470384,7.085064293952548,8.16763571524637,5,5,0,1,1,2,4.0
1900,"[[10], [2, 4], [7, 5], [], [3, 9], [], [], [], [0, 10], [], []]","[-1, None, -4, 0, -2, -2, 0, 3, 3, 4, 1]",163,5,6.0,best_third,w45a7a42,7.708410667257367,8.202208436436447,8.67846133901236,2,2,0,1,1,2,5.0
1901,"[[], [], [], [], [], [], [7, 9], [1, 4], [10, 3], [2, 0], [3]]","[1, -2, -1, 1, 2, -3, None, 4, 2, 2, 3]",333,4,2.0,best_third,w45a7a42,8.161375023197486,7.438383530044308,8.556798446008598,6,6,0,1,1,2,2.0
1903,"[[], [], [], [6, 7], [8, 2], [9, 3], [], [], [2], [1, 10], []]","[-1, 4, -3, 4, 0, None, 1, -4, 2, -3, 2]",337,5,8.0,best_third,w45a7a42,8.054522609537294,8.237214703349489,8.843037724962368,5,5,0,1,1,2,2.0
1905,"[[], [], [1, 10], [], [7, 0], [6, 9], [], [0], [5, 2], [], []]","[1, -4, -2, -2, -1, -1, -4, 4, None, 4, 1]",103,7,5.0,best_third,w45a7a42,8.178077463849606,7.083387847625295,8.46653127661401,3,3,0,1,1,2,5.0
1907,"[[], [], [7, 1], [5], [6, 0], [], [], [], [], [2, 4], [3, 5]]","[-2, -1, 4, 4, -2, -2, -3, 3, -3, None, -2]",277,9,5.0,best_second,w45a7a42,8.01829613851552,7.005789019253502,8.327967858305488,7,7,0,1,1,2,1.0
1908,"[[3, 4], [], [5, 1], [4], [], [], [2, 9], [], [], [7, 10], []]","[4, 1, -2, 3, 0, 0, None, -2, 4, -4, -3]",47,4,3.0,best_second,w45a7a42,8.043020885298283,7.44716835960004,8.481773246184977,-1,-2,1,0,1,2,1.0
1910,"[[3, 10], [], [], [8, 9], [5, 6], [6], [], [], [], [], [7, 2]]","[None, -3, -3, 3, 4, -1, -1, 3, -1, 4, -4]",143,9,1.0,best_second,w45a7a42,8.278174290943737,7.1098794630722715,8.548691858475609,7,7,0,1,1,2,6.0
1911,"[[], [], [], [], [9, 10], [3], [], [5, 3], [], [2, 6], [8, 1]]","[2, -3, 0, 3, None, 4, 3, 2, 2, 4, 3]",161,4,1.0,best_third,w45a7a42,7.589335823170617,8.108623268354595,8.575273402492762,7,7,0,1,1,2,5.0
1913,"[[2, 7], [], [7], [], [1, 9], [], [8, 5], [], [], [], [4, 6]]","[2, -2, 2, 4, 3, 1, -4, -3, -2, -3, None]",81,4,6.0,best_second,w45a7a42,7.269616749608169,7.73718007783463,8.223358899479258,1,1,0,1,1,2,3.0
1915,"[[], [2, 6], [6], [], [10, 0], [], [], [9, 4], [], [3, 5], []]","[-1, -1, -3, 2, -2, 3, 1, None, -2, 0, -3]",263,5,3.0,best_second,w45a7a42,8.165647925297504,7.122866658599082,8.467372496432281,3,2,1,0,1,2,2.0
1919,"[[], [], [], [6, 8], [], [0, 1], [8], [5, 10], [], [], [4, 9]]","[2, 3, 3, 4, -3, 0, -4, None, 0, -1, -2]",335,5,3.0,best_second,w45a7a42,8.070906088787819,7.555381944240272,8.53895468319775,3,3,0,1,1,2,2.0
1922,"[[], [9, 2], [], [4, 8], [7, 10], [], [], [], [5, 0], [2], []]","[-1, 2, 2, None, 1, 3, 3, -3, 4, -3, -2]",3,7,5.0,best_second,w0b001c4,8.09132127353041,7.311218384419628,8.468423027046809,7,7,0,1,1,2,1.0
1924,"[[2, 5], [4], [3, 6], [], [], [9, 7], [], [], [1, 4], [], []]","[None, 3, -4, 3, -4, -3, -3, -1, -2, 4, 1]",109,5,2.0,best_third,w0b001c4,8.544029845369797,6.70196036600254,8.690978417187907,1,1,0,1,1,2,6.0
1926,"[[8, 4], [], [], [], [10, 9], [6, 7], [7], [], [2, 3], [], []]","[None, 0, -4, 3, 4, 1, 4, -4, -4, -4, 4]",215,11,8.0,best_second,w0b001c4,7.460490305825337,7.050122520269059,7.969011781106478,8,8,0,1,1,2,7.0
1928,"[[9, 4], [], [], [2, 5], [], [], [1], [0, 3], [], [], [6, 1]]","[2, 1, -4, -3, -4, -3, 0, None, 2, 4, -2]",335,11,6.0,best_second,w0b001c4,8.439447842791385,7.573017256052546,8.790269111478656,6,6,0,1,1,2,1.0
1930,"[[], [], [0, 1], [], [5, 2], [3, 9], [10, 8], [], [], [], [8]]","[4, -4, 4, 2, None, -4, -1, 2, -3, 0, 4]",127,10,8.0,best_second,w0b001c4,7.590346945602565,6.633318433280377,7.914983005848394,8,8,0,1,1,2,2.0
1931,"[[], [], [], [1, 0], [], [7, 4], [3, 10], [4], [], [], [2, 8]]","[4, 0, 2, -3, -1, -3, None, 2, -3, -1, -4]",199,5,1.0,best_third,w0b001c4,8.488999457045455,6.48768401848461,8.61558951327243,1,-2,3,0,0,2,4.0
1934,"[[], [], [], [2, 0], [7, 1], [], [3, 9], [1], [], [10, 5], []]","[2, -4, 0, -3, -2, 4, None, 1, -2, 3, -2]",79,8,1.0,best_second,w0b001c4,7.72356247227797,7.415776975415394,8.274357006756292,7,7,0,1,1,2,2.0
1937,"[[], [], [9], [], [], [], [3, 1], [2, 9], [6, 10], [], [5, 4]]","[3, 3, -3, -3, 1, -1, 2, -4, None, 0, 2]",289,4,1.0,best_min,w0b001c4,8.432288684325792,5.8971538676367405,8.508354242749034,5,-1,6,0,1,2,2.0
1941,"[[], [3, 8], [], [6, 0], [10, 2], [], [], [], [7, 5], [], [2]]","[2, None, -2, -1, 2, 4, 3, -2, 2, 3, -4]",209,5,3.0,best_min,w0b001c4,7.962067308753667,6.900730664045172,8.258940462988459,6,2,4,0,0,2,6.0
1942,"[[], [], [4, 10], [0], [], [], [5, 1], [2, 6], [3, 0], [], []]","[0, -2, 1, 2, 3, 1, 4, None, 1, -1, 2]",219,2,6.0,best_min,w0b001c4,7.615298339825815,6.996681488176538,8.04590874227078,5,5,0,1,1,2,1.0
1945,"[[], [8, 7], [], [10, 9], [], [], [], [], [7], [6, 0], [2, 4]]","[-2, -2, 3, None, -2, 0, -1, 4, -1, -1, 4]",321,8,6.0,best_second,w0b001c4,7.238496840894365,7.005789019253502,7.821643126239982,7,7,0,1,1,2,1.0
1946,"[[], [8, 3], [], [2, 6], [], [], [], [9, 0], [10, 5], [0], []]","[-4, None, 3, 4, 4, -4, -1, -1, -4, -4, -3]",119,11,5.0,best_second,w0b001c4,7.41457288135059,7.5272559193737845,8.165363632473982,7,7,0,1,1,2,1.0
1948,"[[3, 4], [], [], [8, 5], [6, 1], [], [], [9, 2], [], [2], []]","[None, -2, -4, 3, -2, 0, -3, 2, 3, 1, 1]",381,8,3.0,best_second,w362e427,8.192847134592864,8.026823576217629,8.806274284781725,6,6,0,1,1,2,1.0
1950,"[[], [10, 9], [0], [], [], [2, 0], [], [], [], [8, 6], [3, 7]]","[4, None, -4, 3, -1, 1, 0, -1, -1, 4, 3]",123,3,4.0,best_min,w362e427,9.205026277152413,8.933927891782632,9.771726021353874,6,6,0,1,1,2,1.0
1951,"[[], [4, 7], [6, 10], [0], [], [3, 0], [], [], [1, 2], [], []]","[-2, -2, 4, -1, -2, -2, -3, -4, None, -2, 4]",289,11,0.0,best_second,w362e427,7.792761720816526,8.418256443556213,8.846640813100487,8,8,0,1,1,2,2.0
1955,"[[4], [5, 3], [9, 8], [], [], [], [], [0, 4], [], [], [1, 2]]","[-3, 2, -2, -3, 3, -2, 2, 0, 3, 0, None]",145,2,5.0,best_min,w362e427,8.12946976478423,9.183688340978756,9.48257880293411,1,-1,2,0,0,2,3.0
1957,"[[], [6, 0], [5], [], [2, 5], [], [], [], [], [3, 8], [9, 1]]","[-2, -3, 2, 4, 2, 1, -1, 4, -4, 4, None]",1,11,8.0,best_second,w362e427,7.931644021454311,7.48605261786314,8.42639282708974,8,8,0,1,1,2,1.0
1958,"[[8], [], [], [1, 10], [], [], [0, 8], [4, 5], [], [3, 7], []]","[-3, 0, -2, 4, 4, 3, 1, -4, 1, None, 1]",83,4,3.0,best_second,w362e427,7.577121930876679,8.90910013492555,9.143238568435446,5,5,0,1,1,2,1.0
1959,"[[1, 9], [], [], [10, 6], [], [], [], [4, 2], [7, 0], [], [6]]","[-4, -1, 2, -1, -3, 0, 1, 4, None, -4, 2]",21,10,2.0,best_second,w362e427,8.395025557442029,8.056426767522984,8.933004591578547,6,6,0,1,1,2,3.0
1960,"[[9, 5], [], [], [], [8, 3], [6, 10], [], [], [3], [7, 1], []]","[None, 0, 1, 1, -3, -2, 0, 1, 1, -1, 3]",131,2,1.0,best_min,w362e427,8.965590066907914,9.124782483614537,9.74143910058173,1,0,1,0,0,2,3.0
1962,"[[], [7, 6], [9, 5], [], [], [], [3, 10], [4, 8], [], [5], []]","[-3, None, 3, 2, 4, -1, -4, -1, 0, 0, -2]",115,6,2.0,best_second,w362e427,8.698013622083925,7.981049759665957,9.09549053029724,3,-2,5,0,0,2,4.0
1964,"[[10, 9], [], [6, 8], [], [], [], [8], [], [], [1, 3], [5, 7]]","[None, -4, -2, -3, 4, 1, -1, 4, -4, -3, 3]",63,10,1.0,best_second,w362e427,8.058960017769419,7.884576510596324,8.668539943910762,7,7,0,1,1,2,1.0
1965,"[[], [4, 5], [], [], [5], [], [10, 9], [], [], [0, 2], [7, 3]]","[-4, -2, -3, 4, 4, 4, None, 1, -3, -3, 3]",107,10,1.0,best_second,w362e427,7.266128779556451,8.32675881451173,8.623892810075294,7,7,0,1,1,2,1.0
1966,"[[], [5, 10], [0, 3], [], [], [], [7, 9], [9], [2, 1], [], []]","[-2, 4, 3, -1, 4, -1, -3, -3, None, 2, 3]",5,5,1.0,best_second,w362e427,8.498418036089904,8.14583961293684,9.030615441029493,7,7,0,1,1,2,1.0
1967,"[[], [], [8, 1], [], [0, 7], [], [3, 10], [], [1], [6, 4], []]","[0, -4, 4, -3, 1, 4, 3, 1, -4, None, 4]",325,6,1.0,best_min,w362e427,7.943072717277933,7.672292455628756,8.509765675587442,7,7,0,1,1,2,1.0
1968,"[[5, 4], [], [], [], [1, 8], [6, 2], [], [], [], [3], [9, 3]]","[None, 1, 3, -1, -4, 2, -4, 3, 3, 3, 4]",261,7,1.0,best_third,w362e427,8.231109840328154,8.383661798791715,9.003316202541857,5,5,0,1,1,2,2.0
1970,"[[2, 7], [], [], [10, 8], [], [], [1, 5], [], [], [0, 6], [8]]","[1, 3, 4, -2, -4, -1, -3, 3, 0, None, -1]",349,5,2.0,best_second,w362e427,8.387539983189367,7.792348924113037,8.826587830773667,5,5,0,1,1,2,4.0
1973,"[[], [], [8, 0], [], [], [1, 3], [], [], [0], [10, 5], [4, 7]]","[2, 1, -4, 4, -2, -1, -2, -1, -2, None, 3]",127,2,4.0,best_min,w362e427,7.783640596221253,8.628913441026645,8.986071187374463,3,2,1,0,0,2,3.0
1975,"[[], [2], [], [], [1, 2], [], [], [8, 9], [3, 10], [0, 6], []]","[-1, -1, 1, -4, 1, -4, 3, None, -1, 4, 0]",223,8,1.0,best_second,w362e427,7.967973179662936,8.027476530860481,8.691146498539677,7,7,0,1,1,2,4.0
1977,"[[6, 2], [4, 7], [5, 10], [], [7], [], [3, 8], [], [], [], []]","[None, -3, -1, -1, -4, -1, 0, -2, 3, 4, -2]",379,5,3.0,best_second,w362e427,9.077151777732437,7.841885928984624,9.332292482726928,3,3,0,1,1,2,1.0
1980,"[[7, 6], [], [], [1, 10], [3, 8], [], [], [6], [5, 2], [], []]","[1, -3, -3, 1, None, 0, 0, -3, 3, -3, -2]",395,4,6.0,best_second,w362e427,7.704811922932594,8.107418811719976,8.619208116822968,3,3,0,1,1,2,1.0
1982,"[[], [], [5, 8], [9, 0], [], [6, 10], [], [], [7, 1], [0], []]","[-3, 0, None, 4, -1, -3, 2, 3, 1, -2, 0]",125,5,1.0,best_second,w362e427,8.174421152646497,7.351799869057777,8.538367426647644,4,4,0,1,1,2,2.0
1984,"[[], [7], [5, 0], [], [2, 8], [], [1, 7], [], [3, 9], [], []]","[2, 3, -2, 4, None, -2, -4, 2, -1, -4, 1]",393,6,4.0,best_min,w362e427,8.122371243406553,7.870165946469845,8.697178688412645,3,0,3,0,0,2,8.0
1985,"[[9, 8], [], [], [], [], [], [7, 4], [4], [10, 1], [5, 2], []]","[None, -3, -3, -3, 4, -2, 0, 1, -2, -4, -2]",209,2,1.0,best_second,w362e427,8.782015969721936,8.563504094279487,9.371778717853713,-4,-4,0,1,1,2,1.0
1986,"[[], [], [], [], [0], [2, 3], [], [4, 0], [5, 10], [], [9, 1]]","[4, -4, 3, -3, 1, 4, 0, -3, None, 3, -3]",205,9,7.0,best_second,w362e427,7.115582126184454,7.189922170745808,7.846198815497426,7,7,0,1,1,2,7.0
1987,"[[], [6], [10, 4], [0, 7], [], [1, 6], [], [], [2, 3], [], []]","[4, -2, 3, 3, 0, 3, 2, -1, None, 2, -2]",229,5,4.0,best_third,w362e427,8.247482004285693,7.579167967396076,8.661120360222881,7,7,0,1,1,2,2.0
1989,"[[1, 9], [], [0, 3], [7, 8], [10], [4, 10], [], [], [], [], []]","[-3, -4, None, 4, -1, -2, 1, -2, 3, -1, 1]",197,10,1.0,best_second,w362e427,7.907651594711089,7.686621334944619,8.496173824192162,7,7,0,1,1,2,3.0
1990,"[[5], [], [10, 8], [0, 5], [], [], [], [], [7, 6], [], [9, 1]]","[3, -2, None, 2, 4, -2, -4, 4, 1, -1, -3]",135,9,5.0,best_second,w362e427,7.877017895622398,7.284134806195205,8.316789127071518,5,5,0,1,1,2,1.0
1991,"[[2, 3], [], [10, 1], [7, 4], [], [8], [], [], [], [5, 8], []]","[None, -1, -4, 4, -2, 3, 2, 3, 1, -1, -2]",33,10,6.0,best_second,w362e427,7.947678571301567,7.095064377287131,8.302513718514156,7,7,0,1,1,2,1.0
1997,"[[2, 7], [5, 3], [7], [], [9, 8], [], [1, 4], [], [], [], []]","[2, 4, -4, 4, -2, -3, None, 3, -2, -4, 4]",31,11,0.0,best_second,w362e427,7.195937226475569,7.529406457837013,8.069342366811634,8,8,0,1,1,2,2.0
1999,"[[6], [], [], [2, 4], [], [0, 6], [], [9, 3], [], [1, 10], []]","[4, 3, -1, 4, 0, -2, 1, None, 2, 3, -1]",137,3,4.0,best_min,w362e427,7.841492924460013,7.9561263512135,8.593413217327647,6,4,2,0,0,2,4.0
2000,"[[], [2], [], [1, 2], [0, 10], [8, 9], [4, 5], [], [], [], []]","[4, -2, 4, -3, -3, 2, None, -3, 4, -2, 2]",273,6,4.0,best_third,w362e427,7.548028969935014,7.47477218239787,8.204945165019206,6,6,0,1,1,2,2.0
2002,"[[], [9], [], [], [1, 9], [], [8, 10], [], [7, 0], [], [3, 5]]","[0, -4, -1, 1, -4, -3, None, 3, 0, 2, 1]",37,3,4.0,best_third,w362e427,7.811163385025278,8.209580483475577,8.723068501163928,3,2,1,0,0,2,3.0
2004,"[[], [], [], [], [1, 3], [7, 4], [], [2, 6], [], [10, 8], [8]]","[0, 0, 3, 2, -4, None, 0, 0, 4, 0, -1]",309,5,6.0,best_second,w362e427,7.801800401908973,7.923710333969238,8.55756708555451,3,-2,5,0,0,2,3.0
2005,"[[], [9, 8], [], [], [], [0], [5, 0], [], [4, 10], [7, 3], []]","[0, None, 0, -1, -4, -1, -4, -2, -2, 1, -3]",85,4,2.0,best_second,w362e427,7.990238185720363,8.127109185346375,8.754002933494261,0,0,0,1,1,2,1.0
2006,"[[], [], [], [0, 2], [6, 5], [], [5], [3, 8], [10, 1], [], []]","[1, 4, -3, 0, -3, -3, -2, None, 3, -3, 2]",185,6,1.0,best_second,w362e427,7.502186486602924,7.346010209913293,8.119993827725105,7,5,2,0,1,2,4.0
2008,"[[], [3, 2], [], [], [7], [], [4, 7], [], [0, 10], [1, 8], []]","[-2, -3, -1, -4, 4, 3, 3, 1, 4, None, 3]",71,10,1.0,best_second,w362e427,7.952615111650999,7.319202458767849,8.37816098272068,7,2,5,0,1,2,3.0
2015,"[[7, 4], [10], [], [1, 10], [5, 9], [], [], [6, 8], [], [], []]","[None, 2, 0, 1, -2, -3, 4, 4, -4, -2, -2]",153,11,8.0,best_second,w362e427,7.537430036586509,6.778784897685177,7.9211727215870145,8,8,0,1,1,2,1.0
2016,"[[], [], [10, 7], [0, 6], [], [4, 1], [], [], [], [3, 5], [7]]","[3, 0, -4, -2, 4, 0, 4, -4, -3, None, -3]",99,3,0.0,best_min,w362e427,7.808323050391056,7.084226422097916,8.203304026795282,4,4,0,1,1,2,1.0
2017,"[[], [], [], [7, 2], [3, 10], [], [8, 0], [], [0], [], [9, 1]]","[1, -4, -2, 3, None, 3, 0, 3, 2, -1, -4]",363,10,5.0,best_second,w362e427,7.265429723253953,6.977281341630747,7.824445930877619,6,6,0,1,1,2,3.0
2019,"[[2], [], [], [], [], [], [9, 8], [], [4, 7], [3, 1], [0, 2]]","[4, -4, 3, -3, 0, 3, None, 4, -3, -4, 1]",357,7,7.0,best_second,w362e427,8.48920515487607,7.808323050391056,8.898638793680181,1,1,0,1,1,2,1.0
2020,"[[1, 8], [], [], [9, 7], [3, 0], [], [5], [], [], [], [6, 5]]","[4, 2, 3, -1, None, -3, -2, -2, -1, 1, -2]",219,6,5.0,best_second,w362e427,7.982416346827733,6.833031732786201,8.257385655730436,6,6,0,1,1,2,3.0
2021,"[[], [5, 7], [], [], [], [8, 4], [2], [3, 10], [], [6, 2], []]","[-4, None, -1, 0, 1, 0, -1, -2, -4, 4, -4]",207,5,1.0,best_third,w362e427,8.005367067316664,7.61972421378267,8.523970175695261,1,1,0,1,1,2,4.0
2028,"[[1, 2], [2], [], [8, 9], [], [10, 3], [], [], [], [], [6, 7]]","[4, -2, -1, 4, 0, None, -2, 2, -2, 0, -1]",367,4,4.0,best_second,w362e427,7.750184162257837,7.659171367666058,8.398634855292102,4,2,2,0,1,2,4.0
2034,"[[4, 3], [], [10, 1], [], [3], [6, 9], [], [2, 5], [], [], []]","[-3, 3, 1, -2, -4, -3, -2, None, -3, -4, -4]",249,9,2.0,best_second,w362e427,7.963807953231451,7.638198244285779,8.507142855562737,4,4,0,1,1,2,2.0
2035,"[[], [], [9, 5], [], [], [7, 10], [8, 1], [], [1], [4, 3], []]","[2, 2, None, -2, 1, 1, 0, -4, 1, 4, -3]",101,6,6.0,best_second,w362e427,7.80669637252118,7.126890808898808,8.216358332386156,5,5,0,1,1,2,1.0
2036,"[[], [10, 6], [], [9, 1], [], [0], [], [], [5, 0], [7, 2], []]","[0, 4, 3, None, 2, -1, -4, 0, 0, -1, -3]",239,2,8.0,best_min,w362e427,7.851661177889265,8.08301991917133,8.666991556504632,2,1,1,0,0,2,3.0
2039,"[[7, 4], [], [], [0, 8], [], [], [10, 5], [], [9, 1], [], [5]]","[4, 0, 4, None, 4, 2, -4, -3, -1, 1, 0]",35,8,0.0,best_second,w362e427,7.887959336599945,7.529406457837013,8.417593826193484,8,8,0,1,1,2,1.0
2041,"[[6, 2], [], [], [0, 9], [8, 5], [], [], [], [5], [10, 1], []]","[-4, 4, -2, None, 1, 2, -1, 3, 4, 4, 1]",319,10,0.0,best_second,w362e427,7.679713639966372,6.800170068302199,8.026496938945412,8,5,3,0,1,2,1.0
2044,"[[], [], [], [], [9], [6, 0], [], [2, 3], [4, 9], [], [7, 5]]","[2, 3, -3, -4, 0, 4, -1, -1, -2, -2, None]",257,8,2.0,best_second,w362e427,7.293697720601438,7.53689712956617,8.11552088154677,6,6,0,1,1,2,1.0
2047,"[[], [], [6, 1], [], [8, 10], [], [1], [], [5, 3], [], [0, 7]]","[-1, 0, 0, 0, None, -4, 0, 3, -1, 0, 4]",315,8,1.0,best_second,w362e427,7.620705086838262,7.547501682814967,8.277666160851503,7,7,0,1,1,2,4.0
2049,"[[], [], [0], [], [], [10, 7], [], [9, 1], [2, 0], [], [3, 6]]","[-4, -2, 1, -1, 1, None, 4, 3, -2, -4, -4]",19,3,5.0,best_third,w362e427,7.502186486602924,7.905441649060286,8.416930769477844,1,1,0,1,1,2,5.0
2050,"[[], [], [], [], [10, 9], [7, 3], [], [3], [], [6, 0], [2, 1]]","[-2, 0, -1, -3, None, 0, 1, 4, -3, -3, -3]",193,2,3.0,best_min,w362e427,7.7823903355874595,7.385230923066573,8.296297112642506,-2,-4,2,0,0,2,3.0
2051,"[[9, 2], [], [10, 4], [], [], [6, 7], [7], [], [], [1, 8], []]","[None, 2, 4, 2, 2, 0, -4, -1, 1, 1, 0]",189,3,2.0,best_second,w362e427,7.88193748927207,7.977968093128549,8.624072553043334,6,6,0,1,1,2,1.0
2053,"[[], [4, 10], [8, 0], [], [7, 9], [], [], [], [0], [], [5, 6]]","[-2, None, 2, 2, 4, -3, -1, -4, 3, 4, 2]",347,8,0.0,best_third,w362e427,7.733245646529795,7.346655163176539,8.251403065380554,8,8,0,1,1,2,2.0
2054,"[[3, 10], [8], [], [5, 2], [], [], [], [], [], [1, 8], [6, 4]]","[None, 4, 3, 4, -4, -2, 1, 0, 3, -2, -4]",339,10,1.0,best_second,w362e427,7.872836175025724,7.5781454724194655,8.429235912657095,7,7,0,1,1,2,5.0
2056,"[[7, 2], [3, 10], [], [], [6, 8], [], [], [2], [], [4, 1], []]","[-1, 4, 3, 4, -4, 4, 2, -4, 0, None, -4]",149,10,8.0,best_second,w362e427,8.009363076630045,6.848005274576362,8.281470857895167,8,8,0,1,1,2,2.0
2057,"[[1, 4], [4], [5, 6], [], [], [], [], [], [10, 3], [2, 8], []]","[1, 3, 4, 2, 0, -3, 2, 2, -2, None, 1]",251,6,2.0,best_second,w362e427,7.301147805856032,7.620214770574456,8.166216268592143,6,6,0,1,1,2,1.0
2058,"[[4, 9], [3], [], [], [], [7, 8], [1, 3], [], [], [], [0, 5]]","[3, 4, 3, -1, 4, -4, -1, -3, -2, 1, None]",211,10,2.0,best_second,w362e427,7.711996507047669,6.848005274576362,8.063377822367025,7,7,0,1,1,2,1.0
2060,"[[], [5, 8], [], [], [0, 9], [], [3], [1, 4], [], [], [6, 3]]","[-3, -4, -4, -3, 0, -3, -1, None, -4, 4, -2]",359,10,4.0,best_second,w362e427,8.324336332706899,7.462789157412447,8.676587243566487,4,4,0,1,1,2,1.0
2064,"[[], [9, 0], [1, 8], [], [7, 6], [], [], [6], [10, 3], [], []]","[3, 4, None, -4, -2, 1, 0, -2, -3, 4, 0]",13,9,1.0,best_second,w362e427,7.407924322559599,6.966024187106113,7.903965634032166,8,8,0,1,1,2,4.0
2068,"[[], [9, 8], [7, 0], [6, 2], [], [], [10, 5], [], [], [8], []]","[-3, 2, 1, None, -1, 3, 2, 2, 4, 1, 4]",337,4,1.0,best_second,w362e427,7.342131730584722,6.727431724850856,7.774015077250727,6,6,0,1,1,2,5.0
2072,"[[], [], [4, 10], [5, 7], [10], [8, 1], [], [9, 0], [], [], []]","[4, -2, 0, None, 3, -4, -3, 0, 1, 3, -1]",117,6,4.0,best_second,w362e427,8.067149039910104,7.168579897264035,8.408493774492896,4,3,1,0,1,2,3.0
2073,"[[8], [], [0, 8], [5, 4], [10, 7], [9, 6], [], [], [], [], []]","[0, 0, 0, None, -3, 4, -4, -2, 4, 4, -1]",81,11,8.0,best_second,w362e427,7.177018765909899,6.824373670043086,7.708859601047174,8,8,0,1,1,2,1.0
2075,"[[9], [0, 9], [10, 6], [], [], [], [4, 5], [], [], [], [7, 8]]","[-1, 0, None, -3, 4, 1, -2, -3, 4, -4, -1]",329,4,5.0,best_min,w362e427,8.134760782418645,7.292337176173877,8.492695559815838,3,3,0,1,1,2,3.0
2076,"[[2], [], [], [8, 1], [0, 2], [10, 3], [], [], [], [], [7, 9]]","[4, -3, -1, 1, -2, None, -1, -2, 2, -3, 2]",139,4,5.0,best_min,w362e427,7.836369760545124,7.409741954080924,8.338544879988579,3,0,3,0,0,2,5.0
2077,"[[], [], [7, 10], [], [], [8], [], [4, 6], [], [5, 8], [1, 0]]","[-1, 3, None, 0, 2, 1, -1, -4, 4, 4, 2]",7,7,3.0,best_second,w362e427,7.60887062919126,7.085901464365611,8.074026216124063,5,5,0,1,1,2,3.0
2080,"[[], [], [], [6, 1], [5, 3], [2, 10], [], [0], [7, 0], [], []]","[3, -2, -4, -4, None, 2, 0, -1, 2, -3, 4]",161,10,2.0,best_second,w362e427,7.8407064517494,7.538494999413465,8.393894975071744,6,6,0,1,1,2,2.0
2081,"[[8, 3], [], [], [], [2, 10], [7, 1], [0, 4], [1], [], [], []]","[-1, -2, -4, 3, -2, 1, None, 0, 4, -1, 3]",43,4,4.0,best_second,w362e427,7.869783902530146,7.2449415463370075,8.298290634359281,3,3,0,1,1,2,7.0
2082,"[[], [0], [], [6, 4], [], [], [], [8, 5], [], [1, 0], [7, 3]]","[-2, -2, 3, -3, -4, 0, -1, -1, 1, -1, None]",41,4,1.0,best_second,w362e427,7.86172707782398,7.507690077819904,8.393216011596527,0,0,0,1,1,2,3.0
2083,"[[], [], [], [2, 5], [], [], [], [9, 6], [0, 1], [6], [3, 8]]","[4, -3, 1, -3, 0, 0, 3, -3, -1, -2, None]",93,6,2.0,best_min,w362e427,7.752764808851329,7.0431599159883405,8.152486075780242,3,3,0,1,1,2,1.0
2084,"[[], [], [], [], [], [], [1, 2], [5], [10, 6], [7, 5], [4, 0]]","[-3, 2, -3, 3, -2, 0, 1, -4, None, 2, 2]",213,4,5.0,best_min,w362e427,7.3271232922592935,7.938802248154481,8.371936178759098,3,0,3,0,0,2,5.0
2088,"[[8, 9], [], [], [], [], [], [4], [], [2, 7], [3, 5], [6, 4]]","[None, 2, -2, -2, 0, 4, -1, -3, -4, 0, 2]",143,9,4.0,best_second,w362e427,8.83141981909013,8.09132127353041,9.221379219091398,4,4,0,1,1,2,1.0
2090,"[[], [], [], [4, 7], [8, 0], [9, 1], [], [10, 2], [], [1], []]","[-2, 2, 3, None, -3, 0, -4, 2, 4, 4, -4]",377,7,1.0,best_third,w362e427,7.764720544771477,7.447751280047908,8.31164394850298,5,5,0,1,1,2,6.0
2095,"[[5, 4], [2, 10], [10], [7, 6], [], [], [], [], [0, 3], [], []]","[3, 4, 1, 0, 2, -4, 4, 0, None, 4, 0]",187,4,4.0,best_min,w362e427,7.610357618312838,8.155936337972394,8.612866941484521,5,4,1,0,0,2,6.0
2096,"[[], [], [], [4, 2], [2], [1, 6], [], [], [10, 5], [], [7, 0]]","[2, 0, -4, 1, -3, -2, -4, -1, None, -2, -3]",361,3,2.0,best_third,w362e427,8.169902647359145,7.794411205726601,8.69265796074698,-1,-2,1,0,0,2,3.0
2097,"[[], [6, 5], [], [], [7, 1], [], [], [8, 0], [], [10, 3], [3]]","[2, -1, -2, 4, None, -3, -2, -4, -1, 0, 0]",245,2,2.0,best_min,w362e427,7.790696031174738,8.006367567650246,8.597297435657898,-2,-4,2,0,0,2,3.0
2099,"[[7, 8], [], [5, 6], [9, 2], [], [], [], [8], [], [4, 1], []]","[4, -1, 0, None, 4, -2, -3, -1, -2, 0, -4]",79,6,1.0,best_second,w362e427,9.12369256525051,6.729824070489475,9.21094019204815,4,4,0,1,1,2,1.0
2101,"[[5, 8], [], [], [9, 4], [], [], [10, 0], [], [], [4], [2, 7]]","[-4, 0, -3, 3, 2, 0, None, -2, -3, 1, -3]",77,2,1.0,best_min,w362e427,8.621553206740481,7.0343879299155025,8.807471889715284,-4,-4,0,1,1,2,1.0
2102,"[[6], [], [], [5, 9], [], [2, 4], [], [0, 6], [], [1, 10], []]","[-3, 1, 0, None, 2, -2, -4, 2, -4, -4, 0]",353,3,4.0,best_second,w362e427,7.964155718840938,7.600902459542082,8.491875383431948,0,0,0,1,1,2,1.0
2106,"[[5, 10], [9, 0], [7, 3], [], [], [], [], [3], [], [8, 6], []]","[4, None, 1, -4, 0, 3, 2, -2, -3, -3, -3]",55,9,7.0,best_second,w362e427,8.445482343862237,5.82600010738045,8.515591910049263,7,7,0,1,1,2,5.0
2108,"[[], [2, 9], [9], [], [7, 5], [8, 6], [], [0, 10], [], [], []]","[3, -1, -2, 0, None, -2, 4, -4, 0, -2, -2]",371,5,2.0,best_third,w362e427,8.226840890408576,6.983789965258135,8.480114183174816,2,-1,3,0,0,2,4.0
2112,"[[3, 1], [], [], [1], [], [], [8, 7], [], [], [2, 4], [9, 6]]","[2, -4, 3, 1, -3, -2, -2, -1, -2, 4, None]",391,9,7.0,best_second,w362e427,7.6984827878809465,6.934397209928558,8.0805469658245,7,7,0,1,1,2,1.0
2115,"[[], [2, 3], [], [], [], [], [4, 0], [1, 6], [5], [], [8, 5]]","[-2, 4, -3, 4, -4, -1, -2, None, 1, 3, -1]",311,11,0.0,best_second,w362e427,7.693481640835175,7.142827401161621,8.148445666243237,8,8,0,1,1,2,2.0
2116,"[[], [], [0, 1], [], [], [3], [8, 10], [5, 3], [], [2, 6], []]","[-1, -4, 4, -4, 3, -2, -3, -2, 2, None, -2]",331,5,8.0,best_second,w362e427,7.273786317844895,7.938445551164789,8.353261499733874,3,3,0,1,1,2,4.0
2118,"[[6, 1], [], [], [], [], [8, 0], [], [10, 3], [4, 9], [], [3]]","[-3, 1, 4, 3, -1, None, -4, 2, 4, 4, 0]",183,10,0.0,best_second,w362e427,7.329093736246592,7.142827401161621,7.933079771880415,8,8,0,1,1,2,5.0
2119,"[[], [4], [], [5, 7], [], [10, 8], [1, 4], [0, 9], [], [], []]","[1, -4, 0, None, -2, 3, -3, -1, -1, 4, -2]",163,2,4.0,best_min,w362e427,7.992268643270744,7.97522083865341,8.676757761087575,3,2,1,0,0,2,3.0
2121,"[[2], [], [], [], [0, 2], [3, 9], [5, 8], [], [1, 7], [], []]","[-3, 1, 1, -3, 1, 4, None, 0, -1, 4, -2]",147,8,0.0,best_second,w362e427,8.419580362549237,7.513163545234075,8.758726607842037,8,8,0,1,1,2,1.0
2122,"[[7, 4], [6], [], [], [], [2, 8], [], [], [], [1, 6], [5, 0]]","[-2, 4, -4, 1, -2, 4, -4, 0, 4, -4, None]",141,10,0.0,best_second,w362e427,8.12740456269308,7.049254841255837,8.420021279663963,8,8,0,1,1,2,2.0
2123,"[[3, 9], [], [1], [], [], [2, 1], [7, 0], [8, 4], [], [], []]","[4, 0, 1, 0, -3, -4, None, 2, 1, -3, -2]",45,3,5.0,best_third,w362e427,7.400009517162692,6.834108738813839,7.849323818040561,4,3,1,0,0,2,3.0
2124,"[[7, 3], [], [10, 4], [6, 9], [], [], [], [8, 5], [], [], [4]]","[None, 4, -4, 2, 2, 4, 3, -1, 0, 2, -2]",233,3,0.0,best_second,w362e427,7.9561263512135,7.037905963447183,8.291797105048733,5,5,0,1,1,2,4.0
2125,"[[8, 1], [5, 10], [], [], [], [], [9], [6, 9], [4, 2], [], []]","[None, -1, -1, -1, 0, 1, -3, 2, -4, -1, 4]",133,6,5.0,best_second,w362e427,8.364042011922061,7.628031126930335,8.755264763314683,3,0,3,0,1,2,1.0
2128,"[[], [2, 10], [], [4, 5], [], [], [7, 8], [8], [], [3, 1], []]","[-1, 2, 3, 3, 0, -4, -2, 4, -4, None, -4]",303,5,7.0,best_min,w362e427,7.383989457978508,7.362645270417825,8.066207568006263,5,3,2,0,0,2,7.0
2132,"[[2, 5], [], [], [9, 7], [], [], [10, 4], [], [0, 6], [7], []]","[-1, 0, 2, -3, 0, 4, -3, -3, None, 0, -4]",293,6,5.0,best_second,w362e427,7.97522083865341,6.937314081223682,8.278174290943737,3,1,2,0,1,2,4.0
2133,"[[9, 3], [], [], [], [], [2, 1], [5, 0], [10, 4], [], [], [4]]","[2, -2, 0, 1, 4, 2, None, 2, -4, -1, 3]",317,2,1.0,best_third,w362e427,8.465057436995709,5.420534999272286,8.511376306094673,3,1,2,0,1,2,2.0
2135,"[[4, 6], [2, 8], [], [10, 7], [], [], [], [], [], [0, 1], [7]]","[3, -3, -4, 3, 4, -4, -3, 0, -2, None, -1]",57,11,6.0,best_second,w362e427,7.467942332285852,6.690842277418563,7.845807502637805,7,7,0,1,1,2,2.0
2136,"[[8, 6], [], [], [2], [], [], [5, 7], [], [10, 1], [3, 2], []]","[None, -3, 0, 2, -4, -3, 1, -4, -1, -2, -4]",103,2,5.0,best_second,w362e427,8.328209491748732,7.153051634937481,8.597112814592112,-2,-2,0,1,1,2,1.0
2138,"[[5, 3], [], [8], [4, 7], [], [1, 10], [], [], [], [2, 8], []]","[None, -1, -2, -3, -2, 4, -4, -1, 0, -3, 4]",39,10,0.0,best_second,w362e427,8.003697339094368,6.895682697747867,8.288785810426928,8,3,5,0,1,2,1.0
2139,"[[5, 7], [], [], [], [0, 6], [], [9, 3], [], [10, 2], [], [2]]","[3, 3, 1, 0, None, 4, -4, -3, -2, -4, -2]",327,11,6.0,best_second,w362e427,8.051022208190679,7.873217054862741,8.659039915644474,7,7,0,1,1,2,4.0
2140,"[[], [6, 2], [0, 3], [], [7, 9], [], [10, 5], [9], [], [], []]","[4, None, 2, -4, 4, 2, -1, -4, 4, -4, -4]",383,8,6.0,best_third,w362e427,8.20685642839965,6.5998704992128365,8.389359819906353,6,6,0,1,1,2,6.0
2141,"[[5, 7], [4, 9], [], [], [], [7], [], [], [1, 10], [], [3, 2]]","[-2, -4, 4, -3, 0, -1, 0, 1, None, -1, 3]",399,10,1.0,best_second,w362e427,8.50207955360619,7.444833273892193,8.800113946766308,7,7,0,1,1,2,1.0
2142,"[[], [5, 4], [0], [], [], [], [8, 1], [], [7, 3], [2, 0], []]","[4, 3, 1, 2, 4, -2, None, 0, -3, -1, 2]",159,8,1.0,best_second,w362e427,7.877397186353287,7.780720886117918,8.523175263093785,7,7,0,1,1,2,2.0
2143,"[[], [], [1, 5], [], [], [], [], [3], [7, 3], [4, 0], [9, 2]]","[-4, 1, 4, -4, -2, -1, -1, -2, -3, -3, None]",225,8,5.0,best_second,w362e427,7.837554360881085,7.850103545175582,8.536799721055155,5,5,0,1,1,2,2.0
2145,"[[1], [], [], [0, 1], [7, 5], [2, 6], [], [8, 9], [], [], []]","[2, 4, 3, -2, None, 1, 0, -4, -1, 2, 3]",265,6,1.0,best_second,w362e427,7.557994958530806,6.918695219020472,7.98139158158007,4,4,0,1,1,2,3.0
2149,"[[], [0], [10, 5], [], [], [3, 8], [1, 0], [], [], [], [9, 4]]","[4, 0, None, 0, 3, 1, 0, -1, 1, 2, -3]",221,2,0.0,best_second,w362e427,8.376781037699491,7.637716432664798,8.767017621311778,2,2,0,1,1,2,1.0
2151,"[[], [2, 7], [], [0, 9], [3, 1], [], [], [], [5], [], [8, 5]]","[0, 3, -1, 4, None, 4, 4, 4, -4, -1, -3]",355,4,5.0,best_min,w362e427,7.594381242551816,7.582738488914411,8.281470857895167,7,4,3,0,0,2,5.0
2152,"[[], [4, 8], [], [7, 2], [6, 10], [], [], [2], [0, 9], [], []]","[-4, None, 2, 1, 3, 2, 4, -2, -3, -3, 1]",201,10,2.0,best_second,w362e427,8.751949058058612,6.775366090936392,8.881558488638975,7,7,0,1,1,2,1.0
2153,"[[5, 3], [2], [], [], [], [], [], [], [4, 6], [0, 8], [1, 2]]","[3, -2, -3, 0, 3, -2, -2, 0, -4, None, -4]",47,5,3.0,best_second,w362e427,8.1886891244442,7.454141078146678,8.580355766373879,3,3,0,1,1,2,5.0
2154,"[[], [], [], [8, 6], [], [], [2, 4], [5], [1, 9], [], [7, 5]]","[0, 4, 3, None, 4, 1, 1, 1, -1, -3, 0]",119,4,3.0,best_second,w362e427,8.206583614320751,7.5595594960077,8.627481545310362,5,4,1,0,1,2,7.0
2157,"[[], [7, 6], [], [4, 10], [10], [1, 9], [], [], [], [8, 2], []]","[-1, 1, -1, -3, 4, None, -3, 2, -3, -3, 1]",253,7,4.0,best_second,w362e427,8.244596756382498,7.0613343669104385,8.511577452630602,3,3,0,1,1,2,2.0
2158,"[[], [10, 4], [1, 7], [], [], [], [9, 8], [0, 5], [], [8], []]","[3, 4, None, 4, -4, -2, 1, 1, 1, 0, 4]",3,7,8.0,best_third,w362e427,7.892078421248119,6.331501849893691,8.082402253926244,8,8,0,1,1,2,5.0
2159,"[[], [2, 6], [6], [], [], [], [], [9, 8], [5, 10], [0, 4], []]","[-2, 1, -3, 1, -3, 4, -4, None, 2, -4, -4]",203,11,6.0,best_second,w362e427,7.534762657037537,6.962243464266207,7.981733286691886,6,6,0,1,1,2,1.0
2162,"[[], [], [3, 0], [], [2, 10], [7, 1], [], [1], [], [], [6, 9]]","[3, 4, 4, 0, None, -3, 4, 2, -4, 2, 1]",343,3,1.0,best_third,w362e427,7.175489713624222,7.560080465021827,8.078998258685155,7,7,0,1,1,2,2.0
2164,"[[8, 4], [9], [], [1, 9], [2, 10], [], [], [], [7, 5], [], []]","[None, 1, -2, -3, -2, 0, 2, 2, -3, 3, 0]",247,2,3.0,best_third,w362e427,8.375168691386818,6.561030665896572,8.52595469708481,-1,-1,0,1,1,2,2.0
2165,"[[2, 6], [], [9, 1], [], [], [8, 3], [10, 7], [], [3], [], []]","[None, -3, -3, -1, 4, -1, 4, -2, 3, -2, 4]",67,11,6.0,best_second,w362e427,7.672292455628756,7.1891677384203225,8.152486075780242,8,8,0,1,1,2,1.0
2166,"[[], [], [7, 8], [], [10, 6], [], [], [1, 3], [5, 9], [], [6]]","[-1, -2, None, 4, 4, -4, 3, -1, -3, -2, 3]",217,8,5.0,best_second,w362e427,8.462948176563842,7.024649030453636,8.67573421954479,3,3,0,1,1,2,2.0
2168,"[[5, 8], [], [], [], [6, 0], [], [3, 9], [1], [], [], [7, 1]]","[-2, 3, 0, 2, None, 4, 3, -1, -2, 3, -2]",351,5,0.0,best_second,w362e427,7.071573364211532,7.042286171939743,7.749753406274437,6,5,1,0,1,2,6.0
2170,"[[6, 10], [], [4, 3], [], [], [], [10], [2, 8], [5, 9], [], []]","[2, -3, 0, -3, -1, 2, 0, None, -2, 0, 3]",167,2,3.0,best_third,w362e427,8.323122887587735,8.289037098278483,8.999248901686114,0,-1,1,0,0,2,2.0
2172,"[[], [], [8, 9], [0, 1], [], [7, 10], [5, 3], [], [9], [], []]","[4, -1, -3, 4, 2, -3, None, 4, -3, -1, -1]",285,8,5.0,best_second,w362e427,7.397561535524052,6.626717749249025,7.777373602657861,8,8,0,1,1,2,5.0
2174,"[[6], [], [0, 6], [7, 8], [9, 3], [], [], [], [], [1, 10], []]","[-4, 3, 4, -3, None, -2, -4, -1, -3, 1, -3]",17,8,4.0,best_second,w362e427,7.867105500316739,6.838405200847344,8.17244681834278,4,4,0,1,1,2,2.0
2175,"[[], [9, 7], [10, 0], [2, 1], [], [8, 4], [], [], [4], [], []]","[4, -3, 1, None, 0, -2, 3, -2, 0, -4, -4]",323,10,3.0,best_second,w362e427,7.31986492980897,7.456454555176209,8.083328608786374,5,5,0,1,1,2,2.0
2179,"[[], [], [7], [], [8, 1], [], [5, 0], [], [], [2, 7], [6, 4]]","[-1, 1, -4, 1, 0, 0, 4, 4, -1, 0, None]",365,3,5.0,best_second,w362e427,7.283448228756631,6.4425401664681985,7.6415644412609725,4,4,0,1,1,2,2.0
2183,"[[], [2], [], [1, 2], [], [], [8, 9], [], [0, 7], [10, 4], []]","[-2, 4, -3, -4, -4, -2, None, 3, 2, -1, -3]",87,8,1.0,best_second,w362e427,8.114623886420098,7.303843225277704,8.482187582217422,5,5,0,1,1,2,1.0
2184,"[[10], [8, 2], [4, 6], [], [], [], [], [0, 10], [3, 5], [], []]","[2, None, -4, -4, -3, 4, 2, 1, 4, 3, -4]",255,11,0.0,best_second,w362e427,7.198931240688173,7.3833681469923835,7.988203597022575,8,8,0,1,1,2,5.0
2186,"[[9, 8], [7, 4], [], [0, 6], [], [], [5, 2], [4], [], [], []]","[0, 2, 0, None, 1, -4, 3, -1, -4, 2, -3]",215,4,3.0,best_third,w362e427,7.79770203551669,7.402451520818244,8.31238059678675,3,-1,4,0,1,2,6.0
2189,"[[], [], [], [10, 0], [], [2, 4], [9, 7], [], [5, 6], [], [0]]","[1, 1, 1, -1, -2, 4, 2, 2, None, 1, 2]",287,2,6.0,best_min,w362e427,7.596894438144544,7.283448228756631,8.145259566516865,5,5,0,1,1,2,1.0
2190,"[[], [], [3, 8], [8], [10, 0], [], [], [4, 9], [], [1, 6], []]","[-2, 0, 3, -1, -4, -4, 1, None, -4, 4, -3]",369,8,3.0,best_second,w362e427,7.5595594960077,7.518607216815251,8.23217423638394,5,4,1,0,1,2,1.0
2191,"[[2, 9], [7, 6], [], [], [1, 0], [], [], [], [10, 5], [], [5]]","[1, -1, -3, 3, None, -4, -3, -4, 0, -4, 1]",277,2,5.0,best_second,w362e427,7.626082758072381,8.21851757748959,8.658519127506672,-2,-2,0,1,1,2,1.0
2193,"[[6, 2], [], [], [], [], [7, 1], [2], [], [10, 4], [8, 5], []]","[0, 0, 3, 4, 3, 2, -2, 1, -4, None, -3]",75,5,2.0,best_second,w362e427,7.687997166393016,7.163946684342547,8.152774052744075,3,3,0,1,1,2,6.0
2196,"[[10, 3], [], [6], [], [7, 9], [4, 0], [], [], [2, 6], [], []]","[3, -3, 1, 3, -3, None, 3, -4, -3, -2, 0]",163,9,0.0,best_second,we76379b,8.03268487596762,7.899153483343098,8.661120360222881,6,6,0,1,1,2,2.0
2197,"[[5, 2], [], [], [], [], [], [], [3], [0, 9], [1, 4], [7, 3]]","[-3, -1, -4, -3, 4, 0, 2, 4, None, 2, 3]",219,9,1.0,best_second,we76379b,8.255828427281829,8.10258642539079,8.875147316853349,6,-3,9,0,0,2,5.0
2198,"[[], [], [], [], [], [3, 2], [7, 5], [4, 0], [9, 10], [10], []]","[-4, -3, -4, -2, 3, -4, None, 3, -3, -4, 2]",55,11,7.0,best_second,we76379b,7.388946097618437,7.762170607138205,8.285765420514329,6,6,0,1,1,2,2.0
2200,"[[8, 4], [], [], [], [], [], [3, 10], [1, 2], [4], [6, 7], []]","[2, 0, -2, 0, 3, -4, -4, 3, -2, None, 1]",375,5,5.0,best_second,we76379b,7.685703061234547,7.958926493050111,8.52456594574565,3,3,0,1,1,2,1.0
2203,"[[7, 2], [10, 4], [], [], [], [8, 9], [1, 0], [], [9], [], []]","[3, -4, -2, -2, -1, -4, None, 1, 1, 3, 2]",215,6,3.0,best_second,we76379b,6.741700694652055,7.824845691026857,8.116118431609367,4,-5,9,0,0,2,3.0
2205,"[[], [3, 2], [], [], [], [], [9], [6, 9], [4, 0], [], [1, 8]]","[-2, 3, 3, 0, 0, 2, 2, -1, 1, 2, None]",173,5,0.0,best_second,we76379b,8.300776960851454,7.186144304522325,8.584290934948733,6,6,0,1,1,2,2.0
2206,"[[], [], [10, 0], [], [7, 2], [9, 1], [], [3, 6], [], [1], []]","[4, -1, -2, 4, None, 3, 0, 1, 0, 0, 2]",249,4,1.0,best_third,we76379b,8.319229938632326,7.10002716662926,8.577911926450945,5,5,0,1,1,2,2.0
2207,"[[7, 4], [], [], [5], [9, 1], [], [], [2, 6], [3, 5], [], []]","[None, 2, -1, 1, 2, 4, -3, -4, -3, -2, -1]",133,8,0.0,best_second,we76379b,7.549082710812286,7.850882664809852,8.404248432400102,4,4,0,1,1,2,2.0
2208,"[[], [], [], [], [], [0], [], [5, 0], [4, 3], [10, 8], [2, 1]]","[-4, -3, 4, -1, -2, -3, -1, -4, -3, None, 3]",61,10,6.0,best_second,we76379b,7.85748078694253,7.585281078639126,8.423541635334782,7,7,0,1,1,2,1.0
2209,"[[], [], [9, 4], [], [3, 10], [], [5], [], [6, 5], [1, 7], []]","[-4, 4, None, -3, -4, 0, -3, -4, 4, 4, 2]",87,11,8.0,best_second,we76379b,7.805474625270858,7.443078374348516,8.33351070898294,8,8,0,1,1,2,5.0
2210,"[[9], [], [], [], [5, 7], [1, 6], [], [2, 3], [], [], [0, 9]]","[-3, 1, -1, 4, None, 4, 3, -4, 3, 1, 1]",235,7,1.0,best_second,we76379b,7.678326356506886,7.736743682453495,8.400884069015854,7,7,0,1,1,2,5.0
2211,"[[3, 8], [], [], [], [], [9], [5, 9], [0, 10], [], [], [1, 4]]","[-1, -3, 0, -2, 4, -1, -1, None, 4, -3, 3]",383,7,1.0,best_third,we76379b,7.6246189861593985,7.822845290279774,8.421562960400987,7,7,0,1,1,2,6.0
2212,"[[10], [], [0, 10], [], [], [9, 8], [3, 1], [6, 5], [], [], []]","[-4, 4, -1, -4, -4, 1, -3, None, -4, 4, 4]",361,8,5.0,best_third,we76379b,8.09712193091871,7.087573705557973,8.407601514786142,5,5,0,1,1,2,8.0
2215,"[[5, 9], [7, 2], [], [0, 4], [8, 10], [], [], [2], [], [], []]","[4, 4, -1, None, -4, 1, 0, 2, -4, 4, 4]",209,9,0.0,best_second,we76379b,7.877397186353287,7.5256399750415355,8.409830673087738,8,8,0,1,1,2,8.0
2218,"[[], [], [], [0, 7], [], [8], [10, 3], [], [], [5, 8], [4, 2]]","[-4, 0, -3, -2, 4, -2, None, -2, 0, 3, 1]",301,9,4.0,best_second,we76379b,8.300031711779575,7.399398083331354,8.640825751861511,5,5,0,1,1,2,2.0
2219,"[[7], [0, 7], [], [], [], [], [4, 3], [], [10, 6], [], [2, 9]]","[3, -2, -1, 3, -4, 1, 1, -2, None, 1, 0]",59,5,2.0,best_min,we76379b,8.08825472712243,7.720017940432244,8.613956859848546,4,4,0,1,1,2,2.0
2220,"[[5, 10], [4, 9], [], [2, 6], [9], [], [], [], [3, 0], [], []]","[2, 2, -4, -3, -1, -2, -2, -1, None, -4, -1]",195,5,3.0,best_second,we76379b,7.68937110752969,7.893198869544609,8.489410810403786,1,1,0,1,1,2,2.0
2222,"[[], [], [], [7, 8], [5, 0], [], [9, 4], [8], [], [1, 2], []]","[0, 0, 4, -4, 3, 2, None, 2, 0, -2, 3]",277,4,3.0,best_second,we76379b,7.413970290190445,7.3783837129967145,8.089175678837561,5,5,0,1,1,2,4.0
2227,"[[10, 8], [0, 3], [4, 7], [5, 9], [7], [], [], [], [], [], []]","[2, None, -1, 2, 2, -4, -1, 0, -2, -3, 1]",145,4,4.0,best_second,we76379b,8.760453046315272,7.748460023899698,9.070388411548738,3,3,0,1,1,2,1.0
2228,"[[], [3, 10], [], [6, 7], [5, 8], [8], [], [], [], [], [2, 9]]","[3, None, -1, 3, -1, 4, -2, -1, -4, 3, 4]",83,5,1.0,best_second,we76379b,8.24905227417129,6.688354713946762,8.439447842791385,7,3,4,0,1,2,1.0
2229,"[[], [0], [], [7, 5], [], [], [], [], [1, 0], [3, 10], [6, 4]]","[-1, -2, 2, -3, 1, 3, -4, -3, 3, None, 1]",363,5,0.0,best_third,we76379b,8.10892415597534,7.884952945759814,8.696175846944678,2,2,0,1,1,2,6.0
2230,"[[7, 5], [6], [], [4, 0], [2, 9], [], [], [], [], [], [1, 6]]","[2, 4, -4, None, -2, -4, 3, 4, -1, -2, 0]",13,10,6.0,best_second,we76379b,8.382975849296429,7.8838232148921525,8.857230494201946,6,6,0,1,1,2,2.0
2234,"[[], [0, 10], [3, 8], [], [7, 6], [], [], [6], [], [2, 1], []]","[-3, 2, 2, 0, -4, 1, 3, 3, 4, None, 3]",319,4,2.0,best_third,we76379b,9.045111892608405,7.395721608602045,9.22078562983772,6,6,0,1,1,2,6.0
2235,"[[4], [], [0, 4], [6, 8], [], [7, 3], [], [9, 1], [], [], []]","[0, 3, -2, 3, -4, None, 3, 0, 1, -1, -3]",323,4,2.0,best_second,we76379b,7.881182202227101,7.889084407035514,8.57810012631976,6,6,0,1,1,2,4.0
2240,"[[], [], [1], [], [], [3, 4], [9, 10], [2, 1], [5, 6], [], []]","[3, -1, -2, -4, -3, -3, 3, 1, None, 4, -2]",15,11,5.0,best_second,we76379b,8.118802996980035,7.204892510204673,8.455743229100015,7,7,0,1,1,2,1.0
2242,"[[5, 10], [], [], [], [], [10], [3, 9], [1, 4], [6, 7], [], []]","[3, -2, 1, 4, 4, 4, -1, -4, None, -2, -4]",333,6,1.0,best_third,we76379b,8.376781037699491,7.693481640835175,8.785386587284155,3,3,0,1,1,2,6.0
2243,"[[10, 1], [], [], [7, 4], [], [], [5, 2], [], [], [3, 6], [1]]","[4, -4, -4, -1, -3, -2, 4, -1, 4, None, -4]",199,4,8.0,best_second,we76379b,7.400620577371135,7.650644551436897,8.226305988015508,2,2,0,1,1,2,2.0
2244,"[[], [4, 2], [], [8, 5], [2], [0, 6], [], [], [10, 9], [], []]","[-3, 0, 0, None, -1, 0, 1, -1, 0, 2, 4]",57,4,2.0,best_second,we76379b,8.905308661189288,7.409136443920128,9.107310471656639,4,4,0,1,1,2,4.0
2247,"[[6, 4], [], [], [5, 10], [], [10], [], [2, 1], [7, 0], [], []]","[-3, -4, 4, -2, -2, -2, -1, 4, None, 3, 1]",391,11,8.0,best_second,we76379b,8.046549357283078,6.5337888379333435,8.245384468120747,8,8,0,1,1,2,1.0
2249,"[[7, 3], [], [10, 8], [], [], [], [], [3], [5, 6], [], [9, 4]]","[3, 0, None, 1, 3, 0, -1, 0, 2, 4, -4]",27,2,3.0,best_second,we76379b,7.48885295573346,8.222553638396958,8.614501373883236,2,2,0,1,1,2,1.0
2250,"[[8, 6], [], [], [], [], [], [5, 2], [3], [1, 4], [], [7, 3]]","[None, -2, 0, 1, 2, -1, -2, -1, 4, 0, 3]",77,7,2.0,best_second,we76379b,8.105911197986508,7.013915474810528,8.395025557442029,6,6,0,1,1,2,1.0
2251,"[[8, 10], [], [6, 7], [1], [3, 1], [0, 2], [], [], [], [], []]","[1, 0, 3, 0, 0, None, 2, -2, 1, -3, -1]",271,4,5.0,best_third,we76379b,8.121777419161074,6.9726062513017535,8.396831834745054,5,5,0,1,1,2,2.0
2252,"[[], [], [0], [], [1, 3], [], [2, 0], [8, 5], [], [], [4, 7]]","[1, 3, -4, -1, 1, 2, 0, -1, 0, 1, None]",81,4,2.0,best_third,we76379b,8.165932137321585,7.445417556701687,8.56216655705897,4,4,0,1,1,2,2.0
2253,"[[8, 1], [], [], [2, 10], [], [], [5, 4], [], [1], [6, 3], []]","[2, 2, -1, 2, -3, 1, 2, -1, -4, None, -2]",191,3,5.0,best_min,we76379b,8.823058934301647,7.54274354536855,9.06820060481506,3,3,0,1,1,2,1.0
2256,"[[], [], [9, 8], [], [], [3, 7], [4, 1], [], [], [8], [5, 6]]","[2, -4, -3, 0, 1, -4, 3, -3, -1, -4, None]",369,8,7.0,best_second,we76379b,8.370084326378025,6.846943139585379,8.567125560164447,4,4,0,1,1,2,3.0
2257,"[[1, 8], [4, 6], [], [], [], [], [], [9, 3], [10, 2], [3], []]","[None, -1, 3, -2, 3, 1, 1, 0, -4, 0, -1]",223,4,7.0,best_second,we76379b,8.099554282376364,8.046869510959578,8.76655014954635,2,-1,3,0,0,2,2.0
2260,"[[9, 8], [], [], [4, 7], [7], [], [], [], [2, 10], [6, 1], []]","[None, -1, -4, 0, -1, -2, 3, 4, 0, 2, -3]",327,7,3.0,best_second,we76379b,7.577121930876679,6.625392368007956,7.903226808730733,5,5,0,1,1,2,1.0
2261,"[[], [], [], [6, 2], [], [], [], [1, 5], [7, 3], [4], [9, 4]]","[4, -2, -2, -4, -1, 2, 3, 3, None, 0, 3]",75,7,1.0,best_second,we76379b,7.550135342488429,7.407924322559599,8.174421152646497,5,5,0,1,1,2,5.0
2262,"[[], [6, 5], [], [], [0, 3], [], [], [1, 4], [10, 9], [], [9]]","[-4, 3, 0, -3, 0, -2, 2, None, -4, -1, -3]",11,7,5.0,best_second,we76379b,7.673223121121708,7.500529485395295,8.28349412616251,5,5,0,1,1,2,1.0
2263,"[[9], [8, 4], [], [], [3, 6], [], [], [], [2, 5], [], [0, 9]]","[-2, None, 4, -3, -4, 1, -1, 4, 2, 2, -4]",381,9,1.0,best_second,we76379b,7.106606137727303,6.968850378341948,7.73280753042202,6,6,0,1,1,2,2.0
2266,"[[], [], [9, 4], [7, 1], [], [3, 8], [], [], [6, 0], [4], []]","[-4, 3, -1, 3, -4, None, 1, -4, -4, 0, -2]",185,10,0.0,best_second,we76379b,7.772752716468742,7.434847875212,8.310906757168452,6,6,0,1,1,2,5.0
2267,"[[], [9, 3], [4, 5], [0, 6], [5], [], [], [], [], [7, 10], []]","[-1, None, 3, -2, 1, -3, 0, 0, 3, 0, -4]",43,3,4.0,best_min,we76379b,7.978996370854115,7.528331766707247,8.471777327885755,0,0,0,1,1,2,1.0
2268,"[[5, 3], [], [], [], [], [3], [7, 2], [], [10, 6], [], [4, 1]]","[-4, -2, 1, -1, -3, -4, 4, 0, None, -1, -4]",337,8,2.0,best_second,we76379b,7.315883504509785,7.914617709040678,8.352318548226004,5,-7,12,0,0,2,1.0
2273,"[[], [], [], [10, 0], [6, 2], [4, 7], [], [9, 1], [], [], [0]]","[2, -3, -1, 4, 2, None, 4, -3, 4, -4, -2]",349,10,3.0,best_second,we76379b,7.602900462204755,7.3783837129967145,8.189799618728228,6,6,0,1,1,2,1.0
2274,"[[], [], [], [1], [], [3, 1], [], [4, 9], [7, 10], [], [2, 6]]","[4, 0, 2, 0, 4, 0, -3, 3, None, 0, -1]",123,7,3.0,best_second,we76379b,7.858640655620791,6.81783057145415,8.160803920954665,7,7,0,1,1,2,5.0
2275,"[[], [2], [], [5, 4], [8, 10], [0, 6], [], [], [], [1, 2], []]","[-3, -1, -2, None, 2, -4, 3, -4, 1, -1, 0]",227,5,2.0,best_second,we76379b,7.850103545175582,7.605392364814934,8.428143374582726,3,3,0,1,1,2,6.0
2276,"[[], [10], [3, 7], [], [9, 2], [], [], [], [1, 10], [5, 0], []]","[2, 4, 0, -2, None, 4, 3, 0, 1, -3, 3]",395,2,5.0,best_third,we76379b,8.512582578858556,6.77078942390898,8.673855001429615,1,1,0,1,1,2,2.0
2278,"[[], [], [7, 1], [9], [2, 10], [], [], [], [3, 9], [], [0, 6]]","[2, -1, -4, 1, None, 0, -2, -2, -1, 4, 1]",141,7,3.0,best_second,we76379b,8.11192806331074,6.61472560020376,8.31360713931756,3,3,0,1,1,2,1.0
2282,"[[], [7, 6], [8], [], [], [], [0, 9], [4, 5], [], [], [2, 8]]","[-2, None, -3, 4, 4, -3, -2, 4, -4, -4, -2]",147,11,7.0,best_second,we76379b,7.937731775260109,6.375024819828097,8.127699852817772,8,8,0,1,1,2,2.0
2284,"[[], [], [8], [6, 9], [2, 8], [], [], [0, 1], [], [], [3, 7]]","[-3, 2, -4, -1, 2, 1, -3, 0, -4, -4, None]",389,6,2.0,best_second,we76379b,9.33846969968671,7.226209010100671,9.45258041898138,2,2,0,1,1,2,1.0
2285,"[[7, 3], [], [], [], [], [], [4, 8], [3], [], [2, 1], [9, 6]]","[-2, -2, -3, 3, 4, -3, -4, -4, 1, 1, None]",371,2,3.0,best_min,we76379b,8.517393171418904,6.872128101338986,8.693664334532018,0,-1,1,0,0,2,3.0
2287,"[[], [], [9, 10], [], [], [6, 4], [4], [], [], [7, 0], [8, 3]]","[-3, -4, None, 1, 0, 0, 1, -1, -2, 0, 3]",63,5,2.0,best_second,we76379b,7.682482446534506,7.706162970199575,8.387312270561717,4,4,0,1,1,2,2.0
2288,"[[], [2], [], [8, 7], [], [], [1, 2], [10, 4], [0, 5], [], []]","[-3, 4, 1, None, -4, 2, 4, -4, 0, -1, 3]",355,6,2.0,best_third,we76379b,8.51699317141357,6.916715020353609,8.700680734850163,2,2,0,1,1,2,7.0
2289,"[[], [9, 10], [], [8], [], [], [3, 8], [], [], [2, 5], [4, 0]]","[1, None, 0, 0, -1, 4, 3, -3, 2, 3, 0]",175,6,1.0,best_second,we76379b,8.275631054578009,6.926577033222725,8.506132244056813,7,7,0,1,1,2,2.0
2294,"[[], [10], [], [], [6, 0], [], [], [4, 8], [2, 5], [1, 10], []]","[-2, 1, -3, 3, -4, 3, -1, None, 2, -4, -2]",45,9,1.0,best_second,we76379b,8.498621805830803,7.399398083331354,8.785998208098329,5,5,0,1,1,2,1.0
2295,"[[6, 10], [], [], [], [5, 8], [], [10], [9, 4], [], [3, 1], []]","[4, -4, -4, 3, -3, 2, -1, None, -2, 1, -4]",343,7,5.0,best_third,we76379b,7.928406026180535,7.309212365692763,8.358900612421644,4,4,0,1,1,2,4.0
2296,"[[2, 9], [3, 10], [4, 5], [10], [], [], [], [], [], [8, 7], []]","[None, -4, -1, 1, 0, -2, -2, -2, 3, 3, 4]",387,7,5.0,best_second,we76379b,8.095293776844647,7.267525427828172,8.457655478700042,6,6,0,1,1,2,2.0
2297,"[[9, 2], [], [], [], [8, 7], [], [], [6, 3], [10, 5], [2], []]","[-1, -1, -3, -4, None, 0, -1, -3, -1, -3, 1]",167,4,1.0,best_second,we76379b,8.156510226079966,7.743703258173754,8.664232934065552,0,0,0,1,1,2,3.0
2298,"[[], [9, 6], [], [7], [], [], [0, 5], [], [], [8, 2], [3, 7]]","[4, None, 3, 1, 0, 2, 1, -4, 0, 4, -4]",105,3,1.0,best_third,we76379b,8.054840221101026,7.065613363597717,8.3707791729607,7,7,0,1,1,2,2.0
2303,"[[8, 9], [], [7, 1], [0, 4], [6, 10], [], [], [1], [], [], []]","[3, -2, -2, None, 4, 4, -1, 1, 3, -1, 0]",379,3,4.0,best_min,we76379b,8.287528423111763,7.490529402060712,8.659386957119413,6,6,0,1,1,2,1.0
2305,"[[7, 10], [], [], [9, 6], [], [], [], [8, 5], [], [6], [1, 4]]","[None, -1, 4, 1, -2, -3, 2, -1, 4, -3, 2]",303,4,4.0,best_min,we76379b,8.79300509129753,7.653969180478775,9.070618428801044,3,0,3,0,0,2,7.0
2307,"[[4, 9], [10], [], [], [8, 3], [], [], [1, 10], [], [6, 5], []]","[None, -4, 2, -2, -4, 4, -1, -4, 3, 2, -2]",251,8,2.0,best_second,we76379b,8.468002947225466,7.543273346705446,8.801920904041582,6,6,0,1,1,2,5.0
2308,"[[], [], [8, 1], [5, 10], [], [6, 9], [], [], [1], [], [0, 7]]","[-4, -2, -2, None, -3, 4, -1, 0, 0, 4, -4]",101,11,4.0,best_second,we76379b,7.8450244172414845,8.324093761450404,8.80597465931132,8,-4,12,0,0,2,5.0
2310,"[[9, 4], [], [], [7, 2], [], [], [3, 10], [], [], [4], [5, 1]]","[3, 0, 1, 1, -3, 2, None, 3, -2, 3, 3]",181,2,3.0,best_third,we76379b,8.583729715216483,6.576469569048224,8.709630081951284,5,5,0,1,1,2,2.0
2311,"[[8, 3], [], [0, 7], [], [5], [], [], [9, 1], [], [], [4, 5]]","[2, -2, None, -4, -1, 1, -1, 4, -2, 2, -4]",157,6,6.0,best_second,we76379b,8.341648618901306,6.542471960506805,8.494538500851432,6,6,0,1,1,2,2.0
2312,"[[10], [0, 10], [4, 6], [], [], [], [], [2, 8], [3, 9], [], []]","[4, 2, 1, -3, -1, 3, 2, None, 4, -2, -1]",267,2,1.0,best_min,we76379b,8.185628891147607,6.907755278982137,8.431199478249262,3,3,0,1,1,2,1.0
2317,"[[5, 8], [10, 3], [0, 1], [], [], [], [9, 4], [], [], [4], []]","[3, -4, None, -3, 4, 3, -2, 3, -4, -4, 0]",255,10,7.0,best_second,we76379b,7.7142311448490855,6.687108607866515,8.019941687677363,6,6,0,1,1,2,3.0
2318,"[[], [10, 7], [5], [2, 5], [], [], [], [8, 6], [], [], [0, 4]]","[4, None, 2, 2, -3, 2, -4, -4, 0, -1, 3]",279,11,6.0,best_second,we76379b,7.541152455136308,7.559038255443383,8.243019468989248,7,7,0,1,1,2,4.0
2319,"[[9], [], [4, 1], [10, 2], [], [], [], [], [0, 9], [], [6, 7]]","[2, -4, 4, None, 1, -2, -2, -3, -3, -4, -2]",3,8,8.0,best_second,we76379b,8.026496938945412,7.062191632286557,8.34924780056679,5,5,0,1,1,2,1.0
2320,"[[], [], [4, 5], [], [7, 1], [0, 9], [10, 3], [], [], [], [3]]","[-1, 3, None, 1, 3, 2, 4, -1, 0, -2, -2]",21,5,0.0,best_second,we76379b,8.739055922830726,6.818924065275521,8.875706444628609,6,2,4,0,1,2,1.0
2323,"[[4], [], [9, 6], [], [], [], [5, 3], [], [], [7, 1], [0, 4]]","[3, 4, None, -3, 1, 3, -4, -1, 2, 3, 3]",347,9,1.0,best_second,we76379b,7.666690200080086,7.321849713788356,8.201934351194222,7,7,0,1,1,2,6.0
2325,"[[], [], [], [], [7, 10], [6, 1], [1], [0, 2], [], [], [3, 8]]","[-2, -4, -4, 2, None, 1, -3, 2, -2, -2, 4]",93,6,6.0,best_second,we76379b,8.300280189852664,6.313548046277095,8.428580533059634,6,6,0,1,1,2,2.0
2330,"[[4, 2], [], [], [], [], [10, 9], [1, 3], [], [0, 6], [], [9]]","[4, 4, -1, 0, -2, 0, 1, 4, None, 2, -3]",233,3,1.0,best_min,we76379b,8.531293315795018,6.556778356158042,8.661120360222881,5,5,0,1,1,2,1.0
2331,"[[], [2, 4], [], [], [], [], [8, 3], [], [3], [10, 1], [7, 0]]","[1, 2, -4, -4, -3, -2, -1, 4, -1, None, -1]",5,4,5.0,best_second,we76379b,7.9355873855892,8.225770799348732,8.784162222270476,3,-1,4,0,0,2,3.0
2333,"[[], [4], [], [], [], [1, 4], [10, 7], [2, 3], [], [], [8, 9]]","[-4, 4, -3, 3, 1, 1, None, 4, -3, -2, -4]",285,11,1.0,best_second,we76379b,8.015987811027237,7.221835825288449,8.38867776918081,7,7,0,1,1,2,1.0
2335,"[[], [], [], [2, 4], [], [7, 1], [], [1], [6, 0], [8, 3], []]","[-4, -1, 4, 1, 0, 4, 4, 3, 4, None, -1]",269,6,8.0,best_min,we76379b,8.240648863374913,6.395261598115449,8.387084506069217,8,8,0,1,1,2,4.0
2340,"[[], [], [], [9, 2], [], [], [8, 10], [], [7, 4], [2], [1, 5]]","[3, 4, -4, -4, -3, 2, None, 4, 2, -4, -4]",393,7,5.0,best_third,we76379b,7.889459149404524,6.246106765481563,8.065893546964274,6,6,0,1,1,2,2.0
2341,"[[], [9, 10], [], [], [], [], [], [3], [7, 3], [0, 2], [5, 4]]","[0, None, 4, -4, -2, 4, 1, 0, 3, -1, -2]",317,4,5.0,best_third,we76379b,7.953669778649798,7.53422832627409,8.458716261657262,3,3,0,1,1,2,6.0
2342,"[[4, 1], [6, 5], [], [10, 7], [8, 9], [], [], [], [], [], [7]]","[None, -3, -3, -1, 1, -2, 2, 1, -1, 2, 4]",241,5,1.0,best_second,we76379b,7.669028288589683,7.372118028337787,8.224431573221157,3,3,0,1,1,2,4.0
2343,"[[], [4], [7, 0], [], [], [1, 4], [2, 9], [], [], [10, 8], []]","[-2, -1, 0, 1, 1, -2, None, -1, 4, 2, -2]",365,7,2.0,best_second,we76379b,7.31455283232408,7.535830462798367,8.12415060330663,6,6,0,1,1,2,1.0
2344,"[[5, 7], [], [10, 3], [], [8, 9], [], [0, 4], [], [], [], [3]]","[-3, 4, -1, 0, 0, 3, None, 1, -4, 3, -1]",351,5,3.0,best_min,we76379b,8.432941638968646,7.492760300922379,8.76248954737158,3,3,0,1,1,2,2.0
2345,"[[5, 4], [6], [], [], [], [], [], [0, 9], [], [8, 2], [1, 6]]","[4, -4, -4, 4, 4, -1, -3, None, 0, -4, 3]",179,11,0.0,best_second,we76379b,7.838343315557117,7.406103381237015,8.338305731356565,8,8,0,1,1,2,4.0
2346,"[[], [], [9, 0], [], [], [8, 1], [], [10, 2], [1], [], [6, 3]]","[-3, -4, 1, -2, -3, -4, 1, None, 2, -4, 4]",281,6,6.0,best_second,we76379b,7.849323818040561,7.665284718471351,8.454466361507933,5,5,0,1,1,2,1.0
2347,"[[7, 9], [], [1, 3], [], [6, 10], [0, 2], [10], [], [], [], []]","[-3, -1, 4, 2, 3, None, 2, 1, 2, -4, 3]",183,8,2.0,best_second,we76379b,7.517520850603031,7.425953657077541,8.165647925297504,6,6,0,1,1,2,5.0
2348,"[[], [], [1, 10], [], [], [4, 3], [], [8, 6], [6], [2, 5], []]","[-3, 2, 2, -3, 4, -4, 2, -3, -1, None, 4]",197,7,2.0,best_second,we76379b,7.897668150726906,7.037027614686276,8.250097752572845,6,6,0,1,1,2,7.0
2351,"[[], [], [3, 5], [5], [], [], [7, 9], [1, 8], [], [4, 0], []]","[3, -3, -3, -2, -3, -3, None, -4, 4, 4, 4]",189,9,1.0,best_second,we76379b,8.25919936266628,7.500529485395295,8.643120748014027,7,7,0,1,1,2,7.0
2353,"[[], [], [0], [10, 5], [3, 9], [], [2, 0], [], [], [1, 7], []]","[2, -3, -2, -4, None, 1, -3, -2, 4, -3, -3]",203,3,1.0,best_min,we76379b,8.899867211223587,7.428927194802272,9.106534203250593,-3,-6,3,0,0,2,4.0
2354,"[[4, 8], [], [7], [], [9, 3], [], [2, 7], [], [10, 1], [], []]","[None, -3, 3, -1, -3, -2, 4, -3, -3, 1, -2]",207,3,2.0,best_second,we76379b,8.965206802770357,7.2868764117507,9.136263168579866,-2,-2,0,1,1,2,1.0
2356,"[[], [3, 6], [1, 7], [], [8], [], [], [0, 5], [], [], [4, 8]]","[3, -4, None, -2, -1, -3, 1, 3, 1, 1, 1]",19,9,6.0,best_second,we76379b,8.161089512845797,6.882437470997846,8.406485069431815,6,6,0,1,1,2,3.0
2358,"[[4, 5], [], [], [], [5], [], [], [2, 1], [7, 10], [], [3, 6]]","[3, 2, 1, -2, 1, 3, 3, -4, None, 3, -2]",161,4,6.0,best_min,we76379b,8.617038526385954,7.1049654482698426,8.816111895794005,1,-2,3,0,0,2,5.0
2359,"[[3, 2], [], [6, 10], [9, 1], [], [4], [], [5, 4], [], [], []]","[None, 0, 3, -3, -3, -2, 3, 2, 1, -4, -2]",91,9,5.0,best_second,we76379b,8.021912778985708,7.005789019253502,8.330622620332868,6,6,0,1,1,2,4.0
2360,"[[7, 3], [], [1], [5, 8], [], [], [], [6, 10], [], [2, 1], []]","[None, 4, -2, -3, 2, -3, -4, 2, -1, -1, 4]",273,10,2.0,best_second,we76379b,7.579678823090456,6.78332520060396,7.951559331155251,6,6,0,1,1,2,2.0
2362,"[[], [7, 9], [], [], [0, 10], [2, 8], [5, 4], [9], [], [], []]","[-3, 4, -3, 4, -3, 0, None, -4, -4, -1, -2]",85,2,4.0,best_second,we76379b,7.6787889981991535,8.110727582974489,8.610865667278873,-3,-3,0,1,1,2,1.0
2363,"[[], [], [3, 6], [4, 9], [], [8, 10], [7, 0], [], [10], [], []]","[-1, -4, None, 4, -3, 4, -4, -4, -4, 3, 2]",275,11,1.0,best_second,we76379b,7.810758116529357,7.215975002651466,8.249836485425702,7,7,0,1,1,2,3.0
2366,"[[5], [4, 7], [1, 3], [6, 8], [], [], [], [], [], [0, 5], []]","[3, -4, None, 4, -1, -2, 1, 4, -2, -3, 1]",7,6,6.0,best_second,we76379b,7.844632644464681,7.607381425639791,8.425954710981966,5,5,0,1,1,2,5.0
2368,"[[9], [], [], [0, 9], [], [], [4, 7], [], [10, 6], [], [1, 5]]","[0, -3, -1, 1, 3, 0, 4, -2, None, 2, -4]",291,10,6.0,best_second,we76379b,7.894690850425624,6.887552571664617,8.205764725234456,7,7,0,1,1,2,3.0
2369,"[[], [5], [1, 5], [9, 4], [8, 0], [], [], [], [], [7, 6], []]","[-1, -2, -2, None, -3, 4, -3, 3, 4, -4, -1]",187,5,2.0,best_third,we76379b,8.879750798513125,7.8160138391590275,9.176162920174596,1,1,0,1,1,2,6.0
2371,"[[9, 2], [], [], [10, 0], [6, 8], [], [8], [], [], [], [7, 5]]","[-4, 2, -2, None, -2, 4, -3, 1, 2, -1, 4]",201,10,0.0,best_second,we76379b,7.964850887447313,7.2115567333138015,8.350429973538136,8,8,0,1,1,2,1.0
2372,"[[4], [2, 10], [], [], [], [], [0, 4], [], [1, 9], [3, 5], []]","[-1, -3, 0, 3, 1, -2, 4, -2, None, -3, 2]",359,3,1.0,best_min,we76379b,8.39638057119949,7.555905093611346,8.754949455098291,0,0,0,1,1,2,2.0
2373,"[[2], [], [], [6, 4], [], [], [], [0, 2], [5, 1], [], [8, 3]]","[2, 1, -1, 4, 4, -4, -1, 3, -3, 3, None]",245,10,0.0,best_second,we76379b,7.660585461703256,7.601901959875166,8.32457884513685,8,8,0,1,1,2,5.0
2374,"[[], [2, 3], [3], [], [], [], [], [5, 4], [7, 9], [6, 0], []]","[-4, 1, -4, 1, -4, 2, -3, 4, None, -4, -2]",117,11,8.0,best_second,we76379b,7.748028524432376,7.434847875212,8.296546520300614,6,6,0,1,1,2,1.0
2375,"[[], [9], [8, 3], [], [0, 6], [4, 2], [], [1, 9], [], [], []]","[-2, -3, 1, 0, 4, None, 0, 0, 2, 4, -1]",217,2,1.0,best_third,we76379b,8.238536930171769,6.928537818164666,8.477204183199875,4,3,1,0,0,2,2.0
2376,"[[6], [8, 10], [], [], [9, 1], [0, 6], [], [], [], [7, 3], []]","[0, 0, -2, -3, None, 0, 2, 1, -4, -3, 4]",221,8,4.0,best_third,we76379b,8.606668197843842,7.029087564149662,8.79421868367949,4,4,0,1,1,2,4.0
2378,"[[], [], [8, 3], [5, 1], [], [], [], [], [6, 7], [4], [9, 4]]","[-2, -2, None, 2, -4, 4, 0, -4, -4, -2, 1]",335,10,4.0,best_second,we76379b,7.472500744737558,7.064759027791802,7.982074875081202,6,6,0,1,1,2,4.0
2379,"[[], [6, 4], [], [7, 5], [2, 9], [], [0, 8], [5], [], [], []]","[0, None, -1, -2, 4, 2, -4, 2, 2, 3, 3]",119,8,1.0,best_second,we76379b,7.288927694521257,7.374629015218945,8.025516386489008,7,7,0,1,1,2,2.0
2381,"[[1, 7], [], [8, 0], [], [], [], [3], [], [4, 5], [], [6, 3]]","[3, 4, None, -2, -4, 0, -4, -3, -4, 0, 3]",341,11,6.0,best_second,we76379b,7.404887575616125,7.241366283322318,8.019283792916793,7,7,0,1,1,2,4.0
2384,"[[1, 9], [], [7], [8, 4], [], [0, 3], [], [], [], [], [2, 7]]","[-3, 4, -1, 2, 4, None, 0, 4, -4, -2, 3]",79,8,2.0,best_third,we76379b,7.925518979786926,7.4673710669175595,8.415381925269553,6,6,0,1,1,2,6.0
2385,"[[3], [0, 3], [], [], [10, 6], [], [8, 9], [], [], [], [5, 7]]","[-3, 0, -1, 0, None, -4, -3, 4, 0, -3, 4]",345,11,0.0,best_second,we76379b,7.6577552711348655,7.452402451223638,8.253227645581772,8,8,0,1,1,2,3.0
2387,"[[], [9, 6], [4, 7], [], [], [8, 2], [], [], [0, 3], [6], []]","[4, 2, 2, 0, 2, None, 4, -3, 3, 0, -2]",33,5,3.0,best_third,we76379b,8.705993714307901,6.480044561926653,8.808369153122275,7,7,0,1,1,2,5.0
2388,"[[5, 1], [], [], [0, 9], [], [], [], [2], [], [4, 8], [7, 2]]","[1, -1, 2, None, -3, 1, -1, -3, -1, -4, -4]",47,6,2.0,best_second,we76379b,7.917536353943631,6.508769136971681,8.13593277200489,2,2,0,1,1,2,2.0
2389,"[[5, 9], [4, 3], [], [], [], [9], [], [10, 1], [], [], [2, 6]]","[-4, 1, -4, -4, 4, 0, 4, None, 2, 3, -3]",107,8,5.0,best_third,we76379b,7.5688956634069955,7.232733136177615,8.107720061910534,5,5,0,1,1,2,8.0
2390,"[[], [2, 6], [], [], [9, 3], [8, 7], [], [], [], [3], [1, 5]]","[-1, 4, -4, -4, 4, 3, -2, 4, -2, -4, None]",125,6,1.0,best_third,we76379b,8.771059915373288,6.654152520183219,8.884610231886871,7,1,6,0,1,2,2.0
2392,"[[], [], [], [], [], [7, 0], [], [0], [10, 9], [4, 2], [1, 3]]","[2, -3, 2, -4, -1, -2, 1, 2, None, 4, -1]",155,8,2.0,best_second,we76379b,7.7706452341291765,7.884199933676039,8.521981708148035,6,6,0,1,1,2,1.0
2394,"[[], [3, 5], [4, 7], [], [], [], [], [], [6], [8, 6], [2, 1]]","[-1, -3, -1, -2, -3, 0, -1, 1, -4, 2, None]",71,4,3.0,best_third,we76379b,8.208764045819667,8.042699496897637,8.822174760946078,0,-5,5,0,0,2,4.0
2395,"[[], [], [], [], [9, 0], [1, 7], [8, 5], [], [2, 10], [0], []]","[3, 4, 2, -3, 0, -4, None, -3, 2, 3, 4]",213,7,2.0,best_second,we76379b,8.312626025674964,6.543911845564792,8.469891918298224,6,4,2,0,1,2,7.0
2397,"[[6], [0, 6], [], [7, 2], [], [3, 10], [], [], [], [], [4, 9]]","[2, 4, 3, 0, 0, None, 1, -4, -3, 3, 4]",357,6,1.0,best_second,we76379b,7.550661243105336,7.7195739892595805,8.331586243630753,7,7,0,1,1,2,7.0
2398,"[[2], [], [], [], [], [3, 10], [1, 4], [5, 6], [], [0, 2], []]","[0, -3, 1, -3, -2, -2, -4, None, -2, -3, -1]",111,3,1.0,best_second,we76379b,9.01042494678118,7.6004023345004,9.22876950744455,-3,-3,0,1,1,2,1.0
2400,"[[2, 3], [], [], [], [9, 1], [4, 0], [], [6], [7, 6], [], []]","[1, -3, 0, -4, -1, None, 0, 4, 4, -4, 2]",309,5,5.0,best_second,we76379b,8.534836626588833,7.911324018963352,8.963928193722618,1,1,0,1,1,2,1.0
2406,"[[], [], [], [], [], [7, 6], [3, 4], [2, 10], [1], [8, 1], []]","[3, 1, -1, -1, 0, None, 0, 2, 3, -4, -4]",149,2,6.0,best_min,we76379b,7.454141078146678,7.63433723562832,8.24117615049496,1,1,0,1,1,2,1.0
2408,"[[], [], [], [], [2, 6], [0], [], [4, 9], [], [1, 8], [5, 0]]","[0, 4, 1, 3, -3, 4, -1, None, -1, 4, 4]",9,9,5.0,best_second,we76379b,7.59337419312129,6.647688373563329,7.9211727215870145,8,8,0,1,1,2,2.0
2411,"[[], [], [], [6, 9], [], [4], [8, 1], [], [], [7, 0], [5, 4]]","[2, 4, -1, None, -1, 1, 4, -4, -3, -4, 0]",299,11,0.0,best_second,we76379b,7.847371836159789,7.2019163175316265,8.268731832117739,8,8,0,1,1,2,6.0
2413,"[[], [], [8], [7, 6], [], [3, 9], [], [], [], [4, 0], [2, 8]]","[-3, -1, -3, 4, 3, None, -2, 2, -4, -4, 4]",329,8,6.0,best_second,we76379b,7.750184162257837,7.550661243105336,8.348301054933943,6,6,0,1,1,2,6.0
2415,"[[], [0, 3], [], [], [5], [], [], [], [9, 1], [6, 7], [4, 5]]","[-2, -4, 0, 0, 4, 0, -3, 2, None, 4, 1]",67,9,2.0,best_second,we76379b,7.9483852851118995,7.040536390215956,8.287025025165063,6,6,0,1,1,2,2.0
2416,"[[], [2, 0], [], [], [10, 1], [], [5], [], [6, 5], [], [3, 9]]","[2, 0, -2, 3, None, 3, 4, -4, -1, -1, 4]",139,6,5.0,best_second,we76379b,8.025843344150903,6.26530121273771,8.18423477409482,7,7,0,1,1,2,4.0
2418,"[[2, 7], [], [], [1], [0, 8], [], [], [], [5, 6], [3, 1], []]","[1, -2, -2, 1, None, 1, 0, 2, 4, 1, 3]",307,3,4.0,best_second,we76379b,7.887584031660279,6.470799503782602,8.104401307921613,5,5,0,1,1,2,4.0
2421,"[[5, 7], [3, 0], [], [2, 8], [], [], [10], [], [], [6, 10], []]","[4, None, -4, -3, 3, 3, -2, -3, -3, 1, 2]",261,11,7.0,best_second,we76379b,8.013012110368916,7.044905117129371,8.334711621820917,7,7,0,1,1,2,1.0
2423,"[[6, 10], [], [], [4], [], [], [9, 7], [], [3, 4], [], [2, 5]]","[None, 4, 2, 3, 2, -2, -4, -3, -2, 4, 3]",99,7,5.0,best_second,we76379b,7.237778191923443,7.779466967458324,8.237743803890933,5,5,0,1,1,2,7.0
2425,"[[], [8, 6], [3, 0], [0], [10, 5], [], [], [], [], [4, 1], []]","[3, 4, -4, 4, -3, -3, -2, 1, 4, None, -2]",265,11,6.0,best_second,we76379b,7.441906728051625,7.6624678152002375,8.251142139090751,8,8,0,1,1,2,1.0
2427,"[[], [0], [4, 3], [10, 7], [9, 5], [], [], [], [1, 0], [], []]","[-1, 4, None, 4, -4, -3, 1, 1, 1, 0, 4]",311,10,3.0,best_second,we76379b,7.836369760545124,6.056784013228625,7.991930519852477,8,8,0,1,1,2,3.0
2428,"[[2, 4], [], [4], [10, 9], [], [], [], [], [], [5, 7], [6, 8]]","[-3, -1, 1, None, -4, 2, 0, -1, -4, 1, -4]",239,7,2.0,best_second,w8a33730,8.638879709672835,8.331586243630753,9.19003561863582,3,3,0,1,1,2,4.0
2429,"[[2], [3, 4], [], [8, 10], [5, 7], [], [0, 2], [], [], [], []]","[4, None, 1, 0, 1, 4, -1, 0, 2, -4, -3]",45,5,1.0,best_third,w8a33730,9.004791129062925,7.444833273892193,9.19542975924043,5,5,0,1,1,2,5.0
2430,"[[], [], [], [7, 10], [2, 0], [], [4, 8], [10], [1, 9], [], []]","[-4, -3, 3, -3, -4, 0, None, -4, 0, 0, -3]",9,4,0.0,best_third,w8a33730,8.292798858200374,8.51398806046729,9.102532419341877,0,0,0,1,1,2,7.0
2438,"[[], [], [], [1], [2, 10], [6, 8], [], [4, 5], [], [3, 1], []]","[4, -4, 3, -1, -2, -4, -2, None, 2, 0, 1]",311,4,3.0,best_second,w8a33730,8.199738960630787,7.649692623711514,8.655040258108363,1,1,0,1,1,2,4.0
2439,"[[1], [], [8, 5], [2, 4], [10, 6], [], [], [0, 1], [], [], []]","[-1, 1, 1, None, -2, 0, 1, 1, 1, 4, 2]",157,2,1.0,best_second,w8a33730,7.793174347189205,7.814803429489359,8.496990484098719,2,2,0,1,1,2,1.0
2445,"[[7, 6], [10, 9], [], [0, 1], [], [2], [], [], [5, 2], [], []]","[1, -4, 1, None, -2, 4, -1, 4, -3, -1, 3]",163,7,2.0,best_second,w8a33730,8.396831834745054,6.984716320118266,8.614682812693495,5,5,0,1,1,2,4.0
2450,"[[1, 7], [3, 8], [5, 4], [], [], [4], [], [6, 10], [], [], []]","[None, 4, 3, 1, 4, 4, 1, 2, -2, 3, 2]",71,2,6.0,best_min,w8a33730,7.490529402060712,7.951207156472971,8.44009614103127,5,5,0,1,1,2,1.0
2451,"[[], [3, 8], [0, 10], [8], [2, 6], [], [9, 7], [], [], [], []]","[-4, 4, -3, 0, None, -4, 4, -3, -4, 4, 0]",185,11,7.0,best_second,w8a33730,7.2456550675945355,6.911747300251674,7.785305182539862,8,8,0,1,1,2,4.0
2452,"[[], [10, 6], [], [], [9], [], [5, 7], [], [4, 9], [], [2, 3]]","[-2, None, -2, -4, -1, -1, -2, 1, 0, -1, 2]",5,2,6.0,best_third,w8a33730,8.001019961323651,8.381144346952961,8.902047345620277,0,0,0,1,1,2,2.0
2455,"[[4, 1], [7, 8], [], [], [3, 10], [2], [5, 2], [], [], [], []]","[None, -3, -3, -4, 3, 2, -4, -3, -2, 2, 2]",27,9,1.0,best_second,w8a33730,7.124478262493424,7.684783943522785,8.13622555490846,5,5,0,1,1,2,1.0
2457,"[[], [], [5, 4], [7, 6], [], [4], [1, 0], [8, 10], [], [], []]","[-2, -4, -3, None, 0, -3, -2, 1, 4, 2, -3]",137,9,4.0,best_second,w8a33730,8.113426639943654,6.851184927493742,8.36240897761537,5,5,0,1,1,2,2.0
2458,"[[], [3, 2], [5, 4], [7, 8], [], [], [], [], [], [0], [9, 0]]","[3, None, 3, 0, 4, -4, 3, 1, -3, 1, 3]",189,8,1.0,best_third,w8a33730,7.6676260915849905,8.302761580704049,8.727778213483052,7,7,0,1,1,2,4.0
2463,"[[9, 2], [], [], [7], [], [0, 8], [3, 7], [], [4, 10], [], []]","[4, 2, -4, 3, 3, None, 1, 3, -4, 4, -1]",191,10,8.0,best_second,w8a33730,6.963189985870238,6.664409020350408,7.517520850603031,8,8,0,1,1,2,4.0
2464,"[[4, 2], [], [6, 3], [], [9, 1], [], [], [10, 8], [], [], [8]]","[None, -3, 2, 1, 4, -3, -3, 2, -4, 1, 1]",205,4,7.0,best_third,w8a33730,7.215239978730097,7.831617276352611,8.263074835802598,5,5,0,1,1,2,4.0
2467,"[[], [], [10], [], [], [9, 7], [], [4, 1], [2, 10], [0, 6], []]","[-2, -3, 1, -4, 4, None, -1, -4, 3, 3, -3]",383,4,4.0,best_second,w8a33730,7.048386408721883,8.094073148069352,8.395025557442029,2,2,0,1,1,2,7.0
2468,"[[], [], [5, 6], [4, 9], [], [6], [], [10, 1], [7, 3], [], []]","[3, -2, 1, -2, 3, -1, 4, -1, None, 4, 0]",183,3,6.0,best_second,w8a33730,9.623442907213558,8.560635749259074,9.920147993429236,2,2,0,1,1,2,2.0
2471,"[[], [7, 4], [8], [], [10, 9], [2, 8], [], [3, 6], [], [], []]","[2, None, -3, -3, 3, 3, 1, 4, 1, 4, -3]",159,5,3.0,best_min,w8a33730,6.966024187106113,7.813187267521416,8.16961956172385,7,5,2,0,0,2,7.0
2473,"[[], [], [], [7, 1], [5, 9], [6, 2], [], [1], [], [8, 0], []]","[-4, 1, -3, 4, None, -2, -2, -4, 1, 4, 0]",85,8,1.0,best_second,w8a33730,7.41457288135059,8.188133414510478,8.567315800819449,5,-4,9,0,0,2,5.0
2478,"[[], [], [], [4], [], [], [3, 4], [8, 5], [], [10, 7], [0, 1]]","[4, -4, 2, 4, 2, 4, 3, -1, 3, None, 2]",375,5,6.0,best_min,w8a33730,6.966024187106113,7.273786317844895,7.824445930877619,6,6,0,1,1,2,1.0
2479,"[[], [10, 3], [], [], [], [2, 7], [9, 0], [], [5, 1], [0], []]","[3, -4, -2, -3, 1, 3, 4, -1, None, 2, 4]",77,4,4.0,best_second,w8a33730,8.281470857895167,7.734558844354756,8.737933858114138,2,2,0,1,1,2,7.0
2483,"[[], [], [], [6], [], [10, 7], [], [2, 1], [3, 6], [], [4, 9]]","[2, -3, 2, -3, -4, None, -2, 0, -1, 1, 0]",233,4,3.0,best_third,w8a33730,9.31820774284519,7.075808863978387,9.41906040262467,2,2,0,1,1,2,5.0
2485,"[[], [4, 3], [10, 7], [], [], [], [1, 2], [], [9, 5], [5], []]","[-2, 2, -2, -3, 4, -4, None, -4, 2, 3, -3]",345,10,5.0,best_second,w8a33730,7.7146774738009265,6.208590026096629,7.914617709040678,6,6,0,1,1,2,1.0
2486,"[[5, 1], [4, 10], [9, 7], [], [], [8, 3], [], [], [], [7], []]","[None, -1, 1, -3, 4, 4, -2, 0, 4, 0, -3]",201,8,7.0,best_third,w8a33730,6.90975328164481,6.803505257608338,7.550661243105336,8,8,0,1,1,2,7.0
2487,"[[4, 6], [7], [], [], [2, 10], [], [3, 8], [], [], [1, 7], []]","[None, -3, 4, 1, 3, -1, 1, -4, 3, 0, 3]",333,3,0.0,best_second,w8a33730,6.894670039433481,6.371611847231857,7.359467638255621,7,7,0,1,1,2,2.0
2488,"[[], [2], [], [], [], [9, 4], [1, 2], [], [5, 10], [], [0, 3]]","[1, -2, -3, 2, 2, 4, -3, 2, None, -3, -2]",279,6,2.0,best_second,w8a33730,7.195187320178708,7.61332497954064,8.118802996980035,6,6,0,1,1,2,1.0
2491,"[[], [8, 4], [], [10, 6], [2, 5], [], [], [], [7, 0], [], [6]]","[1, None, 3, -3, 2, 2, 3, -3, 2, 1, 4]",105,3,0.0,best_second,w8a33730,8.457443187010464,6.255750041753367,8.56216655705897,5,5,0,1,1,2,4.0
2492,"[[6], [], [7, 9], [8, 4], [], [0, 6], [], [], [], [], [3, 2]]","[4, 3, 4, -4, -2, -1, -2, 4, 4, -1, None]",337,9,5.0,best_second,w8a33730,7.442492722794441,6.81783057145415,7.8709295967551425,8,8,0,1,1,2,6.0
2496,"[[], [6, 0], [], [10, 4], [8, 7], [], [0], [], [], [], [2, 9]]","[-4, -3, 3, None, -4, -1, 1, -2, -4, -4, 3]",145,11,7.0,best_second,w8a33730,7.2682230211595655,6.787844982309579,7.749322464660356,6,6,0,1,1,2,2.0
2497,"[[8, 5], [], [], [], [], [2, 1], [], [], [6, 4], [10, 7], [7]]","[None, 3, -4, 3, -2, 2, 4, -1, -3, -1, -3]",63,7,1.0,best_third,w8a33730,7.6838639802564295,8.092545263891298,8.601901919343192,5,-2,7,0,1,2,6.0
2498,"[[5], [0, 5], [], [], [2, 6], [], [], [9, 10], [7, 4], [], []]","[-3, -2, 3, -4, 3, -2, 1, -2, None, 4, -4]",101,6,2.0,best_second,w8a33730,8.772455372611907,6.668228248417403,8.887376485379763,6,6,0,1,1,2,8.0
2499,"[[], [0, 2], [], [], [], [], [9, 1], [8, 5], [5], [3, 4], []]","[-3, -4, -2, -3, 4, -2, None, -4, 0, 1, -1]",59,10,3.0,best_second,w8a33730,7.502186486602924,7.3796321526095525,8.135639903354384,5,5,0,1,1,2,1.0
2501,"[[], [], [], [7, 1], [], [9, 4], [], [1], [0, 2], [], [5, 8]]","[-1, 4, -4, 2, -1, 0, -4, -1, -3, 3, None]",355,7,1.0,best_second,w8a33730,8.487970332739334,6.658011045870748,8.636574948436317,3,3,0,1,1,2,3.0
2502,"[[7, 9], [5, 6], [], [], [], [6], [], [4, 3], [], [8, 2], []]","[None, -3, 2, -3, -1, 3, 2, 3, -1, 2, -2]",97,3,6.0,best_third,w8a33730,6.815639990074331,7.954372272531867,8.23190824356418,4,2,2,0,0,2,3.0
2503,"[[], [9], [], [1, 9], [], [7, 10], [], [0, 8], [], [], [2, 4]]","[-1, 0, -2, 2, 2, None, 3, 4, 3, 1, -3]",391,8,1.0,best_second,w8a33730,6.881411303642535,7.707062655370473,8.069968149059841,7,7,0,1,1,2,4.0
2506,"[[8, 1], [], [], [], [6, 7], [], [2, 9], [10, 3], [1], [], []]","[-2, -2, -3, 1, None, 2, -3, 3, -2, -1, 4]",313,9,2.0,best_second,w8a33730,7.397561535524052,6.955592608396297,7.893572073504902,7,7,0,1,1,2,2.0
2507,"[[], [2, 0], [], [], [], [10], [5, 10], [], [1, 9], [4, 7], []]","[2, 0, -2, -1, -2, -3, 3, 4, None, -1, -3]",211,4,2.0,best_min,w8a33730,7.928045600874777,7.807510042216193,8.562548893137034,3,2,1,0,0,2,6.0
2511,"[[], [], [7, 4], [10], [], [], [3, 10], [], [2, 9], [5, 0], []]","[-3, 2, 4, -3, 3, -2, -2, -3, None, -4, -4]",247,11,1.0,best_second,w8a33730,7.049254841255837,7.848543482456679,8.21959545417708,7,7,0,1,1,2,1.0
2514,"[[], [], [5], [10, 9], [1, 6], [], [], [2, 5], [3, 4], [], []]","[-2, -4, 3, -4, 4, 0, 4, 3, None, -1, 3]",273,10,0.0,best_second,w8a33730,7.824445930877619,8.087025470667701,8.657302899400882,8,8,0,1,1,2,4.0
2515,"[[], [], [], [], [5, 8], [0, 10], [1], [6, 1], [3, 9], [], []]","[0, -1, 2, 3, None, -1, -1, 0, 3, -2, -2]",269,7,5.0,best_second,w8a33730,7.442492722794441,6.771935555839602,7.8551570058813445,6,6,0,1,1,2,2.0
2516,"[[5, 8], [4, 10], [0, 6], [], [10], [], [7, 9], [], [], [], []]","[-4, 4, None, 0, 1, -1, 1, -3, -3, -4, 4]",291,3,5.0,best_second,w8a33730,7.763446388727362,8.035602692918582,8.601718146485926,-2,-2,0,1,1,2,2.0
2518,"[[9, 10], [], [5, 8], [7, 4], [], [], [2, 3], [], [], [10], []]","[1, -3, 3, -2, -3, -3, None, -2, 4, -4, 0]",389,10,1.0,best_second,w8a33730,7.160845906664298,7.771067086065406,8.204671828950811,7,7,0,1,1,2,1.0
2520,"[[], [], [5, 6], [10], [], [4, 8], [0, 9], [3, 10], [], [], []]","[-3, 0, None, -3, 4, 4, -3, -1, -2, -2, -4]",111,11,6.0,best_second,w8a33730,6.9865664594064265,7.001245622069476,7.686621334944619,8,8,0,1,1,2,1.0
2521,"[[6, 1], [4, 9], [], [10], [], [3, 10], [7, 8], [], [], [], []]","[None, -4, 2, -2, 3, 4, 4, -3, 2, -2, 4]",187,8,2.0,best_second,w8a33730,7.160845906664298,8.228977643358313,8.524168805152662,6,6,0,1,1,2,5.0
2522,"[[8, 10], [], [], [], [], [], [], [9, 4], [5, 6], [4], [1, 2]]","[None, 2, 4, 3, -2, -2, 2, 0, 4, 2, -1]",385,4,2.0,best_third,w8a33730,6.984716320118266,7.419979923661836,7.91862865334224,6,6,0,1,1,2,2.0
2524,"[[], [], [1, 9], [], [8], [4, 8], [3, 7], [], [], [], [6, 2]]","[0, -1, 0, 0, 4, -3, 4, 4, -1, 0, None]",151,7,0.0,best_second,w8a33730,6.771935555839602,6.0330862217988015,7.161622002939187,8,4,4,0,1,2,1.0
2528,"[[4, 1], [], [0, 6], [10], [], [3, 10], [8, 7], [], [], [], []]","[-4, -1, None, 1, -4, -1, 2, 4, -4, -2, 2]",301,11,2.0,best_second,w8a33730,7.766840537085513,7.789454566086673,8.471149252914831,6,6,0,1,1,2,3.0
2529,"[[], [], [1], [], [6, 5], [3, 7], [10, 0], [], [2, 1], [], []]","[-4, 2, 2, 4, None, 3, -3, 1, 2, 4, 3]",249,8,2.0,best_second,w8a33730,7.625595072132454,6.48768401848461,7.903226808730733,7,7,0,1,1,2,7.0
2531,"[[], [], [7, 4], [], [10, 1], [], [9, 5], [0, 3], [], [5], []]","[-3, 4, None, -1, -2, -2, -2, -3, -4, 2, 0]",395,6,6.0,best_second,w8a33730,8.005367067316664,7.591357046698551,8.512582578858556,2,-2,4,0,1,2,2.0
2532,"[[6, 4], [], [], [], [], [1], [], [], [5, 1], [3, 2], [0, 9]]","[-4, 2, -4, 1, -3, -3, 0, -1, 4, 3, None]",175,8,7.0,best_second,w8a33730,7.374001859350161,7.873978379604501,8.347827345782498,4,4,0,1,1,2,3.0
2533,"[[8], [], [], [], [0, 8], [1, 10], [5, 9], [], [], [7, 3], []]","[3, 0, 4, -4, -3, 4, None, 3, 0, -3, 2]",125,7,2.0,best_second,w8a33730,7.205635176410364,7.462214939768189,8.03495502450216,6,6,0,1,1,2,7.0
2537,"[[1, 9], [], [], [], [], [], [5, 3], [4], [0, 6], [], [7, 4]]","[0, 4, -3, -4, -4, -2, -1, -2, None, -4, -3]",195,8,4.0,best_third,w8a33730,7.866722285136729,7.076653815443951,8.240648863374913,4,4,0,1,1,2,2.0
2538,"[[], [], [], [], [8, 0], [10, 9], [1, 3], [6, 5], [0], [], []]","[-2, -4, 0, -3, -1, 4, -3, None, -1, -3, 3]",361,11,0.0,best_second,w8a33730,7.783224016336037,8.200837258379849,8.706655856361557,7,-6,13,0,0,2,6.0
2539,"[[10, 5], [], [], [], [1], [3, 2], [], [], [4, 1], [], [6, 7]]","[None, 4, 3, 0, 0, -2, -2, -3, 1, 0, 2]",73,2,5.0,best_min,w8a33730,7.724888439323074,7.84971375760487,8.482187582217422,1,0,1,0,0,2,3.0
2541,"[[10, 2], [], [], [6, 0], [7], [], [9, 1], [], [4, 7], [], []]","[4, -2, 2, None, -3, 4, 0, 0, -2, -4, -4]",91,8,2.0,best_second,w8a33730,7.756195343948118,8.261268150577648,8.733271845008327,6,6,0,1,1,2,2.0
2542,"[[], [9, 4], [], [], [], [], [], [0, 5], [10, 7], [4], [3, 2]]","[4, 3, 2, 4, 0, -2, 1, 2, None, -4, -3]",237,6,4.0,best_third,w8a33730,7.530479995245536,6.815639990074331,7.928406026180535,6,6,0,1,1,2,2.0
2543,"[[10, 1], [], [9, 7], [], [], [], [], [3, 5], [], [8, 6], [1]]","[-1, -3, None, 1, 2, -2, 3, -3, -3, 4, 2]",19,9,1.0,best_second,w8a33730,7.126087273299125,7.299121462710799,7.909122183211411,7,7,0,1,1,2,3.0
2545,"[[], [0, 10], [3, 4], [], [], [], [9, 5], [1, 2], [], [5], []]","[2, 2, 3, -4, 0, 0, 3, None, 2, -3, 4]",309,4,3.0,best_second,w8a33730,8.720950028930258,8.288534459413917,9.220983532074662,6,3,3,0,0,2,2.0
2547,"[[], [], [5, 6], [8], [], [7, 9], [1, 4], [], [], [], [3, 8]]","[0, 1, None, 3, -2, -3, -3, 0, -1, -1, 1]",275,2,2.0,best_min,w8a33730,9.391160802643869,7.114769448366464,9.488805094878355,-2,-3,1,0,0,2,3.0
2548,"[[7, 8], [], [], [], [9], [], [4, 9], [2, 10], [5, 3], [], []]","[None, 2, 1, -3, 2, -4, 3, 4, 1, 0, -2]",99,6,6.0,best_second,w8a33730,7.134093721192866,7.758333467490911,8.187021067343503,5,5,0,1,1,2,1.0
2550,"[[10], [], [], [], [7, 3], [0, 10], [], [], [2, 1], [8, 4], []]","[2, -2, -3, 3, 4, 3, -1, -3, -4, None, -3]",29,11,1.0,best_second,w8a33730,7.724004656676065,8.163656176168432,8.660773919893762,7,7,0,1,1,2,1.0
2553,"[[], [4], [1, 4], [9, 6], [], [7, 10], [], [], [3, 5], [], []]","[4, 2, 4, -3, 1, 4, -3, -3, None, -4, -1]",207,7,5.0,best_second,w8a33730,8.286017468404763,7.8674885686991285,8.791486026749002,3,3,0,1,1,2,1.0
2555,"[[7, 1], [], [], [], [3], [], [4, 3], [], [], [0, 10], [8, 5]]","[-3, 1, 0, 0, 2, 3, 3, 3, -4, None, 0]",293,5,3.0,best_min,w8a33730,7.7025561132685825,7.979681302387741,8.543640361431086,3,3,0,1,1,2,2.0
2556,"[[], [7, 10], [], [1, 5], [], [2, 4], [9, 8], [], [], [8], []]","[3, 2, 2, None, -3, 4, 3, 1, -1, 3, 3]",253,3,7.0,best_min,w8a33730,7.837554360881085,6.807934943699926,8.142645185942794,6,6,0,1,1,2,2.0
2558,"[[], [9, 0], [], [], [], [2, 4], [1, 5], [], [10, 7], [], [7]]","[-1, 1, 0, -4, 2, -1, None, -2, 1, 3, -3]",47,4,2.0,best_third,w8a33730,7.698936199813447,6.660575149839686,8.001689978099135,4,4,0,1,1,2,2.0
2561,"[[8, 7], [], [], [], [], [4, 3], [9, 5], [], [7], [10, 2], []]","[-2, -2, 3, -4, -2, -4, None, 3, -3, -1, -3]",197,8,4.0,best_second,w8a33730,7.559038255443383,7.7195739892595805,8.335431477880796,2,2,0,1,1,2,2.0
2562,"[[2], [0, 2], [], [], [], [3, 9], [], [6, 8], [], [], [7, 5]]","[-2, 4, -3, -1, -4, -4, -2, 4, 4, 1, None]",393,10,0.0,best_second,w8a33730,7.116394144093465,7.0909098220799835,7.796469243086058,8,8,0,1,1,2,2.0
2567,"[[1, 4], [], [], [0, 6], [], [], [5, 10], [8, 2], [2], [], []]","[4, -4, 0, None, 4, -3, 2, -3, -2, 2, -1]",287,8,0.0,best_third,w8a33730,7.261927092702751,7.324489979348533,7.9865049385539955,8,8,0,1,1,2,2.0
2568,"[[6], [9, 8], [], [], [], [], [], [], [5, 2], [3, 7], [0, 6]]","[-3, None, 3, -3, 0, -3, 4, -4, -2, -3, -2]",69,7,5.0,best_second,w8a33730,7.862497197230545,7.280697195384742,8.30622521603216,1,-5,6,0,1,2,1.0
2569,"[[5, 8], [7, 6], [], [10, 9], [3, 0], [], [], [6], [], [], []]","[-4, 3, 1, -4, None, -3, 3, 2, -4, 3, 1]",177,5,7.0,best_second,w8a33730,8.27715777243181,7.173958319756793,8.563504094279487,-1,-1,0,1,1,2,1.0
2570,"[[3, 4], [], [], [4], [], [10, 1], [], [6, 2], [], [5, 7], []]","[4, -3, -1, -2, -3, 4, -2, 4, -1, None, 0]",13,2,7.0,best_min,w8a33730,7.175489713624222,7.325148957955576,7.945909598613133,4,4,0,1,1,2,1.0
2571,"[[], [], [8, 10], [], [], [6, 0], [0], [], [3, 7], [], [4, 1]]","[2, -2, None, -4, 4, 3, 1, -3, -3, 0, 3]",67,11,5.0,best_second,w8a33730,7.448333860897476,6.714170529909472,7.8399193600125825,7,7,0,1,1,2,1.0
2575,"[[], [10, 7], [], [8, 5], [], [], [], [0, 4], [5], [], [6, 2]]","[-1, None, 0, -3, 3, -4, 1, 3, 0, -4, 3]",109,3,3.0,best_min,w8a33730,7.2399325913204695,7.679251425953058,8.176391596633794,6,4,2,0,0,2,4.0
2576,"[[], [7, 9], [], [5, 4], [], [4], [], [0, 10], [], [2, 6], []]","[4, None, 4, -1, -1, 1, -1, -3, 3, 4, -1]",103,8,5.0,best_second,w8a33730,7.51425465281641,7.152268856032539,8.04237800517328,8,8,0,1,1,2,5.0
2577,"[[], [], [], [], [6, 3], [9, 8], [3], [], [7, 1], [10, 2], []]","[-3, 4, -1, 2, -3, None, -4, -3, 4, -2, 1]",227,9,0.0,best_second,w8a33730,7.494986233950533,7.80057265467065,8.352318548226004,8,8,0,1,1,2,2.0
2582,"[[7], [3, 6], [], [], [1, 10], [], [], [], [0, 7], [], [5, 2]]","[-4, -3, 0, 2, None, -2, 0, 2, 0, 0, -2]",245,2,2.0,best_third,w8a33730,7.962067308753667,7.669495251007694,8.519390774959724,-1,-2,1,0,0,2,2.0
2584,"[[3, 8], [], [], [], [9, 1], [], [2, 5], [], [], [1], [6, 0]]","[3, -4, -1, 2, -1, 4, -1, 4, 3, -2, None]",165,4,0.0,best_second,w8a33730,7.496652438168283,6.340359303727752,7.769800996003896,6,5,1,0,1,2,5.0
2585,"[[], [], [], [6, 4], [1, 8], [0], [10, 2], [], [], [5, 0], []]","[-1, 4, 3, None, -2, -3, -2, 3, -4, 3, -2]",285,5,2.0,best_min,w8a33730,8.598957493218878,6.561030665896572,8.721276239991704,2,2,0,1,1,2,5.0
2586,"[[3], [10, 7], [], [], [0, 3], [8, 1], [], [], [9, 6], [], []]","[2, -4, 3, 3, 3, None, -4, -4, 1, 4, -3]",31,11,5.0,best_second,w8a33730,7.844240718141812,6.202535517187922,8.020927718981575,5,5,0,1,1,2,1.0
2588,"[[], [5, 0], [], [1, 10], [8], [], [4, 8], [], [], [], [2, 9]]","[4, 4, -4, None, 4, -3, -1, -3, 4, 0, -3]",117,11,0.0,best_second,w8a33730,7.164720378771857,7.125283091510711,7.837948916025284,8,8,0,1,1,2,4.0
2590,"[[], [], [1], [5, 6], [3, 10], [], [], [], [2, 1], [], [9, 0]]","[-3, -1, -1, 2, None, 4, 3, 4, 0, 2, 1]",225,4,1.0,best_second,w8a33730,8.026823576217629,6.077642243349034,8.159660737063376,6,6,0,1,1,2,5.0
2591,"[[], [], [], [1], [], [4, 9], [5, 8], [], [2, 7], [], [3, 1]]","[-4, 4, -3, -2, 4, 4, None, -2, -2, -4, -3]",319,11,8.0,best_second,w8a33730,7.724004656676065,7.176254532017144,8.18004072349016,8,8,0,1,1,2,1.0
2592,"[[4, 7], [10, 3], [], [], [], [], [5, 8], [], [], [0, 6], [3]]","[-4, -3, 4, 4, 3, 4, -2, -4, 2, None, -2]",123,5,4.0,best_second,w8a33730,7.88570539124302,6.716594773520979,8.155936337972394,2,2,0,1,1,2,7.0
2593,"[[], [], [5, 8], [], [3, 9], [8], [], [1, 6], [], [], [4, 7]]","[3, 2, 2, -1, 0, -1, -2, -1, 2, 4, None]",95,5,4.0,best_third,w8a33730,7.688455356549944,7.157735484249907,8.150756470275551,4,4,0,1,1,2,4.0
2599,"[[], [], [3, 9], [9], [], [1, 0], [5, 7], [10, 8], [], [], []]","[-4, -1, 0, -1, -3, 0, None, -4, -3, -2, 4]",127,4,4.0,best_min,w8a33730,7.841492924460013,7.67275789664251,8.453614209773367,0,-1,1,0,0,2,7.0
2601,"[[], [], [], [], [10, 9], [0], [2, 1], [6, 4], [5, 0], [], []]","[1, 2, 0, 2, 3, 0, 3, None, 1, 1, 3]",379,2,2.0,best_third,w8a33730,8.374015421739909,6.45833828334479,8.511175119090675,6,6,0,1,1,2,2.0
2604,"[[10, 4], [], [6, 1], [2, 0], [], [], [], [5], [7, 5], [], []]","[3, 0, 1, None, 0, 3, 1, 3, -3, 1, 2]",349,3,3.0,best_second,w8a33730,8.560827228436299,7.0112139873503665,8.753213480544126,5,5,0,1,1,2,1.0
2606,"[[], [8], [], [5, 9], [1, 8], [2, 6], [], [], [], [0, 7], []]","[-1, 2, 2, None, 1, -3, 3, 4, 1, 2, 0]",21,6,2.0,best_second,w8a33730,8.089175678837561,7.691656822810546,8.60300384782935,6,6,0,1,1,2,1.0
2607,"[[5, 9], [], [], [0, 8], [7], [], [4, 7], [], [10, 2], [], []]","[0, 3, -4, None, 0, -3, 2, -3, -4, 2, 3]",33,6,2.0,best_third,w8a33730,8.416267272826277,7.175489713624222,8.67008593751938,2,2,0,1,1,2,7.0
2608,"[[], [], [], [1, 0], [], [], [4], [6, 4], [10, 5], [3, 8], []]","[0, -2, -3, 2, -3, 2, 3, -2, -1, None, -3]",41,3,2.0,best_third,w8a33730,8.620832226175724,6.983789965258135,8.798454696065097,2,2,0,1,1,2,5.0
2609,"[[], [], [6, 0], [2, 5], [], [10, 4], [], [8], [], [7, 8], []]","[-3, -1, 4, None, 0, -1, 4, 3, 0, 0, -2]",299,9,7.0,best_second,w8a33730,7.823645930834953,6.16541785423142,7.9976631270201,8,8,0,1,1,2,2.0
2611,"[[], [3, 0], [], [], [], [8], [], [9, 1], [], [6, 2], [5, 8]]","[3, 0, -3, 0, -1, -4, -2, None, 3, 4, 4]",143,2,7.0,best_min,w8a33730,7.7057128238944275,7.743703258173754,8.417814747435958,3,2,1,0,0,2,3.0
2613,"[[], [], [8, 5], [6], [3, 6], [9, 1], [], [], [10, 7], [], []]","[0, 4, None, 3, -2, 3, -1, -3, -2, -4, -4]",23,11,1.0,best_second,w8a33730,7.27655640271871,7.744136627627991,8.23031079913502,7,7,0,1,1,2,1.0
2615,"[[], [5, 0], [4], [2, 4], [], [], [], [8, 6], [], [1, 7], []]","[-3, -3, -4, 4, 3, -4, 4, 3, -2, None, 1]",229,11,1.0,best_second,w8a33730,7.25063551189868,7.744569809354496,8.220672170297252,7,7,0,1,1,2,1.0
2619,"[[], [8, 6], [4], [], [], [], [5, 10], [], [0, 7], [2, 4], []]","[-2, None, -2, 3, 3, -3, -3, 2, 4, 4, 1]",363,8,2.0,best_second,w8a33730,7.118826249062077,7.25063551189868,7.879669914604289,6,6,0,1,1,2,4.0
2620,"[[9, 1], [], [], [], [7, 8], [], [], [2, 10], [5, 6], [1], []]","[-1, -1, -2, -2, None, -4, 4, 4, -1, -3, -4]",369,4,8.0,best_min,w8a33730,6.963189985870238,7.894690850425624,8.226573474977114,3,2,1,0,0,2,8.0
2621,"[[], [0, 2], [], [], [], [9, 3], [7, 10], [], [1, 6], [3], []]","[2, -4, -2, 2, -4, -4, 3, 4, None, 4, -4]",131,10,7.0,best_second,w8a33730,7.734558844354756,6.139884552226255,7.918992488165245,7,7,0,1,1,2,4.0
2622,"[[], [], [4], [], [], [], [9, 0], [2, 4], [5, 1], [], [6, 8]]","[4, -3, -3, 3, -1, -4, 4, -1, -4, 2, None]",267,11,0.0,best_second,w8a33730,6.9865664594064265,6.893656354602635,7.633853559681769,8,8,0,1,1,2,1.0
2623,"[[], [3, 6], [], [6], [9, 5], [2, 0], [], [], [], [10, 7], []]","[-2, -4, -1, 3, None, 3, 3, 4, -3, -1, 1]",17,2,5.0,best_min,w8a33730,7.368339686311381,8.72891172506098,8.957124136405682,3,2,1,0,0,2,3.0
2626,"[[], [], [], [5, 7], [], [4, 6], [], [2, 10], [9, 0], [0], []]","[3, -4, 2, None, -2, -4, -4, 4, -1, -4, -2]",327,10,6.0,best_second,w8a33730,7.694392802629421,6.80128303447162,8.037220031133012,6,6,0,1,1,2,2.0
2628,"[[], [], [1], [6, 9], [2, 1], [], [0, 10], [], [], [5, 7], []]","[2, -4, 1, None, 2, 0, 1, 2, 3, 4, 1]",141,3,2.0,best_second,w8a33730,7.460490305825337,7.747596838692886,8.307212626628308,6,6,0,1,1,2,1.0
2629,"[[4, 1], [], [0, 9], [10], [], [3, 10], [], [], [], [7, 6], []]","[-1, -1, None, 4, -2, 4, 4, 1, 2, -2, 0]",325,4,6.0,best_second,w8a33730,8.092851027538384,7.487173694213739,8.528133131454572,2,2,0,1,1,2,1.0
2630,"[[8, 1], [], [], [0, 9], [], [], [], [10, 5], [], [2, 6], [5]]","[-4, -4, 2, None, -4, -3, -1, -2, 3, 4, 4]",203,8,5.0,best_second,w8a33730,7.346010209913293,7.479299637782833,8.107720061910534,6,6,0,1,1,2,7.0
2631,"[[10], [0, 10], [], [4, 6], [], [8, 2], [], [], [], [3, 5], []]","[0, 3, 4, 1, 4, -2, 0, -3, 2, None, -3]",161,4,1.0,best_third,w8a33730,7.77863014732581,6.840546529288687,8.108623268354595,5,5,0,1,1,2,2.0
2633,"[[], [], [5, 3], [], [9, 6], [3], [], [8, 0], [], [], [4, 7]]","[3, 4, -3, -1, 1, 4, 1, -2, 1, -1, None]",241,2,0.0,best_third,w8a33730,7.8709295967551425,7.45298232946546,8.37655086161377,2,2,0,1,1,2,2.0
2634,"[[], [], [9, 4], [], [8, 3], [0], [], [], [], [6, 7], [5, 0]]","[-3, 0, None, -2, 4, 3, 0, -1, 2, -2, 4]",221,7,6.0,best_second,w8a33730,7.253470382684528,6.6240652277998935,7.68017564043659,6,6,0,1,1,2,1.0
2635,"[[3, 7], [], [10, 4], [7], [6, 5], [], [], [], [], [], [8, 9]]","[4, 3, None, 0, -4, -3, 0, 1, 3, -4, 3]",387,10,7.0,best_second,w8a33730,6.960347729101308,6.297109319933935,7.3752557780097545,6,6,0,1,1,2,3.0
2637,"[[7, 6], [8], [], [9, 0], [], [], [], [], [], [4, 2], [1, 8]]","[-2, -4, -1, None, -3, -2, 4, 0, 0, -3, -1]",35,6,6.0,best_second,w8a33730,8.193400231952099,7.416378479192928,8.571491964823617,2,2,0,1,1,2,2.0
2640,"[[], [], [3, 6], [], [], [4, 0], [], [10, 9], [5, 2], [], [9]]","[1, -2, 4, -1, -4, -3, 4, -2, None, -1, -4]",7,10,0.0,best_second,w8a33730,7.43543801981455,7.384610383176974,8.103191752285786,8,8,0,1,1,2,5.0
2641,"[[], [4, 10], [], [], [2, 6], [], [], [], [7], [8, 7], [5, 0]]","[-3, None, -3, -3, 3, -2, 0, 2, 0, 3, 4]",257,2,3.0,best_min,w8a33730,8.641179171197228,7.123672785204607,8.83927669058535,3,3,0,1,1,2,1.0
2642,"[[7, 4], [], [], [1], [2, 10], [], [], [5, 6], [], [3, 1], []]","[None, 3, -3, 4, -4, 4, 1, 3, -1, 2, -2]",259,10,2.0,best_second,w8a33730,7.261225091971921,7.219642040130735,7.933438387627489,7,7,0,1,1,2,1.0
2644,"[[8, 6], [], [5, 10], [2, 0], [7], [], [], [], [], [4, 7], []]","[-4, 2, 4, None, -3, 0, 0, 3, -2, -4, 2]",173,8,2.0,best_second,w8a33730,7.80994708647679,7.717796211013582,8.457867725331424,6,6,0,1,1,2,2.0
2645,"[[6, 9], [], [8, 3], [], [], [], [10, 7], [], [3], [4, 5], []]","[None, 3, 0, 4, 4, -2, -4, 2, 3, 3, -1]",87,9,5.0,best_second,w8a33730,7.528869256642251,6.7912214627261855,7.919356190660617,7,7,0,1,1,2,3.0
2648,"[[2, 7], [], [7], [], [], [], [9, 4], [], [1, 5], [], [8, 6]]","[-2, -2, -4, 1, -4, 1, 4, -1, -4, 4, None]",281,11,8.0,best_second,w8a33730,7.784473235736469,6.413458957167357,8.010359588919783,8,8,0,1,1,2,3.0
2650,"[[], [], [], [2], [], [8, 1], [5, 10], [3, 2], [], [], [9, 4]]","[0, -3, 0, -3, -4, -4, None, 4, -1, -3, 1]",133,3,5.0,best_second,w8a33730,7.51425465281641,8.164225652265827,8.584103896698865,-2,-2,0,1,1,2,2.0
2652,"[[], [3, 8], [], [8], [], [10, 9], [], [], [], [7, 6], [0, 4]]","[4, -1, 1, 3, -3, None, 2, 4, -1, -4, 2]",397,7,5.0,best_third,w8a33730,7.079184394609668,6.320768294250582,7.462789157412447,6,6,0,1,1,2,2.0
2653,"[[], [], [4, 0], [7], [], [], [9, 1], [], [3, 7], [], [6, 2]]","[2, 4, 4, -2, 0, 4, -1, 1, 2, 3, None]",315,3,2.0,best_second,w8a33730,7.449498005382849,7.518607216815251,8.177515823846075,6,6,0,1,1,2,1.0
2654,"[[9, 8], [], [5], [], [6, 0], [], [7, 1], [], [], [], [2, 5]]","[2, -2, -4, 4, None, 3, 2, -1, -3, 0, 4]",155,2,5.0,best_min,w8a33730,8.251403065380554,7.161622002939187,8.54110501146255,2,2,0,1,1,2,1.0
2655,"[[10], [7, 6], [], [0, 10], [], [], [], [], [9, 1], [5, 4], []]","[4, 2, 4, -3, -2, 0, 2, 0, None, 0, -3]",149,4,0.0,best_second,w8a33730,7.597396320212795,7.48941208350872,8.237743803890933,4,4,0,1,1,2,2.0
2657,"[[], [3], [], [], [], [0, 2], [], [1, 3], [5, 9], [4, 10], []]","[4, -4, -1, -3, -2, 0, 0, -2, None, 0, -3]",55,6,1.0,best_second,w8a33730,8.155649270366002,6.198478716492308,8.287528423111763,4,4,0,1,1,2,1.0
2658,"[[4, 6], [10, 2], [], [], [6], [7, 1], [], [8, 9], [], [], []]","[0, -1, -4, 2, 3, None, 1, 0, 0, 4, 3]",215,5,4.0,best_third,w8a33730,7.940583827104244,6.62273632394984,8.177515823846075,4,4,0,1,1,2,7.0
2659,"[[2, 3], [], [], [], [6, 0], [10, 8], [1, 9], [], [], [], [8]]","[3, 0, 3, -2, None, 2, -1, 3, 0, -2, -4]",235,7,1.0,best_second,w8a33730,7.2513449833722134,8.086717920303904,8.446770727119691,6,-1,7,0,0,2,5.0
2662,"[[], [], [], [], [9, 5], [0, 8], [], [10, 2], [], [3, 6], [2]]","[-2, 2, -4, 2, None, 4, -2, 4, 0, -4, -1]",39,6,4.0,best_second,w8a33730,7.3098814858247865,7.569411792450711,8.140898460607852,4,4,0,1,1,2,4.0
2663,"[[4, 9], [], [], [2, 1], [], [], [0, 3], [], [7], [], [8, 7]]","[4, -2, 0, 1, 1, 0, None, 0, 0, -1, 0]",297,4,5.0,best_second,w8a33730,7.2682230211595655,6.289715570908997,7.586803535162581,5,5,0,1,1,2,2.0
2664,"[[6, 1], [], [], [], [], [10, 9], [1], [5, 8], [3, 4], [], []]","[-4, -2, 2, 3, 0, -2, -3, None, 2, -3, -4]",65,8,2.0,best_second,w8a33730,7.45529848568329,6.959398512133975,7.930565854233965,5,5,0,1,1,2,1.0
2665,"[[], [10, 4], [5, 6], [], [3, 8], [6], [], [], [], [], [0, 7]]","[-1, None, 3, 4, 0, -2, 2, -2, 1, 2, -2]",303,6,1.0,best_second,w8a33730,7.523481312573497,6.90975328164481,7.955775781534187,4,4,0,1,1,2,1.0
2670,"[[9, 2], [6, 8], [], [4, 10], [10], [0, 1], [], [], [], [], []]","[-4, 3, -4, -2, -4, None, 4, 4, -3, 0, -2]",265,11,6.0,best_second,w8a33730,7.295735072749282,7.419380582918692,8.052296499538647,7,7,0,1,1,2,4.0
2672,"[[1, 5], [], [], [], [0, 9], [], [], [3], [7, 3], [10, 6], []]","[-4, 1, 1, 0, None, -4, -1, 4, 2, 3, 4]",367,10,4.0,best_second,w8a33730,7.3758821482150125,6.470799503782602,7.715123603632105,7,7,0,1,1,2,5.0
2674,"[[], [6, 5], [], [], [10], [], [], [9, 1], [4, 10], [3, 0], []]","[-1, 2, -2, 3, -2, -1, 4, None, -4, -3, 2]",323,7,3.0,best_second,w8a33730,7.659642954564682,6.729824070489475,7.991930519852477,6,6,0,1,1,2,4.0
2676,"[[6, 2], [], [], [5, 7], [9, 1], [7], [], [], [4, 0], [], []]","[-1, 3, -2, -3, 0, -4, -1, -1, None, -1, -2]",25,5,3.0,best_second,w8a33730,7.501082124259871,7.690286020676767,8.293049139768444,3,3,0,1,1,2,1.0
2677,"[[], [], [], [10, 5], [7, 2], [1, 0], [], [2], [], [], [8, 6]]","[-3, 2, 3, None, -1, 3, -2, 0, -3, -2, -2]",317,8,6.0,best_second,w37588de,8.557951183888406,7.234177179749849,8.7937637591133,5,5,0,1,1,2,1.0
2678,"[[6, 7], [], [], [], [8, 1], [], [10, 2], [3, 9], [1], [], []]","[None, -3, -2, -4, -3, 4, 3, 1, 2, 1, 3]",19,6,5.0,best_third,w37588de,8.11102783819368,8.209308411646937,8.854379458771108,6,6,0,1,1,2,5.0
2679,"[[], [], [], [], [10, 7], [], [9, 8], [], [3, 5], [2, 1], [7]]","[3, 3, -1, 0, -4, -4, None, -4, -4, 4, 4]",389,10,1.0,best_second,w37588de,8.48446336679332,7.877397186353287,8.919319398258887,7,7,0,1,1,2,4.0
2681,"[[], [4, 3], [], [], [], [], [], [1, 8], [2, 6], [5], [9, 5]]","[-2, 2, -4, 3, -2, -2, -2, None, -3, -4, -2]",237,9,1.0,best_second,w37588de,7.711548979629145,7.341483852363161,8.236420527265391,5,5,0,1,1,2,2.0
2682,"[[], [], [7, 6], [], [], [1, 0], [], [], [2, 5], [3], [9, 3]]","[0, -2, -1, -4, 2, 4, 2, -2, None, 0, -3]",121,4,4.0,best_second,w37588de,8.200837258379849,8.21527695893663,8.901094121608562,4,4,0,1,1,2,4.0
2683,"[[], [0], [], [], [8, 3], [7, 4], [1, 0], [2, 10], [], [], []]","[1, 4, 4, -1, -1, None, -1, 3, 4, 0, -4]",9,7,7.0,best_third,w37588de,8.163940954755008,7.234898420314831,8.496582237512113,7,7,0,1,1,2,5.0
2684,"[[9], [], [], [], [10, 1], [0, 9], [7, 4], [3, 8], [], [], []]","[-1, 3, 0, -1, -2, 3, None, 1, 1, 1, 1]",313,2,0.0,best_third,w37588de,7.833996341709461,7.789868559054706,8.505120610181969,2,2,0,1,1,2,2.0
2687,"[[], [7], [], [0, 5], [3, 10], [], [1, 7], [], [], [], [2, 8]]","[-1, 4, -3, 1, None, 2, -4, -1, -2, 3, 4]",207,2,6.0,best_min,w37588de,7.599401333415815,8.010027528481734,8.518592212329944,3,2,1,0,0,2,3.0
2688,"[[], [4], [], [2, 0], [], [9, 10], [], [1, 4], [3, 5], [], []]","[0, -3, -1, -3, 4, 1, 2, -1, None, 2, -3]",129,6,4.0,best_second,w37588de,8.016647877057803,7.968665700466236,8.685922794690725,3,3,0,1,1,2,1.0
2691,"[[], [], [], [], [8, 1], [2, 0], [9, 3], [], [1], [], [5, 6]]","[-3, -2, -1, -4, 0, 3, -3, 2, -4, 4, None]",335,4,6.0,best_third,w37588de,7.6624678152002375,8.247743887225516,8.690305809124883,2,2,0,1,1,2,8.0
2692,"[[8, 5], [], [], [], [9], [2, 3], [], [], [7, 1], [], [4, 9]]","[None, -4, 4, -4, -1, 2, 2, 4, -2, 0, 3]",209,8,6.0,best_third,w37588de,7.976938756959434,7.964850887447313,8.663887570567042,6,6,0,1,1,2,8.0
2697,"[[1, 4], [], [], [9, 2], [], [], [], [8, 5], [], [2], [0, 7]]","[0, 0, 1, -3, -2, 2, 1, 2, 0, 1, None]",87,4,0.0,best_second,w37588de,7.930206206684683,7.615298339825815,8.478036476215044,4,2,2,0,1,2,2.0
2698,"[[1, 6], [], [5, 9], [], [0, 8], [9], [], [], [10, 3], [], []]","[3, 3, 1, 4, None, 1, 0, 2, -4, -4, -2]",5,7,3.0,best_second,w37588de,7.691656822810546,7.579678823090456,8.33014046024638,6,6,0,1,1,2,6.0
2699,"[[2], [4, 7], [], [], [], [], [8, 1], [], [3, 10], [0, 2], []]","[2, -1, 4, 3, 0, -3, None, 2, 1, 2, -1]",167,4,2.0,best_third,w37588de,8.699681400989514,7.81762544305337,9.045937315684574,4,4,0,1,1,2,2.0
2700,"[[4, 3], [6, 0], [], [], [], [10], [8, 7], [], [], [5, 10], []]","[-3, None, 2, -1, -2, -3, 3, -3, 4, -2, -4]",399,10,6.0,best_second,w37588de,8.109525659752874,6.939253946041508,8.379539026117442,7,7,0,1,1,2,1.0
2701,"[[], [0], [], [], [], [], [], [8, 10], [4, 5], [1, 0], [6, 2]]","[4, 0, 4, 4, -4, 2, 0, None, 3, 3, 0]",1,4,1.0,best_min,w37588de,7.846980982138788,7.582738488914411,8.416488487294606,5,5,0,1,1,2,4.0
2702,"[[6, 2], [4, 3], [], [5, 7], [8, 9], [], [2], [], [], [], []]","[3, None, 1, 0, 2, -2, 2, 0, 2, -3, 2]",221,5,5.0,best_third,w37588de,7.6324011266014535,8.351846738828245,8.748463629942055,4,4,0,1,1,2,2.0
2706,"[[9, 2], [], [], [7, 4], [], [1, 10], [0, 5], [4], [], [], []]","[1, 3, 4, 2, -3, 3, None, 0, -3, -4, 1]",325,4,2.0,best_third,w37588de,8.051659556841955,7.349873704738338,8.454040376410969,6,6,0,1,1,2,8.0
2708,"[[], [], [0, 7], [9], [], [], [4, 5], [], [2, 6], [], [3, 9]]","[4, -2, -3, 0, -4, -1, -3, 2, None, 2, 3]",171,5,5.0,best_second,w37588de,8.153925132007862,8.119100837637486,8.829665432675236,1,1,0,1,1,2,3.0
2710,"[[6, 4], [7, 2], [], [], [10, 3], [], [8, 5], [2], [], [], []]","[None, 0, 0, 3, 3, 2, -3, 4, 1, -1, 0]",377,6,0.0,best_second,w37588de,7.949091499830517,7.388946097618437,8.400659375160286,6,3,3,0,1,2,1.0
2711,"[[], [], [], [10], [1, 2], [], [5, 0], [4, 6], [3, 10], [], []]","[-1, -2, -4, -4, -3, 1, 4, None, 3, -4, -1]",315,8,5.0,best_second,w37588de,8.130059039992796,7.266128779556451,8.481566013773087,5,5,0,1,1,2,2.0
2712,"[[8, 5], [7, 9], [0, 3], [6, 4], [], [], [], [9], [], [], []]","[-2, 2, None, -4, 0, -1, 2, 3, 2, 1, -4]",177,3,1.0,best_third,w37588de,8.037866234709618,8.253748343328501,8.844624683385302,0,-3,3,0,1,2,2.0
2713,"[[], [8, 3], [], [], [5, 9], [6, 0], [], [], [3], [7, 2], []]","[0, -2, -1, -4, None, 2, 4, -4, 4, -3, 4]",77,9,2.0,best_second,w37588de,8.400884069015854,7.617759576608505,8.777092882855566,6,6,0,1,1,2,3.0
2714,"[[4, 6], [2], [], [], [7, 3], [], [8, 5], [], [], [1, 2], []]","[None, -1, -4, -1, 4, 4, 3, 0, -1, -3, -2]",247,4,5.0,best_min,w37588de,7.954372272531867,7.987864096085687,8.664232934065552,7,4,3,0,0,2,5.0
2716,"[[], [9, 0], [5, 3], [], [10], [], [], [1, 2], [4, 10], [], []]","[3, 4, -4, 4, -1, -1, 4, None, 2, 1, 2]",301,7,8.0,best_second,w37588de,7.246368080102461,7.975564658495202,8.368925174747133,7,0,7,0,0,2,2.0
2718,"[[7, 5], [9, 0], [], [4, 8], [8], [], [], [], [], [10, 2], []]","[-3, None, 3, -4, 4, -1, 0, 3, 4, 1, 4]",235,5,2.0,best_second,w37588de,8.07806788181544,7.348587530927593,8.471358655072438,5,5,0,1,1,2,4.0
2719,"[[6], [4, 9], [], [], [2, 8], [], [], [0, 6], [], [10, 3], []]","[4, None, -2, 4, -4, 0, 1, 4, -1, 4, -2]",373,11,0.0,best_second,w37588de,7.7752758464868625,7.8050670442584895,8.483222671845084,8,8,0,1,1,2,1.0
2724,"[[1, 3], [7, 6], [10], [9, 8], [], [2, 10], [], [], [], [], []]","[None, 0, 0, -3, -4, -3, -1, 3, -4, -1, -3]",137,7,1.0,best_second,w37588de,8.013343181386672,7.1731917424865985,8.371936178759098,3,3,0,1,1,2,3.0
2725,"[[], [], [], [], [0, 2], [], [], [3], [1, 5], [7, 3], [8, 4]]","[2, -1, 3, 3, 0, 2, 0, 3, 2, -3, None]",15,2,0.0,best_min,w37588de,7.894318063841624,7.8628820346414905,8.571681376700306,4,4,0,1,1,2,1.0
2728,"[[], [4, 9], [], [], [], [1, 8], [], [10, 0], [6, 2], [], [0]]","[4, 1, -2, -1, -3, None, -3, 4, -4, 4, 0]",381,10,2.0,best_second,w37588de,7.583247524303362,7.046647277848756,8.043342170441608,5,-7,12,0,0,2,7.0
2729,"[[], [], [7, 4], [9, 1], [], [8, 6], [], [4], [], [], [3, 5]]","[3, 3, -3, 4, 1, -4, -4, 0, -3, -1, None]",283,11,1.0,best_second,w37588de,8.09346227450118,7.536363938404511,8.546169299652755,7,7,0,1,1,2,1.0
2730,"[[], [], [5, 7], [4, 2], [8, 1], [], [], [], [], [10, 6], [6]]","[-3, -3, 2, None, -4, 4, -1, -3, 0, 0, 1]",191,10,5.0,best_second,w37588de,7.6624678152002375,7.2019163175316265,8.151333337900434,6,6,0,1,1,2,3.0
2731,"[[], [], [6, 7], [0], [9, 10], [3, 0], [], [], [2, 4], [], []]","[4, 2, -2, -2, -1, -2, -4, -2, None, 2, 3]",7,5,4.0,best_second,w37588de,7.853604813097837,8.19671240721307,8.732788324973118,2,2,0,1,1,2,2.0
2733,"[[], [], [3, 8], [9, 6], [1], [4, 1], [], [], [7, 10], [], []]","[0, 4, None, -4, 1, 4, -2, 0, -2, 3, 4]",289,5,6.0,best_third,w37588de,7.978996370854115,8.148445666243237,8.76029622047005,2,2,0,1,1,2,5.0
2734,"[[7, 10], [5, 2], [], [9, 0], [], [2], [], [], [], [8, 6], []]","[3, 4, -1, None, -1, -3, -4, -1, 1, -4, 4]",139,10,1.0,best_second,w37588de,7.643003635560718,7.9294865233142895,8.489410810403786,7,7,0,1,1,2,5.0
2736,"[[], [5, 4], [], [0], [], [], [3, 0], [], [10, 1], [], [7, 2]]","[4, -3, -3, -4, -4, 3, -1, 3, None, 4, 4]",397,9,7.0,best_second,w37588de,7.760467029213421,7.963807953231451,8.560252680876685,7,7,0,1,1,2,7.0
2737,"[[], [9, 5], [], [0], [], [7, 2], [], [], [], [4, 6], [3, 0]]","[-2, None, 3, 0, 3, 4, 1, 4, -4, 2, -3]",353,3,1.0,best_second,w37588de,7.808323050391056,6.996681488176538,8.175547596021026,8,8,0,1,1,2,2.0
2739,"[[], [], [4, 0], [7, 10], [0], [], [], [1, 9], [], [], [6, 8]]","[1, -1, 3, None, 0, 2, 4, -3, -2, -4, 4]",153,11,6.0,best_second,w37588de,7.61972421378267,7.969703583278656,8.502891406705379,8,8,0,1,1,2,3.0
2740,"[[], [], [0], [2, 0], [7, 10], [], [5, 9], [], [4, 6], [], []]","[4, -4, 4, 4, -3, 3, -3, -2, None, 2, 0]",173,3,5.0,best_second,w37588de,8.550821372396221,8.043020885298283,9.021839764105511,0,0,0,1,1,2,2.0
2742,"[[3, 10], [], [], [9, 4], [], [], [7, 8], [8], [], [], [5, 2]]","[None, -3, -1, -4, 2, 4, 1, 3, -1, -2, 3]",147,9,4.0,best_second,w37588de,7.746300662231439,6.916715020353609,8.108021221376747,7,7,0,1,1,2,4.0
2743,"[[], [4, 5], [], [], [7, 3], [0, 10], [9, 8], [], [], [8], []]","[3, None, -3, -3, 0, 0, -2, 1, 1, 2, -1]",337,4,1.0,best_third,w37588de,8.504918160540626,7.2868764117507,8.76389700713946,3,3,0,1,1,2,4.0
2744,"[[], [], [], [1, 5], [2], [], [4, 2], [], [9, 3], [7, 10], []]","[-1, 4, 4, 4, 1, 3, -2, -3, None, 0, -4]",375,8,1.0,best_second,w37588de,8.033334015880062,7.106606137727303,8.366602832783736,8,8,0,1,1,2,1.0
2746,"[[], [], [9, 8], [6, 7], [], [], [10, 5], [1, 0], [], [8], []]","[-2, 1, -1, None, 4, -1, -4, 3, -3, 0, 2]",115,6,5.0,best_second,w37588de,7.4821189235521155,7.9208096792886,8.418256443556213,4,4,0,1,1,2,3.0
2748,"[[], [7, 3], [], [9, 10], [0], [], [], [5, 2], [4, 0], [], []]","[-1, None, 1, 4, 1, 4, -1, -1, 1, -3, -2]",25,2,6.0,best_min,w37588de,8.355379895253634,8.242229891372231,8.99342737041261,3,2,1,0,0,2,3.0
2749,"[[], [8, 4], [0], [], [], [2, 0], [7, 1], [9, 10], [], [], []]","[3, 4, 3, -4, -3, -4, None, -3, 4, -4, 0]",233,11,7.0,best_second,w37588de,8.137688184977604,7.1098794630722715,8.443331342817782,8,8,0,1,1,2,4.0
2752,"[[], [], [], [], [6, 1], [8, 0], [1], [], [], [5, 10], [7, 3]]","[4, -4, 2, -4, 0, 4, -2, -1, -4, None, -2]",319,11,0.0,best_second,w37588de,7.881182202227101,7.602900462204755,8.444622498581401,8,8,0,1,1,2,3.0
2754,"[[8], [], [3, 1], [], [], [], [10, 2], [0, 8], [], [], [9, 5]]","[-4, -1, -2, -2, -1, 1, None, 2, 4, 3, 3]",83,7,2.0,best_second,w37588de,7.7146774738009265,7.318539548567902,8.228977643358313,6,6,0,1,1,2,1.0
2757,"[[], [], [], [4, 5], [5], [], [], [2, 0], [1, 9], [], [8, 7]]","[-4, 3, 1, 0, -4, -1, -4, 1, -3, -3, None]",339,5,5.0,best_third,w37588de,7.786551806428712,8.161089512845797,8.684231891345675,2,2,0,1,1,2,6.0
2759,"[[], [8], [], [6, 2], [], [3, 10], [], [], [], [1, 8], [0, 7]]","[-2, -2, -1, 0, 3, None, 4, -3, -3, 3, 0]",61,6,3.0,best_second,w37588de,7.943427767876373,7.882314918980268,8.606302366488014,4,-2,6,0,0,2,5.0
2762,"[[8, 4], [0, 3], [], [6, 5], [], [], [], [10, 9], [], [], [9]]","[4, None, -2, -3, -3, -3, -4, 4, 3, 0, -3]",187,11,7.0,best_second,w37588de,8.126222529458525,6.760414691083428,8.353261499733874,7,7,0,1,1,2,1.0
2764,"[[3, 8], [], [0, 4], [], [5, 6], [], [], [9], [], [], [7, 9]]","[-1, 0, None, -3, 4, -4, 4, 3, -4, -3, -3]",101,11,0.0,best_second,w37588de,7.711548979629145,8.0805469658245,8.605936401250627,8,8,0,1,1,2,1.0
2766,"[[1, 8], [8], [], [], [9, 2], [], [], [3, 5], [], [], [4, 7]]","[-3, -2, -4, -2, -1, 4, -1, 4, -3, -2, None]",213,10,0.0,best_second,w37588de,7.7886260656250315,8.212568398234144,8.715880102296456,8,8,0,1,1,2,2.0
2771,"[[3, 10], [8, 9], [], [], [], [], [2, 4], [0, 6], [9], [], []]","[-4, 3, 1, -1, 3, -2, 2, None, 3, -4, 0]",127,7,1.0,best_second,w37588de,7.990238185720363,7.814399633804487,8.599141774063405,5,5,0,1,1,2,1.0
2773,"[[9, 5], [8, 10], [], [4, 2], [2], [], [1, 0], [], [], [], []]","[4, 1, -1, 2, 4, -1, None, 1, 4, -2, 0]",91,3,5.0,best_min,w37588de,7.410347097821025,8.503297086224126,8.792245847467877,5,3,2,0,0,2,4.0
2775,"[[], [], [8, 10], [], [1, 0], [3, 6], [], [5, 4], [10], [], []]","[-1, -4, 0, 3, 3, 3, 2, None, 3, 4, 4]",331,4,4.0,best_second,w37588de,7.824445930877619,8.017637159908476,8.618666160346871,6,2,4,0,0,2,1.0
2780,"[[5, 7], [], [], [], [6, 9], [7], [1, 3], [], [], [2, 10], []]","[0, 4, 4, -1, None, 0, -3, 3, 3, 4, -1]",241,8,5.0,best_second,w37588de,7.959625305098116,7.003065458786462,8.284504227258495,8,8,0,1,1,2,5.0
2782,"[[], [], [], [], [1, 2], [4, 10], [], [9, 6], [], [6], [8, 3]]","[-4, -3, -4, 2, 1, None, -1, 3, 1, 1, -2]",119,2,5.0,best_second,w37588de,7.751475318021457,7.724004656676065,8.430763463417849,0,-2,2,0,0,2,1.0
2785,"[[9, 5], [8, 2], [], [7, 1], [], [], [], [10, 4], [], [5], []]","[1, -3, -1, None, -3, -1, -1, 2, -4, -1, 4]",47,10,5.0,best_second,w37588de,7.738923757439457,7.901377353792616,8.516392871245468,6,6,0,1,1,2,3.0
2786,"[[], [10], [3, 5], [], [], [], [1, 10], [], [2, 9], [0, 4], []]","[-1, 1, 0, -1, -2, 3, 3, 3, None, -1, -2]",269,5,3.0,best_second,w37588de,8.099250561796959,7.870547844507712,8.684401110400145,3,3,0,1,1,2,1.0
2787,"[[], [], [], [], [2, 1], [], [], [6], [7, 6], [0, 3], [9, 4]]","[-4, -2, 3, -3, 2, -4, -4, 1, -1, -4, None]",291,10,4.0,best_second,w37588de,8.542860938164816,7.0664669701369585,8.748463629942055,5,5,0,1,1,2,1.0
2789,"[[], [], [7, 0], [], [9, 1], [], [10, 5], [], [6, 2], [1], []]","[-3, 3, -4, -2, 2, 2, 0, 3, None, 4, 4]",51,6,2.0,best_second,w37588de,7.743269700829004,7.681099001536359,8.405591014834934,4,4,0,1,1,2,6.0
2791,"[[6], [0, 6], [], [], [], [10, 9], [], [], [], [7, 8], [2, 4]]","[0, -2, 4, 0, -2, None, -4, -3, -2, -3, 4]",309,11,6.0,best_second,w37588de,7.744136627627991,7.32317071794347,8.248529124800218,8,8,0,1,1,2,1.0
2792,"[[], [5, 8], [7], [], [], [3, 9], [2, 7], [], [0, 10], [], []]","[1, None, -2, 1, 0, 1, 1, 4, 2, -4, -1]",105,3,5.0,best_third,w37588de,8.293299358711323,7.926602599181384,8.819665349340653,3,2,1,0,0,2,2.0
2798,"[[10, 8], [9, 7], [], [2], [3, 2], [], [0, 1], [], [], [], []]","[4, -3, 2, 0, -3, 4, None, 1, 4, -4, -1]",71,10,0.0,best_second,w37588de,7.686621334944619,7.635303886259415,8.354203562921775,8,8,0,1,1,2,5.0
2800,"[[8, 3], [], [], [2, 4], [], [6, 10], [10], [], [7, 9], [], []]","[None, -4, 4, 0, 0, -4, -3, 3, 4, -2, 0]",287,5,6.0,best_third,w37588de,7.974188669286012,6.849066282633457,8.255048902752295,7,7,0,1,1,2,4.0
2801,"[[9, 5], [6], [], [1, 6], [], [10, 8], [], [], [], [4, 7], []]","[None, 3, 4, -3, 3, 0, 2, 1, -2, -2, -3]",379,3,2.0,best_second,w37588de,8.461257559085935,8.080856419640986,8.98205864280585,1,-2,3,0,0,2,2.0
2804,"[[], [10, 6], [], [], [3, 5], [], [], [0], [1, 4], [7, 0], []]","[-3, 1, -1, 4, 4, -3, -1, -1, None, -3, 4]",333,6,7.0,best_third,w37588de,7.807510042216193,6.982862751468942,8.170751423757533,8,8,0,1,1,2,5.0
2805,"[[], [10, 3], [], [], [], [], [5, 4], [6, 9], [], [2, 0], [3]]","[4, 4, -3, 1, 0, -3, -4, None, -2, 2, 3]",131,10,2.0,best_second,w37588de,8.358666283188,8.089482474360754,8.926118971153384,6,6,0,1,1,2,3.0
2807,"[[2], [0, 2], [], [], [], [6, 7], [10, 8], [4, 9], [], [], []]","[-2, 3, 4, 3, 2, None, -2, 3, 4, 0, 0]",205,4,3.0,best_second,w37588de,7.390798521735676,7.870547844507712,8.352082671352637,5,5,0,1,1,2,4.0
2809,"[[], [], [7, 6], [10, 0], [], [8, 2], [], [], [1, 4], [], [0]]","[-4, -3, -4, 3, 4, None, -3, 1, 1, 0, -4]",299,9,3.0,best_second,w37588de,8.018625465045748,7.456454555176209,8.469472455204826,5,5,0,1,1,2,4.0
2811,"[[], [], [9, 10], [], [7, 8], [], [], [8], [], [6, 5], [1, 0]]","[-2, -1, None, 4, 0, -4, 4, -1, -3, 4, -3]",27,11,8.0,best_second,w37588de,7.995643604287271,7.397561535524052,8.433594167539923,8,8,0,1,1,2,1.0
2813,"[[], [6], [1, 6], [], [], [8, 9], [], [], [3, 4], [7, 0], []]","[2, 2, 3, -3, 3, None, -1, -3, 3, -4, -3]",243,9,0.0,best_second,w37588de,7.424165281042028,7.5251007461258,8.16876982367527,6,6,0,1,1,2,5.0
2816,"[[], [5], [], [7, 6], [], [], [2, 4], [9, 10], [1, 5], [], []]","[-2, -4, 3, None, 4, 0, -3, -1, 2, -1, 0]",113,2,1.0,best_second,w37588de,8.20111164444276,8.032035314398826,8.81314100828505,1,-1,2,0,0,2,1.0
2819,"[[], [9, 7], [8, 5], [4, 10], [], [], [3, 2], [], [], [7], []]","[1, 2, 3, -1, 4, -3, None, 1, -2, -2, 3]",203,2,6.0,best_second,w37588de,7.772752716468742,7.9892214088152755,8.579792333172758,3,1,2,0,0,2,1.0
2820,"[[1, 5], [], [], [7, 10], [], [], [3, 0], [], [9, 4], [4], []]","[-4, 3, -4, 4, 3, -2, None, -3, 1, 1, 2]",341,8,2.0,best_second,w37588de,7.470224135899966,7.639161171659173,8.251142139090751,6,6,0,1,1,2,5.0
2821,"[[], [], [4, 7], [], [5, 1], [], [10, 8], [0, 3], [], [], [8]]","[-4, 4, None, -2, -1, -2, 1, -3, -3, 1, 3]",31,8,5.0,best_second,w37588de,8.27614021955846,7.655864017616056,8.706324840138741,3,3,0,1,1,2,2.0
2823,"[[7, 9], [], [], [], [10, 0], [], [8, 1], [], [1], [], [3, 5]]","[2, 2, 4, -3, None, -4, -1, -4, -1, 4, -3]",229,11,2.0,best_second,w37588de,7.5272559193737845,7.890582534656536,8.418256443556213,6,6,0,1,1,2,1.0
2824,"[[], [2, 3], [0, 10], [7, 6], [], [8], [], [], [], [5, 8], []]","[-3, None, -1, -3, 3, -2, 0, -2, -1, 3, 1]",93,4,2.0,best_third,w37588de,7.842278779117352,7.5781454724194655,8.411832675758411,0,0,0,1,1,2,2.0
2831,"[[], [0, 5], [9], [], [1, 10], [], [], [], [2, 9], [], [6, 3]]","[-2, -3, -3, -4, None, -4, 3, -4, 4, 3, 4]",259,11,8.0,best_second,w37588de,8.001019961323651,7.661527081358518,8.53856321715243,7,7,0,1,1,2,2.0
2832,"[[2, 7], [], [], [10, 5], [6, 8], [], [], [], [], [0, 4], [5]]","[3, -3, -4, 4, -3, 1, -3, 2, -2, None, -4]",17,9,1.0,best_second,w37588de,7.81923445385907,7.822044008185619,8.513586695822127,5,5,0,1,1,2,1.0
2834,"[[7, 9], [], [], [], [10, 0], [1], [], [], [5, 1], [], [2, 3]]","[-3, 2, 3, -3, None, 3, -1, 0, 2, -1, 4]",277,9,7.0,best_second,w37588de,7.366445148327599,7.553286605600419,8.15708378502887,7,7,0,1,1,2,1.0
2835,"[[4], [0, 4], [6, 5], [10, 7], [], [], [], [], [], [2, 3], []]","[1, -2, 4, -2, -1, 0, 3, 4, 4, None, -1]",157,6,4.0,best_second,w37588de,7.187657164114955,7.742402021815782,8.195885391314796,7,7,0,1,1,2,5.0
2836,"[[10, 9], [], [], [], [3, 2], [8], [5, 8], [4, 0], [], [], []]","[4, -4, -1, 1, -2, -4, 4, None, 4, 4, -3]",343,9,0.0,best_second,w37588de,7.545389749611823,7.614805364711074,8.27359179819963,8,8,0,1,1,2,2.0
2837,"[[], [5], [], [8, 7], [1, 5], [], [2, 0], [], [], [], [3, 6]]","[4, 2, -3, -2, 2, -2, 4, -4, 1, -4, None]",57,10,0.0,best_second,w37588de,8.001689978099135,7.79770203551669,8.597851094433691,8,8,0,1,1,2,5.0
2840,"[[], [], [6, 9], [], [], [0, 4], [9], [10, 1], [7, 5], [], []]","[-3, -2, 0, 4, 4, 4, 0, -4, None, 2, 0]",297,11,0.0,best_second,w37588de,7.583756300707112,7.768110378525989,8.37309184744198,8,8,0,1,1,2,2.0
2842,"[[9, 7], [3, 4], [], [4], [], [], [], [10, 5], [], [8, 6], []]","[None, 0, -1, 0, -1, -4, -3, -3, 3, 4, 3]",249,9,7.0,best_second,w37588de,7.725330037917134,7.899524472032198,8.509161019718974,7,7,0,1,1,2,7.0
2844,"[[6, 1], [], [4, 3], [], [], [10, 2], [1], [], [], [], [8, 9]]","[3, 3, -4, -2, 2, None, 4, -4, -2, 3, 4]",33,9,1.0,best_second,w37588de,7.734121303328305,7.913886714856082,8.520985989654934,7,7,0,1,1,2,4.0
2846,"[[], [0, 6], [10, 8], [9], [1, 2], [3, 9], [], [], [], [], []]","[-1, 2, -3, -1, None, 0, -3, 4, 0, 0, 1]",393,3,5.0,best_second,w37588de,7.772331575169614,7.94697135769359,8.556413904569519,1,1,0,1,1,2,1.0
2848,"[[9, 1], [], [], [8, 6], [10, 7], [0, 3], [], [], [], [], [7]]","[3, -4, 1, -3, -3, None, -2, 1, 0, 3, 4]",145,9,7.0,best_second,w37588de,7.816416983691801,7.625595072132454,8.41847721847708,6,6,0,1,1,2,2.0
2853,"[[3, 1], [], [5], [], [], [], [2, 5], [], [10, 4], [8, 0], []]","[-2, 0, -3, -2, 0, 4, 1, -4, -3, None, 2]",279,2,2.0,best_third,w37588de,8.444407421690585,8.007034012193406,8.942460926820582,-1,-2,1,0,0,2,2.0
2856,"[[], [], [], [], [0], [3, 9], [], [5, 8], [2, 1], [], [4, 0]]","[0, -1, -3, 4, -1, -1, -4, None, -1, 1, -2]",39,5,0.0,best_second,w37588de,7.851271997109883,7.6324011266014535,8.440744019252831,3,-2,5,0,0,2,3.0
2861,"[[], [], [], [10, 5], [], [], [0, 4], [1], [6, 3], [7, 1], []]","[-1, -3, -3, -1, 3, -2, 0, -3, None, -1, -1]",195,5,3.0,best_second,w37588de,7.774435510302958,7.573017256052546,8.371704884667631,3,3,0,1,1,2,1.0
2864,"[[], [5, 6], [], [], [10, 8], [7, 9], [2, 0], [], [], [], [8]]","[-2, None, -1, 3, 1, -1, 2, 4, 2, -3, -4]",149,4,4.0,best_min,w37588de,7.45182223652793,7.472500744737558,8.15507488781144,3,0,3,0,0,2,7.0
2867,"[[], [], [7, 5], [], [10, 3], [6, 9], [], [1, 8], [], [], [3]]","[2, 2, None, -2, -2, -1, -4, -4, 1, -3, -3]",53,2,2.0,best_second,w37588de,7.618251097876696,8.073402968986406,8.564458383883352,-2,-4,2,0,0,2,1.0
2869,"[[4], [], [], [], [], [0, 4], [], [1, 3], [6, 2], [], [8, 7]]","[0, 4, -1, -2, 2, 0, 4, 4, -4, -3, None]",103,9,6.0,best_second,w37588de,7.44600149832412,7.565793282428515,8.200562797008564,8,8,0,1,1,2,5.0
2873,"[[], [], [6], [], [9, 1], [10, 0], [], [2, 6], [4, 5], [], []]","[4, -2, -2, 2, -4, -2, 3, 2, None, 3, 0]",225,5,6.0,best_third,w37588de,7.822845290279774,7.3758821482150125,8.317033476492403,2,2,0,1,1,2,5.0
2878,"[[], [], [3, 7], [6, 5], [9], [], [], [8, 1], [], [], [4, 9]]","[-4, -3, None, 0, 2, 1, 4, -3, -4, -3, -1]",261,8,1.0,best_second,w37588de,8.07775756373692,7.77779262633883,8.631949428714426,4,4,0,1,1,2,1.0
2879,"[[], [0], [10, 6], [], [2, 9], [], [], [1, 0], [], [5, 3], []]","[3, 0, -4, -1, None, 4, -3, 4, 2, -3, 3]",321,5,2.0,best_third,w37588de,7.809135398120539,7.546974117516527,8.379539026117442,1,1,0,1,1,2,6.0
2881,"[[3], [], [4, 8], [], [], [0, 3], [], [], [], [6, 1], [2, 9]]","[2, 2, 2, 2, -1, -1, -2, 1, 0, -2, None]",385,3,2.0,best_second,w37588de,8.529319371214077,8.173857454773621,9.060331104649475,2,1,1,0,1,2,4.0
2885,"[[], [4, 0], [8], [], [], [10, 6], [], [5, 1], [], [2, 8], []]","[-1, -3, -1, 2, -4, 4, -2, None, 3, 3, 4]",391,11,6.0,best_second,w37588de,7.556427969440253,7.27655640271871,8.119100837637486,8,8,0,1,1,2,3.0
2887,"[[], [3, 9], [0], [], [], [2, 0], [], [], [4, 6], [], [1, 8]]","[-3, 1, 4, -2, -2, 1, 0, 3, 0, -4, None]",159,2,5.0,best_third,w37588de,8.288534459413917,7.96346006663897,8.832149906002899,0,-1,1,0,0,2,2.0
2889,"[[9, 5], [0, 8], [], [6, 4], [], [], [4], [], [7, 2], [], []]","[3, None, -3, 1, 1, 0, -3, -1, -4, 4, 4]",219,10,3.0,best_second,w37588de,8.163371316459912,7.7336835707759,8.664405571096625,7,7,0,1,1,2,2.0
2891,"[[], [], [], [], [9, 6], [7, 8], [1, 3], [8], [], [0, 10], []]","[4, -4, 0, -1, None, -1, -3, 3, -1, 4, -2]",327,11,6.0,best_second,w37588de,7.384610383176974,7.270312886079025,8.021912778985708,8,8,0,1,1,2,3.0
2892,"[[], [10, 3], [7, 0], [8, 6], [], [], [], [0], [], [], [4, 5]]","[4, None, 4, -4, 1, -1, 3, 1, -3, 3, 3]",107,6,4.0,best_second,w37588de,7.8399193600125825,7.673223121121708,8.452974619089586,4,4,0,1,1,2,6.0
2893,"[[7, 6], [], [5, 3], [], [], [3], [], [], [10, 0], [], [9, 1]]","[1, 2, 3, 1, -1, -4, -2, 0, None, 4, -4]",189,2,3.0,best_third,w37588de,7.786551806428712,7.60339933974067,8.392083380373393,1,1,0,1,1,2,2.0
2897,"[[5, 4], [], [], [], [], [4], [1, 9], [2, 8], [], [], [6, 7]]","[-1, -4, 2, 2, 4, -2, -1, 4, 1, -2, None]",323,7,3.0,best_second,w37588de,7.45298232946546,7.75491027202143,8.308199063206446,6,6,0,1,1,2,2.0
2898,"[[9, 3], [], [], [], [10], [0, 6], [1, 7], [], [4, 10], [], []]","[1, -4, -4, 4, 3, None, -3, 1, 4, -1, -3]",349,8,3.0,best_second,w37588de,7.996990405837649,7.903596289614302,8.644354337032915,5,5,0,1,1,2,5.0
2901,"[[4, 2], [3], [], [], [], [], [7, 5], [], [0, 6], [], [1, 3]]","[3, 4, 1, 0, -1, -2, -4, 2, None, 1, 0]",295,6,2.0,best_second,w37588de,7.911324018963352,7.905810312658932,8.601534339849989,4,4,0,1,1,2,4.0
2903,"[[], [], [6, 3], [5, 7], [1], [], [9, 10], [], [4, 1], [], []]","[3, 0, None, 2, 3, -3, -2, 1, -3, -3, 2]",13,5,1.0,best_third,w37588de,8.0323601479245,8.457018468380168,8.960082528170402,3,3,0,1,1,2,5.0
2904,"[[6], [], [5, 4], [0, 6], [], [], [], [], [1, 9], [], [2, 8]]","[-3, -2, 3, 3, -1, -4, 2, -1, -1, 2, None]",383,3,4.0,best_third,w37588de,7.640603826393635,7.442492722794441,8.239329427901795,2,2,0,1,1,2,4.0
2908,"[[], [5, 4], [], [2], [6, 9], [7, 10], [], [], [3, 2], [], []]","[3, None, -2, -4, -2, 4, -4, -3, 1, -2, 4]",97,11,0.0,best_second,w37588de,7.564238475170491,7.298445101508147,8.133000218583613,8,8,0,1,1,2,2.0
2909,"[[], [], [9, 1], [5, 8], [10, 0], [], [2, 3], [], [], [], [0]]","[-4, -3, 3, -4, 1, 2, None, 4, -3, 4, -4]",293,10,6.0,best_second,w37588de,7.682482446534506,7.163946684342547,8.149312843635345,7,7,0,1,1,2,5.0
2910,"[[10, 9], [8, 5], [], [], [], [3, 2], [], [], [4, 6], [], [9]]","[2, None, -2, 0, 3, -3, -4, 0, 3, 0, -3]",265,9,7.0,best_second,w37588de,7.412160334945206,7.614312146452001,8.211211361793023,6,6,0,1,1,2,2.0
2912,"[[], [], [4], [6, 10], [], [], [], [9, 3], [2, 4], [0, 1], []]","[-3, 3, 2, -2, -2, -4, -2, None, 2, 3, 0]",63,8,0.0,best_second,w2f29c69,7.7102051944325325,6.968850378341948,8.099554282376364,6,6,0,1,1,2,2.0
2913,"[[], [2, 3], [7, 5], [4, 8], [], [], [0], [], [], [6, 0], []]","[-3, None, 2, 2, 0, 1, -3, -1, 2, -3, -4]",259,2,0.0,best_third,w2f29c69,8.001019961323651,6.679599185844383,8.237214703349489,4,2,2,0,1,2,2.0
2916,"[[1, 6], [6], [7, 10], [8, 4], [], [3, 2], [], [], [], [], []]","[-3, -2, -3, 3, 1, None, 2, -4, 4, 1, -3]",171,10,2.0,best_second,w703ed49,8.382289428951436,6.846943139585379,8.57715877258367,7,7,0,1,1,2,1.0
2918,"[[3, 5], [], [], [], [7, 1], [], [8, 0], [1], [2, 9], [], []]","[-4, 1, 3, 0, -2, 2, None, -3, 0, 0, 1]",61,5,0.0,best_second,w703ed49,8.22817689595132,6.169610732491456,8.348064228408266,3,3,0,1,1,2,2.0
2919,"[[4, 10], [], [], [0, 5], [], [2, 9], [], [8, 6], [6], [], []]","[0, 1, -4, None, 2, 0, -2, 3, 2, 4, -1]",129,5,4.0,best_min,w703ed49,8.98882050177807,7.646831391430482,9.220884585851854,4,4,0,1,1,2,3.0
2921,"[[], [3], [4, 10], [], [8, 0], [1, 3], [], [], [], [], [7, 6]]","[-2, -3, None, -4, 1, 2, 2, 1, 1, -3, -4]",55,4,3.0,best_second,w703ed49,8.346167594364134,6.450470422144177,8.48590890137647,2,2,0,1,1,2,1.0
2926,"[[], [], [0, 1], [4], [], [], [10, 5], [6, 2], [3, 4], [], []]","[2, -3, 0, 2, 2, 1, 0, None, 0, -4, -4]",43,4,3.0,best_third,w703ed49,8.460411177317253,5.605802066295998,8.516192691082653,2,2,0,1,1,2,5.0
2927,"[[], [2, 7], [9, 5], [6], [3, 6], [], [], [0, 10], [], [], []]","[-3, None, 4, -3, 1, -3, -1, -1, -1, 2, 1]",85,7,7.0,best_second,w703ed49,8.814330422638772,6.922643891475888,8.954673628956414,6,6,0,1,1,2,4.0
2928,"[[], [], [], [10, 2], [], [3, 8], [7, 4], [4], [9, 1], [], []]","[-3, 1, 4, 1, -4, None, 0, -4, 3, 0, 1]",71,2,2.0,best_min,w703ed49,8.094988759303774,6.0473721790462776,8.216088098632316,5,3,2,0,0,2,3.0
2930,"[[], [], [5, 3], [4, 10], [], [7, 8], [9, 0], [], [], [0], []]","[1, 0, None, 1, 0, -4, 2, 1, -3, 3, 3]",31,7,2.0,best_second,w703ed49,8.179760493699899,7.886081401775745,8.736649954872453,4,4,0,1,1,2,4.0
2931,"[[], [9, 5], [6, 8], [], [], [3, 0], [8], [], [], [10, 7], []]","[-2, None, -3, -3, 2, -3, -2, -4, -2, 0, -3]",177,2,4.0,best_second,w703ed49,7.842671474979458,8.83127373772255,9.147507062804614,-3,-3,0,1,1,2,1.0
2932,"[[], [4, 5], [], [], [9, 8], [0, 3], [2], [], [], [], [6, 2]]","[-2, None, -3, -1, 4, 4, -4, 2, -3, 0, -1]",193,2,7.0,best_min,w703ed49,8.698180525197056,7.10085190894405,8.882391706295845,4,4,0,1,1,2,1.0
2934,"[[], [7], [], [5, 10], [], [0, 8], [1, 7], [], [], [], [2, 9]]","[4, -1, -2, None, 4, 1, 0, 0, -2, 2, -1]",83,6,3.0,best_third,w703ed49,10.037100191860048,7.820840879907344,10.140534009019328,5,1,4,0,0,2,6.0
2936,"[[], [], [], [8, 0], [6, 5], [], [5], [], [], [1, 7], [3, 9]]","[4, 1, 1, -1, -3, 3, -4, -4, -1, -2, None]",185,6,5.0,best_third,w703ed49,8.300528606199737,7.037027614686276,8.54927308487965,3,3,0,1,1,2,5.0
2938,"[[9, 1], [], [5, 3], [], [], [3], [], [6, 4], [], [], [7, 0]]","[-3, -2, -1, -2, 1, 4, -3, -4, -4, -3, None]",133,3,5.0,best_min,w703ed49,9.078179468373843,7.085901464365611,9.205930663487482,-3,-3,0,1,1,2,1.0
2940,"[[], [], [5, 6], [], [3], [1, 0], [8, 7], [], [], [4, 3], []]","[4, -4, None, -4, -3, 3, -2, 0, -1, 4, -3]",19,9,1.0,best_second,w703ed49,7.3277805384216315,6.988413181999592,7.865187954187467,7,7,0,1,1,2,1.0
2941,"[[], [7, 5], [], [], [9], [0, 8], [4, 9], [10, 2], [], [], []]","[-1, None, 4, -1, 0, 0, -1, 3, 1, -3, 0]",95,6,1.0,best_second,w703ed49,7.307202314764738,6.964135612418245,7.843064016692054,7,7,0,1,1,2,2.0
2943,"[[], [8, 5], [], [], [10], [2, 9], [4, 10], [], [3, 7], [], []]","[1, None, 4, -3, 2, 4, 0, -2, -4, 3, 1]",159,10,1.0,best_second,w703ed49,7.724446645633537,7.610852790395251,8.362175469149628,8,7,1,0,1,2,1.0
2945,"[[], [], [1, 8], [], [5], [], [], [9, 2], [], [6, 0], [4, 5]]","[-1, 2, -4, 0, -4, -2, 4, None, 0, 4, -1]",81,9,5.0,best_second,w703ed49,7.658227526161352,7.343426229147368,8.206037762778815,8,8,0,1,1,2,2.0
2946,"[[9, 5], [0, 7], [8, 6], [], [], [], [], [4, 10], [6], [], []]","[1, None, 3, -2, 2, 1, -1, 3, 3, 3, 0]",25,2,3.0,best_third,w703ed49,7.51425465281641,7.336936913707618,8.122371243406553,5,5,0,1,1,2,2.0
2948,"[[], [9], [4, 7], [6, 0], [], [2, 3], [], [], [], [], [1, 9]]","[2, 0, 0, -3, -3, None, -1, -2, 3, -4, 2]",41,2,2.0,best_min,w703ed49,8.068402958569699,7.8551570058813445,8.660427359502146,-1,-3,2,0,0,2,3.0
2951,"[[], [2], [], [9, 6], [0, 5], [], [], [1, 2], [], [], [4, 3]]","[0, 2, -1, 3, 4, 3, -3, 3, -4, 2, None]",99,4,1.0,best_third,w703ed49,8.308691916838898,7.150701457592527,8.581669210600603,7,7,0,1,1,2,5.0
2952,"[[], [9, 0], [6], [], [2, 6], [8, 7], [], [], [], [], [1, 5]]","[3, -3, 1, -3, -1, 4, 2, -3, 4, -4, None]",169,10,7.0,best_second,w703ed49,9.915959454031448,6.1862086239004945,9.939626599152001,8,8,0,1,1,2,7.0
2954,"[[3, 5], [10], [4, 7], [], [], [], [0, 2], [], [], [1, 10], []]","[2, 0, -3, -4, 4, 2, None, -2, -4, 4, 3]",181,6,0.0,best_third,w703ed49,8.890961212781148,8.054522609537294,9.250810304529896,4,4,0,1,1,2,6.0
2956,"[[8], [6, 7], [], [], [], [2, 3], [], [], [], [0, 8], [5, 1]]","[3, -4, -3, 2, -3, 4, -2, 0, -4, 1, None]",51,9,2.0,best_second,w703ed49,7.542213463193402,7.001245622069476,8.000684784514748,6,6,0,1,1,2,2.0
2958,"[[10, 6], [3, 9], [8, 5], [], [1, 0], [], [], [], [5], [], []]","[4, 4, 3, -4, None, 0, -3, -3, -2, 3, -2]",49,6,1.0,best_min,w703ed49,7.2254814727822945,7.321849713788356,7.9676267393338165,7,7,0,1,1,2,1.0
2959,"[[], [4, 8], [], [9, 5], [8], [10, 7], [], [], [], [2, 0], []]","[-2, 0, 1, None, 2, 2, -2, 2, 0, 4, 1]",65,2,6.0,best_min,w703ed49,7.671826797878781,7.274479558773871,8.185628891147607,5,5,0,1,1,2,1.0
2961,"[[7, 1], [], [], [5, 8], [2, 9], [], [4, 3], [1], [], [], []]","[-4, -4, 3, 4, -2, 4, None, 2, -2, 2, -1]",63,7,6.0,best_second,w703ed49,7.27655640271871,7.560601162768557,8.121480374750751,8,8,0,1,1,2,1.0
2962,"[[], [10, 3], [8, 4], [], [], [], [], [9, 1], [4], [6, 0], []]","[3, -2, 0, -1, -4, 0, 1, None, 4, 0, 1]",125,4,3.0,best_second,w703ed49,8.03268487596762,7.198183577101943,8.392989587956931,3,3,0,1,1,2,2.0
2963,"[[], [], [0], [2, 0], [9, 6], [10, 1], [], [], [4, 5], [], []]","[0, -2, 4, 1, 1, -3, 4, 3, None, -4, -4]",93,10,3.0,best_second,w703ed49,7.847371836159789,6.885509670034817,8.170751423757533,5,5,0,1,1,2,2.0
2964,"[[], [], [], [], [8, 9], [4, 7], [10, 3], [2, 0], [], [], [3]]","[-3, 0, 3, 2, -2, None, -2, -1, -3, -4, -4]",167,7,2.0,best_second,w703ed49,8.80177044891454,6.618738983517219,8.908424139496576,2,2,0,1,1,2,1.0
2966,"[[], [7, 0], [], [], [5, 2], [], [9, 3], [], [1, 4], [3], []]","[3, 2, 1, -3, 2, -1, 2, -3, None, 1, 2]",17,4,1.0,best_min,w703ed49,8.222285073872717,7.27931883541462,8.551014739891748,5,5,0,1,1,2,2.0
2967,"[[], [], [7, 6], [], [], [], [], [6], [0, 5], [10, 8], [3, 1]]","[2, 1, 3, 0, 3, 3, 2, -4, 4, None, 4]",109,2,1.0,best_second,w703ed49,8.144679183447758,7.827639546366423,8.69165057315339,7,7,0,1,1,2,1.0
2969,"[[], [], [], [], [6, 1], [7, 4], [], [10, 2], [3], [8, 3], []]","[-4, -2, 2, 4, 1, None, 2, 3, 4, -1, 1]",97,3,1.0,best_second,w703ed49,7.583756300707112,6.76619171466035,7.949091499830517,5,5,0,1,1,2,4.0
2970,"[[], [], [], [1, 4], [], [8, 3], [], [0], [2, 10], [7, 0], []]","[-3, -4, 1, -4, 3, None, 2, 3, 2, -1, 3]",139,7,1.0,best_second,w703ed49,8.050065422915967,7.368339686311381,8.45914025996762,5,5,0,1,1,2,7.0
2975,"[[], [], [], [2, 1], [], [], [8, 0], [9, 5], [], [5], [6, 3]]","[1, -1, 2, 4, -1, -1, 4, -3, 0, 2, None]",101,2,5.0,best_min,w703ed49,8.740496729931813,6.616065185132817,8.853236764745898,6,6,0,1,1,2,1.0
2976,"[[2, 7], [], [], [9, 0], [], [], [5], [], [], [1, 4], [6, 5]]","[0, 3, -1, None, -2, 1, 0, -4, -1, 4, 1]",107,8,6.0,best_second,w703ed49,7.111512116496157,6.499787040655854,7.544332108053688,7,7,0,1,1,2,3.0
2978,"[[], [8], [], [4, 2], [], [], [10, 3], [], [], [1, 8], [7, 5]]","[-1, -3, -3, 4, 0, -3, None, 1, 4, -4, 2]",1,3,5.0,best_third,w703ed49,9.126850061477157,6.295266001439646,9.183996396636582,4,3,1,0,0,2,3.0
2979,"[[2, 6], [0, 10], [], [5], [], [], [], [], [3, 5], [], [9, 4]]","[-4, None, 1, -4, 1, -4, -4, -4, 2, 0, 2]",9,6,1.0,best_second,w703ed49,7.6787889981991535,7.6984827878809465,8.38160253710989,3,3,0,1,1,2,5.0
2981,"[[9], [8, 3], [0, 9], [], [], [7, 4], [], [], [], [], [5, 1]]","[3, -4, -1, -3, 2, 4, -2, -3, 4, -2, None]",13,8,2.0,best_second,w703ed49,8.08886878916199,6.826545223556594,8.337827262447915,6,6,0,1,1,2,7.0
2983,"[[], [9, 8], [6, 3], [], [], [10, 4], [], [2, 5], [], [8], []]","[3, 4, 3, 4, -1, -2, -4, None, -4, -3, -3]",155,10,1.0,best_second,w703ed49,7.271703706887368,6.88653164253051,7.790282380703483,7,7,0,1,1,2,2.0
2985,"[[], [6, 7], [], [], [], [4, 3], [], [], [10, 0], [5, 1], [0]]","[3, -4, 3, -1, -2, 4, 1, -4, 0, None, 2]",165,6,5.0,best_second,w703ed49,8.350429973538136,5.90536184805457,8.433376705323127,3,2,1,0,1,2,5.0
2986,"[[], [5, 0], [8, 7], [], [1, 2], [], [], [], [], [3], [9, 3]]","[2, -4, -2, -3, None, -2, 4, -2, 1, 2, -3]",141,3,0.0,best_third,w703ed49,8.38320455141292,7.451241684987676,8.715059959545654,-1,-1,0,1,1,2,4.0
2988,"[[4, 1], [], [], [8], [], [], [0, 9], [], [], [7, 5], [3, 8]]","[4, -4, -4, 1, 2, -1, None, 1, -1, -3, 4]",113,8,8.0,best_second,w703ed49,8.078688229229874,7.095064377287131,8.39615486303918,6,6,0,1,1,2,2.0
2989,"[[2, 7], [5, 10], [6, 4], [], [], [10], [], [3, 8], [], [], []]","[None, 2, 4, 1, 0, 3, 4, -4, 0, 3, 2]",29,9,4.0,best_second,w703ed49,8.101677747454572,6.270988431858299,8.250097752572845,8,8,0,1,1,2,1.0
2991,"[[9, 10], [3, 5], [], [], [1, 0], [], [8, 7], [], [7], [], []]","[1, -4, 0, -2, None, -1, -4, -3, 2, 2, -2]",35,7,3.0,best_second,w703ed49,8.423761246623684,6.493753839851686,8.559102594493448,3,3,0,1,1,2,1.0
2992,"[[], [], [], [4], [], [], [], [8, 10], [0, 5], [3, 4], [6, 2]]","[-4, -4, -4, -1, -1, 4, -1, None, 4, -4, -2]",39,11,0.0,best_second,w703ed49,8.890823576004385,7.530479995245536,9.119101891541911,8,8,0,1,1,2,3.0
2994,"[[9], [2, 3], [], [], [], [0, 9], [4, 7], [], [1, 6], [], []]","[-1, -4, 1, 2, -2, -1, -2, 3, None, 2, -1]",175,4,5.0,best_min,w703ed49,8.37816098272068,7.300472814267798,8.670943791222156,1,1,0,1,1,2,1.0
2995,"[[1], [], [], [8, 5], [0, 1], [], [9, 3], [], [], [10, 2], []]","[-2, -2, 2, 4, -1, 3, None, 2, -1, -4, 0]",23,8,1.0,best_second,w703ed49,8.931816237309167,7.440733707389261,9.134754385019587,7,3,4,0,1,2,2.0
2996,"[[], [], [], [4, 8], [8], [6, 9], [2, 0], [], [], [7, 10], []]","[3, -2, -2, -3, 3, None, 2, -3, -4, -1, -4]",135,8,1.0,best_second,w703ed49,8.200013648175434,7.38770923908104,8.567125560164447,5,5,0,1,1,2,1.0
2999,"[[], [], [9, 5], [1], [], [7, 10], [], [], [3, 1], [0, 6], []]","[-1, 2, None, -1, 2, 4, 2, -3, 2, 1, -2]",33,2,1.0,best_min,w703ed49,7.829232537543593,7.655390644826152,8.439015410352214,3,3,0,1,1,2,1.0
3001,"[[3, 6], [4, 7], [], [], [], [10, 8], [], [], [], [1, 0], [8]]","[3, -3, 4, -4, -3, -1, 2, -2, 0, None, 3]",3,9,1.0,best_second,w703ed49,7.880048200971577,7.587817219993426,8.43750042250699,5,5,0,1,1,2,1.0
3003,"[[], [8, 5], [10, 3], [], [], [], [9, 2], [], [5], [4, 7], []]","[3, 3, 2, -3, 4, 0, None, 1, -3, -1, -4]",45,4,5.0,best_second,w703ed49,7.571988449377439,7.781973234434385,8.37539918579835,3,-1,4,0,0,2,3.0
3004,"[[], [], [], [6, 10], [], [3, 8], [], [2], [1, 0], [7, 2], []]","[3, -2, 1, 4, -1, None, -3, -1, -1, 3, 4]",115,8,0.0,best_third,w703ed49,7.6251071482389,6.964135612418245,8.041091003708633,8,8,0,1,1,2,5.0
3005,"[[10, 7], [8, 9], [], [6, 0], [], [], [4, 2], [], [9], [], []]","[0, -2, -2, None, 4, 4, 3, -3, 1, -2, -1]",143,8,5.0,best_second,w703ed49,7.22402480828583,7.257707677160043,7.933796874815411,7,1,6,0,1,2,2.0
3006,"[[], [], [4, 5], [1], [], [], [2, 7], [10, 0], [], [3, 1], []]","[-2, -3, 1, 4, 4, -3, None, -2, 4, 0, -4]",161,9,4.0,best_second,w703ed49,8.005700678662542,6.4457198193855785,8.196161139282903,5,5,0,1,1,2,2.0
3007,"[[10, 2], [], [5, 8], [], [9, 1], [], [], [], [], [1], [6, 7]]","[None, -3, 0, 3, -1, -1, 0, -1, 1, 3, 4]",137,3,5.0,best_second,w703ed49,8.007700012884026,7.542213463193402,8.494743062578646,4,4,0,1,1,2,2.0
3008,"[[], [], [], [], [9, 3], [1, 0], [], [6, 2], [5, 7], [3], []]","[1, -1, 4, 0, -3, -3, -1, 4, None, 3, -3]",183,9,0.0,best_second,w703ed49,7.3632795869630385,7.372118028337787,8.060540046538641,8,8,0,1,1,2,2.0
3011,"[[7, 1], [], [], [], [9, 5], [], [], [1], [10, 4], [], [3, 2]]","[-2, -2, -3, 4, -4, 0, 2, 0, None, -2, 1]",7,9,4.0,best_second,w703ed49,8.1371033896393,6.388561405545629,8.297294370266917,5,5,0,1,1,2,2.0
3016,"[[], [10, 9], [6, 4], [], [3, 5], [], [7, 8], [], [], [], [9]]","[-1, 2, None, 3, 3, -2, 2, 1, 3, 4, 3]",111,3,1.0,best_min,w703ed49,6.126869184114185,5.683579767338681,6.621405651764134,6,3,3,0,0,2,5.0
3018,"[[], [], [8, 5], [], [], [3, 10], [7], [], [4, 1], [6, 7], []]","[1, -2, None, -4, 1, 1, 0, 3, 0, 3, -2]",153,3,2.0,best_third,w703ed49,5.802118375377063,5.568344503761097,6.3835066348840055,1,1,0,1,1,2,2.0
3020,"[[], [], [], [9, 1], [6, 7], [], [2, 8], [10, 5], [], [1], []]","[2, 4, 2, 4, None, -3, 4, -4, -2, 4, 3]",87,8,6.0,best_second,w703ed49,5.888877958332881,5.472270673671475,6.393590753950631,6,6,0,1,1,2,6.0
3021,"[[8], [], [], [2, 9], [], [3, 10], [0, 8], [], [], [], [4, 7]]","[4, 1, -1, 3, 2, None, 0, -2, 0, 1, -4]",75,6,2.0,best_second,w703ed49,6.013715156042801,5.564520407322694,6.505784060128228,4,2,2,0,1,2,4.0
3022,"[[2], [], [], [], [], [], [3, 4], [5, 1], [], [6, 7], [0, 2]]","[-1, -4, 1, -4, 4, 1, -3, -1, -1, None, -1]",195,5,7.0,best_min,w703ed49,5.996452088619021,5.375278407684165,6.424869023905387,1,-7,8,0,1,2,5.0
3025,"[[6, 7], [], [], [], [2], [], [3, 1], [8, 5], [], [], [4, 2]]","[None, 1, 1, -3, -1, -2, 1, -2, -4, 2, 0]",119,6,0.0,best_second,w703ed49,7.776535028185241,7.482681828154652,8.333270353255308,2,2,0,1,1,2,2.0
3030,"[[], [], [6, 4], [8, 5], [], [9, 10], [4], [], [1, 0], [], []]","[0, -2, 0, None, 2, 1, 3, 0, -2, -1, -4]",157,3,5.0,best_third,w703ed49,8.888342869109282,7.445417556701687,9.100302266767246,0,0,0,1,1,2,2.0
3031,"[[10], [], [4, 5], [], [1, 3], [7, 9], [], [], [0, 10], [], []]","[3, -1, None, 1, -3, 4, 4, -1, -4, 4, 3]",47,9,0.0,best_second,w703ed49,7.564757012905729,7.271008538280992,8.121480374750751,8,8,0,1,1,2,2.0
3033,"[[10, 4], [], [], [9, 2], [], [1, 8], [0, 5], [], [], [2], []]","[2, 2, -4, -2, 3, -2, None, -4, 1, 3, 2]",131,4,1.0,best_second,w703ed49,8.804325112562537,6.8762646118907655,8.939974177289633,5,4,1,0,1,2,1.0
3037,"[[4, 10], [], [], [], [5, 7], [], [], [], [9, 3], [3], [6, 2]]","[None, 4, -3, 0, -1, 4, -2, 3, 4, 4, 3]",103,2,6.0,best_second,w703ed49,7.118016204465333,7.811568489345179,8.216628493133442,3,1,2,0,0,2,1.0
3041,"[[6], [7, 10], [], [4, 9], [], [1, 3], [], [], [0, 6], [], []]","[0, -4, 3, 4, 1, None, 2, -2, 3, 4, 2]",123,9,0.0,best_second,w703ed49,7.232733136177615,6.0088131854425955,7.489970898834801,8,5,3,0,1,2,4.0
3042,"[[], [7, 10], [0, 6], [], [3], [], [], [], [2, 1], [4, 3], []]","[-4, -1, 4, -3, 0, -2, 4, -2, None, -4, 4]",53,8,0.0,best_third,w703ed49,7.191429330036379,7.104144092987528,7.841492924460013,8,8,0,1,1,2,6.0
3046,"[[9, 5], [3, 6], [4, 8], [], [8], [], [], [0, 1], [], [], []]","[-3, 0, 4, 3, -1, 2, -3, None, 0, 4, -2]",147,4,3.0,best_min,w703ed49,7.827639546366423,6.030685260261263,7.980707820869669,3,3,0,1,1,2,2.0
3049,"[[], [], [10, 7], [8, 4], [], [6, 2], [1, 9], [], [4], [], []]","[-2, -2, -1, 1, 4, None, 2, -4, -2, 3, -3]",15,8,1.0,best_second,w703ed49,7.820037989458753,7.274479558773871,8.276903481267057,5,5,0,1,1,2,1.0
3050,"[[], [], [7, 9], [], [], [4], [], [0, 3], [5, 4], [10, 1], []]","[4, 1, None, -4, -2, -2, -3, 4, -2, 3, -1]",191,6,8.0,best_min,w703ed49,6.99576615630485,6.553933404025812,7.491645473605133,8,8,0,1,1,2,2.0
3052,"[[], [], [6], [5, 8], [], [], [], [3, 10], [], [2, 6], [4, 0]]","[-3, 1, -1, 2, -4, 4, -3, None, 1, 4, -4]",199,10,1.0,best_second,w703ed49,7.581719640125308,7.761744984658913,8.368693183097793,6,6,0,1,1,2,1.0
3053,"[[], [10, 8], [5, 0], [], [], [], [7, 3], [3], [], [2, 1], []]","[0, 4, -4, -3, 3, -3, 3, -2, -2, None, 1]",27,8,6.0,best_second,w703ed49,7.391415234675358,7.909489492673759,8.37655086161377,5,5,0,1,1,2,3.0
3057,"[[], [], [10, 1], [2, 8], [5], [], [], [4, 5], [6, 9], [], []]","[1, 1, 4, None, 3, -4, -1, -1, 3, -3, 0]",151,3,6.0,best_second,w703ed49,7.4067107301776405,7.292337176173877,8.043984431221554,5,2,3,0,0,2,1.0
3058,"[[7, 9], [], [], [10, 1], [], [2, 6], [], [9], [3, 5], [], []]","[2, 4, 2, -2, -2, 3, 0, -2, None, 3, 0]",69,4,3.0,best_second,w703ed49,7.860570785538664,7.317876198626496,8.318498320504338,5,5,0,1,1,2,4.0
3060,"[[8], [6, 10], [0, 8], [1, 5], [], [4, 9], [], [], [], [], []]","[1, 3, 2, None, -2, -4, 2, 0, 0, -3, 1]",197,8,2.0,best_second,w703ed49,8.222553638396958,7.635303886259415,8.664405571096625,5,5,0,1,1,2,1.0
3061,"[[1, 2], [], [], [6, 4], [], [], [4], [], [0, 9], [5, 7], []]","[4, -2, 3, 0, 0, 1, -4, -4, None, -4, -2]",189,10,1.0,best_second,w703ed49,7.965545573129992,6.845879875264049,8.247743887225516,7,7,0,1,1,2,5.0
3062,"[[], [], [0, 10], [4], [], [6, 1], [], [3, 4], [], [5, 2], []]","[-4, -2, 3, -1, 2, -3, 0, -3, -3, None, 4]",117,10,1.0,best_second,w703ed49,7.256297239690681,7.137278437260386,7.891330757661889,7,7,0,1,1,2,2.0
3063,"[[3], [0, 3], [], [], [], [], [], [6, 4], [], [5, 2], [9, 7]]","[0, -3, 3, -2, 4, 4, 2, 0, 0, -3, None]",79,3,4.0,best_second,w703ed49,8.049427057110695,7.155396301896734,8.392083380373393,4,4,0,1,1,2,1.0
3065,"[[10], [], [], [8, 4], [6, 2], [], [], [0, 10], [5, 1], [], []]","[0, -3, 4, None, 4, 0, -2, -1, -4, 0, -1]",5,11,0.0,best_second,w703ed49,7.5126175446745105,7.191429330036379,8.057694194815587,8,8,0,1,1,2,3.0
3066,"[[], [3], [], [], [10, 5], [7, 6], [], [], [], [1, 3], [8, 0]]","[-4, -4, -1, 0, None, 3, 4, -2, -1, 1, -4]",37,11,1.0,best_second,w703ed49,7.772331575169614,7.25063551189868,8.238008249218403,7,7,0,1,1,2,3.0
3067,"[[], [], [], [5, 10], [], [1, 9], [8, 0], [], [0], [], [4, 2]]","[-1, -1, 3, None, -4, -3, 2, 2, -2, -4, 3]",145,10,0.0,best_second,w703ed49,7.526178913346146,7.516433302915632,8.214194414852562,6,6,0,1,1,2,3.0
3073,"[[9, 8], [2, 4], [4], [0, 7], [], [], [], [6, 5], [], [], []]","[-1, 0, 0, None, -4, -4, 1, 2, 2, -4, 0]",149,5,6.0,best_third,w703ed49,7.463936604468925,7.839131648274334,8.361941906144946,3,3,0,1,1,2,6.0
3074,"[[1, 8], [], [4, 0], [5], [10, 6], [], [], [], [], [3, 5], []]","[0, -4, None, 4, 3, 2, -2, -1, -3, 4, 2]",57,7,5.0,best_second,w703ed49,7.911324018963352,6.881411303642535,8.216358332386156,5,5,0,1,1,2,1.0
3077,"[[], [], [8, 4], [], [], [1, 3], [], [9, 6], [4], [], [5, 7]]","[2, -4, -3, 0, -3, 4, 0, -2, -4, -2, None]",163,6,4.0,best_second,w703ed49,7.382124365737512,7.403061091090091,8.085486772102845,4,4,0,1,1,2,2.0
3079,"[[1, 2], [], [], [], [5, 0], [3, 6], [], [8, 10], [10], [], []]","[-2, 4, -4, -2, None, -2, 3, 1, 0, -2, 3]",11,5,5.0,best_min,w703ed49,7.793999089503996,7.358193752733032,8.29254851397576,2,1,1,0,0,2,8.0
3080,"[[5, 2], [], [], [], [7, 3], [], [9, 10], [], [0, 4], [10], []]","[4, -3, -4, -4, -3, 3, 2, -2, None, 4, -3]",21,11,8.0,best_second,w703ed49,8.37378460812088,6.795705775173515,8.561210076833012,7,7,0,1,1,2,2.0
3082,"[[3, 7], [], [], [], [2], [], [4, 2], [], [0, 9], [1, 5], []]","[2, 4, -1, 3, -4, 3, 0, 1, None, 4, 4]",67,3,1.0,best_second,w703ed49,7.768956044538332,6.669498089857879,8.056109659545061,8,8,0,1,1,2,2.0
3088,"[[2, 6], [0, 7], [], [], [3], [], [], [8, 5], [], [], [4, 3]]","[4, None, 1, -3, -4, -2, 4, -4, -1, 2, 2]",127,10,0.0,best_second,w703ed49,7.160845906664298,7.044032897274685,7.796880342783523,8,8,0,1,1,2,1.0
3091,"[[], [5], [9, 8], [6, 7], [1, 5], [], [], [], [], [], [2, 3]]","[-4, 4, -4, 0, 3, -4, -3, 0, -4, 3, None]",187,4,0.0,best_third,w703ed49,8.345692873253865,7.1131421087070885,8.601350499422962,0,-1,1,0,0,2,3.0
3092,"[[2, 1], [], [], [], [], [], [9, 0], [], [10, 3], [7, 4], [3]]","[-2, 1, 0, -3, 3, 0, None, 0, 1, -3, -2]",121,2,6.0,best_min,w703ed49,7.975564658495202,6.90975328164481,8.271292652979412,0,0,0,1,1,2,1.0
3095,"[[8, 5], [], [6, 1], [7, 9], [0, 3], [], [1], [], [], [], []]","[0, -4, -3, -2, None, 1, 4, 0, 2, -3, -4]",173,4,1.0,best_second,w703ed49,8.224431573221157,6.82219739062049,8.444192298531746,2,2,0,1,1,2,3.0
3096,"[[], [], [6, 7], [], [10], [3, 1], [], [], [2, 5], [4, 10], []]","[1, -4, 0, 3, -4, -4, -3, 2, None, -4, -2]",59,6,2.0,best_third,w703ed49,8.364042011922061,6.966024187106113,8.58466490653125,2,2,0,1,1,2,7.0
3104,"[[8, 5], [], [], [], [], [4, 2], [9, 7], [], [10, 3], [7], []]","[None, 0, -3, 0, 2, 1, 2, 3, -3, 3, -1]",77,6,4.0,best_second,w703ed49,7.646831391430482,6.82001636467413,8.009363076630045,3,3,0,1,1,2,1.0
3105,"[[5, 3], [], [], [7, 2], [], [1, 10], [4], [], [], [6, 4], []]","[None, -1, 2, 3, 1, -4, -4, 0, 3, -2, -3]",91,8,1.0,best_second,w703ed49,7.6004023345004,7.552762084214147,8.269756947532983,5,5,0,1,1,2,2.0
3106,"[[9, 2], [3], [], [], [], [0, 6], [4, 10], [1, 3], [], [], []]","[-4, 1, 1, -3, -3, None, -3, 0, -1, -3, -2]",179,3,5.0,best_min,w703ed49,8.238008249218403,6.871091294610546,8.464846711044029,-3,-3,0,1,1,2,1.0
3109,"[[], [], [0, 8], [5, 2], [], [7, 1], [], [], [], [10, 6], [6]]","[-1, 1, 4, None, 2, -3, 0, -1, 4, -1, 2]",73,9,0.0,best_second,w703ed49,7.631431664576906,7.221105098182496,8.14002395246292,8,8,0,1,1,2,2.0
3111,"[[10, 4], [7], [1, 7], [], [8, 5], [], [], [], [], [], [3, 6]]","[None, 2, 3, -2, 4, 3, -3, 2, 1, -2, -3]",105,9,1.0,best_second,w703ed49,7.205635176410364,7.583756300707112,8.105307515505151,7,7,0,1,1,2,1.0
3113,"[[9, 8], [], [10, 6], [], [], [], [], [], [5, 4], [3, 7], [6]]","[None, -4, 3, -3, -1, 3, -3, -4, 4, -4, 2]",89,11,5.0,best_second,w703ed49,7.238496840894365,6.543911845564792,7.643003635560718,7,7,0,1,1,2,1.0
3117,"[[4, 9], [], [5, 1], [], [7, 6], [1], [], [], [], [10, 8], []]","[None, 1, 3, 4, -4, -2, 0, 2, -4, 4, 4]",247,10,8.0,best_second,w703ed49,7.513163545234075,6.342121418721152,7.782807262839695,8,8,0,1,1,2,2.0
3118,"[[], [4, 7], [], [], [3, 0], [9, 2], [], [8, 10], [], [2], []]","[0, None, -2, -2, 2, 0, -3, -1, -3, 4, 2]",267,3,2.0,best_third,w703ed49,8.430763463417849,7.1693500166706,8.679992081721329,2,2,0,1,1,2,5.0
3119,"[[3, 9], [2, 7], [7], [6, 10], [], [], [], [], [], [8, 5], []]","[None, 0, 0, 2, 1, -4, 2, -3, -1, -4, 3]",387,8,1.0,best_second,w703ed49,7.264730177929867,5.991464547107982,7.510977752014095,5,4,1,0,1,2,3.0
3123,"[[], [], [1, 8], [9], [], [6, 0], [], [3, 9], [], [], [2, 5]]","[-2, 1, 0, -2, 0, 1, -4, 1, -2, 2, None]",299,3,3.0,best_third,w703ed49,8.499232866039245,7.830425617820332,8.912742634737025,1,-1,2,0,0,2,3.0
3125,"[[], [10, 4], [], [2], [7, 8], [3, 2], [], [], [], [], [6, 0]]","[-4, None, -3, 2, -1, 3, 1, -3, 1, -3, -4]",223,5,0.0,best_third,w703ed49,8.556221578383715,7.418780882750794,8.834191318202071,0,-3,3,0,0,2,4.0
3127,"[[4, 2], [9, 10], [], [5, 8], [2], [], [1, 3], [], [], [], []]","[-2, -4, 0, 0, -3, 2, None, -1, 0, -2, 1]",237,5,0.0,best_second,w703ed49,7.961370201719511,6.366470447731438,8.14583961293684,2,2,0,1,1,2,3.0
3128,"[[], [], [7, 4], [9, 10], [], [1, 0], [3, 5], [4], [], [], []]","[2, 0, -1, -1, 4, 4, None, -1, -2, 3, 4]",365,3,2.0,best_second,w703ed49,7.617759576608505,7.421775793644647,8.217438537730187,6,6,0,1,1,2,1.0
3129,"[[], [5, 0], [10, 8], [], [], [0], [7, 2], [4, 3], [], [], []]","[2, 2, 2, 3, -4, 2, None, 2, 1, -3, 4]",343,4,1.0,best_third,w703ed49,7.747596838692886,6.369900982828227,7.972121128921656,6,6,0,1,1,2,7.0
3131,"[[4, 7], [], [], [], [], [6, 10], [10], [], [9, 0], [3, 2], []]","[2, 0, 2, -2, -1, 1, 1, 1, None, 4, 1]",253,4,2.0,best_third,w703ed49,6.885509670034817,7.0664669701369585,7.67275789664251,6,6,0,1,1,2,2.0
3133,"[[], [9, 4], [], [], [], [7, 8], [0, 2], [], [], [4], [6, 5]]","[1, 2, 4, -3, -4, -4, 4, -4, 4, 1, None]",361,9,0.0,best_second,w703ed49,6.919683849847411,6.949856455000773,7.627544390488503,8,8,0,1,1,2,8.0
3135,"[[2, 1], [], [], [], [], [], [8, 0], [9, 10], [5, 4], [10], []]","[-2, -3, -2, 4, -3, -2, None, 4, -4, -4, 3]",233,2,1.0,best_second,w703ed49,8.244859395911256,6.432940092739179,8.395929103923198,-4,-4,0,1,1,2,1.0
3138,"[[], [7, 3], [], [], [], [6, 8], [4, 10], [3], [0, 2], [], []]","[1, -2, 4, 0, -2, None, 3, -1, -1, 0, -1]",251,2,4.0,best_min,w703ed49,6.968850378341948,7.044905117129371,7.700295203420117,3,2,1,0,0,2,3.0
3140,"[[9, 2], [], [], [], [1, 6], [], [], [5], [4, 0], [], [7, 5]]","[-4, 1, 3, 0, 3, 0, -1, -1, None, -3, -2]",353,6,4.0,best_second,w703ed49,7.403670290012373,6.98933526597456,7.9105906122564775,4,4,0,1,1,2,6.0
3142,"[[], [7, 3], [10], [], [6, 1], [2, 10], [0, 9], [], [], [], []]","[4, -3, 1, 3, None, 0, 1, 1, -1, -2, -4]",375,6,3.0,best_third,w703ed49,7.833203948641058,6.169610732491456,8.006367567650246,5,5,0,1,1,2,2.0
3143,"[[], [], [4, 9], [6], [1, 0], [], [], [], [], [7, 8], [3, 6]]","[-4, -2, None, 4, -4, 3, -4, 2, -2, 4, -3]",305,10,6.0,best_second,w703ed49,8.502282578680484,6.576469569048224,8.63817111796914,6,6,0,1,1,2,2.0
3145,"[[4, 7], [9, 3], [], [], [7], [6, 1], [8, 2], [], [], [], []]","[-4, 2, -4, 4, -2, None, -4, -4, -1, -4, 3]",389,11,2.0,best_second,w703ed49,7.238496840894365,7.550661243105336,8.099554282376364,6,6,0,1,1,2,3.0
3146,"[[7, 10], [], [], [], [], [8, 9], [], [6, 4], [9], [], [2, 3]]","[None, -1, 1, 3, -3, 4, 2, -4, 1, 3, -4]",333,3,7.0,best_third,w703ed49,8.058010800802085,7.382746449738912,8.469262657658687,-1,-1,0,1,1,2,5.0
3147,"[[1, 5], [], [], [], [7], [], [0, 9], [], [4, 7], [10, 3], []]","[1, 2, 4, 2, -4, 1, None, -4, 2, 4, 0]",383,3,0.0,best_second,w703ed49,6.960347729101308,6.137727054086234,7.323830566202317,6,3,3,0,0,2,2.0
3148,"[[], [], [7, 5], [10], [8, 2], [], [], [], [6, 0], [3, 10], []]","[1, -1, 2, -3, None, 4, -2, 0, -2, -3, -3]",281,7,2.0,best_second,w703ed49,8.047509510981422,7.579678823090456,8.533656917446903,6,6,0,1,1,2,3.0
3149,"[[], [], [], [], [2, 5], [], [3], [0, 1], [], [4, 7], [6, 3]]","[4, -1, 3, 4, 1, -1, -4, -3, 2, None, -2]",311,5,2.0,best_third,w703ed49,7.796057974316123,7.412764017426563,8.315566483564277,4,4,0,1,1,2,5.0
3154,"[[], [2, 8], [], [], [], [4, 3], [], [0], [], [7, 0], [1, 5]]","[4, -1, -3, -4, -2, -4, 4, 4, 3, -2, None]",263,8,4.0,best_second,w703ed49,8.503094267036737,6.828712071641685,8.674709629291222,2,2,0,1,1,2,2.0
3155,"[[], [], [9, 3], [], [10, 8], [7, 0], [5, 2], [], [], [], [8]]","[-1, 2, -2, -4, 1, -3, None, -2, 2, -1, -1]",347,2,2.0,best_min,w703ed49,7.769378609513984,6.249975242259483,7.96693349840484,-3,-3,0,1,1,2,1.0
3156,"[[], [4, 7], [0], [], [3, 6], [2, 0], [], [10, 8], [], [], []]","[1, None, -1, 3, 0, 1, 4, 3, -1, 0, -2]",279,2,4.0,best_second,w703ed49,8.110427237575026,5.929589143389895,8.21716859576607,4,1,3,0,0,2,1.0
3157,"[[1, 9], [9], [], [8, 2], [], [], [], [3, 10], [], [], [6, 4]]","[0, 1, 0, -1, -4, 2, -1, None, 1, -3, -3]",351,4,1.0,best_second,w703ed49,8.21959545417708,6.05443934626937,8.327967858305488,0,0,0,1,1,2,3.0
3158,"[[], [5], [], [4, 9], [0, 7], [], [1, 5], [], [], [2, 8], []]","[4, 1, 1, None, 3, -4, -3, -2, -3, -1, -4]",203,8,5.0,best_second,w703ed49,7.726212650507529,6.0088131854425955,7.890956716138919,7,7,0,1,1,2,4.0
3160,"[[5, 3], [], [], [], [], [3], [10, 8], [6, 9], [], [2, 4], []]","[-2, -1, -2, -2, 4, -4, 1, None, -3, -1, -2]",287,5,5.0,best_min,w703ed49,8.69349667588463,7.587817219993426,8.979290649090876,3,3,0,1,1,2,1.0
3162,"[[], [4, 8], [], [0, 2], [8], [3, 9], [], [], [], [7, 6], []]","[2, 3, -4, 3, 3, None, -1, -2, 4, -4, -2]",357,9,7.0,best_second,w703ed49,7.957877358489813,6.821107472256465,8.235890725928495,5,5,0,1,1,2,1.0
3163,"[[10, 6], [7, 4], [8, 1], [], [], [], [], [], [3, 9], [], [6]]","[-2, 4, None, 2, -4, 4, -1, 1, -1, 3, -2]",59,4,8.0,best_min,w4a506ad,9.358156746670401,8.18646442942209,9.627997520849709,5,5,0,1,1,2,1.0
3165,"[[4, 6], [], [9, 1], [], [6], [10, 8], [], [2, 5], [], [], []]","[3, 0, -1, -4, 1, -2, 3, None, 3, 1, 0]",101,2,1.0,best_min,w4a506ad,9.336356092559042,7.351799869057777,9.465060106725137,1,0,1,0,0,2,3.0
3166,"[[], [10, 2], [], [8, 7], [6, 1], [], [0, 5], [], [7], [], []]","[-3, -4, -2, 0, None, -1, 4, 0, -4, -2, 0]",65,6,5.0,best_second,w4a506ad,9.283776690049365,7.796057974316123,9.487365864239436,3,3,0,1,1,2,2.0
3168,"[[6, 7], [], [], [0, 5], [9, 10], [1, 8], [], [], [], [10], []]","[4, 0, -2, None, 3, -2, 3, -1, 1, 2, -1]",169,7,5.0,best_second,w4a506ad,7.976595409316577,8.253227645581772,8.81744592104187,7,7,0,1,1,2,1.0
3169,"[[], [10], [7, 3], [9, 5], [1, 10], [], [], [0, 8], [], [], []]","[-1, -4, None, -2, 1, -1, -3, 1, -3, -2, -2]",113,3,4.0,best_second,w4a506ad,8.984317679911129,7.738052297689316,9.236982302922604,0,0,0,1,1,2,1.0
3171,"[[7, 1], [8, 5], [], [], [10, 3], [], [], [9, 2], [], [], [3]]","[None, 4, -2, 0, 3, 2, -4, 0, -4, -4, 3]",47,8,2.0,best_second,w4a506ad,8.19946419761216,7.8961806086154915,8.75226531359572,6,6,0,1,1,2,2.0
3173,"[[], [0, 4], [], [], [], [8], [], [5, 8], [], [10, 1], [6, 3]]","[-1, -4, 2, 2, -4, -1, -3, 0, -2, None, 4]",19,10,2.0,best_second,w4a506ad,7.696212639346407,8.190354403763262,8.666474894131992,6,6,0,1,1,2,3.0
3174,"[[7], [0, 7], [6, 9], [], [], [], [3, 5], [], [], [4, 8], []]","[0, 3, None, 1, 2, -3, 0, 1, 4, 3, 0]",15,6,1.0,best_second,w4a506ad,8.002359546252707,7.903965634032166,8.647343875881282,7,7,0,1,1,2,4.0
3180,"[[], [], [9, 7], [5, 2], [8, 6], [0, 1], [], [], [6], [], []]","[0, 2, -3, None, 0, -3, 3, -2, 1, 3, 1]",71,3,1.0,best_min,w4a506ad,8.98744678941718,7.0604763659998016,9.123256265069069,0,0,0,1,1,2,2.0
3181,"[[], [9], [], [8, 2], [], [1, 9], [3, 10], [], [], [], [7, 4]]","[0, 3, -2, -3, 4, -2, None, 2, 0, -4, -3]",197,4,7.0,best_second,w4a506ad,8.878776071707552,8.045267716607803,9.239510749275963,1,1,0,1,1,2,2.0
3182,"[[], [4, 9], [], [], [6, 8], [7, 2], [], [2], [], [3, 0], []]","[-3, None, 3, -4, 4, 1, 1, -2, -2, 1, 3]",35,6,6.0,best_second,w4a506ad,8.224699561967235,8.118207049405783,8.865876285425417,5,5,0,1,1,2,1.0
3183,"[[], [], [], [], [0], [], [4, 0], [2, 1], [10, 5], [8, 7], []]","[-3, 4, 0, 1, 0, -3, -2, 4, -4, None, -2]",145,11,0.0,best_second,w4a506ad,7.711548979629145,8.053569169134542,8.59007183682881,8,8,0,1,1,2,1.0
3186,"[[1, 6], [], [], [], [9], [], [], [5, 3], [7, 0], [], [4, 9]]","[-4, 3, -2, -1, 0, -2, 4, -1, None, 2, -1]",191,2,0.0,best_second,w4a506ad,7.7823903355874595,8.195609567288775,8.70317470904168,0,-2,2,0,0,2,1.0
3187,"[[9, 5], [], [], [], [], [6, 2], [], [1], [], [8, 3], [7, 1]]","[None, -3, -3, 1, -4, -3, -4, 2, 4, 3, 1]",77,10,2.0,best_second,w4a506ad,7.616283561580385,6.879355804460439,8.007034012193406,7,7,0,1,1,2,1.0
3191,"[[], [3, 9], [7, 5], [], [6, 0], [], [0], [], [], [], [2, 1]]","[-1, -2, -1, -4, -4, 4, 4, -4, 1, 1, None]",73,7,5.0,best_third,w4a506ad,8.046549357283078,8.148156439921625,8.791638037085997,3,3,0,1,1,2,5.0
3195,"[[3], [], [0, 3], [], [], [], [], [10, 9], [], [5, 8], [4, 1]]","[1, -4, 0, -1, -3, -4, -3, None, 4, 2, -3]",81,11,2.0,best_second,w4a506ad,7.922623574217286,7.733245646529795,8.525359754082631,6,6,0,1,1,2,1.0
3196,"[[10, 7], [2, 8], [8], [], [], [], [], [3, 4], [], [], [5, 6]]","[None, -1, -2, -1, 0, 0, -4, -2, -3, -2, 0]",83,3,4.0,best_min,w4a506ad,7.9028571912805825,7.621195162809845,8.464846711044029,0,0,0,1,1,2,1.0
3197,"[[8, 10], [3, 4], [], [4], [], [], [], [9, 0], [], [2, 6], []]","[4, -4, -2, -2, -2, -4, -3, None, 3, -1, 0]",89,8,4.0,best_second,w4a506ad,7.892078421248119,7.8709295967551425,8.574518258035507,7,7,0,1,1,2,1.0
3199,"[[], [], [], [8, 9], [], [], [], [10, 0], [5, 6], [2, 4], [0]]","[1, 1, 3, None, -1, -3, -2, -4, 1, 4, 0]",37,7,5.0,best_second,w4a506ad,7.409741954080924,7.75491027202143,8.290041618704489,7,7,0,1,1,2,1.0
3201,"[[], [0], [8, 4], [1, 0], [9, 6], [], [], [], [10, 5], [], []]","[-2, -3, None, 4, -3, -1, -4, 1, 0, -1, 3]",29,7,1.0,best_second,w4a506ad,7.962067308753667,7.838343315557117,8.595079730073309,3,3,0,1,1,2,3.0
3202,"[[], [7, 6], [], [], [10], [], [2, 9], [3, 5], [4, 10], [], []]","[4, None, 1, 4, 4, 2, 3, -2, 3, -2, 0]",171,3,5.0,best_third,w4a506ad,7.569927655242651,7.766416898019656,8.365905077202456,4,4,0,1,1,2,2.0
3203,"[[], [], [5, 10], [8, 7], [], [0, 9], [], [], [7], [], [1, 4]]","[-2, 3, None, 1, -2, -2, 0, -4, 0, -3, 2]",23,8,4.0,best_second,w4a506ad,7.22256601882217,7.239214973779806,7.923710333969238,5,5,0,1,1,2,1.0
3205,"[[], [6], [3, 10], [], [7, 2], [], [], [9, 0], [1, 6], [], []]","[1, 4, 1, -2, None, 2, 0, -3, 1, -3, 4]",13,8,3.0,best_second,w4a506ad,7.64396194900253,7.697575346802343,8.364042011922061,5,5,0,1,1,2,4.0
3207,"[[10, 8], [], [4, 1], [5], [], [], [], [0, 2], [], [3, 5], []]","[-3, 3, 3, -2, -2, 0, 1, None, -4, 3, -3]",123,10,0.0,best_second,w4a506ad,7.706162970199575,7.503840746698951,8.3030093814735,6,6,0,1,1,2,1.0
3210,"[[1], [], [3, 5], [10, 9], [], [4, 7], [0, 1], [], [], [], []]","[-3, -3, None, 3, -3, -2, 4, -2, -3, 0, 3]",185,8,3.0,best_second,w4a506ad,7.939871576361883,6.3818160174060985,8.130647968160583,6,6,0,1,1,2,1.0
3211,"[[7, 6], [], [4, 1], [9, 10], [], [], [], [], [0, 2], [10], []]","[4, 4, 0, 2, -1, -4, -4, 3, None, 1, 1]",157,6,8.0,best_third,w4a506ad,8.114623886420098,6.375024819828097,8.27614021955846,7,7,0,1,1,2,5.0
3213,"[[], [5, 6], [], [0], [3, 0], [], [], [9, 1], [], [2, 10], []]","[4, 4, -3, 2, -4, -1, 2, None, -1, -1, -4]",115,8,2.0,best_second,w4a506ad,7.461640392208574,8.193123721512068,8.58578598288185,6,6,0,1,1,2,1.0
3215,"[[], [], [], [10, 9], [2], [4, 2], [], [], [], [0, 8], [6, 1]]","[-3, 4, -3, None, 2, -1, -2, 2, 4, 3, -1]",21,7,1.0,best_third,w4a506ad,8.048788283534199,7.406103381237015,8.471149252914831,7,7,0,1,1,2,6.0
3216,"[[], [5, 7], [], [], [10, 6], [7], [8, 3], [], [], [], [2, 9]]","[0, 0, 4, 0, None, -4, -1, -2, -2, -3, 4]",75,9,7.0,best_second,w4a506ad,8.354674261918463,7.504942068396171,8.710454688248525,8,8,0,1,1,2,2.0
3217,"[[], [], [], [2, 9], [3, 10], [0], [5, 0], [], [], [], [8, 1]]","[-2, -4, 3, 4, None, -1, -1, 1, -2, -4, -3]",119,11,8.0,best_second,w4a506ad,8.451907724717609,6.806829360392176,8.628197749459149,7,7,0,1,1,2,2.0
3218,"[[], [], [9], [], [6, 5], [], [], [0, 3], [4, 7], [], [2, 9]]","[4, -3, 0, -3, -4, -1, -3, -3, None, 3, -4]",181,7,0.0,best_third,w4a506ad,8.471986598578159,7.013915474810528,8.681011276645632,1,1,0,1,1,2,2.0
3219,"[[5, 9], [4, 6], [], [1, 0], [], [], [], [], [2], [], [8, 2]]","[-1, 2, -4, None, -4, 1, 1, -2, 3, 0, -4]",163,4,1.0,best_min,w4a506ad,8.648045999835,7.605392364814934,8.949884285777992,3,3,0,1,1,2,1.0
3222,"[[], [], [], [10, 6], [], [], [2, 0], [], [5], [8, 5], [1, 4]]","[-1, -4, -4, None, -2, 3, 0, 2, 3, 4, -1]",7,3,1.0,best_third,w4a506ad,7.914252278742441,7.87777633327726,8.589141690728823,-1,-1,0,1,1,2,2.0
3223,"[[], [5, 6], [], [], [8, 7], [3, 9], [10, 0], [], [7], [], []]","[3, None, 3, 2, 3, 3, -4, -1, 0, -3, -1]",105,7,6.0,best_second,w4a506ad,7.634820677745543,7.910957382845588,8.475328987317539,5,5,0,1,1,2,4.0
3224,"[[8], [0, 8], [], [], [7, 10], [9, 4], [], [], [], [6, 3], []]","[-4, -4, 4, 4, -4, None, -4, 0, 2, 2, -2]",173,10,2.0,best_second,w4a506ad,7.737616282857904,7.543802867501509,8.338305731356565,6,6,0,1,1,2,2.0
3229,"[[9, 1], [], [0, 3], [5, 6], [7], [], [], [], [], [], [4, 7]]","[-2, -2, None, 2, 2, 4, -4, 3, -4, -4, -4]",111,10,6.0,best_second,w4a506ad,8.016977746762262,6.717804695023692,8.257904193465674,6,6,0,1,1,2,2.0
3231,"[[10, 1], [], [], [], [7, 8], [6, 0], [3, 2], [8], [], [], []]","[2, -3, 0, -2, 4, None, 3, -1, 4, -1, 3]",121,4,3.0,best_min,w4a506ad,8.08394570229562,7.466799475018602,8.515191188745565,5,3,2,0,0,2,6.0
3233,"[[5, 6], [8, 2], [], [], [], [], [], [], [2], [4, 7], [0, 9]]","[2, 3, -3, -2, -3, 4, -3, -4, -2, -2, None]",161,10,5.0,best_second,w4a506ad,7.718240951959316,7.027314514039776,8.12415060330663,6,6,0,1,1,2,1.0
3234,"[[], [6, 0], [8], [], [1, 7], [2, 8], [], [3, 10], [], [], []]","[-3, 0, -4, -3, None, 2, 4, -4, 4, -3, -1]",199,9,3.0,best_second,w4a506ad,7.315883504509785,7.121252453244542,7.916078096302786,4,4,0,1,1,2,2.0
3235,"[[], [9, 0], [10, 5], [1, 2], [6, 8], [], [8], [], [], [], []]","[-4, 3, 4, None, 4, -1, -1, 2, 2, -2, 1]",117,4,5.0,best_second,w4a506ad,7.815207062189088,8.030409562130485,8.621553206740481,5,5,0,1,1,2,2.0
3236,"[[], [0], [], [], [9, 10], [], [], [], [1, 0], [6, 5], [7, 2]]","[3, 2, 1, 4, None, 4, -4, 0, -1, 2, -1]",5,7,2.0,best_min,w4a506ad,7.7706452341291765,6.883462586413092,8.11522197256233,6,6,0,1,1,2,1.0
3237,"[[2, 10], [3, 4], [9, 5], [4], [], [], [], [], [], [], [6, 8]]","[None, -4, 0, 2, -2, 1, -2, 4, -4, 2, -2]",153,5,1.0,best_second,w4a506ad,7.686162303492906,7.5781454724194655,8.326516830239528,2,2,0,1,1,2,2.0
3238,"[[], [3, 9], [], [10, 4], [], [0], [], [], [5, 0], [6, 2], []]","[-1, None, 3, -3, -2, -1, 0, -4, 2, 3, -4]",79,9,0.0,best_second,w4a506ad,7.2875606403097235,7.658227526161352,8.182838710766026,6,6,0,1,1,2,2.0
3239,"[[4, 2], [6, 9], [5, 8], [], [10, 3], [], [9], [], [], [], []]","[None, -1, 0, -2, 3, -4, -3, 3, -3, 0, 2]",45,7,5.0,best_second,w4a506ad,7.903226808730733,6.161207321695076,8.064321960910803,5,5,0,1,1,2,1.0
3240,"[[], [9, 0], [], [7, 5], [], [], [10, 2], [], [1, 3], [], [2]]","[-4, 2, 3, -2, 0, 1, 1, -1, None, -2, 3]",127,2,6.0,best_third,w4a506ad,7.585281078639126,8.097730573664219,8.566935283311052,0,0,0,1,1,2,2.0
3243,"[[10], [9, 7], [6, 5], [], [0, 10], [], [], [], [1, 2], [], []]","[-4, 1, 2, -4, 2, -4, -3, 0, None, -1, 1]",61,2,1.0,best_second,w4a506ad,8.536211197252,7.9676267393338165,8.984818995876008,1,1,0,1,1,2,1.0
3244,"[[], [9, 6], [3, 0], [], [10, 7], [1, 2], [], [], [], [], [7]]","[0, 2, 0, -2, -4, None, -3, 4, 0, 2, 0]",189,5,5.0,best_third,w4a506ad,7.724446645633537,7.1316985104669115,8.164225652265827,4,4,0,1,1,2,2.0
3247,"[[], [2, 4], [], [], [], [9], [], [5, 9], [1, 10], [], [6, 0]]","[-1, 1, 3, 2, -1, 0, 4, 1, None, 4, -3]",87,5,2.0,best_third,w4a506ad,7.851271997109883,7.0343879299155025,8.216898580913613,4,4,0,1,1,2,5.0
3248,"[[9], [], [0, 9], [], [1, 5], [], [], [8, 4], [10, 3], [], []]","[2, 4, -1, 3, 4, -4, -3, None, -4, 2, -4]",131,11,8.0,best_second,w4a506ad,7.669495251007694,6.556778356158042,7.953318346560431,8,8,0,1,1,2,7.0
3249,"[[], [10], [], [0, 9], [8, 2], [], [3, 4], [1, 10], [], [], []]","[1, 3, 1, 4, 2, 1, None, -2, -3, -3, -1]",159,4,7.0,best_third,w4a506ad,7.862112211662748,7.3658128372094716,8.337348564497175,5,5,0,1,1,2,4.0
3250,"[[], [], [9, 4], [1, 10], [], [6], [], [3, 2], [5, 6], [], []]","[3, -1, 3, -4, -2, 2, 2, None, 0, 4, 2]",99,9,5.0,best_second,w4a506ad,7.29641326877392,6.317164686747283,7.614805364711074,7,7,0,1,1,2,3.0
3253,"[[], [0], [], [1, 0], [], [7, 10], [], [8, 4], [], [], [9, 2]]","[-1, 0, -3, -2, 3, None, 0, 3, 1, -4, 0]",149,7,0.0,best_second,w4a506ad,7.297091005160418,7.134890851565885,7.912056888179005,6,6,0,1,1,2,1.0
3256,"[[], [], [], [7, 10], [], [], [5, 4], [10], [9, 6], [2, 1], []]","[4, -2, 4, -4, -1, 1, -1, 4, None, 4, -3]",137,8,6.0,best_second,w4a506ad,7.493873886783559,6.668228248417403,7.8567067930958405,8,8,0,1,1,2,2.0
3257,"[[5, 4], [9, 8], [], [], [], [4], [], [], [3, 6], [7, 2], []]","[0, None, 3, 2, 0, 1, 1, 2, -2, 2, -4]",93,4,1.0,best_second,w4a506ad,7.638679823876112,7.544861068658458,8.285765420514329,5,5,0,1,1,2,1.0
3259,"[[9, 5], [], [], [], [], [3, 10], [1], [6, 1], [], [8, 4], []]","[None, -4, 1, -2, 2, -4, 0, -1, 0, 4, 0]",11,8,2.0,best_second,w4a506ad,7.484368643286131,7.336285660021298,8.105911197986508,6,6,0,1,1,2,2.0
3262,"[[], [], [8], [2, 8], [9, 10], [], [], [], [], [0, 7], [1, 5]]","[0, 2, 4, -2, None, 4, 1, -2, 3, -3, -3]",25,4,7.0,best_second,w4a506ad,8.413387022690648,7.548555979169873,8.764678074116604,1,1,0,1,1,2,2.0
3265,"[[4], [], [], [], [], [], [2, 5], [9, 1], [0, 4], [], [6, 7]]","[2, -1, 3, -4, -1, 1, 3, -2, -4, -2, None]",109,7,2.0,best_second,w4a506ad,7.425357887027151,6.732210706467206,7.830425617820332,6,6,0,1,1,2,1.0
3270,"[[8, 4], [2, 5], [5], [], [7, 3], [], [], [], [10, 6], [], []]","[None, 0, -2, 4, 2, 3, -3, -2, -4, 4, -4]",139,11,2.0,best_second,w4a506ad,7.427144133408616,6.674561391814426,7.812782818577581,6,0,6,0,1,2,1.0
3271,"[[], [], [7, 0], [1, 6], [3, 8], [], [], [0], [10, 9], [], []]","[-2, 4, 2, 3, None, -1, -4, -4, -2, -4, -3]",67,11,7.0,best_second,w4a506ad,7.088408778675395,6.677083461247136,7.596392304064196,7,7,0,1,1,2,1.0
3274,"[[], [], [6, 10], [], [3], [4, 3], [9, 1], [], [], [], [7, 8]]","[-2, -4, None, -1, 1, 3, 2, -1, -2, 3, -2]",31,8,6.0,best_second,w4a506ad,8.04430540699064,6.859614903654202,8.310906757168452,5,5,0,1,1,2,1.0
3276,"[[], [6, 3], [5], [], [10, 0], [], [], [2, 5], [], [1, 4], []]","[-3, 4, 4, -3, -3, -1, 4, 1, -2, None, -1]",43,11,7.0,best_second,w4a506ad,7.433075348898581,6.396929655216146,7.736307096548285,8,8,0,1,1,2,2.0
3279,"[[3, 5], [2, 10], [6, 9], [5], [], [], [], [], [], [], [4, 8]]","[3, None, 3, 4, -1, -4, -3, 4, -3, -4, -2]",177,3,7.0,best_second,w4a506ad,8.47595444339964,7.9208096792886,8.929435283803427,0,0,0,1,1,2,2.0
3280,"[[2, 3], [], [], [], [], [], [8, 1], [], [1], [5, 4], [0, 9]]","[-1, 3, -1, 3, 3, 2, 0, 4, -2, -3, None]",133,3,4.0,best_min,w4a506ad,8.593969030218288,7.200424892944957,8.815518423966498,2,2,0,1,1,2,1.0
3281,"[[9, 10], [], [0, 3], [8, 1], [], [], [4], [6, 4], [], [], []]","[4, -4, None, -4, 0, 1, 2, -1, 0, -1, 3]",57,10,1.0,best_second,w4a506ad,7.804251383528113,6.727431724850856,8.09712193091871,7,7,0,1,1,2,4.0
3282,"[[], [0], [], [], [5, 9], [10, 3], [], [], [1, 0], [6, 7], []]","[-2, 1, -3, -4, None, 4, 3, 4, -1, 1, 3]",27,4,8.0,best_min,w4a506ad,8.044626279767337,6.51025834052315,8.239593454305968,7,7,0,1,1,2,1.0
3284,"[[1, 5], [7, 8], [], [], [], [2, 3], [4], [], [], [6, 4], []]","[None, -4, 3, 2, 3, -1, 2, 0, 1, 3, 2]",63,4,3.0,best_second,w4a506ad,8.337348564497175,7.918264686095274,8.842604480678027,2,2,0,1,1,2,1.0
3285,"[[], [7, 5], [], [4, 9], [0, 6], [], [], [5], [], [8, 10], []]","[1, 1, -4, None, 0, -4, -3, 1, 3, 0, -1]",103,4,1.0,best_third,w4a506ad,8.503297086224126,6.913737350659685,8.688790784847217,3,3,0,1,1,2,4.0
3288,"[[3, 1], [], [], [], [], [9, 10], [7, 0], [8, 4], [], [10], []]","[-3, -3, 3, -4, 4, -2, None, 3, 1, -2, 4]",41,10,1.0,best_second,w4a506ad,7.511524648390865,7.145984467714388,8.038189179973203,7,7,0,1,1,2,1.0
3290,"[[], [], [7, 9], [], [5, 1], [], [8, 3], [9], [], [], [4, 6]]","[-1, 0, 0, -3, 3, 4, -1, 4, 2, -2, None]",155,7,3.0,best_second,w4a506ad,7.337587743538596,6.982862751468942,7.868636894184167,7,7,0,1,1,2,5.0
3291,"[[], [4], [6, 7], [], [], [], [9, 5], [3, 0], [1, 4], [], []]","[4, 4, None, 1, -2, -2, -4, 4, -1, -1, 2]",167,10,0.0,best_second,w4a506ad,7.317876198626496,7.301822342137932,8.002694162283937,8,8,0,1,1,2,1.0
3292,"[[], [], [5, 8], [7, 4], [], [6, 0], [], [4], [10, 1], [], []]","[-1, -3, None, 0, -1, -3, 1, 4, -3, 0, -2]",91,3,2.0,best_second,w4a506ad,8.337827262447915,6.92461239604856,8.555451903533328,-2,-2,0,1,1,2,1.0
3293,"[[], [3], [8, 9], [], [1, 3], [], [7, 2], [0, 10], [], [], []]","[-3, -1, 4, 3, 3, -3, None, -4, 0, 1, -2]",135,8,3.0,best_second,w4a506ad,7.428927194802272,7.301822342137932,8.060224240440958,5,5,0,1,1,2,1.0
3299,"[[], [8], [1, 8], [4, 6], [10, 5], [], [9, 0], [], [], [], []]","[2, 1, 3, None, 2, 1, 2, 1, 3, 3, -3]",1,3,0.0,best_second,w4a506ad,7.492203042618741,7.396948602621014,8.138564737261632,5,5,0,1,1,2,4.0
3301,"[[], [8, 3], [6, 5], [], [2, 7], [], [], [9, 0], [3], [], []]","[-2, -3, 0, 2, None, 2, 0, 3, 2, 4, 0]",95,6,5.0,best_third,w4a506ad,7.343426229147368,7.045776576879512,7.898411092811599,7,7,0,1,1,2,2.0
3302,"[[], [], [], [10, 9], [], [], [4, 2], [1, 0], [6, 7], [], [9]]","[4, -3, -1, 3, 1, -1, -2, 4, None, 1, -4]",3,9,0.0,best_second,w4a506ad,7.48605261786314,7.2868764117507,8.084254106307318,8,8,0,1,1,2,2.0
3304,"[[], [4, 3], [8, 0], [], [], [], [1, 9], [], [0], [10, 7], []]","[1, 2, -1, 3, -2, -3, None, -4, -2, -1, -3]",51,8,1.0,best_second,w4a506ad,7.8628820346414905,7.068172000388042,8.23536064375335,5,5,0,1,1,2,1.0
3309,"[[], [], [0, 6], [2, 9], [], [], [], [10, 1], [], [4, 8], [1]]","[-2, 4, -3, None, 4, 1, -3, 3, -2, 4, 0]",141,11,6.0,best_second,w4a506ad,7.360103972989152,6.107022887742254,7.610852790395251,8,8,0,1,1,2,1.0
3313,"[[], [], [], [2], [8, 1], [7, 4], [], [9, 6], [], [], [3, 2]]","[-1, 4, -4, -3, -1, None, 2, 4, 2, -2, 4]",193,4,2.0,best_third,w4a506ad,7.693481640835175,6.928537818164666,8.07527154629746,6,2,4,0,1,2,2.0
3314,"[[9, 5], [10, 3], [], [], [1, 0], [], [], [2], [7, 2], [], []]","[1, 0, 3, 2, None, -3, 3, 2, 2, 4, 0]",175,5,2.0,best_min,w4a506ad,8.185907481482324,7.506042178518122,8.5956346177228,5,2,3,0,0,2,7.0
3316,"[[], [2, 4], [10, 6], [], [0, 3], [9], [], [], [5, 9], [], []]","[3, None, 3, -2, -4, -3, 2, -1, 4, 4, -2]",9,7,1.0,best_second,w4a506ad,7.740664401917241,7.0431599159883405,8.14438886554762,5,5,0,1,1,2,5.0
3317,"[[], [3, 7], [8, 5], [4, 0], [], [], [], [9, 6], [5], [], []]","[-3, None, -2, -4, 0, 3, 1, 1, -2, -2, -4]",195,6,0.0,best_second,w4a506ad,7.552237287560801,7.242797922793756,8.102283624480075,2,2,0,1,1,2,3.0
3318,"[[], [7, 2], [], [], [], [], [3, 0], [2], [6, 9], [10, 4], []]","[4, -1, 3, 1, -1, 1, 2, -2, None, 0, -2]",85,6,2.0,best_second,w4a506ad,7.697575346802343,7.552762084214147,8.320691571048448,6,6,0,1,1,2,1.0
3320,"[[6, 9], [], [], [4, 2], [], [1], [], [], [0, 3], [], [5, 1]]","[-4, -3, -2, 3, 4, -2, -1, 1, None, 2, 1]",69,9,5.0,best_second,w4a506ad,7.215975002651466,7.321188556739479,7.962763930168115,7,7,0,1,1,2,3.0
3324,"[[2, 8], [], [5, 1], [9, 10], [], [], [], [], [4, 7], [10], []]","[None, 0, -4, 0, 3, -4, 0, -4, 4, -3, -1]",147,11,8.0,best_second,w4a506ad,7.340835554123275,6.368187186350493,7.66105638236183,7,7,0,1,1,2,4.0
3325,"[[], [8, 10], [9, 7], [1, 5], [], [0, 4], [], [], [], [7], []]","[-2, 0, -2, None, -4, -1, -4, -3, 4, -2, -4]",53,8,4.0,best_third,w4a506ad,7.971085753505608,5.958424693029782,8.096208271650035,4,4,0,1,1,2,2.0
3327,"[[7, 1], [5, 3], [], [], [8, 9], [], [], [6, 10], [9], [], []]","[None, 3, 0, -2, 3, 3, -3, -3, 4, 2, -1]",143,9,5.0,best_second,w4a506ad,7.911690520708338,6.045005314036012,8.05515773181968,6,6,0,1,1,2,2.0
3330,"[[7, 6], [10, 8], [9, 3], [], [2, 1], [], [], [6], [], [], []]","[3, 4, 0, -4, None, 3, 3, 1, 3, -3, 4]",179,8,1.0,best_second,w4a506ad,7.261225091971921,7.038783541388542,7.848933726364071,8,8,0,1,1,2,1.0
3331,"[[7], [5, 9], [], [2, 8], [], [], [0, 7], [], [], [], [1, 3]]","[3, 1, -3, -2, -1, -2, 2, -4, -1, 3, None]",165,7,2.0,best_second,w4a506ad,7.918264686095274,6.799055862058796,8.200562797008564,4,-1,5,0,1,2,2.0
3332,"[[], [0, 2], [], [], [8, 3], [6, 10], [10], [1, 4], [], [], []]","[3, 2, 1, 3, 4, -4, 0, None, 4, 3, 4]",49,3,1.0,best_second,w4a506ad,7.372118028337787,6.040254711277414,7.605890001053122,8,8,0,1,1,2,2.0
3333,"[[], [], [3], [], [], [6, 7], [1, 0], [4, 9], [2, 3], [], []]","[0, 1, -4, -3, -1, None, -1, -3, 4, -4, 2]",33,4,1.0,best_second,w4a506ad,7.787382026484701,7.0909098220799835,8.191463051326926,0,0,0,1,1,2,3.0
3334,"[[], [10], [], [], [3, 0], [], [], [6, 2], [1, 10], [7, 4], []]","[2, 4, -4, -3, -4, 1, 4, 4, 2, None, 1]",107,11,8.0,best_second,w4a506ad,7.31455283232408,6.242223265455165,7.608374474380783,8,8,0,1,1,2,5.0
3335,"[[], [], [6, 3], [], [9], [4, 9], [], [8, 2], [10, 1], [], []]","[0, -2, -2, 1, -2, -4, -3, None, -1, 4, 1]",55,3,1.0,best_third,w4a506ad,8.236420527265391,7.4067107301776405,8.598220030058611,0,0,0,1,1,2,4.0
3336,"[[4, 2], [8, 7], [5, 9], [], [10, 6], [], [], [], [7], [], []]","[None, -2, 4, 2, -4, 1, -2, -4, 4, 4, -1]",187,10,0.0,best_second,w4a506ad,7.474204806496124,7.693025748417888,8.282483003730562,8,8,0,1,1,2,1.0
3340,"[[7, 6], [], [], [], [], [], [2, 3], [4, 9], [10, 1], [], [1]]","[None, -4, 4, 3, -4, 4, 2, -1, 2, -2, -4]",97,7,1.0,best_second,w4a506ad,7.1731917424865985,7.186144304522325,7.8724551500639794,6,6,0,1,1,2,2.0
3343,"[[], [5, 4], [], [], [], [], [7, 2], [2], [], [1, 10], [3, 8]]","[0, 4, 1, 0, -3, -2, -3, 4, 3, None, 0]",17,2,7.0,best_min,w4a506ad,7.0630481633881725,7.675546002537848,8.108322290173241,3,2,1,0,0,2,3.0
3348,"[[], [], [9, 3], [5, 1], [6], [], [], [], [], [8, 7], [4, 6]]","[4, 2, None, 3, 4, -3, -3, 1, -1, -3, -3]",129,7,1.0,best_second,w4a506ad,7.283448228756631,7.197435354096591,7.934155233536322,5,0,5,0,1,2,2.0
3349,"[[], [8, 10], [3], [], [2, 3], [6, 0], [], [], [], [5, 1], []]","[-2, 2, 4, -3, -4, -3, 4, 0, -4, None, 3]",125,7,1.0,best_third,w4a506ad,7.837554360881085,7.628031126930335,8.431199478249262,5,5,0,1,1,2,6.0
3350,"[[2], [], [], [8, 6], [], [0, 2], [7, 4], [], [1, 9], [], []]","[1, -1, -1, None, 1, 1, 0, 2, -3, 0, -1]",183,4,1.0,best_second,w4a506ad,8.531293315795018,7.5416830998821105,8.847216104357544,2,2,0,1,1,2,1.0
3354,"[[], [4], [9, 7], [2, 5], [], [10, 8], [1, 4], [], [], [], []]","[3, 1, -1, None, 4, 4, 4, 1, -2, 4, -3]",39,2,6.0,best_min,w4a506ad,7.508238774678663,7.4999765409521215,8.196987927258897,3,2,1,0,0,2,3.0
3362,"[[], [6, 8], [5], [10, 1], [], [], [], [], [], [2, 5], [4, 0]]","[0, -4, -2, None, 4, 1, 1, 0, 0, 0, 4]",151,9,4.0,best_second,w4a506ad,7.56734567601324,6.037870919922137,7.763021309018518,8,8,0,1,1,2,1.0
3364,"[[10], [], [], [], [], [9, 1], [0, 10], [8, 5], [4, 2], [], []]","[-2, 2, -2, 2, 1, -4, -3, None, 1, 1, 0]",257,4,3.0,best_second,w4a506ad,7.22402480828583,7.074963197966044,7.8450244172414845,2,2,0,1,1,2,1.0
3365,"[[], [0, 3], [9], [], [], [], [1, 10], [], [2, 9], [], [4, 5]]","[2, -2, -4, -2, 2, 0, None, 1, 3, -2, 1]",251,4,1.0,best_second,w4a506ad,7.277938572945662,6.052089168924417,7.534762657037537,3,3,0,1,1,2,4.0
3367,"[[5, 6], [3, 7], [], [7], [2, 10], [], [], [], [0, 4], [], []]","[3, 1, -1, 3, -2, -4, 4, 1, None, 3, 0]",247,9,1.0,best_second,w4a506ad,7.291656209174461,7.356279876550749,8.01730750768858,7,7,0,1,1,2,1.0
3370,"[[2, 4], [], [8, 3], [], [1, 6], [7], [], [], [], [], [5, 7]]","[None, -3, 3, 4, -4, 2, -2, -2, -2, 4, -1]",333,11,1.0,best_second,w4a506ad,7.271703706887368,7.642524134232902,8.167068178341237,7,7,0,1,1,2,1.0
3371,"[[1], [], [10, 9], [], [], [], [], [0, 1], [], [3, 6], [5, 4]]","[4, 4, None, 4, -1, -2, -2, 3, 4, -2, -4]",299,7,0.0,best_second,w4a506ad,7.642524134232902,7.798112628829788,8.416267272826277,2,2,0,1,1,2,1.0
3372,"[[1, 9], [], [], [], [], [0, 7], [], [3, 2], [10, 4], [], [4]]","[2, 2, 3, -3, 2, None, -3, 3, -1, -3, 1]",335,5,0.0,best_third,w4a506ad,7.611842399580417,7.238496840894365,8.135346948906706,6,6,0,1,1,2,5.0
3374,"[[], [], [7, 5], [], [], [], [3], [], [2, 9], [4, 0], [6, 3]]","[2, 3, -1, 1, 0, 4, -4, 3, None, 4, -2]",301,3,2.0,best_second,w4a506ad,7.377133712833954,7.701652362642225,8.245384468120747,6,6,0,1,1,2,1.0
3383,"[[], [7, 8], [], [0, 2], [], [10, 4], [3, 1], [], [], [], [4]]","[3, -3, -3, -4, 4, 1, None, 4, -1, 1, -3]",311,5,2.0,best_third,w4a506ad,8.422442854870427,7.342779189331846,8.714731714015052,1,1,0,1,1,2,6.0
3385,"[[], [4, 7], [3, 8], [8], [], [10, 6], [], [], [], [1, 5], []]","[-3, 4, 2, 0, 3, -2, 4, 0, 3, None, -1]",209,6,4.0,best_second,w4a506ad,7.15851399732932,6.584791392385717,7.60489448081162,7,7,0,1,1,2,5.0
3386,"[[4, 8], [], [], [1, 5], [], [], [7], [], [], [6, 7], [3, 0]]","[2, 2, 0, -4, 3, -1, 0, 4, -1, -4, None]",237,7,3.0,best_second,w4a506ad,7.4933172488621445,6.543911845564792,7.820037989458753,5,5,0,1,1,2,3.0
3391,"[[], [], [], [8, 9], [2, 1], [4, 10], [], [], [9], [], [0, 7]]","[-3, -4, -3, -2, -4, None, 4, 4, 2, -1, 0]",269,10,4.0,best_second,w4a506ad,7.392031567514591,7.309212365692763,8.04430540699064,4,4,0,1,1,2,1.0
3393,"[[5], [], [7, 10], [2, 8], [0, 5], [], [], [], [1, 6], [], []]","[3, 1, -3, None, 3, 4, -4, -4, -1, -1, 4]",267,5,3.0,best_min,w4a506ad,7.774015077250727,7.085901464365611,8.180880941996389,1,0,1,0,0,2,8.0
3394,"[[], [2, 5], [6, 8], [0], [3, 0], [7, 10], [], [], [], [], []]","[1, None, 0, 2, 1, -2, -1, 2, -3, 3, 0]",345,2,3.0,best_third,w4a506ad,8.54927308487965,7.97522083865341,8.995908761263994,0,-1,1,0,0,2,2.0
3400,"[[], [2], [], [8, 9], [7, 10], [1, 2], [4, 3], [], [], [], []]","[-2, 0, 3, -2, -2, 4, None, -3, -2, -1, -4]",323,2,1.0,best_second,w4a506ad,8.843470781627381,7.325807502595773,9.041566627727496,-3,-3,0,1,1,2,1.0
3401,"[[], [8], [1, 8], [], [], [7, 9], [], [6, 4], [], [3, 0], []]","[-1, -4, -1, 4, -1, None, 4, -3, 0, 4, 1]",343,8,5.0,best_second,w4a506ad,7.658227526161352,6.137727054086234,7.855544677915663,8,8,0,1,1,2,5.0
3404,"[[8], [5, 3], [], [], [], [], [2, 9], [1, 6], [], [], [0, 8]]","[-3, 1, -4, 2, 2, -3, 3, None, 1, -3, -2]",277,4,1.0,best_min,w4a506ad,8.74576199937551,7.072421900537371,8.917578753781102,3,3,0,1,1,2,1.0
3406,"[[6, 10], [7], [], [1, 7], [], [], [4, 2], [], [], [], [8, 5]]","[None, 4, -1, -4, 4, -1, -3, -3, 4, 0, 4]",253,8,5.0,best_second,w4a506ad,8.866299565855018,6.736966958001855,8.978534410083318,8,8,0,1,1,2,5.0
3408,"[[10, 8], [], [], [2, 4], [], [], [9, 3], [], [], [7, 1], [8]]","[2, -4, -1, -3, -3, -2, None, -2, 0, 2, -2]",167,4,6.0,best_second,w04d2b7f,8.252967195000798,9.361773075736393,9.646851848489673,0,0,0,1,1,2,2.0
3410,"[[5], [], [3, 7], [1, 8], [], [], [], [4, 10], [], [0, 5], []]","[0, -2, None, -1, -4, 4, -3, 0, -4, -3, 3]",53,7,3.0,best_third,w04d2b7f,9.127610724377186,8.769973211858753,9.657778811561771,3,3,0,1,1,2,2.0
3412,"[[2, 3], [], [3], [], [], [8, 7], [9, 5], [], [], [1, 4], []]","[3, -1, -3, 3, 2, 4, None, 4, -3, -4, 1]",139,10,0.0,best_second,w04d2b7f,8.320204597578877,8.344267356262645,9.025335217553026,8,8,0,1,1,2,3.0
3413,"[[], [], [9, 4], [5, 1], [], [1], [8, 7], [], [], [], [2, 6]]","[1, 3, -1, 0, -4, 0, -3, 0, -1, 1, None]",111,4,3.0,best_min,w04d2b7f,9.278092474027,8.310660905907225,9.600150240473774,0,0,0,1,1,2,1.0
3416,"[[], [5, 8], [], [], [7, 9], [6, 0], [], [9], [3, 2], [], []]","[-4, None, 4, -3, 1, -4, -3, -3, 0, -1, 2]",153,10,4.0,best_second,w04d2b7f,8.414938957377482,8.759982494977281,9.295324695881181,4,4,0,1,1,2,1.0
3421,"[[], [3, 2], [], [], [6, 0], [], [], [8], [], [4, 1], [7, 8]]","[-2, 2, 3, -3, -3, 1, 0, -2, 1, None, -3]",55,8,1.0,best_second,w04d2b7f,7.9441374911141125,8.520985989654934,8.966611387052865,5,5,0,1,1,2,2.0
3422,"[[10, 2], [], [5, 6], [], [3], [], [], [4, 3], [], [], [9, 8]]","[None, 3, 4, 2, -4, -2, 4, -2, -4, -2, -1]",41,10,0.0,best_second,w04d2b7f,8.793156870913819,8.761080103868347,9.470317173335742,8,8,0,1,1,2,2.0
3426,"[[5], [0, 5], [], [], [3, 10], [], [], [], [4, 9], [7, 6], []]","[-1, 0, -1, 4, -1, 1, 3, -4, None, -2, 3]",161,4,4.0,best_second,w04d2b7f,8.50045386741194,7.564757012905729,8.83127373772255,3,3,0,1,1,2,7.0
3431,"[[], [2, 9], [9], [7, 6], [], [], [4, 5], [8, 0], [], [], []]","[-2, -4, -4, None, -1, 2, -3, 0, -3, 1, 3]",25,2,5.0,best_min,w04d2b7f,10.198765701609537,8.256607344626158,10.33273428930909,-1,-1,0,1,1,2,1.0
3432,"[[], [], [], [], [0], [], [1, 3], [2, 9], [7, 6], [], [4, 0]]","[4, -3, 2, -1, 0, 0, -3, 1, None, -3, 1]",163,7,4.0,best_second,w04d2b7f,9.083415678402515,6.776506992372183,9.178230318057949,3,3,0,1,1,2,2.0
3433,"[[], [], [3, 7], [], [9, 2], [], [10, 5], [], [], [0, 8], [5]]","[-4, -1, 4, 3, None, -4, 1, -2, 2, -3, 0]",147,9,6.0,best_second,w04d2b7f,9.24753981296529,6.309918278226516,9.299083581810573,7,7,0,1,1,2,6.0
3436,"[[], [9, 5], [4, 7], [1, 8], [7], [], [], [], [6, 10], [], []]","[0, -4, 0, None, -4, -2, 1, -1, 4, -1, 4]",169,10,2.0,best_second,w04d2b7f,9.155989777226102,9.058703197313223,9.801620926132557,8,-5,13,0,0,2,3.0
3437,"[[3, 9], [], [], [6, 2], [7, 8], [], [], [8], [], [10, 5], []]","[None, 2, 1, -1, 2, 3, -3, -1, 1, 2, -1]",43,6,1.0,best_second,w04d2b7f,8.935113740791747,7.880048200971577,9.233763886919771,5,5,0,1,1,2,4.0
3438,"[[], [], [7, 6], [], [8, 3], [4, 2], [], [], [], [0], [9, 0]]","[1, 4, -4, -2, 3, None, -4, -1, 3, 4, 4]",127,10,5.0,best_second,w04d2b7f,9.020510699691906,7.613818684808629,9.239510749275963,6,6,0,1,1,2,3.0
3439,"[[], [10], [], [7, 5], [1, 10], [8, 0], [], [6, 9], [], [], []]","[0, 0, -4, None, -2, -4, -4, 4, -1, 3, -4]",175,10,1.0,best_second,w04d2b7f,9.252441547994819,7.261927092702751,9.380420642347785,7,7,0,1,1,2,1.0
3441,"[[], [], [7, 10], [], [], [4], [], [8, 3], [], [5, 4], [0, 6]]","[-3, 4, None, -4, 0, 3, -4, 1, 4, -4, -4]",45,11,5.0,best_second,w04d2b7f,8.84850930088808,6.523562306149512,8.941676305360163,5,5,0,1,1,2,1.0
3442,"[[], [], [3, 4], [], [], [6, 10], [10], [8, 2], [0, 9], [], []]","[-4, -2, 4, -2, 3, -1, 0, None, -3, -1, 4]",79,10,1.0,best_second,w04d2b7f,8.755264763314683,7.790282380703483,9.077951183930438,7,7,0,1,1,2,3.0
3443,"[[2, 1], [], [], [], [], [0, 8], [], [], [4, 7], [10, 6], [6]]","[0, 4, -1, -3, -3, None, -3, -4, 1, 1, -4]",103,6,4.0,best_second,w04d2b7f,9.489561753510097,7.645397699428634,9.636326803305096,4,4,0,1,1,2,1.0
3444,"[[], [], [], [9, 4], [0, 1], [], [], [8, 5], [5], [10, 2], []]","[2, 0, -3, None, 1, 3, 1, -1, -4, 0, 2]",89,3,1.0,best_third,w04d2b7f,9.63782786411884,7.635303886259415,9.764397884134173,3,3,0,1,1,2,5.0
3445,"[[10], [8, 7], [1, 9], [0, 10], [], [], [], [], [], [5, 6], []]","[3, -4, None, -4, 2, 0, 4, -2, 3, -2, -1]",143,5,6.0,best_third,w04d2b7f,9.308917935337178,8.158802490694002,9.58390193107134,2,2,0,1,1,2,5.0
3447,"[[], [5, 4], [], [], [], [], [1, 8], [9, 2], [10, 3], [2], []]","[-2, 4, 2, -2, -4, 4, None, 1, -3, -1, -1]",189,11,8.0,best_second,w04d2b7f,9.032050676295597,7.706162970199575,9.267476563346992,8,8,0,1,1,2,1.0
3448,"[[1, 2], [], [], [], [6, 3], [], [3], [8, 5], [], [0, 7], []]","[-3, -4, -1, 2, 0, 3, -2, 4, -2, None, 0]",117,10,1.0,best_second,w04d2b7f,9.275753510524414,7.64826303090192,9.455010553834672,7,7,0,1,1,2,3.0
3449,"[[9, 10], [], [], [7, 1], [2, 6], [], [], [1], [4, 0], [], []]","[-2, 0, -3, 4, -3, 2, -4, -2, None, -3, 3]",187,7,5.0,best_second,w04d2b7f,8.875287128108383,8.01829613851552,9.228965836099347,1,1,0,1,1,2,1.0
3450,"[[6, 1], [], [3, 4], [], [], [], [], [], [10, 7], [0, 2], [7]]","[2, 3, -2, 2, 1, -1, 2, -2, 1, None, -2]",121,4,1.0,best_second,w04d2b7f,8.84491295089955,7.931284761525891,9.18204377282107,5,5,0,1,1,2,1.0
3451,"[[], [], [1, 5], [], [], [], [], [2, 10], [6], [8, 6], [3, 4]]","[3, -4, -4, 3, 0, -3, -2, None, -1, -1, -3]",7,6,1.0,best_second,w04d2b7f,8.578852571802965,8.337109129562474,9.158309963881798,0,-8,8,0,0,2,3.0
3452,"[[], [], [], [], [3, 9], [], [5, 0], [8, 1], [1], [], [4, 6]]","[2, 4, 4, -1, 2, 0, 2, -3, -2, 1, None]",39,2,1.0,best_third,w04d2b7f,10.456941538357741,7.741533589281827,10.520994818887328,4,3,1,0,0,2,2.0
3453,"[[10, 4], [], [6, 1], [], [], [], [1], [8, 5], [], [7, 0], []]","[4, -3, -2, 0, -2, -4, 4, 2, -2, None, 2]",49,6,6.0,best_second,w04d2b7f,9.293761980115255,8.031385330625534,9.54287630006159,6,6,0,1,1,2,2.0
3454,"[[7], [], [], [], [0, 7], [], [2, 3], [], [10, 5], [8, 6], []]","[-2, -2, -4, 2, 2, 4, -4, -1, 4, None, -3]",5,11,0.0,best_second,w04d2b7f,8.78935545220998,7.606387389772652,9.056489647157923,8,8,0,1,1,2,6.0
3455,"[[7], [10, 8], [], [], [], [0, 7], [], [], [3, 4], [], [9, 2]]","[-3, None, -4, 2, 4, 2, 4, 1, 3, -3, -2]",31,9,1.0,best_second,w04d2b7f,8.778479952508487,8.378620541552298,9.291459423260974,7,7,0,1,1,2,1.0
3457,"[[], [4, 10], [], [9, 6], [10], [7, 3], [], [8, 2], [], [], []]","[-4, -2, 0, 1, -2, None, -3, -3, -1, 2, 3]",47,6,4.0,best_second,w04d2b7f,9.03025631012242,7.802209316247118,9.28702359674714,3,3,0,1,1,2,1.0
3459,"[[], [0, 7], [6], [], [], [2, 6], [], [], [1, 10], [], [3, 4]]","[1, 2, -1, -4, -3, 1, 3, -2, None, 3, 2]",109,4,4.0,best_second,w04d2b7f,9.000359807188254,8.007034012193406,9.31533081916712,3,3,0,1,1,2,1.0
3460,"[[7], [], [], [], [3, 2], [0, 7], [1, 8], [], [], [], [4, 6]]","[-1, 1, 2, 3, 1, 1, 4, -1, -2, -1, None]",61,2,1.0,best_min,w04d2b7f,10.257378625098244,7.074116816197362,10.297959119169427,5,4,1,0,0,2,3.0
3464,"[[], [4, 5], [], [6], [], [], [], [3, 6], [2, 0], [], [1, 8]]","[1, 0, 3, -1, -1, 3, 4, 1, 3, -3, None]",33,4,2.0,best_second,w04d2b7f,9.232982102457006,7.81923445385907,9.450616322030694,6,6,0,1,1,2,4.0
3465,"[[], [], [4, 5], [], [], [], [1], [0, 3], [6, 1], [7, 2], []]","[0, 4, 4, 3, -3, -4, 4, -1, 0, None, 4]",181,2,8.0,best_min,w04d2b7f,8.403800504061147,8.043020885298283,8.93260863037757,2,1,1,0,0,2,3.0
3468,"[[], [], [6, 9], [0], [3, 0], [], [5, 7], [], [], [8, 10], []]","[-4, -2, None, -3, -2, -4, 2, 3, 1, -4, 3]",1,7,1.0,best_third,w04d2b7f,8.606302366488014,7.3901814282264295,8.865735152124781,5,5,0,1,1,2,2.0
3470,"[[7], [], [9, 8], [6, 5], [3, 2], [], [], [], [], [], [0, 7]]","[0, 4, -1, 4, None, -3, 2, -3, 1, -3, 0]",199,7,7.0,best_second,w04d2b7f,8.794824928014517,7.803026643632217,9.110188490025742,6,6,0,1,1,2,4.0
3475,"[[], [2, 4], [], [1, 8], [], [], [], [10, 5], [9, 6], [], [5]]","[-3, 3, -4, None, 4, -2, 0, 3, -2, -1, 0]",151,9,1.0,best_second,w04d2b7f,8.643473357326567,7.00397413672268,8.820699399214902,7,7,0,1,1,2,1.0
3477,"[[], [9, 2], [], [], [6, 5], [], [], [0, 3], [], [2], [4, 7]]","[1, -3, -1, -2, -3, -1, 0, -3, 3, 2, None]",97,2,1.0,best_min,w04d2b7f,9.0642735958414,7.729735331385051,9.297893268984046,-2,-2,0,1,1,2,1.0
3478,"[[3, 9], [4, 6], [5, 0], [], [6], [8, 7], [], [], [], [], []]","[4, 2, None, 1, -1, -3, -4, 2, 4, -4, 3]",135,5,8.0,best_third,w04d2b7f,8.788440957404593,7.112327444710912,8.959825623865841,5,5,0,1,1,2,2.0
3479,"[[10, 6], [4], [0, 9], [1, 4], [], [], [], [], [], [8, 7], []]","[-4, 2, None, 3, 3, 4, 2, -1, 4, 3, -2]",13,9,4.0,best_second,w04d2b7f,8.509765675587442,6.7580945044277305,8.66957087183712,7,7,0,1,1,2,4.0
3482,"[[], [5, 10], [], [2], [3, 2], [7, 9], [], [], [], [], [6, 0]]","[4, None, -3, -3, -4, -1, 3, 0, -2, -2, -2]",67,3,6.0,best_second,w04d2b7f,9.148784066277077,8.518791912779934,9.575677688993567,2,2,0,1,1,2,2.0
3483,"[[9, 10], [], [], [], [], [4], [], [], [5, 4], [3, 7], [1, 2]]","[None, 4, -3, -4, -1, -4, -1, -2, -1, -4, 2]",29,11,5.0,best_second,w04d2b7f,9.186355009225672,7.176254532017144,9.311994025702683,6,6,0,1,1,2,2.0
3484,"[[3, 4], [], [], [2, 10], [1, 7], [6], [], [], [5, 6], [], []]","[None, -3, 3, 3, -2, 2, -4, -2, 0, -3, 0]",71,8,3.0,best_second,w04d2b7f,8.544808358449211,6.800170068302199,8.705662478796425,6,6,0,1,1,2,1.0
3485,"[[], [0, 5], [1, 3], [6, 8], [], [], [], [4], [], [7, 4], []]","[2, -1, None, 4, 1, 3, 1, 1, -4, 2, 0]",27,4,8.0,best_min,w04d2b7f,9.020873347021356,7.161622002939187,9.165552189186048,5,5,0,1,1,2,1.0
3486,"[[], [6, 0], [], [], [2, 7], [3, 9], [0], [], [4, 5], [], []]","[3, 4, 1, 2, 0, 2, -1, -3, None, -3, 0]",157,5,5.0,best_third,w04d2b7f,9.587200223074014,7.900636613018005,9.75701564863587,4,4,0,1,1,2,4.0
3488,"[[5], [6, 2], [], [0, 5], [], [], [], [4, 8], [], [7, 1], []]","[2, 4, 4, -1, 3, 1, -4, -4, -1, None, 2]",133,10,0.0,best_second,w04d2b7f,8.551787836180736,7.960672608388117,8.99230873254815,8,8,0,1,1,2,4.0
3490,"[[7, 8], [], [9, 6], [], [1, 3], [2, 4], [], [8], [], [], []]","[-2, -1, 2, -4, -4, None, 3, 2, -1, 2, 3]",119,8,1.0,best_second,w04d2b7f,8.792853288640693,7.795234929002173,9.106645135637418,5,5,0,1,1,2,3.0
3491,"[[6, 9], [], [], [], [1, 2], [10], [], [0, 4], [5, 10], [], []]","[-3, 0, -4, 4, -2, 0, -1, None, 2, 2, 2]",11,3,5.0,best_third,w04d2b7f,9.847075918610166,7.8954360069429645,9.979846560634877,-1,-1,0,1,1,2,4.0
3492,"[[], [], [], [], [7], [], [5, 2], [], [4, 7], [6, 10], [0, 1]]","[-2, 4, 2, -2, 4, -2, 0, -1, 0, None, -1]",17,4,2.0,best_min,w04d2b7f,9.01602720232985,7.289610521451168,9.179674957665299,3,2,1,0,0,2,6.0
3494,"[[], [], [], [], [6, 8], [], [8], [1, 5], [], [10, 7], [0, 3]]","[4, 4, 4, -4, 2, -4, 2, 2, -3, None, -2]",101,8,6.0,best_third,w04d2b7f,8.99230873254815,6.697034247666484,9.088172738001974,6,6,0,1,1,2,8.0
3496,"[[3, 6], [], [9, 0], [], [7, 1], [], [], [1], [], [10, 8], []]","[-3, 0, None, 1, 1, -2, -1, -3, -4, 4, 2]",95,8,8.0,best_second,w04d2b7f,9.021115038865434,6.391917113392602,9.090655529030203,6,6,0,1,1,2,2.0
3498,"[[], [], [8, 7], [4], [], [3, 4], [2, 9], [], [], [10, 0], []]","[-1, 2, 2, -2, 1, -2, None, 4, -2, -4, -3]",63,10,2.0,best_second,w04d2b7f,8.546363568716018,7.720905251936778,8.909505512946101,6,6,0,1,1,2,2.0
3499,"[[], [], [0], [7, 8], [2, 0], [], [], [6, 9], [5, 1], [], []]","[4, 4, 2, None, 4, -1, 3, 4, -2, 0, -4]",145,6,4.0,best_second,w04d2b7f,7.999007213243954,6.331501849893691,8.171599480345463,7,7,0,1,1,2,5.0
3500,"[[8, 2], [7], [], [], [0, 9], [], [], [], [], [3, 6], [1, 7]]","[1, -2, -1, 0, None, -1, 4, 3, 4, -2, 2]",21,5,2.0,best_third,w04d2b7f,8.207129168071326,7.356918242356021,8.562740006372207,5,5,0,1,1,2,4.0
3501,"[[], [3, 5], [], [8, 6], [10, 0], [7, 2], [], [], [], [], [0]]","[-3, None, -2, -4, -2, 1, -1, 2, -2, 1, 1]",183,7,3.0,best_second,w04d2b7f,9.129997619293643,7.33823815006559,9.284055409798464,3,3,0,1,1,2,1.0
3506,"[[1, 2], [], [], [0, 9], [], [], [], [10, 5], [], [8, 6], [5]]","[-4, -1, 0, None, -1, 1, 4, 1, -1, 4, 1]",81,10,0.0,best_second,w04d2b7f,8.356554845453426,7.513709247839705,8.714403360703942,8,8,0,1,1,2,1.0
3508,"[[3, 9], [], [], [2, 10], [1], [4, 1], [], [], [], [7, 8], []]","[None, -4, 1, -1, 3, 1, 3, -3, 1, -2, -2]",129,3,1.0,best_third,w04d2b7f,9.230829038403499,7.154615356913663,9.348884181424243,0,0,0,1,1,2,4.0
3510,"[[], [0, 10], [], [], [6, 2], [], [2], [1, 9], [], [3, 8], []]","[-3, -4, 1, 0, -3, 0, -3, None, 1, 4, -2]",107,8,3.0,best_second,w04d2b7f,8.498825534058053,6.408528791059498,8.615226931687603,5,4,1,0,1,2,1.0
3513,"[[1, 4], [], [], [], [], [7], [], [], [5, 7], [6, 3], [0, 9]]","[-4, -4, 1, 2, 0, -1, 0, 2, 1, 3, None]",141,8,1.0,best_second,w04d2b7f,8.495356496807064,8.007700012884026,8.973984926689742,5,5,0,1,1,2,4.0
3518,"[[], [6, 7], [], [], [5, 3], [], [7], [], [], [2, 0], [9, 4]]","[2, -1, -2, -4, -1, 4, -4, -4, -1, -2, None]",59,6,3.0,best_min,w04d2b7f,9.399140894867847,6.54534966033442,9.455088847042777,3,3,0,1,1,2,4.0
3519,"[[], [], [], [6, 10], [5, 7], [8, 0], [10], [9, 2], [], [], []]","[3, -1, -2, 3, None, 3, -3, -2, 2, 4, 1]",137,5,0.0,best_second,w04d2b7f,8.419800845407588,7.454141078146678,8.742254901886351,6,6,0,1,1,2,6.0
3521,"[[1, 9], [4, 5], [6, 8], [], [], [], [8], [], [], [7, 10], []]","[None, 3, -1, -3, 3, -3, 1, -4, 2, -1, -3]",173,9,6.0,best_second,w04d2b7f,7.86940171257709,6.556778356158042,8.107418811719976,6,6,0,1,1,2,1.0
3523,"[[1, 6], [], [], [], [5, 0], [3, 9], [], [8], [], [], [7, 8]]","[1, -4, 4, 1, None, 4, -3, 2, 2, -2, 1]",35,6,6.0,best_second,w04d2b7f,8.671629544720657,6.904750769961838,8.82922635473185,5,5,0,1,1,2,1.0
3524,"[[], [4, 2], [6, 7], [], [9, 3], [8, 10], [], [], [10], [], []]","[-2, None, -1, -2, 3, -1, 1, -3, -4, 4, 0]",87,8,5.0,best_second,w04d2b7f,8.240385115516334,6.966024187106113,8.48673398393153,7,7,0,1,1,2,4.0
3526,"[[10, 9], [], [5, 6], [], [], [6], [], [], [], [1, 3], [4, 7]]","[None, 2, -2, 4, 1, 3, -4, -3, -3, 3, 0]",155,6,1.0,best_second,w04d2b7f,8.557759153162898,8.031385330625534,9.021839764105511,7,7,0,1,1,2,4.0
3530,"[[], [3, 0], [], [], [7], [4, 7], [], [], [9, 2], [], [1, 8]]","[4, -1, -4, -1, -3, -1, -3, 2, -2, 1, None]",197,6,5.0,best_third,w04d2b7f,9.025455532779063,7.5883236773352225,9.238539026334863,3,3,0,1,1,2,5.0
3532,"[[3, 6], [2], [], [], [8, 5], [], [], [0, 4], [], [], [1, 2]]","[-3, 3, 4, -1, 4, 4, 1, None, -1, 2, -1]",165,9,0.0,best_second,w04d2b7f,8.656433258507741,7.362645270417825,8.898638793680181,8,8,0,1,1,2,2.0
3533,"[[], [0], [6, 10], [], [], [1, 0], [], [4, 3], [7, 2], [], []]","[4, -4, 4, 1, 2, -1, 0, 1, None, -2, 2]",195,3,2.0,best_second,w04d2b7f,8.535622326884605,7.516433302915632,8.84361509218395,6,6,0,1,1,2,1.0
3536,"[[], [6], [0, 5], [], [1, 6], [], [], [2, 9], [], [3, 10], []]","[-2, 3, 4, -2, 3, -4, -4, None, 1, 0, 3]",125,3,8.0,best_min,w04d2b7f,7.8928255262511176,8.07153089355666,8.679141958402255,3,2,1,0,0,2,5.0
3537,"[[4, 5], [], [], [7, 6], [9, 10], [1, 2], [], [6], [], [], []]","[None, -4, 4, 4, 2, 4, 3, 3, -1, -1, -3]",77,8,0.0,best_third,w04d2b7f,8.330381569349417,7.757478766584179,8.777401286867264,8,8,0,1,1,2,2.0
3543,"[[], [10, 8], [9, 3], [4, 5], [], [], [], [], [], [7, 0], [8]]","[3, 4, None, 4, 0, 3, 2, -4, -1, 0, 4]",113,6,1.0,best_second,w04d2b7f,8.47345026846832,7.6953031349635665,8.851233902846035,7,7,0,1,1,2,7.0
3545,"[[], [4, 3], [7], [], [], [], [], [], [0, 6], [2, 7], [1, 8]]","[2, -1, -4, 3, -1, 0, 3, 3, -3, 1, None]",149,3,4.0,best_min,w04d2b7f,8.890548245606169,7.40184157874383,9.093918908958932,2,2,0,1,1,2,1.0
3547,"[[], [5], [1, 5], [6, 7], [], [], [0, 8], [10, 4], [], [], []]","[2, 2, 1, None, -1, 4, 2, -4, -2, 1, 0]",73,7,4.0,best_second,w04d2b7f,7.695757990554761,6.922643891475888,8.07496035911586,4,4,0,1,1,2,1.0
3550,"[[], [10, 8], [], [], [1, 9], [3], [5, 3], [], [], [0, 2], []]","[1, -4, -4, 4, None, 2, -1, -2, -3, 3, 0]",51,8,7.0,best_second,w04d2b7f,8.59062950948942,6.520621127558696,8.70930004894499,4,4,0,1,1,2,3.0
3551,"[[], [], [4, 0], [7, 6], [], [3, 2], [], [], [9, 1], [1], []]","[-2, -2, 1, -4, 4, None, -2, -1, 2, 2, 0]",123,9,3.0,best_second,w04d2b7f,9.31099985507536,6.900730664045172,9.396902923027392,5,5,0,1,1,2,1.0
3554,"[[9, 7], [], [4, 5], [], [5], [], [], [1, 10], [], [6, 3], []]","[None, -3, 2, 4, -2, -4, -3, 1, 2, -4, 2]",37,6,1.0,best_third,w04d2b7f,8.626944055375358,7.60389796852188,8.933927891782632,3,3,0,1,1,2,7.0
3555,"[[], [], [], [], [8, 3], [1, 9], [4, 5], [10, 0], [], [], [0]]","[1, -1, -1, 0, -1, -2, None, 1, -1, -2, -1]",99,2,1.0,best_second,w04d2b7f,8.85366542803745,7.305860032684008,9.046408680293819,-1,-1,0,1,1,2,1.0
3557,"[[], [], [], [8, 0], [], [6, 4], [4], [2, 1], [], [7, 3], []]","[-4, 4, -1, -2, -1, -1, 0, -1, 1, None, -1]",75,6,5.0,best_third,w04d2b7f,8.479283618343018,7.858640655620791,8.909370405197466,3,3,0,1,1,2,5.0
3559,"[[5, 9], [], [3, 6], [], [1, 10], [9], [], [], [2, 4], [], []]","[-3, -4, -4, 1, -4, -3, 4, 1, None, -2, 0]",115,5,8.0,best_second,w04d2b7f,8.888618807300878,7.294377299288821,9.073374516903025,0,0,0,1,1,2,4.0
3560,"[[], [], [], [7, 6], [9, 10], [], [], [6], [], [1, 8], [5, 0]]","[-3, -3, -4, 3, None, 4, -1, 4, -2, -2, 0]",179,8,3.0,best_second,w04d2b7f,8.638879709672835,6.910750787961935,8.802221746402456,4,4,0,1,1,2,1.0
3562,"[[], [7, 8], [], [], [], [], [], [0, 4], [5, 2], [10, 3], [3]]","[-3, None, -2, 1, 1, 1, -1, -4, 3, 0, -1]",185,7,5.0,best_second,w04d2b7f,9.425935505533063,7.795646536334594,9.604744532724922,4,4,0,1,1,2,4.0
3563,"[[], [4, 5], [9, 3], [], [], [], [8, 1], [], [7, 0], [3], []]","[2, 3, -1, -1, -2, 4, None, 0, -3, 1, 2]",3,8,1.0,best_second,w04d2b7f,8.130059039992796,7.571988449377439,8.582418976333946,7,7,0,1,1,2,2.0
3564,"[[1, 7], [7], [4, 3], [5, 10], [6, 8], [], [], [], [], [], []]","[-3, -2, None, -2, 3, -2, -3, 0, 2, -1, 3]",65,6,1.0,best_third,w04d2b7f,7.710653323501202,7.530479995245536,8.31752199628717,5,5,0,1,1,2,5.0
3567,"[[1, 7], [], [9, 3], [], [10], [0, 2], [4, 10], [], [], [], []]","[-3, -3, 3, 1, -2, None, 3, -1, 0, 4, 3]",131,9,2.0,best_second,w04d2b7f,8.196161139282903,7.3343293503005365,8.54830418644129,7,7,0,1,1,2,2.0
3568,"[[], [4, 5], [], [], [5], [], [], [], [0, 2], [8, 10], [7, 3]]","[-4, 0, -3, -1, -4, -3, -1, -3, -3, None, 4]",9,7,5.0,best_second,w04d2b7f,9.711418644287292,8.167919362957816,9.904986428659864,3,3,0,1,1,2,1.0
3569,"[[9, 3], [], [], [7, 8], [6], [4, 6], [], [], [], [1, 10], []]","[None, 4, -3, 3, 3, 3, -2, 2, -2, -4, -3]",83,7,5.0,best_second,w04d2b7f,8.649273531773446,6.739336627357174,8.787220328629298,5,5,0,1,1,2,7.0
3570,"[[], [], [], [], [9, 7], [], [], [3, 6], [1], [2, 0], [8, 1]]","[2, -3, 1, -2, None, -2, -1, 0, -1, -1, 2]",91,2,3.0,best_second,w04d2b7f,9.156939595249067,6.570882962339584,9.229456489168413,1,0,1,0,1,2,1.0
3572,"[[1, 7], [], [], [6, 0], [], [], [5, 2], [], [], [8], [9, 8]]","[2, 4, -3, None, -1, 1, 1, 1, -3, 1, 0]",19,5,1.0,best_second,w04d2b7f,8.601718146485926,6.612041034833092,8.729720590267258,6,6,0,1,1,2,4.0
3576,"[[8, 3], [0, 4], [], [], [6, 2], [], [], [9, 10], [], [10], []]","[2, None, -2, -4, -2, -2, -1, 3, 3, 4, 0]",15,8,6.0,best_second,w04d2b7f,8.196161139282903,7.059617628291384,8.474285690404962,5,5,0,1,1,2,1.0
3582,"[[], [3, 5], [], [2, 8], [6, 9], [0, 7], [9], [], [], [], []]","[-2, None, -4, -3, -3, 3, 4, 4, -3, -2, -4]",105,11,1.0,best_second,w04d2b7f,8.867709208039386,7.858640655620791,9.178436822963175,7,7,0,1,1,2,1.0
3583,"[[], [8], [], [0, 6], [9, 2], [3, 4], [], [], [], [], [1, 8]]","[0, 3, 1, 2, -1, None, -1, -2, 2, 0, -2]",69,2,3.0,best_second,w04d2b7f,7.781138509845015,7.752764808851329,8.45998771764546,2,2,0,1,1,2,1.0
3584,"[[], [2, 7], [], [], [], [4], [], [], [5, 4], [10, 1], [6, 0]]","[1, -1, -4, 2, 4, 3, 2, -3, 1, None, -4]",177,2,5.0,best_second,w04d2b7f,8.687779491991773,6.77078942390898,8.824824939175638,-2,-2,0,1,1,2,1.0
3589,"[[], [], [6], [], [2, 6], [], [], [10, 0], [5, 3], [7, 8], []]","[-2, -2, 0, 3, -4, -3, 1, -3, 2, None, 0]",193,8,1.0,best_second,w04d2b7f,8.431199478249262,7.485491608030754,8.759197750371365,5,5,0,1,1,2,2.0
3592,"[[], [2, 3], [5, 0], [7, 9], [], [], [4], [], [6, 4], [], []]","[3, None, -1, 3, -3, -3, -4, -2, -4, -3, 1]",57,3,4.0,best_min,w04d2b7f,9.348274558065498,7.188412736496953,9.457356687701948,2,2,0,1,1,2,1.0
3598,"[[], [], [], [], [1, 9], [4, 6], [3, 2], [0], [7, 0], [], []]","[3, 3, -1, 2, -4, None, 4, 4, 2, -4, 3]",23,8,5.0,best_second,w04d2b7f,8.449556542700426,6.650279048587422,8.602453035367061,6,6,0,1,1,2,7.0
3599,"[[4], [9, 6], [1, 5], [], [], [8, 10], [], [0, 4], [], [], []]","[-2, 4, None, -4, -4, -4, -1, 0, 3, 4, -1]",159,9,5.0,best_second,w04d2b7f,8.047509510981422,6.359573868672378,8.216898580913613,8,8,0,1,1,2,4.0
3601,"[[2, 5], [], [5], [8, 6], [], [], [], [10, 3], [], [], [1, 4]]","[3, -2, -4, -1, 4, 1, -4, None, -2, 4, 4]",93,10,0.0,best_second,w04d2b7f,8.920789888464373,7.73280753042202,9.186764635447478,8,8,0,1,1,2,2.0
3603,"[[], [], [], [0], [10, 2], [9, 7], [3, 0], [], [5, 4], [], []]","[0, 4, 0, 0, 4, -3, 2, 0, None, -4, 4]",171,10,4.0,best_second,w04d2b7f,8.392310009269547,7.170119543449628,8.650324504019421,8,8,0,1,1,2,4.0
3605,"[[5, 1], [], [], [], [7, 3], [1], [4, 10], [], [], [], [8, 2]]","[-4, 3, 4, -4, 2, -3, None, 4, 3, -1, -1]",85,5,6.0,best_min,w04d2b7f,9.110520036693972,7.282761179605593,9.259511415982631,6,6,0,1,1,2,1.0
3606,"[[8, 7], [], [], [2], [3, 2], [], [], [], [], [6, 1], [9, 0]]","[4, 0, 4, -2, 0, -2, -1, 3, 1, 4, None]",191,3,1.0,best_second,w04d2b7f,8.593227877692236,7.3632795869630385,8.8495139654864,7,7,0,1,1,2,1.0
3608,"[[6, 1], [], [5, 3], [], [9, 10], [], [], [2, 0], [], [10], []]","[-4, 2, 0, 0, 0, 3, 0, None, -1, -4, -1]",341,5,0.0,best_second,w04d2b7f,9.647949933410915,7.3777589082278725,9.746190260646909,3,3,0,1,1,2,2.0
3609,"[[], [6, 5], [], [], [], [2, 3], [8, 9], [10, 0], [], [], [0]]","[4, None, -2, -1, -4, 4, 4, 1, 0, -3, 4]",255,2,7.0,best_min,w04d2b7f,8.982937763741589,7.045776576879512,9.117457244496126,4,4,0,1,1,2,1.0
3610,"[[], [], [], [0, 7], [1, 10], [8, 2], [], [], [2], [3, 4], []]","[1, -3, -1, 3, -4, 1, 2, -1, 4, None, 3]",211,6,4.0,best_second,w04d2b7f,9.690479958409808,7.390798521735676,9.785998223743661,4,4,0,1,1,2,6.0
3612,"[[6, 1], [], [], [10, 2], [9], [], [], [0, 3], [4, 9], [], []]","[2, 3, 1, -2, -1, 3, 2, None, -3, 2, 2]",399,4,1.0,best_second,w04d2b7f,8.74862232231722,8.006700845440367,9.137984709784043,5,5,0,1,1,2,1.0
3613,"[[6, 4], [], [7, 3], [], [], [8, 10], [], [], [10], [2, 0], []]","[-2, -3, 3, 4, 4, 0, 2, -2, 0, None, 2]",245,6,1.0,best_third,w04d2b7f,8.515992470839718,7.297768282531379,8.774931387494947,7,7,0,1,1,2,2.0
3614,"[[], [4, 9], [1, 5], [7, 8], [], [0, 10], [], [8], [], [], []]","[-3, 4, None, -3, -1, -4, -1, -1, 0, 3, -4]",207,11,1.0,best_second,w04d2b7f,8.18004072349016,7.221105098182496,8.504310565585225,7,7,0,1,1,2,1.0
3615,"[[], [], [], [7], [], [], [3, 7], [], [10, 9], [5, 1], [2, 4]]","[-2, 4, 1, 3, -1, -3, -2, -1, None, 4, -2]",335,9,0.0,best_second,w04d2b7f,8.375168691386818,7.676473646389156,8.77863395266279,8,8,0,1,1,2,2.0
3619,"[[6, 5], [0, 3], [], [7, 8], [], [], [], [], [], [4], [9, 4]]","[-3, None, -1, -2, 3, -2, -4, 0, -4, -1, 1]",311,4,2.0,best_third,w04d2b7f,8.875287128108383,7.257002707092073,9.056023011591826,-2,-2,0,1,1,2,2.0
3620,"[[1, 10], [2, 5], [], [], [], [], [], [], [6], [8, 6], [4, 7]]","[None, 3, -4, 0, -4, 4, 1, 1, 3, 4, -4]",287,11,1.0,best_second,w04d2b7f,8.826147399143558,7.403061091090091,9.041921720351219,7,7,0,1,1,2,5.0
3621,"[[7, 5], [8, 6], [], [10, 0], [], [], [], [], [6], [], [4, 9]]","[-4, -4, -2, None, -4, -1, 3, -2, 4, -1, -3]",393,2,2.0,best_min,w04d2b7f,10.024421175431756,7.572502985020384,10.10699966190111,-4,-4,0,1,1,2,1.0
3622,"[[8, 5], [], [3, 4], [4], [], [10, 1], [], [], [7, 6], [], []]","[None, -4, -2, 0, 2, 3, 1, 3, -3, -1, 4]",213,8,7.0,best_third,w04d2b7f,8.688790784847217,6.742880635791903,8.822174760946078,7,7,0,1,1,2,2.0
3625,"[[], [], [7, 5], [], [0], [10, 1], [], [8, 3], [], [4, 0], []]","[-4, -2, None, 0, -3, 3, 1, -3, -4, 2, 3]",225,9,5.0,best_second,w04d2b7f,8.550241045462437,6.499787040655854,8.671115273688494,6,6,0,1,1,2,4.0
3627,"[[], [7, 8], [1, 4], [], [0, 9], [], [10, 5], [], [], [], [5]]","[4, -2, None, -1, 0, -3, -3, -1, -2, 1, 3]",307,6,1.0,best_second,w04d2b7f,8.73165920153676,7.154615356913663,8.919319398258887,4,4,0,1,1,2,1.0
3628,"[[], [], [], [8, 10], [7], [], [4, 7], [], [9, 5], [], [1, 2]]","[-2, 1, 2, None, 4, -2, 4, -4, 1, 1, -4]",257,4,3.0,best_second,w04d2b7f,8.705662478796425,6.905753276311463,8.858510813033927,2,2,0,1,1,2,1.0
3630,"[[3, 9], [8, 4], [1, 0], [], [], [], [7], [], [], [], [6, 7]]","[-4, 2, None, 4, 3, -3, -3, 1, -4, 3, 3]",221,6,1.0,best_min,w04d2b7f,8.452334619067742,6.961296045910167,8.655214489313613,5,5,0,1,1,2,1.0
3636,"[[], [], [7, 6], [], [8, 2], [0], [], [], [9, 1], [], [5, 0]]","[1, -4, 1, -1, None, -3, -2, 3, 4, 4, -3]",271,7,8.0,best_third,w04d2b7f,8.265135629937387,6.763884908562435,8.46611040118692,8,8,0,1,1,2,5.0
3637,"[[7, 4], [3, 2], [10, 9], [5, 8], [], [], [], [4], [], [], []]","[4, None, -3, 2, 2, -3, -3, -2, 0, -3, 1]",147,5,2.0,best_second,wce032b7,8.019612794400267,9.405907155520158,9.628984915196462,2,2,0,1,1,2,4.0
3640,"[[3], [6, 5], [], [], [], [10, 2], [7, 9], [], [0, 3], [], []]","[-1, None, 4, -2, -4, 4, -4, 0, -4, -3, 1]",61,10,0.0,best_second,wce032b7,8.323851131338817,7.609366537954212,8.722091302389096,8,8,0,1,1,2,3.0
3641,"[[4], [], [6, 5], [], [], [7, 1], [8, 3], [], [], [0, 4], []]","[3, 3, None, 3, 3, 1, -1, -4, -1, 0, 2]",41,5,2.0,best_min,wce032b7,8.878497403738631,7.687997166393016,9.143880005275914,4,4,0,1,1,2,4.0
3643,"[[10, 7], [], [], [6, 2], [3, 0], [1], [], [], [5, 1], [], []]","[-4, 0, 4, 4, None, 4, 3, 3, 0, 3, 1]",185,7,0.0,best_second,wce032b7,9.117786390365575,6.638567789166521,9.198166571044473,8,7,1,0,1,2,2.0
3645,"[[4], [], [], [], [], [9, 7], [0, 4], [1, 8], [], [2, 3], []]","[2, 4, 2, -2, 0, None, -4, 3, -4, -4, -2]",183,10,7.0,best_second,wce032b7,8.336869637284956,7.038783541388542,8.57810012631976,7,7,0,1,1,2,4.0
3647,"[[5, 10], [], [], [], [6, 1], [9, 8], [1], [], [], [], [3, 2]]","[None, -2, -3, 4, 2, 0, 0, -4, -4, -1, -4]",47,4,1.0,best_min,wce032b7,9.787627666441594,7.047517221357296,9.850139517034204,0,0,0,1,1,2,3.0
3648,"[[], [], [7], [6, 9], [0, 8], [2, 7], [], [], [], [], [4, 3]]","[3, 1, -3, 3, -3, 4, 4, -4, -4, 1, None]",99,8,2.0,best_second,wce032b7,8.550241045462437,6.419994928147143,8.662331957082477,7,7,0,1,1,2,7.0
3651,"[[10, 3], [0, 5], [], [], [2], [9, 7], [4, 2], [], [], [], []]","[4, None, 3, -4, 1, 1, 2, 0, 0, 4, 4]",193,6,8.0,best_min,wce032b7,7.089243155027514,6.0844994130751715,7.400620577371135,8,8,0,1,1,2,4.0
3652,"[[], [5, 6], [], [0, 2], [], [6], [], [8, 4], [], [], [7, 3]]","[1, 1, 3, 0, 1, -2, -2, 1, -4, 4, None]",85,3,0.0,best_third,wce032b7,7.942717540573791,7.766840537085513,8.55159461813357,3,2,1,0,0,2,2.0
3658,"[[], [], [], [], [0, 2], [8, 1], [3, 10], [4, 6], [1], [], []]","[4, 1, -3, -3, 2, -2, -2, None, -1, 2, -4]",127,10,5.0,best_second,wce032b7,8.063377822367025,7.356279876550749,8.464003362902119,6,6,0,1,1,2,1.0
3661,"[[], [], [4, 5], [], [], [], [7, 3], [3], [9, 1], [], [2, 8]]","[-1, -3, -2, -4, -4, 4, -1, -1, 0, 0, None]",67,5,6.0,best_min,wce032b7,8.246695943718557,7.408530566894627,8.605936401250627,2,2,0,1,1,2,3.0
3662,"[[], [0, 7], [3], [], [], [], [], [], [5, 4], [2, 3], [1, 8]]","[0, -4, -4, -2, 4, 1, 0, -3, 4, -3, None]",19,10,0.0,best_second,wce032b7,7.7284157798410416,7.493873886783559,8.310906757168452,8,8,0,1,1,2,3.0
3663,"[[], [], [], [0], [8, 6], [3, 0], [2, 1], [], [7, 9], [], []]","[4, 3, -1, -4, None, 2, 2, -3, -1, 1, 3]",1,6,1.0,best_second,wce032b7,7.999007213243954,8.416488487294606,8.922391597295858,5,5,0,1,1,2,4.0
3665,"[[8, 10], [9, 6], [], [5, 0], [], [7, 2], [], [], [], [6], []]","[4, 0, -3, None, 3, -4, -1, 2, 4, 0, -4]",131,11,8.0,best_second,wce032b7,7.906915488678587,6.380122536899766,8.103191752285786,8,8,0,1,1,2,5.0
3667,"[[], [], [9, 7], [], [5], [], [], [0, 6], [4, 5], [10, 3], []]","[2, -4, None, -2, -2, 3, 4, -4, -4, 4, 4]",173,8,6.0,best_second,wce032b7,7.7314920292456835,7.069023426578259,8.146998697389991,8,8,0,1,1,2,2.0
3671,"[[], [], [5, 0], [], [6, 1], [], [1], [], [9, 2], [7, 10], []]","[1, 1, 2, -4, -3, -4, 2, 2, None, 0, 0]",153,3,1.0,best_min,wce032b7,8.565030520830398,7.337587743538596,8.821879862683842,3,3,0,1,1,2,2.0
3676,"[[], [3], [], [], [], [], [2, 4], [8, 5], [], [1, 3], [6, 7]]","[0, 4, 3, 4, -1, 4, -4, 4, -4, 0, None]",5,10,0.0,best_second,wce032b7,7.835579246669965,7.3783837129967145,8.32579052588609,8,8,0,1,1,2,4.0
3678,"[[], [5, 8], [], [7, 0], [], [], [], [0], [], [10, 1], [6, 2]]","[-2, 2, 0, 0, -3, 3, -2, 4, -3, None, 3]",91,4,3.0,best_min,wce032b7,8.9237243977064,6.927557906278317,9.05099287874205,5,3,2,0,0,2,6.0
3680,"[[], [], [5, 3], [], [0, 1], [], [], [], [2, 4], [10, 6], [6]]","[2, 3, -4, -1, -1, -4, -1, 1, None, -1, -2]",103,6,4.0,best_second,wce032b7,9.221675881639928,7.51425465281641,9.388235479817222,2,2,0,1,1,2,3.0
3681,"[[], [3], [6, 8], [], [5, 0], [], [], [], [], [1, 3], [2, 4]]","[-1, 4, 4, 3, -3, -2, -1, 3, 4, 4, None]",195,10,0.0,best_second,wce032b7,8.67334187390617,7.143617602704122,8.869257522797286,8,3,5,0,1,2,1.0
3683,"[[8], [], [4, 1], [0, 8], [], [10, 2], [], [], [], [], [6, 9]]","[3, -1, 3, 0, -4, None, -3, 4, -3, 1, -3]",49,5,4.0,best_second,wce032b7,8.963672275615016,7.455876687491824,9.163563180417254,2,2,0,1,1,2,4.0
3686,"[[10, 3], [6], [0, 9], [], [1, 6], [], [], [], [], [5, 8], []]","[4, -2, None, -4, -4, 1, -3, 4, -1, -3, 2]",63,8,8.0,best_second,wce032b7,8.224431573221157,6.324358962381311,8.363575702750637,6,6,0,1,1,2,2.0
3689,"[[], [7, 8], [], [], [], [3, 2], [1, 5], [], [], [0], [9, 0]]","[1, 3, -4, 3, -3, -1, None, -3, 1, 2, -1]",121,5,2.0,best_third,wce032b7,8.571491964823617,6.888572459565363,8.741775706924702,4,4,0,1,1,2,7.0
3691,"[[], [], [3], [], [], [10, 6], [4, 1], [], [], [2, 3], [0, 8]]","[4, -3, -3, -1, -1, None, -4, -4, 0, 3, 3]",165,10,3.0,best_second,wce032b7,8.666991556504632,6.327936783729195,8.758883680017025,7,7,0,1,1,2,2.0
3692,"[[10, 8], [0, 5], [9], [2, 9], [], [7, 6], [], [], [], [], []]","[-4, None, 2, 0, 4, 3, 4, -2, -4, 2, -1]",135,11,1.0,best_second,wce032b7,7.618251097876696,6.9650803456014065,8.03689677268507,7,7,0,1,1,2,3.0
3699,"[[], [7, 9], [3, 5], [5], [], [], [], [8, 6], [], [0, 10], []]","[1, None, 3, 1, 2, -4, 0, 4, -1, 4, 3]",75,3,1.0,best_second,wce032b7,7.671360923190644,7.4489161025442,8.25919936266628,7,7,0,1,1,2,1.0
3700,"[[10, 3], [2, 5], [], [], [], [], [4, 7], [], [1, 6], [], [3]]","[-1, -3, 4, 0, -4, -2, 2, 3, None, -4, 0]",143,7,1.0,best_third,wce032b7,7.934513463882263,7.141245122350491,8.307459327011944,5,5,0,1,1,2,6.0
3702,"[[], [5, 3], [], [], [], [3], [7, 9], [], [10, 6], [], [2, 4]]","[-4, 2, 0, 3, 1, -1, 3, -4, None, 4, 3]",21,5,1.0,best_min,wce032b7,8.538171597801428,7.141245122350491,8.75904072752422,7,7,0,1,1,2,1.0
3705,"[[], [], [7, 8], [5, 1], [3, 9], [], [], [8], [], [10, 6], []]","[2, 1, 4, -4, None, 0, -2, 1, -2, 3, 0]",95,5,5.0,best_second,wce032b7,8.623353387244629,6.513230110912307,8.73761303680885,3,3,0,1,1,2,1.0
3706,"[[4, 1], [9, 3], [], [], [7, 2], [], [8, 5], [], [5], [], []]","[None, -4, -1, -1, -3, -3, -3, 3, -4, 1, -2]",179,4,2.0,best_third,wce032b7,8.869257522797286,8.205218426395412,9.284426915328881,0,0,0,1,1,2,2.0
3707,"[[], [], [], [9, 6], [8], [4, 8], [], [10, 3], [], [], [0, 1]]","[0, 4, -2, -4, 4, 0, -4, None, -3, -2, -1]",145,8,5.0,best_second,wce032b7,8.48446336679332,6.871091294610546,8.66595796468135,3,3,0,1,1,2,2.0
3711,"[[5, 3], [], [], [6, 1], [], [7, 9], [], [], [4], [], [8, 4]]","[None, 0, 0, -2, -1, 4, -2, -4, 2, 0, 2]",117,6,4.0,best_second,wce032b7,8.227909837597483,7.040536390215956,8.493924564476883,4,0,4,0,1,2,2.0
3712,"[[], [5], [1, 5], [], [0, 10], [], [3, 9], [4, 6], [], [], []]","[4, 4, -4, 0, -4, 2, 1, None, -1, -2, 2]",51,2,3.0,best_third,wce032b7,9.288226910633254,6.790097235513905,9.36717316600297,1,1,0,1,1,2,2.0
3717,"[[], [], [5, 10], [4, 0], [], [10], [8, 3], [], [1, 7], [], []]","[0, 1, -4, 3, 2, 1, None, 0, 1, 3, 0]",59,3,3.0,best_second,wce032b7,7.826044013518966,7.142827401161621,8.234564993267137,5,5,0,1,1,2,1.0
3721,"[[], [6, 9], [10, 5], [], [8, 2], [], [9], [], [3, 0], [], []]","[-2, -3, 0, -4, None, -4, -2, 2, 2, 4, 3]",45,5,4.0,best_min,wce032b7,7.8724551500639794,7.700295203420117,8.48301573961465,3,0,3,0,0,2,7.0
3722,"[[], [], [4, 5], [6, 0], [], [], [0], [], [2, 10], [], [7, 1]]","[1, -1, 4, 4, -2, 0, 4, -3, None, 4, 4]",35,2,4.0,best_third,wce032b7,8.617219505483362,6.862757913051401,8.776630098427717,4,4,0,1,1,2,2.0
3723,"[[], [0, 9], [], [7, 10], [], [8, 4], [5, 1], [10], [], [], []]","[-4, 3, 3, 3, -3, -4, None, -4, 0, 4, -4]",133,11,1.0,best_second,wce032b7,8.299037181613066,7.45298232946546,8.655911110728061,7,7,0,1,1,2,3.0
3724,"[[6, 7], [2, 4], [], [5, 10], [], [10], [], [], [1, 0], [], []]","[-3, 3, -4, -4, 2, 3, -3, -2, None, 3, 3]",31,9,1.0,best_second,wce032b7,7.707062655370473,6.601230118728877,7.99260665240021,5,5,0,1,1,2,1.0
3725,"[[], [], [], [7, 2], [1, 5], [], [9, 4], [2], [], [8, 10], []]","[3, 2, -1, 1, 1, -2, None, -3, 1, 3, 2]",163,3,1.0,best_second,wce032b7,7.528331766707247,6.809039306042979,7.9247959139564355,5,5,0,1,1,2,4.0
3726,"[[], [2, 7], [], [], [], [1, 6], [10, 0], [], [9, 3], [3], []]","[-2, 0, 4, -4, 1, None, -3, -4, -1, -2, 3]",123,7,4.0,best_third,wce032b7,8.090708716083997,6.095824562432225,8.217978203150732,4,4,0,1,1,2,5.0
3729,"[[6, 5], [], [8], [0, 4], [9, 1], [], [], [], [], [], [2, 8]]","[-3, 2, 2, None, 3, -1, -3, 4, 3, -2, -2]",65,8,1.0,best_second,wce032b7,8.924123891686012,6.298949246855942,8.9939241414114,5,1,4,0,1,2,2.0
3730,"[[2, 1], [], [], [5, 0], [], [7, 10], [], [], [4], [8, 4], []]","[1, -2, 0, None, 4, 3, -4, 0, 0, -1, 3]",89,5,0.0,best_second,wce032b7,8.277666160851503,7.0184017990692,8.527341522468053,6,6,0,1,1,2,2.0
3736,"[[8, 4], [2, 3], [3], [], [], [], [], [9, 5], [], [], [0, 7]]","[4, -1, -4, -4, 2, -3, 4, -4, -3, 4, None]",113,8,2.0,best_second,wce032b7,8.109826276018477,7.411556287811163,8.513385953073284,6,6,0,1,1,2,7.0
3739,"[[], [], [0, 9], [6, 1], [2, 3], [], [], [8, 10], [10], [], []]","[3, -3, 2, 0, None, 2, -4, -4, -2, -1, 3]",115,7,3.0,best_second,wce032b7,8.992433087457218,6.955592608396297,9.114930187171524,5,5,0,1,1,2,1.0
3740,"[[9, 3], [4, 8], [], [], [6, 10], [], [], [], [5, 2], [3], []]","[3, None, -1, -2, 0, 1, -3, 0, 2, 2, -4]",107,5,3.0,best_second,wce032b7,8.255048902752295,6.453624998892692,8.407601514786142,3,3,0,1,1,2,1.0
3742,"[[8, 5], [], [1, 6], [10, 9], [2, 3], [], [], [], [5], [], []]","[-3, -4, 3, -4, None, 0, 2, 4, 4, -3, 0]",139,9,1.0,best_second,wce032b7,7.78155595923534,6.949856455000773,8.142645185942794,5,5,0,1,1,2,3.0
3743,"[[2], [], [], [], [], [0, 2], [7, 1], [], [3, 9], [], [6, 8]]","[4, 0, -1, 2, -2, -2, 3, 4, 2, -3, None]",83,5,3.0,best_third,wce032b7,7.397561535524052,7.281385663570283,8.03398273468322,7,7,0,1,1,2,5.0
3745,"[[], [5, 10], [0, 6], [4], [], [], [], [3, 4], [], [2, 1], []]","[4, -3, 4, 1, -4, -4, -1, 0, -4, None, 1]",17,10,5.0,best_second,wce032b7,7.481555701909516,6.349138991379798,7.760467029213421,8,8,0,1,1,2,5.0
3749,"[[], [4], [1, 4], [], [], [3, 9], [5, 8], [], [10, 0], [], []]","[-3, -3, 4, 1, -4, 0, None, 1, 2, -3, 2]",77,5,5.0,best_third,wce032b7,7.795646536334594,6.318968113746434,8.001019961323651,4,4,0,1,1,2,4.0
3751,"[[6, 1], [], [5, 9], [], [8], [], [], [2, 0], [], [], [4, 8]]","[4, -3, -4, -4, 3, 2, 4, None, 1, -4, 1]",15,11,7.0,best_second,wce032b7,7.7226775164680035,7.121252453244542,8.159374736775426,8,8,0,1,1,2,6.0
3754,"[[], [6, 4], [1, 9], [], [], [], [], [8, 3], [3], [5, 10], []]","[4, -2, None, -2, -2, 4, -1, 1, 2, 0, 1]",81,6,1.0,best_second,wce032b7,8.60940767540405,6.428105272684596,8.716207971151851,4,4,0,1,1,2,1.0
3755,"[[], [0, 5], [1, 9], [], [8, 7], [], [], [], [7], [10, 6], []]","[-2, 4, None, -1, -4, -1, 0, 4, 0, 1, 4]",189,3,1.0,best_min,wce032b7,7.821643126239982,6.391917113392602,8.035926369891792,5,5,0,1,1,2,1.0
3756,"[[2, 8], [3, 5], [7, 10], [5], [], [], [], [], [9, 4], [], []]","[None, -4, 1, -2, 2, 4, -3, -2, 0, 0, 0]",23,2,1.0,best_third,wce032b7,7.495541943884256,8.489821994620106,8.804475183846678,2,1,1,0,0,2,2.0
3757,"[[], [], [0, 9], [], [7, 5], [], [], [5], [6, 3], [], [2, 8]]","[4, -2, -4, -2, 0, -4, 4, 0, 4, -1, None]",7,9,6.0,best_second,wce032b7,7.76004068088038,6.082218910376446,7.930925372483388,8,8,0,1,1,2,5.0
3762,"[[8, 7], [], [9, 1], [], [6, 3], [4, 2], [], [], [7], [], []]","[-4, -2, -4, -4, 3, None, 3, 3, -1, -4, -2]",175,11,7.0,best_second,wce032b7,8.461257559085935,6.313548046277095,8.571491964823617,6,6,0,1,1,2,2.0
3763,"[[], [6, 3], [], [], [5, 0], [], [], [10, 9], [1, 4], [], [9]]","[-2, -2, 2, -3, 2, 3, -2, -2, None, 4, 1]",181,8,4.0,best_second,wce032b7,7.317876198626496,6.274762021241939,7.619233416226806,5,5,0,1,1,2,1.0
3765,"[[8, 10], [], [1, 4], [0, 2], [], [7, 6], [], [6], [], [], []]","[1, 1, -2, None, 2, -3, -4, 3, -3, -2, -4]",87,2,4.0,best_second,wce032b7,8.875287128108383,7.583756300707112,9.118005760773386,0,0,0,1,1,2,1.0
3766,"[[4, 3], [], [], [], [3], [], [], [], [2, 5], [8, 10], [6, 7]]","[4, -1, -3, -4, 1, 4, -3, -2, 1, None, -4]",27,10,3.0,best_second,wce032b7,8.300528606199737,6.988413181999592,8.538758969330798,5,5,0,1,1,2,1.0
3767,"[[], [], [], [8, 5], [], [6, 9], [], [4], [0, 2], [], [7, 4]]","[-3, 2, -1, None, 3, 2, -2, 3, -4, 4, 1]",97,10,2.0,best_second,wce032b7,8.292047637431354,7.2456550675945355,8.592857095337227,6,6,0,1,1,2,2.0
3768,"[[3, 7], [8, 4], [], [7], [], [], [2, 9], [], [], [], [6, 1]]","[-1, -4, 4, -3, 3, 4, 3, -3, -2, -2, None]",33,9,5.0,best_second,wce032b7,8.304989580140361,7.415776975415394,8.649098262296176,7,7,0,1,1,2,5.0
3769,"[[7, 4], [], [], [10, 8], [], [3, 6], [2, 1], [4], [], [], []]","[-3, 1, 2, -4, -4, None, 4, 4, -1, 2, 1]",69,7,3.0,best_second,wce032b7,7.716906135298388,6.470799503782602,7.969357742016347,6,6,0,1,1,2,2.0
3771,"[[10, 8], [9, 6], [3, 1], [4, 7], [], [], [], [], [], [], [8]]","[1, 4, None, -3, -4, -4, -3, 3, -3, 4, 0]",55,10,7.0,best_second,wce032b7,7.824046010856293,6.180016653652572,8.000349495324684,8,8,0,1,1,2,7.0
3773,"[[10, 8], [], [7, 3], [9, 5], [], [], [], [1, 4], [], [], [8]]","[2, -3, None, -4, -1, -2, -2, -2, -2, -3, -1]",187,3,1.0,best_second,wce032b7,8.837826364007704,7.010311867307228,8.98682175033189,-3,-3,0,1,1,2,1.0
3776,"[[4, 5], [], [], [], [2, 6], [3, 9], [], [8, 1], [1], [], []]","[None, 4, -1, 3, 3, -4, 4, -2, 2, -3, -3]",157,9,1.0,best_second,wce032b7,8.83840674707681,6.898714534329988,8.97259066827261,7,7,0,1,1,2,6.0
3777,"[[], [], [], [10, 5], [9], [], [4, 9], [1, 0], [3, 7], [], []]","[3, -1, 2, 3, 4, -1, -1, 4, None, -1, -2]",111,5,1.0,best_second,wce032b7,8.696844519654315,7.0630481633881725,8.875007486048395,7,7,0,1,1,2,1.0
3778,"[[], [3], [], [], [1, 3], [8, 7], [], [], [], [2, 6], [5, 9]]","[-3, -4, -2, 3, 4, 2, -4, 3, -3, -4, None]",79,10,1.0,best_second,wce032b7,7.939515260662406,6.792344427470809,8.215006432761575,5,5,0,1,1,2,2.0
3780,"[[], [], [6, 0], [7, 10], [], [8, 3], [0], [], [1, 9], [], []]","[-2, 2, -1, 3, -4, None, -3, 4, -4, -2, -4]",57,10,7.0,best_second,wce032b7,7.786967002614872,6.171700597410916,7.967973179662936,7,7,0,1,1,2,4.0
3781,"[[10, 4], [2, 6], [5, 3], [], [], [], [8, 9], [], [], [], [4]]","[2, None, -4, -1, -1, 1, 3, 3, 3, -1, 3]",177,8,4.0,best_second,wce032b7,7.6511201757027,6.242223265455165,7.86940171257709,6,6,0,1,1,2,2.0
3782,"[[], [], [3], [], [], [10, 7], [2, 3], [8, 4], [], [], [9, 1]]","[1, -3, -3, -1, -2, None, 3, 1, 4, 1, -3]",119,8,3.0,best_second,wce032b7,7.472500744737558,6.124683390894205,7.703007682479236,5,5,0,1,1,2,4.0
3783,"[[], [], [9, 4], [], [0, 10], [7], [], [], [5, 7], [3, 1], []]","[3, -3, None, -2, 4, -3, 0, 0, 4, -1, 0]",9,8,4.0,best_second,wce032b7,7.652070746116482,6.20050917404269,7.862112211662748,7,7,0,1,1,2,1.0
3784,"[[4, 3], [], [], [9, 1], [5, 6], [], [], [2], [7, 2], [], []]","[None, 3, 0, -3, 1, 1, -4, 3, 3, -3, -3]",151,5,5.0,best_third,wce032b7,7.919719760924575,7.313886831633462,8.35490952835879,2,2,0,1,1,2,6.0
3788,"[[7, 3], [], [5, 1], [], [], [], [0, 2], [], [], [10, 4], [4]]","[3, 1, -4, -3, 0, -2, None, -2, 1, 4, 0]",155,4,6.0,best_second,wce032b7,8.615408238913192,7.035268599281097,8.802522498284421,1,1,0,1,1,2,3.0
3791,"[[], [], [], [9, 4], [], [], [], [8, 10], [0, 6], [4], [2, 1]]","[-2, 1, -3, -4, 3, -3, 2, None, 4, 0, -3]",125,8,2.0,best_second,wce032b7,8.14351740579748,6.059123195581797,8.260492856573185,6,2,4,0,1,2,4.0
3795,"[[], [], [], [5, 10], [6, 0], [8, 2], [0], [], [], [], [9, 7]]","[-1, -3, 4, None, -4, 4, 4, 2, 0, -4, -4]",171,10,0.0,best_second,wce032b7,7.974532844130229,6.80128303447162,8.24380842366528,8,8,0,1,1,2,6.0
3796,"[[], [], [], [2, 1], [0, 9], [7], [3, 4], [], [5, 7], [], []]","[1, 1, -4, 1, 0, -3, None, -2, -3, 3, 2]",141,3,3.0,best_third,wce032b7,8.43750042250699,7.401231264413014,8.740976538017787,3,3,0,1,1,2,5.0
3797,"[[], [8, 10], [], [0], [], [3, 0], [], [], [7, 6], [], [2, 9]]","[-3, None, -2, 1, 1, 1, -3, -2, 3, 1, -4]",169,4,6.0,best_second,wce032b7,8.157943507105037,7.277938572945662,8.504715669905126,1,1,0,1,1,2,3.0
3798,"[[], [], [8, 0], [2, 9], [], [10, 4], [], [], [], [6, 7], [4]]","[-4, 4, -4, None, 4, -3, 3, -1, -3, 4, -4]",159,11,5.0,best_second,wce032b7,8.527539483470381,6.257667587882639,8.625688787569537,7,7,0,1,1,2,1.0
3799,"[[7, 1], [], [], [], [6, 10], [], [9, 3], [1], [], [], [2, 5]]","[2, 0, 4, 1, None, 1, 2, 0, 0, 2, 1]",149,2,1.0,best_min,wce032b7,8.269756947532983,6.244166900663736,8.393442383980062,5,4,1,0,0,2,3.0
3802,"[[2, 9], [3, 6], [], [], [], [10, 8], [], [0, 1], [], [], [8]]","[-1, -2, 0, 3, 2, 2, 4, None, 0, -2, -1]",39,3,6.0,best_second,wce032b7,9.249561085129464,7.626082758072381,9.429475901892854,2,2,0,1,1,2,2.0
3803,"[[], [3, 6], [], [6], [], [9, 2], [], [5, 8], [4, 10], [], []]","[4, -4, -4, 4, 3, 4, -4, None, 1, 3, 4]",43,4,8.0,best_min,wce032b7,7.5740450053721995,6.327936783729195,7.826443135456014,7,7,0,1,1,2,1.0
3805,"[[5], [8, 3], [], [4, 10], [], [], [0, 5], [], [9, 2], [], []]","[-3, None, -2, 3, 4, 3, 1, -4, 0, -1, -3]",11,8,6.0,best_second,wce032b7,7.627544390488503,6.278521424165844,7.857867559331803,7,7,0,1,1,2,1.0
3806,"[[], [4, 10], [], [], [10], [7, 2], [3, 9], [], [6, 5], [], []]","[0, 2, -2, -3, 1, -4, 4, 0, None, -1, 0]",93,6,5.0,best_second,wce032b7,8.570165076182343,7.051855622955895,8.768107539675803,3,3,0,1,1,2,2.0
3808,"[[1], [], [7, 6], [], [8, 2], [], [], [], [10, 3], [0, 1], []]","[0, 1, -4, 2, None, -1, -2, 3, 4, 4, -3]",167,8,2.0,best_second,wce032b7,8.410498452745275,6.7650389767805414,8.586719254064848,6,6,0,1,1,2,5.0
3810,"[[9, 6], [8, 5], [], [], [], [], [], [1, 10], [], [6], [3, 2]]","[-4, -3, 3, 0, -1, 1, -3, None, 0, -1, 2]",129,6,1.0,best_second,wce032b7,8.010027528481734,8.043342170441608,8.719807451477955,5,5,0,1,1,2,1.0
3811,"[[2], [0, 2], [], [], [], [], [8, 10], [], [9, 5], [], [7, 4]]","[2, 0, 2, 3, -3, -1, None, 4, -4, -3, -3]",137,7,0.0,best_third,wce032b7,8.39931015075952,6.302618975744904,8.514990767861038,1,1,0,1,1,2,2.0
3812,"[[3, 2], [], [], [], [1, 7], [], [4, 0], [], [9, 10], [10], []]","[-3, 1, -2, -4, 4, 4, None, -4, -4, -2, -4]",53,9,8.0,best_second,wce032b7,7.685703061234547,6.025865973825315,7.859413154693583,5,5,0,1,1,2,2.0
3813,"[[], [2, 4], [4], [], [], [9, 7], [], [8, 10], [], [3, 6], []]","[-3, -3, 0, -4, 1, None, 0, 4, 2, -4, 4]",109,10,0.0,best_second,wce032b7,8.03689677268507,6.98933526597456,8.337348564497175,8,8,0,1,1,2,4.0
3817,"[[1, 2], [2], [], [], [7, 8], [], [], [], [], [3, 6], [4, 9]]","[-4, 0, 2, 0, -1, 2, 4, 2, -4, 4, None]",3,8,0.0,best_second,wce032b7,7.369600720526409,7.3987862754199485,8.077136638538455,8,8,0,1,1,2,6.0
3819,"[[], [5], [6, 7], [], [1, 5], [], [10, 3], [8, 0], [], [], []]","[-3, -4, None, 3, -3, -4, 4, -4, -2, -2, -3]",199,11,1.0,best_second,wce032b7,7.894318063841624,6.928537818164666,8.216628493133442,7,7,0,1,1,2,1.0
3820,"[[6, 4], [], [], [], [], [9, 3], [], [8, 1], [1], [], [0, 5]]","[4, -3, 2, -1, -4, 3, 4, 3, 0, -2, None]",25,7,8.0,best_min,wce032b7,8.110427237575026,6.408528791059498,8.277666160851503,8,8,0,1,1,2,1.0
3822,"[[], [], [], [], [0], [2, 8], [7, 1], [], [], [5, 6], [4, 0]]","[-3, -4, 4, -3, 4, 4, -3, -2, -1, None, 1]",197,11,5.0,best_second,wce032b7,7.811568489345179,6.326149473155099,8.015327309021718,8,8,0,1,1,2,2.0
3823,"[[], [9, 0], [], [8, 10], [], [], [], [], [6, 7], [0], [2, 5]]","[3, -2, -4, None, 3, -2, 3, 2, 2, 3, 4]",101,3,0.0,best_second,wce032b7,8.315321775377567,6.317164686747283,8.442254104751743,5,5,0,1,1,2,2.0
3824,"[[], [4, 6], [], [7, 2], [], [0], [], [], [], [3, 1], [5, 0]]","[-2, -2, 3, 4, -4, 1, 4, -3, 1, None, 1]",13,8,1.0,best_third,wce032b7,8.302265794873367,6.763884908562435,8.496582237512113,7,7,0,1,1,2,8.0
3825,"[[8, 7], [0, 4], [], [6], [2, 9], [3, 6], [], [], [], [], []]","[4, None, -4, -3, -3, 0, 3, -2, 4, -1, -3]",191,11,6.0,best_second,wce032b7,8.399085102935908,6.536691597591305,8.543250725735527,8,8,0,1,1,2,3.0
3826,"[[], [10, 4], [], [], [], [0, 3], [2], [1, 5], [], [6, 2], []]","[2, -1, -3, -2, 4, 4, 3, None, -3, -1, -4]",37,6,6.0,best_third,wce032b7,7.540621528657152,7.9714309977693505,8.471986598578159,6,6,0,1,1,2,8.0
3829,"[[], [4, 6], [], [], [10, 9], [7, 8], [0, 3], [8], [], [], []]","[3, None, -1, -4, -3, -2, 4, -2, -1, -4, -2]",105,11,8.0,best_second,wce032b7,7.342779189331846,6.251903883165888,7.631916513071252,7,7,0,1,1,2,2.0
3830,"[[], [10], [], [1, 10], [], [8, 2], [4, 7], [], [], [5, 6], []]","[4, -1, 0, 3, 1, -3, -3, -2, -1, None, -4]",73,2,1.0,best_min,wce032b7,8.834336974017637,6.541029999189903,8.930361883909434,-2,-2,0,1,1,2,1.0
3832,"[[8], [], [6, 4], [], [], [0, 8], [], [1, 3], [], [2, 7], []]","[-2, -2, -4, 2, -3, -4, -1, 2, -2, None, 4]",71,8,0.0,best_second,wce032b7,8.868976189274541,7.457609289715606,9.08704215563169,4,4,0,1,1,2,2.0
3835,"[[5], [], [], [], [6, 10], [], [9, 1], [0, 5], [], [], [2, 3]]","[-3, -4, -2, -3, None, 1, 2, 2, -3, 4, -4]",29,11,6.0,best_second,wce032b7,7.570443252057373,6.182084906716632,7.792761720816526,6,6,0,1,1,2,1.0
3836,"[[], [4, 9], [0, 10], [], [9], [], [], [8, 2], [3, 5], [], []]","[1, -1, -4, -4, 1, 3, -1, None, 2, -2, 3]",161,7,1.0,best_third,wce032b7,8.758255243232792,6.583409222158765,8.865735152124781,5,5,0,1,1,2,2.0
3837,"[[], [], [10, 6], [], [], [], [4, 3], [9, 8], [], [8], [1, 0]]","[-2, -3, None, -3, 2, 4, 3, 4, -1, 3, -2]",339,8,6.0,best_second,wce032b7,7.886457270977689,6.289715570908997,8.070593539949517,5,5,0,1,1,2,1.0
3839,"[[], [2], [], [], [], [], [], [10, 9], [1, 2], [6, 3], [5, 4]]","[1, -4, 1, 2, -2, -3, 4, None, -4, 1, 4]",373,3,1.0,best_second,wce032b7,8.329416783939319,7.838343315557117,8.806723554725636,5,5,0,1,1,2,1.0
3841,"[[1, 9], [], [], [6, 2], [], [], [2], [10, 0], [], [], [5, 8]]","[4, 4, 1, -3, -2, 2, 0, None, 0, -4, -4]",337,10,8.0,best_second,wce032b7,7.466799475018602,6.192362489474872,7.712890961490129,8,8,0,1,1,2,2.0
3843,"[[7, 2], [], [], [], [5], [], [4, 5], [], [10, 0], [], [3, 1]]","[3, 0, -1, -2, 3, -3, 0, 4, None, 3, 3]",393,5,4.0,best_third,wce032b7,7.818832443803404,6.222576268071369,8.003028666384733,7,7,0,1,1,2,2.0
3844,"[[], [], [], [2, 0], [3, 10], [], [7, 9], [9], [], [], [5, 8]]","[3, 4, 0, -3, None, 0, -3, -1, 1, -1, -2]",255,2,3.0,best_min,wce032b7,8.93260863037757,7.137278437260386,9.086136768516877,0,-1,1,0,0,2,3.0
3847,"[[], [], [], [0, 9], [6], [10, 2], [], [5, 3], [4, 6], [], []]","[-3, -4, -3, 3, 1, 2, -3, None, 2, 3, 2]",353,5,0.0,best_third,wce032b7,8.153925132007862,7.461065514354282,8.559294367434873,6,6,0,1,1,2,5.0
3851,"[[], [4], [], [], [], [], [], [1, 4], [3, 0], [5, 2], [9, 8]]","[0, -2, 2, 3, 1, 1, -1, 0, 2, -1, None]",397,4,2.0,best_second,wce032b7,7.705262474866325,6.230481447578482,7.910957382845588,5,5,0,1,1,2,1.0
3852,"[[6, 4], [], [], [], [7, 2], [3], [8, 1], [], [], [5, 3], []]","[None, 2, 2, -2, 0, 1, 1, 4, 4, 1, 4]",349,2,1.0,best_third,wce032b7,8.07682603129881,7.2868764117507,8.450839690866216,5,5,0,1,1,2,2.0
3857,"[[9, 6], [], [], [], [10, 2], [], [1, 7], [], [], [5, 8], [2]]","[None, 2, -3, 4, 4, 2, -2, 1, 3, 2, -4]",399,4,1.0,best_second,wce032b7,8.688453800850768,6.951772164398911,8.85051762174672,5,5,0,1,1,2,1.0
3858,"[[], [2, 6], [], [5, 1], [], [9, 8], [], [10, 4], [], [], [4]]","[3, -4, 1, None, 0, 4, 3, 2, 4, 3, -3]",395,7,0.0,best_second,wce032b7,7.529406457837013,6.806829360392176,7.9247959139564355,8,8,0,1,1,2,2.0
3860,"[[], [], [6, 5], [], [10, 7], [0, 1], [9, 3], [], [], [], [7]]","[-2, -3, None, 3, -4, -4, 4, 3, 2, -3, 1]",223,11,1.0,best_second,wce032b7,7.84109976542212,7.0343879299155025,8.209852481301272,7,7,0,1,1,2,1.0
3861,"[[], [5, 2], [8, 3], [], [], [0, 7], [4], [], [], [], [6, 4]]","[-3, None, -2, 0, -4, 3, 1, 3, -2, 1, -4]",233,8,0.0,best_second,wce032b7,7.003065458786462,6.960347729101308,7.6746174973643635,6,6,0,1,1,2,2.0
3864,"[[4], [10, 3], [], [], [], [], [1, 9], [], [0, 4], [2, 7], []]","[2, 0, -4, -4, -4, 3, None, 2, -2, 2, 0]",99,6,0.0,best_third,wc312caf,8.763584409450138,8.074649075066652,9.17035136375982,4,4,0,1,1,2,4.0
3867,"[[9], [6, 7], [], [], [1, 10], [], [], [], [0, 9], [], [2, 3]]","[-4, -4, 2, 1, None, 3, -4, -2, 0, 0, 4]",179,9,3.0,best_second,wc312caf,8.074026216124063,8.07215530818825,8.766082459148862,6,6,0,1,1,2,2.0
3868,"[[7, 3], [], [], [], [], [4, 8], [], [3], [], [5, 10], [2, 6]]","[-4, -1, -3, -1, -4, 1, -2, 2, 3, None, 1]",31,6,2.0,best_min,wc312caf,8.818926087090677,7.242082359256962,9.006631733300582,4,4,0,1,1,2,1.0
3869,"[[], [3, 6], [], [], [5, 1], [7, 2], [], [], [0], [], [8, 0]]","[4, -3, 3, -2, None, 4, 2, -1, -1, 3, 0]",171,8,1.0,best_second,wc312caf,7.945909598613133,7.988882253309227,8.660600654710967,7,7,0,1,1,2,4.0
3871,"[[4, 9], [], [5, 6], [8, 1], [], [6], [], [3, 0], [], [], []]","[-4, -4, 2, 2, -2, -3, 1, None, 4, -3, 1]",129,11,6.0,best_second,wc312caf,8.491875383431948,6.343880434126331,8.6020856584342,6,-2,8,0,1,2,1.0
3872,"[[3, 1], [], [10, 5], [1], [], [9, 7], [], [], [], [], [8, 6]]","[-1, -2, None, 0, -3, -1, 0, 2, -2, -3, 2]",191,3,2.0,best_third,wc312caf,8.668196064952765,8.556606193773073,9.307013259236443,2,2,0,1,1,2,5.0
3873,"[[], [5, 4], [], [7], [8, 6], [10, 0], [], [], [], [3, 7], []]","[-1, None, -2, -1, 1, -4, -2, 2, 2, -2, -2]",177,7,3.0,best_second,wc312caf,8.581106517159892,7.347943823148688,8.836664586357426,3,3,0,1,1,2,1.0
3875,"[[], [6, 10], [], [7, 5], [], [4, 9], [10], [8, 0], [], [], []]","[2, 4, -1, None, -2, -4, -1, 4, 0, 0, 4]",145,8,2.0,best_second,wc312caf,8.755107121633896,7.227662498728654,8.951440100949853,6,6,0,1,1,2,2.0
3877,"[[8, 7], [], [], [6, 2], [], [0, 10], [2], [], [], [], [9, 4]]","[4, -2, 1, 2, -2, None, 3, 4, 0, 0, -1]",147,8,0.0,best_second,wc312caf,7.801391320291486,7.286191714702382,8.269500767180615,8,8,0,1,1,2,2.0
3878,"[[2, 6], [], [10, 5], [1], [], [], [7, 8], [], [], [3, 1], []]","[None, -3, -1, 4, -4, 0, -2, -1, -2, -1, -1]",3,2,0.0,best_second,wc312caf,8.481358738407021,7.731930721948486,8.86827250899781,-1,-3,2,0,0,2,1.0
3879,"[[8, 3], [], [], [5, 7], [], [], [9], [], [4, 1], [], [6, 9]]","[None, 2, 0, -2, -2, 1, -3, -2, -4, 3, -1]",105,3,0.0,best_third,wc312caf,9.04310445260027,8.617581365447506,9.545883605779304,-1,-1,0,1,1,2,4.0
3880,"[[], [], [0, 4], [], [], [], [3], [2, 9], [], [8, 5], [6, 3]]","[3, -4, 4, -2, -3, -1, 4, None, 0, -3, -3]",125,9,7.0,best_second,wc312caf,7.591357046698551,7.113956109566035,8.073714641109857,7,7,0,1,1,2,1.0
3882,"[[], [10], [9, 0], [7, 4], [], [], [1, 10], [], [3, 2], [], []]","[4, 0, 4, -3, 1, 3, -1, -4, None, -1, 1]",173,10,0.0,best_second,wc312caf,8.101677747454572,7.646353722445999,8.592671652592143,8,8,0,1,1,2,5.0
3883,"[[7, 6], [3, 8], [], [8], [], [], [], [], [], [10, 0], [4, 5]]","[-2, -3, 4, -1, -3, 3, 0, -2, 2, None, 3]",175,8,0.0,best_second,wc312caf,7.776535028185241,7.906915488678587,8.536799721055155,6,6,0,1,1,2,2.0
3885,"[[], [], [], [], [0, 2], [6, 10], [10], [8, 4], [3, 9], [], []]","[4, 0, 0, 3, 3, 1, 3, None, 1, 4, 4]",51,3,3.0,best_min,wc312caf,8.127995055771944,7.283448228756631,8.48528964240323,7,7,0,1,1,2,1.0
3887,"[[7, 1], [], [5, 6], [9, 4], [], [6], [], [], [], [], [0, 3]]","[3, -1, -1, -2, -3, 4, 0, 4, 4, 2, None]",11,8,4.0,best_second,wc312caf,8.420021279663963,7.075808863978387,8.651549243915316,7,7,0,1,1,2,5.0
3889,"[[9, 10], [2, 7], [], [1, 0], [], [8, 6], [], [], [6], [], []]","[-3, 3, -1, None, 1, 2, 0, -3, -4, 4, -4]",39,4,6.0,best_third,wc312caf,8.867427438524983,8.125335086714289,9.25674674479034,2,2,0,1,1,2,8.0
3890,"[[2, 1], [], [], [], [], [], [5], [], [6, 5], [0, 10], [4, 3]]","[-2, 3, -1, -3, -4, 3, 1, 4, 2, None, -4]",81,7,5.0,best_second,wc312caf,8.92305821954573,7.10085190894405,9.07280095795412,1,1,0,1,1,2,1.0
3891,"[[], [9, 8], [], [2, 0], [], [], [7, 3], [5, 10], [], [8], []]","[0, 4, -2, -2, 0, -4, None, 1, -4, 1, -1]",43,3,2.0,best_third,wc312caf,8.733271845008327,8.16223106548118,9.181014542594355,0,0,0,1,1,2,2.0
3892,"[[5, 1], [], [10], [2, 10], [9, 7], [], [], [], [0, 4], [], []]","[-4, -1, 4, 2, 3, 2, 2, -2, None, 1, 1]",83,6,5.0,best_second,wc312caf,8.228977643358313,7.937731775260109,8.786914938491025,4,4,0,1,1,2,3.0
3894,"[[4, 1], [], [], [], [1], [6, 7], [3, 10], [2, 8], [], [], []]","[4, 1, 3, 0, 1, None, -4, -1, 2, 0, 1]",69,4,3.0,best_second,wc312caf,8.669742589876522,7.879291485082271,9.043695294567236,2,2,0,1,1,2,1.0
3897,"[[10, 7], [], [9, 4], [5, 2], [], [8, 1], [], [], [], [], [7]]","[-3, 2, 2, None, 4, -1, 1, 4, 3, -2, 0]",73,5,2.0,best_min,wc312caf,8.516192691082653,7.4977617006225685,8.824383730256061,6,6,0,1,1,2,1.0
3898,"[[2, 5], [3], [], [], [1, 3], [], [7, 9], [], [0, 6], [], []]","[1, -3, -3, 2, 1, 4, -4, 1, None, -3, -1]",189,9,3.0,best_second,wc312caf,8.586719254064848,7.360739903058278,8.843903650835497,5,5,0,1,1,2,4.0
3899,"[[9, 8], [], [3], [], [], [], [2, 3], [], [7, 1], [5, 10], []]","[None, 3, 3, -2, -1, -1, 0, 2, 3, -1, 4]",23,4,0.0,best_second,wc312caf,8.494129251817686,8.04430540699064,8.987321812850125,6,6,0,1,1,2,5.0
3900,"[[3, 7], [], [9, 8], [], [5, 1], [1], [2, 0], [], [], [], []]","[3, 4, 0, -4, -1, -1, None, -1, 0, -2, -4]",121,3,4.0,best_third,wc312caf,8.022896869601457,8.113426639943654,8.762176509334903,2,2,0,1,1,2,2.0
3901,"[[3, 4], [], [8], [], [], [9, 0], [], [2, 8], [], [6, 1], []]","[2, 0, 2, 3, -3, None, -2, -2, -2, 3, 2]",199,4,5.0,best_min,wc312caf,8.867004635333567,7.346010209913293,9.064505023752638,5,5,0,1,1,2,2.0
3902,"[[], [0, 3], [8, 10], [], [7], [1, 2], [], [], [], [4, 7], []]","[-1, 4, -3, -4, 4, None, 3, -3, 2, -1, -2]",77,5,8.0,best_second,wc312caf,8.777092882855566,7.782807262839695,9.091782035852047,3,3,0,1,1,2,4.0
3903,"[[8, 5], [], [], [], [], [4, 3], [10], [], [1, 7], [6, 10], []]","[None, 3, 3, 4, 0, -2, 0, -2, -4, -1, -2]",25,5,6.0,best_third,wc312caf,9.02280524812934,7.621195162809845,9.242807562113684,2,2,0,1,1,2,5.0
3907,"[[7, 9], [10, 0], [4, 5], [], [5], [], [], [], [], [], [8, 3]]","[4, None, 4, 2, -1, 1, -3, 4, 3, -2, -2]",131,7,6.0,best_second,wc312caf,8.83608319099221,6.523562306149512,8.930361883909434,8,8,0,1,1,2,1.0
3908,"[[1, 2], [2], [], [], [], [], [], [3, 9], [10, 7], [], [5, 4]]","[2, -1, 0, 4, -2, 1, -3, 4, None, -4, -4]",21,11,8.0,best_second,wc312caf,8.169902647359145,7.502186486602924,8.583729715216483,8,8,0,1,1,2,3.0
3909,"[[3, 10], [], [], [4, 1], [], [], [5], [], [], [6, 5], [8, 7]]","[None, 2, -4, -1, -2, -1, 1, 4, 3, -4, 2]",13,5,2.0,best_second,wc312caf,9.103534367658373,6.897704943128636,9.207937487359871,6,5,1,0,1,2,4.0
3915,"[[8], [10, 3], [0, 8], [5, 7], [], [], [], [], [], [], [4, 6]]","[-2, None, -1, -2, 3, -3, 0, -1, -4, 2, 2]",143,7,2.0,best_second,wc312caf,8.197814032221203,7.167809184316444,8.502891406705379,5,5,0,1,1,2,2.0
3916,"[[], [], [9, 0], [], [], [10, 2], [1], [], [6, 1], [], [7, 3]]","[3, 0, -1, -2, 0, None, -3, -3, -1, -2, 1]",157,4,3.0,best_min,wc312caf,8.797246236703527,8.676246121270838,9.431642228411022,2,-1,3,0,0,2,5.0
3917,"[[], [], [], [4, 0], [], [2], [], [], [6, 1], [3, 8], [5, 2]]","[-4, 4, -3, 4, 4, 0, -3, -1, -2, None, -1]",61,9,8.0,best_third,wc312caf,7.699389406256736,7.666221925662725,8.375860015299592,8,8,0,1,1,2,7.0
3921,"[[5, 3], [], [10, 0], [], [], [], [], [8, 9], [9], [], [1, 6]]","[-4, -4, None, 3, 0, 1, 3, 4, -1, -4, 2]",91,7,1.0,best_third,wc312caf,8.294799358992574,7.786967002614872,8.765770543987257,5,5,0,1,1,2,2.0
3923,"[[9], [], [], [], [8, 1], [4, 10], [0, 9], [], [], [], [2, 3]]","[3, 4, 0, -2, 4, None, 1, -2, -4, -4, -2]",71,10,0.0,best_second,wc312caf,7.551186867296149,7.526717561352706,8.23190824356418,8,8,0,1,1,2,2.0
3929,"[[4], [], [1, 9], [2, 5], [], [7, 8], [0, 4], [], [], [], []]","[-4, -3, 3, None, -4, -4, 4, -3, 2, 3, -3]",45,9,0.0,best_second,wc312caf,7.988542982737695,7.32052696227274,8.402231172946555,6,6,0,1,1,2,5.0
3933,"[[2, 7], [], [6, 5], [], [10, 1], [], [], [3, 9], [], [], [1]]","[None, 4, 1, -4, -2, -3, -4, -3, -1, 3, 0]",123,4,4.0,best_min,wc312caf,8.390949464841986,7.64826303090192,8.780018887869153,0,-3,3,0,0,2,7.0
3934,"[[], [], [], [4, 6], [9, 1], [7, 10], [8, 2], [10], [], [], []]","[0, 1, 4, None, -2, 3, 4, 1, -4, 0, -4]",167,9,0.0,best_second,wc312caf,8.14002395246292,8.09712193091871,8.811801223938751,8,8,0,1,1,2,1.0
3935,"[[9, 1], [], [0, 3], [4, 6], [], [], [], [8], [], [], [7, 8]]","[-4, -1, None, 4, 4, 3, -2, 4, -3, 4, 4]",95,9,6.0,best_second,wc312caf,7.853604813097837,7.364547014255642,8.331586243630753,8,8,0,1,1,2,5.0
3938,"[[4, 5], [], [6], [], [], [], [], [8, 1], [], [7, 0], [2, 6]]","[0, 2, -1, 3, 4, 2, 4, 1, 4, None, 0]",93,2,1.0,best_third,wc312caf,8.759982494977281,6.484635235635252,8.857657449306988,5,5,0,1,1,2,2.0
3940,"[[], [], [], [], [3, 9], [6, 4], [8, 2], [0], [], [], [7, 0]]","[-1, 4, -3, -3, -2, None, 2, 2, 4, -4, -2]",107,10,5.0,best_second,wc312caf,8.547334348328224,7.172424577124845,8.772610303280741,6,6,0,1,1,2,1.0
3942,"[[], [3, 0], [8, 7], [], [], [], [10, 5], [], [], [2, 1], [5]]","[4, 3, -1, 3, 0, 1, 1, 2, 0, None, -3]",57,5,1.0,best_second,wc312caf,9.060911858484253,8.227642707904428,9.421735176255845,7,7,0,1,1,2,2.0
3943,"[[], [], [], [6, 2], [9, 8], [], [2], [], [5, 1], [7, 0], []]","[-3, -2, 3, 2, None, -1, 4, 1, 2, 2, -2]",127,3,4.0,best_min,wc312caf,9.26926943950547,7.502738210754851,9.426982836948033,3,1,2,0,0,2,4.0
3946,"[[1], [], [3, 7], [], [0, 1], [10, 8], [], [], [], [2, 5], []]","[2, -4, -2, -4, -4, 0, -4, 3, 2, None, 4]",137,5,2.0,best_second,wc312caf,8.556029215201436,7.59337419312129,8.879333174786028,4,4,0,1,1,2,7.0
3947,"[[7, 10], [], [], [], [], [1], [5, 1], [8, 9], [], [], [2, 4]]","[None, -1, -2, -4, 2, 3, 2, -4, -1, -3, 2]",37,8,0.0,best_second,wc312caf,8.890410551974282,7.403061091090091,9.0940312495758,4,0,4,0,1,2,2.0
3949,"[[5, 4], [3], [7, 10], [], [], [], [], [], [1, 3], [2, 0], []]","[2, 4, -4, 0, 4, -4, 0, -1, -4, None, -4]",1,11,2.0,best_second,wc312caf,8.645234541297121,7.425357887027151,8.903815211722922,6,6,0,1,1,2,3.0
3950,"[[6], [], [], [0, 6], [], [1, 2], [], [10, 5], [], [], [8, 9]]","[2, 2, 0, -2, -3, 1, 4, None, 0, 4, 2]",35,4,2.0,best_third,wc312caf,8.363109176033522,7.329749689041512,8.667335849845957,6,6,0,1,1,2,2.0
3951,"[[], [], [], [10], [1, 2], [], [], [8, 4], [6, 0], [3, 10], []]","[-4, -3, -4, -3, -2, 4, 4, None, 3, 0, -3]",15,11,7.0,best_second,wc312caf,8.439231649946525,7.639161171659173,8.810161268297255,7,7,0,1,1,2,1.0
3952,"[[6, 4], [9], [], [], [8, 10], [1, 9], [3, 2], [], [], [], []]","[None, -3, 2, 0, 3, 0, -3, -1, -2, 4, 4]",117,8,1.0,best_second,wc312caf,8.419580362549237,7.91644286012226,8.892336539638015,7,7,0,1,1,2,2.0
3954,"[[6, 5], [], [0, 4], [], [10, 1], [], [], [9, 8], [], [8], []]","[-3, 0, None, 2, 0, 2, 4, 0, 1, 2, -2]",19,2,5.0,best_third,wc312caf,9.838949031398558,7.8547691834991324,9.967729154597592,1,1,0,1,1,2,2.0
3955,"[[10, 7], [], [], [0, 9], [], [2], [5, 2], [], [], [4, 1], []]","[-4, 3, -3, None, -3, 3, 0, -4, -4, 4, -1]",183,11,1.0,best_second,wc312caf,8.28172399041139,7.640123172695364,8.70450228972123,7,7,0,1,1,2,3.0
3956,"[[7, 6], [], [], [], [], [], [5, 4], [1, 3], [10, 9], [], [9]]","[None, 4, 2, -4, 2, -4, 1, 4, 3, -1, -2]",195,8,8.0,best_third,wc312caf,8.779249716229046,7.487733761436444,9.021960500598263,8,8,0,1,1,2,6.0
3957,"[[6, 4], [], [], [], [10, 3], [9, 1], [2, 7], [], [], [1], []]","[None, 3, 2, 0, 1, -2, 0, -3, 2, 1, 4]",47,5,1.0,best_third,wc312caf,8.77199043653224,7.467942332285852,9.01201137703641,5,5,0,1,1,2,5.0
3958,"[[5, 3], [], [], [], [8, 0], [], [], [2], [9, 6], [], [7, 2]]","[1, -3, -4, -3, None, 2, -3, -1, 2, -2, -2]",119,4,5.0,best_min,wc312caf,8.475746001502063,8.421562960400987,9.142061531222888,3,0,3,0,0,2,5.0
3959,"[[], [], [9, 8], [0], [], [3, 0], [], [], [6, 10], [7, 1], []]","[3, -2, None, -4, -3, -4, -3, -3, 4, -4, 3]",97,11,1.0,best_second,wc312caf,8.244596756382498,7.881559917056898,8.772455372611907,7,7,0,1,1,2,1.0
3960,"[[5, 4], [10, 6], [], [], [9, 2], [3, 7], [], [], [], [], [6]]","[None, -3, -4, 1, -3, 3, 0, -1, 0, -1, 1]",7,7,4.0,best_second,wc312caf,8.885302512980632,8.044947049617722,9.243968552956167,4,4,0,1,1,2,3.0
3962,"[[7, 9], [], [], [2, 8], [], [4, 1], [], [9], [], [], [5, 3]]","[-4, 3, 0, 1, 2, -3, -4, 3, 1, -2, None]",103,2,6.0,best_second,wc312caf,8.551014739891748,8.28374674710613,9.119320973589014,2,0,2,0,0,2,1.0
3970,"[[2], [], [], [], [5, 1], [], [9, 3], [0, 2], [6, 4], [], []]","[0, 0, -1, -3, 2, 3, -2, -3, None, -4, 1]",111,8,2.0,best_second,wc312caf,8.361941906144946,7.43543801981455,8.695339376799712,5,5,0,1,1,2,1.0
3976,"[[], [0], [7, 3], [], [], [], [8, 2], [], [4, 10], [1, 0], []]","[-4, 0, 2, 1, 2, 0, None, -4, 2, 2, 0]",149,3,1.0,best_third,wc312caf,8.446341450444287,8.170751423757533,9.011035410141814,4,3,1,0,0,2,2.0
3978,"[[], [3], [], [], [1, 3], [10, 9], [], [], [], [2, 6], [0, 7]]","[0, 1, -4, -4, 1, None, 2, 4, -1, -4, 4]",153,10,0.0,best_second,wc312caf,7.8928255262511176,7.7279755421055585,8.50673873351238,8,8,0,1,1,2,6.0
3981,"[[], [9, 5], [], [], [], [4, 7], [0], [], [6, 0], [10, 3], []]","[3, None, -2, 4, -4, -1, 0, 2, 4, 2, -4]",193,8,2.0,best_third,wc312caf,8.03947991910045,7.637716432664798,8.55159461813357,6,6,0,1,1,2,6.0
3983,"[[], [], [1, 0], [5], [2, 10], [], [], [], [], [3, 5], [6, 8]]","[1, 2, 0, 3, None, 0, 1, 4, 2, 4, 2]",9,2,0.0,best_second,wc312caf,8.461891875631148,8.125335086714289,9.000729834944558,4,4,0,1,1,2,1.0
3986,"[[], [3], [], [], [], [], [4, 5], [6, 8], [10, 0], [1, 3], []]","[2, -3, 1, 4, 1, -1, -1, None, -3, -2, -3]",65,3,5.0,best_third,wc312caf,8.244859395911256,7.88193748927207,8.772765209949783,0,-1,1,0,0,2,2.0
3987,"[[], [8, 9], [], [], [0], [4, 0], [], [], [10, 2], [3, 6], []]","[1, None, -1, -2, 0, 3, 3, 0, -3, 4, -4]",169,10,1.0,best_second,wc312caf,7.990915463091325,7.869019376499023,8.624791202014256,7,7,0,1,1,2,3.0
3990,"[[4, 1], [], [5, 7], [8], [], [], [], [], [], [3, 8], [2, 0]]","[0, 4, 3, -1, 0, -4, 2, 2, 0, 3, None]",5,4,1.0,best_min,wc312caf,8.318254328798844,7.7458682297922685,8.765458531504226,5,5,0,1,1,2,4.0
3993,"[[], [7, 2], [], [0], [10, 5], [], [], [], [1, 4], [3, 0], []]","[-2, -1, 0, -3, 3, 0, 1, -1, None, -4, 1]",113,4,3.0,best_second,wc312caf,7.925518979786926,7.616775808698373,8.47595444339964,4,4,0,1,1,2,1.0
3994,"[[], [8, 2], [], [], [], [9, 0], [5, 1], [10, 3], [], [], [3]]","[-4, 2, 2, -1, 1, 0, None, -1, -4, 0, -1]",163,6,0.0,best_third,wc312caf,8.428580533059634,8.157370441186774,8.99516499031115,4,4,0,1,1,2,4.0
3995,"[[8, 3], [], [9, 1], [], [5, 10], [], [2, 4], [], [3], [], []]","[-1, 4, -4, 2, 2, 2, None, 1, 2, -3, 4]",185,7,2.0,best_second,wc312caf,8.331104548053037,8.066207568006263,8.900412690577081,6,6,0,1,1,2,7.0
3996,"[[], [], [], [2, 6], [7, 3], [], [], [5, 1], [0], [8, 0], []]","[-2, 3, 3, -3, None, 4, -1, 1, 0, 4, 1]",135,5,2.0,best_second,wc312caf,8.940629184845639,7.654917047848321,9.184612223403452,5,5,0,1,1,2,4.0
4000,"[[], [5, 7], [], [], [], [4, 2], [], [3, 6], [0], [8, 0], []]","[-4, None, 2, 4, 0, 0, -2, 3, 0, -1, -3]",139,6,5.0,best_third,wc312caf,8.76795190976342,7.59337419312129,9.037057839832897,7,7,0,1,1,2,2.0
4002,"[[9, 1], [], [], [7, 5], [], [4, 8], [], [6, 2], [], [1], []]","[4, 1, 0, None, -2, -2, -4, 4, 0, 3, 4]",141,6,4.0,best_second,wc312caf,7.949444420250626,7.844632644464681,8.59137258959049,4,4,0,1,1,2,2.0
4004,"[[], [4], [], [], [], [], [0, 5], [], [1, 4], [6, 10], [7, 2]]","[3, -2, -4, -1, -4, -4, 4, -2, -1, None, -3]",53,11,8.0,best_second,wc312caf,8.039157390473237,6.967909201801884,8.33351070898294,7,7,0,1,1,2,2.0
4005,"[[], [7, 3], [1, 6], [], [5], [], [9, 10], [], [4, 5], [], []]","[2, -4, None, 0, 0, 4, 1, -1, 4, 4, -4]",165,9,5.0,best_second,wc312caf,8.965206802770357,6.983789965258135,9.094255892955381,5,5,0,1,1,2,1.0
4006,"[[], [6, 9], [8, 0], [], [], [], [3, 5], [], [0], [4, 10], []]","[-4, None, 1, -4, 4, -2, -2, -2, -2, 2, -4]",33,10,6.0,best_second,wc312caf,8.257385655730436,7.325148957955576,8.589141690728823,6,6,0,1,1,2,2.0
4007,"[[5, 4], [7, 2], [], [], [], [], [3, 8], [2], [], [0, 6], []]","[-4, -2, -2, 2, -1, -2, 1, 0, -2, None, 1]",89,7,3.0,best_second,wc312caf,8.536014945656826,7.195937226475569,8.768418726857403,3,3,0,1,1,2,1.0
4008,"[[10, 5], [], [], [], [], [4, 9], [], [8, 1], [1], [], [3, 6]]","[None, -3, -4, 1, -4, 0, 3, 4, 0, -3, 3]",79,7,0.0,best_second,wc312caf,7.750614732770409,7.784473235736469,8.460622839927844,6,6,0,1,1,2,1.0
4010,"[[], [], [4, 9], [7, 6], [1, 10], [], [], [6], [], [0, 8], []]","[-3, 4, None, -3, 4, -2, 3, -4, 1, 1, -4]",159,8,8.0,best_third,wc312caf,8.10892415597534,7.29641326877392,8.47595444339964,8,8,0,1,1,2,4.0
4011,"[[], [3, 2], [], [2], [9, 0], [8, 10], [], [4, 5], [], [], []]","[1, -4, -1, 2, -2, -4, -3, None, -2, 0, -3]",75,4,3.0,best_second,wc312caf,8.197538739721185,7.845807502637805,8.730043953245016,-1,-1,0,1,1,2,1.0
4012,"[[2], [], [], [1, 6], [], [], [], [8, 3], [5, 4], [0, 2], []]","[4, -4, -1, -3, -2, 4, -1, None, 4, 1, -4]",155,11,6.0,best_second,wc312caf,7.682482446534506,6.833031732786201,8.038189179973203,8,8,0,1,1,2,3.0
4016,"[[], [], [4, 3], [0, 6], [5, 9], [], [], [1], [7, 1], [], []]","[4, -4, None, 1, -4, -1, -2, -4, -2, -2, 2]",151,9,3.0,best_second,wc312caf,8.11552088154677,6.773080375655535,8.347353412124338,5,5,0,1,1,2,1.0
4018,"[[9, 5], [8, 10], [], [], [], [], [7, 0], [4, 3], [10], [], []]","[3, -3, 4, -2, 2, -4, None, -1, 3, 4, -2]",109,8,7.0,best_third,wc312caf,7.853216388156072,7.473637108496206,8.374246182096304,7,7,0,1,1,2,4.0
4021,"[[8], [], [], [], [6, 10], [], [3, 9], [0, 8], [], [], [5, 2]]","[2, 1, -4, 2, None, -2, 0, -3, 3, 1, -2]",133,5,1.0,best_second,wc312caf,9.234935418831563,6.327936783729195,9.288041879640035,2,2,0,1,1,2,2.0
4022,"[[3], [], [6, 1], [], [], [9, 10], [], [0, 3], [2, 5], [], []]","[4, -1, 4, 4, -2, -3, 1, 3, None, -2, -1]",187,7,5.0,best_second,wc312caf,8.21959545417708,7.747596838692886,8.704170559746386,5,5,0,1,1,2,1.0
4025,"[[], [], [], [4, 6], [8, 1], [], [10, 5], [9, 0], [], [0], []]","[2, -3, 0, None, 2, 3, -2, 3, -2, 0, 0]",85,2,5.0,best_min,wc312caf,8.60813018640834,7.9105906122564775,9.01201137703641,1,1,0,1,1,2,1.0
4029,"[[2, 6], [], [], [10, 7], [0, 8], [], [], [], [9, 1], [], [7]]","[3, 3, 2, 3, None, -4, -3, 1, -4, -1, 1]",29,7,6.0,best_second,wc312caf,8.033334015880062,7.6760099320288875,8.563504094279487,5,5,0,1,1,2,4.0
4040,"[[4, 2], [], [], [8, 6], [], [10, 1], [], [0, 3], [], [], [1]]","[1, 0, 1, 3, 3, -4, 0, None, 2, -1, 2]",87,2,3.0,best_third,wc312caf,7.895063498091572,6.113682179832232,8.050384453067021,5,5,0,1,1,2,2.0
4041,"[[], [3, 10], [], [10], [6, 0], [4, 8], [], [], [2, 9], [], []]","[-1, 4, -1, -2, -4, None, -4, -4, 2, 4, -3]",49,10,2.0,best_second,wc312caf,8.154212694914229,7.299121462710799,8.508354242749034,6,6,0,1,1,2,3.0
4042,"[[3, 2], [9], [4, 7], [6, 8], [], [1, 9], [], [], [], [], []]","[None, 2, 3, 1, 4, 3, 3, 0, 4, 0, -2]",59,3,3.0,best_min,wc312caf,7.9208096792886,6.945051063725834,8.240385115516334,7,7,0,1,1,2,1.0
4043,"[[9, 6], [], [1, 7], [5], [0, 2], [], [], [], [3, 5], [], []]","[-2, -3, -2, 2, None, -3, 2, -2, 0, 4, 4]",161,5,4.0,best_second,wc312caf,8.379079889286603,7.499423290592229,8.725994381014571,2,2,0,1,1,2,1.0
4046,"[[], [9, 10], [4, 1], [], [0, 6], [8, 7], [], [], [7], [], []]","[-1, 1, None, -3, 0, 4, 4, 0, -2, -3, -4]",181,6,4.0,best_second,wc312caf,8.126518168780708,7.022868086082641,8.412721169819527,4,4,0,1,1,2,1.0
4047,"[[7, 10], [], [], [6, 1], [], [], [1], [], [4, 5], [8, 0], []]","[4, -1, -4, 4, -3, -4, 0, -1, -1, None, 2]",27,8,2.0,best_second,wc312caf,7.587310506022615,7.377133712833954,8.180600947594447,6,6,0,1,1,2,1.0
4048,"[[4, 9], [], [], [10, 1], [9], [], [8, 3], [], [2, 7], [], []]","[0, 3, 3, -4, 4, -3, None, 1, -3, 1, -2]",101,3,4.0,best_third,wc312caf,8.502485562543963,7.77863014732581,8.897682313454224,0,0,0,1,1,2,5.0
4050,"[[6, 5], [8, 9], [3, 10], [], [0, 2], [], [], [], [9], [], []]","[-3, 1, 4, 4, None, -2, -1, 1, -1, -2, -4]",41,11,8.0,best_second,wc312caf,7.9936199948277435,7.546974117516527,8.487970332739334,8,8,0,1,1,2,1.0
4051,"[[], [], [], [], [6, 8], [7, 2], [10, 9], [2], [1, 0], [], []]","[-3, 2, -2, 2, None, 0, 3, -3, 2, 0, 4]",17,5,5.0,best_third,wc312caf,8.57941653459637,7.368970402194794,8.840145877949936,7,4,3,0,0,2,4.0
4052,"[[], [], [], [10, 6], [], [9, 1], [], [4, 0], [7, 3], [1], []]","[0, 4, 1, -3, 4, 3, -1, 2, None, -2, -4]",55,9,2.0,best_second,wc312caf,8.00503334463711,7.22256601882217,8.381373468273702,6,6,0,1,1,2,3.0
4055,"[[2, 8], [], [], [], [], [4, 7], [5, 0], [], [], [10, 3], [3]]","[1, 3, 2, -1, 4, 2, None, 3, -3, -1, -2]",67,4,1.0,best_second,wc312caf,7.97522083865341,7.472500744737558,8.448057452581375,6,6,0,1,1,2,5.0
4057,"[[10, 9], [6, 4], [], [], [2, 7], [], [8, 5], [], [], [], [9]]","[-4, None, -3, 1, -3, -1, -2, -4, -3, 1, 4]",115,3,1.0,best_second,wc312caf,9.059750013343681,6.685860947068359,9.148677711584076,-3,-3,0,1,1,2,1.0
4058,"[[], [7, 8], [10], [2, 10], [], [], [], [5, 9], [0, 4], [], []]","[1, None, 1, 4, -1, 4, 2, 4, -1, -2, 0]",63,8,6.0,best_second,wc312caf,7.6577552711348655,6.883462586413092,8.036573409707312,8,8,0,1,1,2,2.0
4059,"[[], [9, 2], [], [4, 7], [], [3, 1], [10], [], [6, 10], [], []]","[-1, 2, 2, 4, 1, None, -1, -2, 0, 1, -2]",197,2,6.0,best_min,wc312caf,8.595819511871428,8.00836557031292,9.037652264150466,5,5,0,1,1,2,1.0
4064,"[[], [], [], [0], [8, 1], [3, 0], [4, 7], [2, 9], [], [], []]","[4, 2, -4, 0, 2, 2, None, 4, 3, -2, -3]",371,3,0.0,best_second,wc312caf,8.760609847570002,6.828712071641685,8.895766604056085,5,5,0,1,1,2,2.0
4067,"[[1, 8], [8], [10, 7], [], [], [], [], [6, 5], [], [], [4, 3]]","[-3, -2, None, 0, -1, 3, -1, 3, -2, -1, 4]",263,3,0.0,best_min,wc312caf,8.312135107648412,7.347943823148688,8.634976227072622,6,6,0,1,1,2,1.0
4073,"[[5, 4], [], [], [], [], [4], [1, 3], [10, 2], [7, 6], [], []]","[3, -4, 3, -2, 0, -3, -4, -2, None, 2, -2]",327,7,5.0,best_second,wc312caf,8.569026340056254,7.554334823725747,8.878218658092226,1,1,0,1,1,2,2.0
4074,"[[], [0, 6], [7, 3], [], [], [10, 4], [], [3], [5, 1], [], []]","[4, -2, 4, -4, 4, -1, 1, 3, None, -3, -3]",247,4,5.0,best_min,wc312caf,8.938006576471201,7.533158807455563,9.157361447185297,3,3,0,1,1,2,3.0
4076,"[[7, 6], [], [], [1, 2], [], [3, 9], [], [6], [], [8, 10], []]","[1, 0, -4, 0, -4, None, 0, 2, -4, 2, 2]",271,6,0.0,best_third,wc312caf,8.101677747454572,7.27655640271871,8.464846711044029,4,4,0,1,1,2,4.0
4077,"[[6], [4, 9], [], [5, 7], [], [], [], [], [3, 1], [], [0, 6]]","[1, -3, -2, 4, -2, -1, -2, 3, None, 2, -4]",383,8,1.0,best_second,wc312caf,7.53422832627409,7.364547014255642,8.14583961293684,7,7,0,1,1,2,4.0
4078,"[[], [], [], [0, 1], [7, 5], [], [10, 3], [5], [], [], [2, 8]]","[1, -4, -2, -4, -2, 4, None, 1, 4, 0, 4]",291,11,0.0,best_second,wc312caf,8.264620829411216,7.984803389734406,8.827468112520652,8,8,0,1,1,2,5.0
4079,"[[2], [9, 4], [], [], [], [1, 8], [0, 2], [], [3, 10], [], []]","[1, -4, 0, -4, 1, None, 2, -2, -1, 2, -3]",249,2,5.0,best_second,wc312caf,8.083328608786374,7.933796874815411,8.704336438489404,-2,-2,0,1,1,2,1.0
4080,"[[], [4, 7], [], [], [7], [9, 10], [2, 0], [], [5, 6], [], []]","[-2, 1, 2, -1, -2, -4, 3, 4, None, -4, -1]",261,9,5.0,best_second,wc312caf,8.258940462988459,7.421177528595394,8.61830469278465,5,5,0,1,1,2,3.0
4083,"[[10], [], [7, 5], [6, 2], [], [], [8, 1], [], [], [0, 10], []]","[4, 3, -4, None, 2, 0, 4, -1, -4, -1, -4]",209,10,1.0,best_second,wc312caf,7.48885295573346,7.8252452914317745,8.364042011922061,7,7,0,1,1,2,1.0
4085,"[[9], [], [0, 9], [], [], [1, 3], [], [], [5, 10], [], [6, 4]]","[-1, -3, 2, 3, -4, 3, 4, 4, None, 1, -3]",229,8,0.0,best_third,wc312caf,7.6984827878809465,7.908754738783246,8.50207955360619,6,6,0,1,1,2,8.0
4089,"[[5], [], [9, 7], [], [], [], [0, 5], [3, 10], [], [4, 8], []]","[-4, 3, None, 1, -3, 3, 1, 2, 3, -4, 0]",219,5,2.0,best_second,wc312caf,8.14177220465645,7.062191632286557,8.434028950155469,3,3,0,1,1,2,6.0
4091,"[[], [5, 2], [], [4], [], [], [], [3, 4], [], [10, 1], [6, 0]]","[-4, 2, 0, 0, -1, 2, 3, -3, -1, None, -2]",345,5,2.0,best_second,wc312caf,8.455955881945048,6.230481447578482,8.558335134747413,4,4,0,1,1,2,7.0
4092,"[[], [3, 10], [], [9, 7], [5, 0], [0], [], [], [], [], [2, 8]]","[3, None, -4, -4, 0, -1, -2, 0, 4, -4, 1]",279,10,3.0,best_second,wc312caf,8.18757739559151,8.126222529458525,8.850374303939237,5,5,0,1,1,2,4.0
4095,"[[3, 9], [], [1], [], [2, 1], [6, 10], [], [5, 0], [], [], []]","[-4, -2, 0, -1, -2, 3, 2, None, -3, 3, -3]",215,7,6.0,best_second,wc312caf,7.995643604287271,7.126890808898808,8.345692873253865,5,5,0,1,1,2,4.0
4096,"[[], [2, 0], [], [], [10], [], [4, 10], [], [9, 1], [3, 7], []]","[1, 2, 3, 2, 4, -4, 3, 4, None, 2, 1]",389,2,1.0,best_third,wc312caf,8.615226931687603,7.227662498728654,8.837971491357207,6,5,1,0,0,2,2.0
4097,"[[6, 5], [], [], [8, 9], [10, 3], [], [5], [], [], [], [7, 1]]","[-1, 2, 4, -3, None, 0, 2, 0, 3, -4, 4]",335,7,2.0,best_second,wc312caf,7.937374696163296,7.709756864454164,8.522976436171964,6,6,0,1,1,2,7.0
4100,"[[9, 2], [], [6, 5], [], [10, 8], [], [], [], [], [3, 7], [8]]","[None, 4, 1, -1, -3, -4, -3, 4, -1, 0, 0]",223,6,4.0,best_second,wc312caf,8.293299358711323,7.847371836159789,8.787983396197799,4,4,0,1,1,2,1.0
4101,"[[], [8, 2], [], [], [], [0, 3], [], [10, 4], [], [5, 1], [4]]","[4, -3, 1, 1, 4, -4, -1, 0, -1, None, -3]",201,3,4.0,best_third,wc312caf,8.710784340468422,8.76170676846664,9.4296365315615,0,-2,2,0,0,2,3.0
4105,"[[2], [], [], [], [], [1, 3], [], [0, 2], [4, 10], [8, 5], []]","[-3, 0, 0, -1, 4, 2, -3, 0, -4, None, 3]",233,2,3.0,best_second,wc312caf,8.815370000960659,8.0805469658245,9.207034914967455,2,2,0,1,1,2,1.0
4107,"[[], [0, 6], [], [4], [], [], [], [], [2, 5], [1, 8], [3, 4]]","[-3, -3, -4, 4, 4, -1, 1, 2, 3, None, -2]",377,5,4.0,best_second,wc312caf,7.930925372483388,8.266164436612492,8.805525052709516,2,-1,3,0,1,2,4.0
4108,"[[10, 2], [], [], [], [], [], [9, 4], [3, 5], [7, 6], [], [2]]","[0, -1, -1, -1, -1, -3, -2, 1, None, -2, 2]",303,3,4.0,best_second,wc312caf,8.62245370207373,7.9672801789422,9.040619097157967,0,0,0,1,1,2,1.0
4118,"[[], [], [1], [5, 10], [], [], [2, 1], [0, 4], [], [7, 3], []]","[-2, 3, -1, 0, 0, 0, -4, 1, 4, None, 2]",33,2,2.0,best_third,wb6a7f71,9.068892008391808,6.86484777797086,9.173468897200278,2,0,2,0,1,2,2.0
4122,"[[9, 5], [], [3], [], [], [1, 6], [], [], [2, 3], [10, 7], []]","[None, 3, -2, -3, -1, 4, -4, -3, 1, -4, -1]",105,11,8.0,best_second,wb6a7f71,8.727940222393896,7.812782818577581,9.064620717626775,7,7,0,1,1,2,2.0
4123,"[[], [6], [], [7, 4], [], [1, 6], [], [], [9, 3], [2, 0], []]","[-3, 1, -1, 4, 4, 1, -2, -4, None, 2, -3]",71,8,5.0,best_third,wb6a7f71,9.693815353719375,7.753194269884341,9.82795548992369,8,1,7,0,0,2,8.0
4124,"[[7, 6], [], [], [], [], [10], [9, 3], [4, 2], [5, 10], [], []]","[None, 0, 1, -2, 4, -3, -1, 4, 4, -4, -3]",69,9,3.0,best_second,wb6a7f71,8.51819269174932,8.565602330623925,9.235228087483963,8,8,0,1,1,2,2.0
4127,"[[8, 7], [], [10, 6], [0, 2], [9, 5], [], [], [], [], [5], []]","[3, 2, 2, None, 2, -1, -4, 0, 4, -3, 0]",41,6,3.0,best_second,wb6a7f71,9.063926353520646,6.398594934535208,9.13108069099055,7,7,0,1,1,2,4.0
4128,"[[9, 5], [8], [7, 0], [], [1, 8], [], [], [10, 3], [], [], []]","[-3, 0, None, -2, 1, -2, -4, 4, 3, -3, 4]",177,11,6.0,best_second,wb6a7f71,8.14583961293684,7.202661196523238,8.474494436883122,8,8,0,1,1,2,1.0
4131,"[[], [], [], [], [], [2, 10], [0], [6, 0], [9, 5], [1, 4], []]","[-1, -1, 1, 0, 2, 4, 2, 1, None, -3, 3]",195,7,1.0,best_second,wb6a7f71,8.304494897963567,7.098375638590787,8.566173813637858,7,5,2,0,1,2,3.0
4133,"[[], [2, 8], [6, 7], [], [], [4], [], [], [3, 0], [5, 4], []]","[0, None, -3, -2, -3, 1, 2, 0, -2, -4, 3]",25,2,2.0,best_third,wb6a7f71,8.559677803022392,8.690305809124883,9.320180837655716,-1,-2,1,0,0,2,2.0
4134,"[[], [], [5, 6], [], [10, 0], [6], [], [], [9, 4], [1, 7], []]","[-4, 1, 0, -1, -4, -2, -1, 2, None, -2, -2]",65,5,4.0,best_second,wb6a7f71,8.277666160851503,8.018625465045748,8.8495139654864,0,0,0,1,1,2,2.0
4135,"[[9, 1], [], [0, 6], [8, 5], [], [], [10, 7], [], [5], [], []]","[-4, 3, None, 2, -1, -4, 2, -1, 1, 4, 0]",193,2,3.0,best_second,wb6a7f71,8.252967195000798,8.262558973010657,8.950792138768172,2,2,0,1,1,2,1.0
4137,"[[3, 1], [], [], [1], [5, 2], [], [], [], [10, 4], [], [6, 9]]","[3, 4, -1, -4, 3, -3, -3, 1, None, 2, -1]",127,3,4.0,best_third,wb6a7f71,8.245909264774092,7.969357742016347,8.810161268297255,2,2,0,1,1,2,5.0
4138,"[[], [4, 7], [], [6, 2], [7], [], [], [], [5, 0], [8, 3], []]","[4, 4, 3, 2, 2, 0, -3, -1, 2, None, -3]",159,4,2.0,best_third,wb6a7f71,7.952263308657046,8.0149968943483,8.67709870892586,6,6,0,1,1,2,6.0
4140,"[[], [], [], [], [0], [1, 3], [], [4, 0], [5, 10], [], [2, 6]]","[-1, -4, 2, -1, -1, -4, -2, -4, None, 0, 3]",181,9,5.0,best_second,wb6a7f71,7.685243607975833,8.027476530860481,8.56388591940822,5,5,0,1,1,2,3.0
4141,"[[2, 10], [6, 3], [10], [4, 9], [], [], [8, 5], [], [], [], []]","[0, None, -1, -2, -2, -1, 1, -4, -4, 0, -4]",5,3,2.0,best_third,wb6a7f71,8.064950891749143,8.392536586816682,8.935113740791747,0,0,0,1,1,2,2.0
4144,"[[], [], [7, 1], [], [0, 9], [], [10, 4], [1], [], [], [8, 3]]","[0, 2, 2, 3, 1, 1, None, -2, 2, 1, -3]",131,2,0.0,best_second,wb6a7f71,7.848543482456679,8.503297086224126,8.92159106356398,2,2,0,1,1,2,1.0
4145,"[[], [5, 2], [6, 0], [4, 10], [10], [7, 9], [], [], [], [], []]","[2, None, -1, 0, 0, -4, 3, 0, -3, 1, -2]",73,4,3.0,best_second,wb6a7f71,8.288785810426928,7.766416898019656,8.754318540250866,2,2,0,1,1,2,1.0
4148,"[[], [], [], [9, 6], [5, 1], [1], [2, 0], [], [], [7, 10], []]","[0, 1, 4, None, 3, -1, 4, -4, 4, -3, 0]",99,10,4.0,best_second,wb6a7f71,8.081475040137052,7.693481640835175,8.599141774063405,8,8,0,1,1,2,4.0
4149,"[[], [], [], [7, 0], [], [], [4, 2], [0], [9, 6], [10, 5], []]","[0, -3, -2, 0, 4, 4, 1, -2, None, -4, -1]",115,7,3.0,best_third,wb6a7f71,7.685243607975833,7.57095858316901,8.32263709695394,5,5,0,1,1,2,5.0
4150,"[[5], [], [4, 9], [0, 5], [], [], [7, 8], [], [], [], [2, 6]]","[-1, 2, 2, 3, -2, 0, -4, 0, -4, 4, None]",157,10,2.0,best_second,wb6a7f71,7.906178840394815,8.251663923605589,8.786762208441091,6,6,0,1,1,2,4.0
4151,"[[], [], [6, 3], [], [], [4, 1], [], [], [2, 5], [7], [9, 7]]","[-1, -2, 1, 4, -4, 1, -3, 4, None, 3, -2]",155,7,3.0,best_third,wb6a7f71,8.90354343566472,7.950854857719988,9.229652683008556,5,-1,6,0,0,2,7.0
4154,"[[1, 3], [], [], [], [5, 2], [], [8], [], [], [0, 4], [6, 8]]","[-3, 1, -2, -3, 1, 4, 1, -3, 3, None, -1]",19,8,3.0,best_second,wb6a7f71,8.213110697596676,6.495265555937007,8.377931124082728,5,5,0,1,1,2,4.0
4157,"[[1, 9], [], [7, 3], [], [10, 5], [], [4, 0], [3], [], [], []]","[2, -3, 1, 0, 1, 0, None, -4, -2, -4, -1]",145,2,1.0,best_second,wb6a7f71,9.03264808356589,6.733401891837359,9.128153700988236,1,1,0,1,1,2,1.0
4160,"[[9, 2], [], [7, 4], [10, 1], [], [], [], [], [], [8, 5], [1]]","[None, 2, 1, -3, -2, 2, 4, 2, 1, 3, 0]",91,3,1.0,best_second,wb6a7f71,8.529911963824011,6.915723448631314,8.711278615130434,5,5,0,1,1,2,4.0
4164,"[[5, 4], [10, 3], [1, 9], [], [], [4], [], [], [], [8, 7], []]","[-4, -3, None, 2, 0, -4, -2, -3, 3, 0, 4]",175,4,3.0,best_min,wb6a7f71,9.136047767394327,6.2766434893416445,9.191667106710563,3,3,0,1,1,2,2.0
4165,"[[], [7, 3], [], [], [2, 8], [4, 9], [], [3], [], [6, 10], []]","[2, 1, 3, 0, 3, None, -4, 4, -4, -4, -2]",15,11,7.0,best_second,wb6a7f71,8.905308661189288,6.893656354602635,9.030735122676456,6,6,0,1,1,2,2.0
4167,"[[], [], [7], [], [3, 0], [2, 7], [], [], [], [10, 4], [6, 1]]","[-2, 0, 1, 3, 3, -3, -4, -1, -4, None, -3]",163,9,5.0,best_second,wb6a7f71,8.6164953924901,6.659293919683638,8.748463629942055,6,6,0,1,1,2,4.0
4168,"[[9, 6], [5, 8], [3], [], [2, 3], [], [], [], [], [], [1, 0]]","[4, -4, 3, 3, 4, 4, -2, 1, -4, 4, None]",133,10,6.0,best_second,wb6a7f71,8.389359819906353,7.586803535162581,8.759511722116487,8,8,0,1,1,2,8.0
4171,"[[], [8], [7, 6], [], [], [], [4, 3], [9, 5], [], [], [1, 8]]","[-2, -3, None, 1, 0, -2, 4, -4, -1, -3, 0]",3,8,3.0,best_second,wb6a7f71,7.969703583278656,7.82043951526218,8.590815331286851,5,5,0,1,1,2,1.0
4172,"[[], [], [], [6], [], [3, 6], [], [], [0, 4], [8, 10], [2, 7]]","[-1, 3, -4, 1, -3, -3, 4, 4, -3, None, -4]",119,6,0.0,best_min,wb6a7f71,8.511376306094673,8.428143374582726,9.163667963777753,0,-4,4,0,0,2,8.0
4177,"[[], [10, 3], [0, 7], [], [], [1, 2], [9, 8], [], [], [8], []]","[3, -3, 3, 2, 1, None, -3, -3, 2, -3, -2]",171,8,6.0,best_second,wb6a7f71,7.388327859577107,7.289610521451168,8.033009498596668,6,6,0,1,1,2,4.0
4181,"[[4, 9], [6], [], [0, 5], [], [2, 8], [], [1, 6], [], [], []]","[3, 1, 3, None, -3, -1, 2, 3, -4, 1, -2]",17,5,2.0,best_third,wb6a7f71,8.647870515057853,7.121252453244542,8.844336332748933,4,4,0,1,1,2,7.0
4183,"[[], [], [1, 8], [], [2, 10], [], [7, 9], [9], [], [], [5, 3]]","[0, -1, -1, -4, None, 1, 1, 1, 4, -3, -2]",125,6,5.0,best_third,wb6a7f71,8.225503097566918,7.277247726631484,8.55275336681479,3,3,0,1,1,2,5.0
4184,"[[], [0, 5], [7, 1], [10, 6], [], [], [], [8, 4], [], [], [6]]","[2, -2, None, 3, -1, -3, -2, 3, 4, 2, 1]",109,8,4.0,best_second,wb6a7f71,7.890208213109961,6.498282149476434,8.11192806331074,7,7,0,1,1,2,5.0
4185,"[[3, 6], [], [], [], [9], [10, 0], [], [], [4, 9], [], [2, 7]]","[-2, -4, -1, 0, -2, None, -2, 1, 0, 3, -4]",121,2,0.0,best_third,wb6a7f71,8.415603335654604,8.197538739721185,9.005527777346696,-2,-2,0,1,1,2,2.0
4186,"[[], [6, 4], [7], [], [], [2, 7], [], [], [9, 3], [], [8, 1]]","[-3, 0, 0, -2, -4, 2, -1, -4, 4, 3, None]",189,8,6.0,best_second,wb6a7f71,8.46863300080086,7.00669522683704,8.676928249537397,7,7,0,1,1,2,3.0
4188,"[[8], [9, 3], [0, 8], [], [], [], [], [6, 5], [], [], [7, 1]]","[-3, 4, -3, -1, 3, -1, 4, -3, 2, 4, None]",187,8,5.0,best_second,wb6a7f71,7.632885505395133,7.496097345175956,8.259716961021521,8,8,0,1,1,2,5.0
4191,"[[6, 1], [], [7, 9], [4, 10], [], [], [], [9], [0, 3], [], []]","[2, 4, 2, 2, -3, 0, 0, 1, None, -4, 3]",81,4,2.0,best_third,wb6a7f71,8.42945427710823,6.7357800142423265,8.598035579260339,6,6,0,1,1,2,6.0
4192,"[[9], [], [1, 3], [], [], [0, 9], [8, 4], [], [], [], [6, 2]]","[3, -2, 1, -3, 3, -1, 3, -4, -3, 1, None]",161,7,0.0,best_second,wb6a7f71,7.5126175446745105,6.967909201801884,7.969703583278656,6,6,0,1,1,2,1.0
4194,"[[], [7], [5, 8], [1, 7], [], [0, 4], [], [], [10, 6], [], []]","[-2, 1, None, 2, -3, -3, -2, 1, 4, -1, 4]",113,11,6.0,best_second,wb6a7f71,7.890208213109961,6.690842277418563,8.153349757998892,8,8,0,1,1,2,1.0
4198,"[[1], [], [], [0, 1], [], [7, 2], [], [], [9, 5], [10, 6], []]","[1, -4, -3, 4, -2, -1, -1, -2, None, 2, 1]",7,5,3.0,best_second,wb6a7f71,8.174702882469461,6.679599185844383,8.376781037699491,3,3,0,1,1,2,1.0
4199,"[[], [], [10, 1], [0, 8], [6, 5], [], [], [], [], [3, 4], [1]]","[4, 1, -2, -4, 4, -2, 4, 0, -4, None, -4]",129,10,6.0,best_second,wb6a7f71,7.498315870766981,6.548219102762372,7.824845691026857,8,8,0,1,1,2,8.0
4206,"[[], [10, 2], [8, 3], [], [], [], [5], [6, 5], [], [], [0, 9]]","[2, None, -3, -3, 0, 0, -3, 3, 0, 3, -2]",57,4,5.0,best_second,wb6a7f71,7.88193748927207,7.094234845924755,8.256607344626158,1,1,0,1,1,2,3.0
4208,"[[], [], [], [], [], [3, 2], [5, 10], [0], [], [7, 0], [1, 4]]","[3, -1, 2, -2, 1, 4, None, 4, -4, 4, 2]",167,4,2.0,best_third,wb6a7f71,8.006034178749008,7.118016204465333,8.350429973538136,6,6,0,1,1,2,2.0
4210,"[[], [], [3, 0], [], [1], [6, 2], [7, 10], [], [4, 1], [], []]","[-2, 2, 2, 3, 0, None, -4, 2, -1, -1, 0]",149,7,4.0,best_second,wb6a7f71,7.470224135899966,7.270312886079025,8.068089626278242,5,5,0,1,1,2,2.0
4211,"[[10, 3], [4, 9], [8, 7], [], [], [1, 0], [], [], [7], [], []]","[-1, 4, -2, 4, 0, None, 3, -3, 2, -3, 3]",185,2,7.0,best_min,wb6a7f71,7.384610383176974,7.824845691026857,8.321664807135,4,4,0,1,1,2,1.0
4212,"[[], [], [3, 1], [1], [], [], [7, 9], [], [10, 6], [], [0, 5]]","[-3, 3, 1, 4, -3, 4, -1, -2, None, 3, 4]",179,8,0.0,best_third,wb6a7f71,7.516977224604321,7.071573364211532,8.011686729127845,8,8,0,1,1,2,5.0
4214,"[[4], [], [9, 1], [], [], [2, 6], [8, 7], [], [], [], [0, 4]]","[0, -3, 0, -1, 1, None, -2, 4, 1, 1, 2]",93,3,3.0,best_third,wb6a7f71,8.055792450977771,7.669961995473577,8.574329382787047,2,1,1,0,0,2,3.0
4216,"[[], [2, 10], [], [], [3, 6], [0], [], [5, 0], [], [1, 4], []]","[-1, -2, 4, 1, 3, -3, -2, -1, 2, None, 2]",35,3,5.0,best_third,wb6a7f71,7.32052696227274,7.668093709082406,8.202208436436447,4,4,0,1,1,2,2.0
4217,"[[5], [], [], [9, 6], [], [], [2, 10], [0, 5], [], [8, 1], []]","[0, -4, -4, None, -1, 0, 2, -1, -1, -4, 4]",147,11,2.0,best_second,wb6a7f71,7.652070746116482,7.696212639346407,8.36730010184162,6,6,0,1,1,2,3.0
4218,"[[9, 7], [8, 0], [], [], [10, 2], [], [], [], [5, 6], [], [2]]","[-4, None, -3, 1, -2, 4, -2, 4, -1, -2, 4]",197,6,1.0,best_third,wb6a7f71,7.774435510302958,6.97166860472579,8.14438886554762,3,3,0,1,1,2,6.0
4219,"[[2, 6], [7, 3], [6], [5, 10], [], [], [], [8, 4], [], [], []]","[1, None, 4, 3, -3, 1, 4, -4, 0, 4, -4]",153,8,7.0,best_second,wb6a7f71,7.4798641311650265,7.7752758464868625,8.331345424845724,4,4,0,1,1,2,3.0
4220,"[[7, 10], [], [], [], [2, 9], [6, 3], [3], [], [4, 0], [], []]","[-4, 1, -2, 3, -2, -2, -4, 3, None, 0, 1]",55,2,2.0,best_third,wb6a7f71,8.046549357283078,7.2456550675945355,8.41715183723601,-1,-2,1,0,0,2,2.0
4222,"[[], [], [1], [], [], [9, 7], [2, 1], [0, 8], [], [10, 4], []]","[1, -3, -3, 1, -2, None, 3, 3, 4, -2, 2]",13,7,1.0,best_second,wb6a7f71,7.536363938404511,7.641084249174915,8.282988692742602,7,7,0,1,1,2,4.0
4225,"[[], [], [], [5], [1, 0], [], [3, 5], [10, 4], [], [], [8, 2]]","[3, -2, -1, 2, 4, -2, -4, None, -4, 3, -3]",107,10,1.0,best_second,wb6a7f71,7.0825485693553,7.602401335665818,8.068716192714781,7,7,0,1,1,2,3.0
4226,"[[8, 1], [], [], [], [], [3, 10], [], [5, 9], [1], [6, 4], []]","[2, 1, -3, -3, -2, 2, -1, None, 3, 2, 1]",111,3,1.0,best_min,wb6a7f71,8.191463051326926,7.561121589530238,8.618123909994678,3,3,0,1,1,2,1.0
4227,"[[], [], [9], [0, 5], [2, 9], [], [7, 8], [], [], [], [6, 3]]","[-4, -2, -2, -2, 4, -1, 4, -4, 4, 1, None]",27,11,0.0,best_second,wb6a7f71,6.848005274576362,6.923628628138427,7.579167967396076,8,8,0,1,1,2,3.0
4230,"[[], [], [4, 6], [], [3, 0], [], [1, 5], [10], [], [7, 10], []]","[0, 4, None, 1, -3, -3, -1, 1, 4, -2, -3]",165,6,2.0,best_min,wb6a7f71,7.530479995245536,7.041411663794811,8.00836557031292,3,3,0,1,1,2,1.0
4231,"[[], [], [], [8, 1], [6, 2], [], [2], [0, 5], [], [], [3, 7]]","[2, -2, 0, -4, 1, 1, 4, 4, -4, 1, None]",173,9,3.0,best_second,wb6a7f71,7.962763930168115,8.12415060330663,8.739696537843024,6,6,0,1,1,2,2.0
4232,"[[], [6, 9], [], [5, 4], [], [4], [], [], [0, 7], [], [8, 1]]","[2, 3, -3, 0, -3, 2, -4, 4, 2, 0, None]",11,4,3.0,best_second,wb6a7f71,7.666690200080086,7.072421900537371,8.105911197986508,6,-1,7,0,0,2,2.0
4233,"[[], [10, 2], [], [6, 7], [0, 8], [], [], [], [], [4, 3], [2]]","[4, -2, 0, -4, 3, 1, 0, -4, -3, None, 1]",137,11,6.0,best_second,wb6a7f71,7.0707241072602764,7.025538314638521,7.741099090035365,7,7,0,1,1,2,4.0
4235,"[[5, 4], [], [], [10], [], [], [2, 8], [3, 10], [], [6, 0], []]","[3, -3, -1, 3, -2, -4, -4, -3, 4, None, -1]",53,3,5.0,best_third,wb6a7f71,7.387090235656757,7.733245646529795,8.26796230533871,1,1,0,1,1,2,5.0
4236,"[[6, 10], [], [], [8, 4], [], [], [9, 2], [], [4], [], [5, 1]]","[None, 1, 3, -1, -3, 2, 2, -1, -4, 2, -2]",75,4,1.0,best_second,wb6a7f71,7.6624678152002375,6.925595197110468,8.053251153549098,5,5,0,1,1,2,1.0
4238,"[[], [2], [], [], [1, 2], [], [0, 10], [6, 9], [], [8, 3], []]","[3, 4, 2, -1, -3, -3, 2, None, -3, -2, 0]",141,7,2.0,best_second,wb6a7f71,7.474204806496124,6.698268054115412,7.85243908535751,5,5,0,1,1,2,2.0
4239,"[[], [], [], [6, 9], [], [2], [], [5, 2], [3, 10], [], [0, 1]]","[0, -1, -4, -4, 0, 0, 4, 2, None, 3, 2]",97,2,3.0,best_second,wb6a7f71,7.346010209913293,7.916078096302786,8.364042011922061,2,2,0,1,1,2,1.0
4240,"[[], [8], [], [10, 6], [3, 7], [], [], [0, 5], [], [1, 8], []]","[4, -4, 3, -1, None, 2, -2, 4, -2, 1, 1]",63,7,2.0,best_second,wb6a7f71,7.620214770574456,6.302618975744904,7.857093864902493,8,8,0,1,1,2,3.0
4241,"[[10, 8], [], [3, 7], [7], [], [], [], [], [1, 4], [], [6, 5]]","[None, 1, 2, 0, 4, 3, 4, 0, 2, 4, 1]",191,2,2.0,best_min,wb6a7f71,8.04044688130311,7.64396194900253,8.55468163582723,6,6,0,1,1,2,1.0
4245,"[[], [0, 5], [], [4, 9], [], [], [8, 10], [1, 3], [10], [], []]","[-3, 1, 1, -2, -4, 1, 2, None, -2, -2, -4]",143,6,0.0,best_second,wb6a7f71,7.795234929002173,7.438383530044308,8.325548307161398,2,2,0,1,1,2,2.0
4246,"[[8], [], [3, 7], [], [2, 9], [], [0, 8], [], [], [5, 1], []]","[4, 0, -1, -2, None, 3, 0, -3, -2, 4, 0]",31,8,4.0,best_second,wb6a7f71,7.369600720526409,7.25063551189868,8.00469951054955,7,7,0,1,1,2,1.0
4249,"[[], [5], [3, 6], [], [], [], [], [1, 5], [0, 10], [8, 2], []]","[2, 3, 1, 2, -2, -2, 0, -1, -2, None, -2]",1,4,1.0,best_second,wb6a7f71,7.501634457883413,7.687997166393016,8.292047637431354,3,3,0,1,1,2,4.0
4250,"[[4, 7], [3], [9, 5], [], [], [], [2, 0], [], [], [], [1, 3]]","[1, 3, 1, 3, -4, 4, None, -2, -2, -3, 1]",29,7,3.0,best_third,wb6a7f71,8.435549202375727,7.625595072132454,8.803424211600705,5,5,0,1,1,2,2.0
4251,"[[], [9], [], [6, 7], [], [], [8, 2], [5, 4], [], [], [1, 9]]","[0, -2, 0, None, 0, 3, -3, 1, 2, -3, 3]",47,5,1.0,best_second,wb6a7f71,8.089789175789319,6.345636360828596,8.250620082174692,4,4,0,1,1,2,2.0
4252,"[[10, 2], [], [], [], [5, 1], [1], [0, 9], [], [], [7, 3], []]","[3, -2, 4, -3, 2, 1, None, -2, 1, -2, -3]",199,10,1.0,best_second,wb6a7f71,7.085064293952548,7.550661243105336,8.037543185118697,7,7,0,1,1,2,1.0
4255,"[[], [2, 5], [7, 3], [], [], [0, 10], [9, 4], [], [], [4], []]","[1, None, 4, 2, 1, -2, 1, -3, -2, 4, 2]",37,6,2.0,best_second,wb6a7f71,7.767687277186908,7.415175109613295,8.299783171949787,6,6,0,1,1,2,1.0
4256,"[[6, 5], [], [], [], [], [], [5], [3, 1], [2, 4], [8, 7], []]","[-2, 1, 0, 0, 3, 2, 4, -2, -3, None, -3]",23,2,6.0,best_min,wb6a7f71,8.653819788948063,6.828712071641685,8.803123730829213,0,0,0,1,1,2,1.0
4257,"[[], [], [], [8, 6], [], [4, 10], [], [2, 0], [6], [5, 7], []]","[-3, -4, -2, 1, 2, 3, 2, -4, -1, None, 1]",9,8,2.0,best_second,wb6a7f71,7.341483852363161,7.643482907077201,8.19671240721307,5,5,0,1,1,2,1.0
4258,"[[], [], [1], [], [], [0, 3], [10, 4], [6, 5], [2, 1], [], []]","[-2, 3, -3, 4, 4, -3, 1, None, 2, -2, -3]",39,7,3.0,best_third,wb6a7f71,8.009363076630045,7.3938782901077555,8.441175704992322,5,5,0,1,1,2,6.0
4259,"[[], [], [0], [], [], [2, 0], [], [], [9, 10], [4, 7], [6, 1]]","[4, 3, -1, -1, 0, -1, -3, -2, None, -3, 2]",135,8,1.0,best_second,wb6a7f71,7.640123172695364,7.60688453121963,8.316544717929398,5,5,0,1,1,2,2.0
4261,"[[], [], [10], [], [], [1, 4], [2, 10], [], [9, 5], [3, 7], []]","[-1, 3, 0, -2, 1, 4, 3, 2, None, -4, 2]",45,8,3.0,best_second,wb6a7f71,7.316548177182977,7.22256601882217,7.96346006663897,7,7,0,1,1,2,4.0
4262,"[[4, 8], [], [], [6, 2], [], [0, 3], [], [9], [], [], [7, 9]]","[-3, 4, 4, 2, -3, None, -4, 2, -4, 0, -3]",183,11,2.0,best_second,wb6a7f71,7.458762692380959,7.628031126930335,8.239857411018601,6,6,0,1,1,2,1.0
4264,"[[9, 5], [4], [], [6, 0], [], [], [7, 10], [], [1, 4], [], []]","[-4, -1, -2, None, 1, -2, 3, -2, 4, 3, 2]",103,7,1.0,best_second,wb6a7f71,7.716460800176354,7.284820912568604,8.216628493133442,5,5,0,1,1,2,5.0
4265,"[[7], [], [], [9, 10], [5, 1], [], [3, 4], [], [0, 7], [], []]","[1, -4, -4, -2, 2, 4, None, 1, 2, -4, -2]",85,10,6.0,best_second,wb6a7f71,7.780303087908373,6.9975959829819265,8.156510226079966,6,6,0,1,1,2,2.0
4266,"[[8], [], [], [], [], [10, 1], [0, 8], [2, 3], [], [7, 5], []]","[2, 1, 0, -1, -4, 0, -4, 4, -4, None, -1]",123,3,5.0,best_second,wb6a7f71,7.1929342212158,7.60489448081162,8.112827478751374,4,4,0,1,1,2,2.0
4267,"[[], [7, 10], [4, 5], [], [5], [], [], [8, 0], [], [], [3, 9]]","[3, None, -1, 3, 3, 0, 3, 4, -4, -2, 1]",117,6,1.0,best_third,wb6a7f71,6.856461984594587,6.865891074883438,7.553810852008231,7,7,0,1,1,2,5.0
4268,"[[], [9, 6], [], [], [0], [4, 0], [7, 2], [], [], [3, 10], []]","[2, None, 3, 3, -4, -4, 0, -4, -1, -3, 1]",77,5,3.0,best_min,wb6a7f71,8.056743774975315,7.701652362642225,8.587838030985571,3,3,0,1,1,2,2.0
4270,"[[8, 1], [], [], [10, 6], [9, 5], [], [], [0, 4], [], [], [6]]","[1, 3, 2, -4, -3, -3, 0, None, 0, 2, -3]",51,6,2.0,best_second,wb6a7f71,7.740664401917241,7.430114138561801,8.290292591224315,4,4,0,1,1,2,5.0
4273,"[[9, 3], [4, 8], [7, 10], [], [8], [], [0, 2], [], [], [], []]","[2, 1, -3, 0, -2, -4, None, 1, 4, -3, -3]",61,5,2.0,best_second,wb6a7f71,7.6624678152002375,7.8399193600125825,8.448057452581375,2,2,0,1,1,2,4.0
4280,"[[], [], [9], [], [5, 10], [3, 0], [], [], [2, 9], [], [7, 1]]","[0, -2, -1, -1, None, -4, 0, 3, 3, -4, -1]",83,6,1.0,best_second,wb6a7f71,7.846980982138788,6.115892125483034,8.00969535774292,2,2,0,1,1,2,1.0
4281,"[[2, 9], [4, 10], [9], [], [], [], [7, 3], [], [6, 1], [], []]","[1, -3, 0, 3, -4, 1, 0, -3, None, -2, 1]",169,7,3.0,best_third,wb6a7f71,7.909489492673759,7.166265974133638,8.298290634359281,3,3,0,1,1,2,5.0
4284,"[[], [6, 9], [], [5, 4], [], [4], [7, 8], [], [], [10, 0], []]","[-2, None, 4, -2, 4, -2, -1, -2, 4, -3, -4]",139,8,5.0,best_second,wb6a7f71,7.528331766707247,6.576469569048224,7.854381210652365,3,3,0,1,1,2,2.0
4286,"[[], [], [6, 4], [], [0, 5], [], [7, 3], [], [10, 9], [], [9]]","[3, 1, None, 2, 4, 1, -4, -2, -1, 2, 1]",49,8,3.0,best_second,wb6a7f71,7.448333860897476,6.380122536899766,7.743269700829004,7,7,0,1,1,2,4.0
4287,"[[6, 5], [4, 2], [], [], [2], [], [], [], [9, 0], [7, 3], []]","[1, 4, -2, 3, -1, -2, 0, 0, None, 3, -4]",101,5,0.0,best_second,wb6a7f71,8.103191752285786,7.313220387090301,8.477204183199875,6,6,0,1,1,2,2.0
4289,"[[], [2, 6], [], [], [7, 1], [], [], [3, 9], [0], [], [8, 0]]","[-4, -2, -4, 0, None, -1, -3, -3, -3, -1, 4]",151,2,2.0,best_second,wb6a7f71,8.116715624819113,7.321188556739479,8.488999457045455,-3,-3,0,1,1,2,1.0
4291,"[[7], [], [], [1, 10], [], [0, 7], [4, 8], [], [], [3, 6], []]","[4, -4, 3, -1, 0, 3, -4, -3, -2, None, -2]",43,2,1.0,best_third,wb6a7f71,7.784473235736469,7.80994708647679,8.490233009833455,-3,-3,0,1,1,2,2.0
4292,"[[8, 9], [], [5, 7], [], [], [], [2, 10], [], [9], [], [4, 1]]","[4, -4, -2, -2, -3, -3, None, -1, 1, -2, -3]",21,3,1.0,best_second,wb6a7f71,8.678971846978863,7.6128310304073565,8.974744612722732,-3,-3,0,1,1,2,1.0
4296,"[[], [], [0, 9], [10], [3, 10], [2, 6], [8, 1], [], [], [], []]","[-1, 2, 2, -3, -3, None, 2, -4, 0, 1, -1]",87,2,0.0,best_third,wb6a7f71,8.57828829077605,7.847371836159789,8.971194463184466,4,4,0,1,1,2,2.0
4299,"[[], [], [], [], [1], [], [4, 1], [], [5, 7], [10, 8], [0, 3]]","[1, -2, 3, -2, 4, 1, -3, 2, -4, None, 1]",79,4,3.0,best_second,wb6a7f71,7.644919344958857,7.445417556701687,8.243019468989248,2,2,0,1,1,2,1.0
4302,"[[3, 9], [], [4, 5], [], [5], [], [], [10, 0], [], [], [1, 8]]","[2, -1, 1, -2, 2, -2, 2, None, -4, 2, -2]",95,7,0.0,best_second,wb6a7f71,7.053585727193677,7.649216319820633,8.08794755464267,4,4,0,1,1,2,3.0
4303,"[[7, 9], [], [], [0, 8], [1], [], [4, 1], [], [2, 10], [], []]","[0, -2, -1, None, -3, -4, -3, -1, -1, 3, -2]",89,5,3.0,best_second,wb6a7f71,8.765302488748194,7.502738210754851,9.014325488050225,3,3,0,1,1,2,1.0
4306,"[[], [], [], [6, 4], [], [0, 1], [4], [], [5, 9], [10, 7], []]","[-3, 3, -3, -4, -2, 2, 1, -4, None, -4, -2]",67,10,1.0,best_second,wb6a7f71,8.041734711487539,6.805722553416985,8.296546520300614,5,5,0,1,1,2,2.0
4308,"[[], [10, 9], [], [], [8, 6], [], [], [], [6], [7, 2], [0, 3]]","[-2, None, 3, -1, 3, 4, 2, -4, -1, -1, 1]",59,4,2.0,best_min,wb6a7f71,7.999007213243954,7.871692664323645,8.630343289348893,2,0,2,0,0,2,7.0
4310,"[[5, 3], [], [6], [9, 1], [], [7, 4], [], [], [2, 6], [], []]","[None, -2, 2, 2, -3, -4, -4, -4, 3, 2, 2]",331,9,4.0,best_second,wb6a7f71,7.457609289715606,7.947325027016463,8.42507790250843,4,4,0,1,1,2,1.0
4311,"[[1, 7], [], [], [], [5, 10], [10], [], [], [6, 3], [8, 0], []]","[4, -1, -2, 3, -4, 2, 1, -3, -4, None, -4]",337,4,7.0,best_second,wb6a7f71,7.429520842786462,7.795234929002173,8.321907968230423,3,3,0,1,1,2,2.0
4316,"[[], [], [], [8, 10], [], [2, 0], [7, 4], [4], [], [5, 3], []]","[-2, 2, 3, -4, 1, 4, -1, 0, 4, None, -4]",341,9,6.0,best_second,wb6a7f71,6.891625897052253,7.5678626054638825,7.9786537290827315,7,7,0,1,1,2,8.0
4320,"[[], [], [8], [0, 6], [2, 8], [1, 9], [], [], [], [], [3, 5]]","[0, 0, 2, 3, 4, -2, 3, -1, -4, 4, None]",231,5,0.0,best_second,wb6a7f71,7.5352967024440884,7.228388451573604,8.086410275323782,6,6,0,1,1,2,4.0
4322,"[[], [], [], [8, 5], [1], [9, 0], [4, 1], [], [2, 10], [], []]","[-3, 3, 4, None, 3, -1, -2, 1, 3, 2, 0]",257,7,3.0,best_second,wb6a7f71,7.500529485395295,7.234898420314831,8.069342366811634,7,7,0,1,1,2,5.0
4325,"[[], [], [6], [], [5, 10], [9, 1], [], [2, 6], [], [], [0, 3]]","[-1, 0, -2, 0, None, 4, -1, 2, -1, 3, -3]",353,8,4.0,best_second,wb6a7f71,7.0112139873503665,7.1785454837637,7.791109510610028,7,7,0,1,1,2,1.0
4327,"[[10, 6], [], [], [9, 1], [], [0, 3], [], [8, 4], [4], [], []]","[-2, 0, 2, 3, -2, None, 4, -4, 3, 2, 0]",339,4,3.0,best_second,wb6a7f71,7.872836175025724,7.040536390215956,8.233768709217099,5,5,0,1,1,2,4.0
4331,"[[3, 2], [6, 4], [], [], [], [0, 1], [], [], [10, 9], [], [9]]","[-4, 1, -4, 0, -1, None, 2, 1, -2, 0, -3]",213,7,2.0,best_second,wb6a7f71,7.824046010856293,7.945909598613133,8.579792333172758,3,3,0,1,1,2,4.0
4333,"[[], [8, 5], [], [], [9, 0], [6, 2], [], [], [3, 7], [0], []]","[3, None, 4, 1, -1, -4, -1, 3, 4, 0, -3]",267,7,1.0,best_second,wb6a7f71,7.01211529430638,7.1929342212158,7.799343398215921,7,7,0,1,1,2,5.0
4334,"[[], [9], [5, 6], [], [1, 9], [], [], [0, 3], [], [], [7, 2]]","[-2, 0, -1, -4, 0, -4, 4, 4, 0, 0, None]",227,4,8.0,best_min,wb6a7f71,6.708084083853069,7.560080465021827,7.914983005848394,3,2,1,0,0,2,8.0
4335,"[[], [], [7, 5], [], [1], [], [3, 0], [], [2, 6], [4, 1], []]","[-3, 1, -3, 2, -1, 0, 1, -1, None, 2, 4]",293,6,4.0,best_second,wb6a7f71,7.457609289715606,7.1731917424865985,8.01829613851552,3,3,0,1,1,2,1.0
4337,"[[], [], [], [], [6, 7], [2], [], [], [1, 3], [5, 2], [8, 4]]","[1, 3, 4, -2, -3, 3, -2, 1, 3, 1, None]",223,8,5.0,best_second,wb6a7f71,7.302496423727326,7.4999765409521215,8.098946748943339,6,6,0,1,1,2,3.0
4338,"[[9, 4], [7, 6], [], [], [5, 10], [], [], [6], [], [3, 8], []]","[None, -1, -3, -2, 4, 4, -1, -1, 2, -3, -1]",279,9,5.0,best_second,wb6a7f71,7.569411792450711,6.272877006546167,7.810758116529357,8,8,0,1,1,2,4.0
4339,"[[], [3, 10], [], [6, 9], [], [7, 8], [], [8], [], [], [4, 2]]","[-2, None, 2, 1, 0, 3, 2, -4, -1, 1, 4]",217,3,2.0,best_second,wb6a7f71,8.022568946988255,7.282073658093465,8.412277021466677,6,4,2,0,1,2,1.0
4343,"[[], [], [4, 0], [], [0], [], [7, 9], [], [6, 10], [], [3, 1]]","[-3, 4, 2, -2, 2, -2, 0, 3, None, -1, 0]",265,4,1.0,best_min,wb6a7f71,7.771067086065406,6.739336627357174,8.07558263667172,4,-1,5,0,0,2,6.0
4344,"[[7], [], [], [], [10, 9], [0, 7], [], [], [], [6, 3], [1, 8]]","[2, 4, -4, -2, None, -3, -4, -3, 1, -1, 4]",397,9,3.0,best_second,wb6a7f71,7.0130157896396295,6.643789733147672,7.5379626597682075,8,8,0,1,1,2,2.0
4346,"[[1], [], [], [0, 1], [7, 2], [8, 6], [], [], [], [4, 5], []]","[0, 4, -1, 1, -4, 1, -1, -3, 1, None, -4]",307,6,2.0,best_second,wb6a7f71,7.520776415062797,7.44600149832412,8.17695386822578,2,2,0,1,1,2,2.0
4347,"[[], [], [0, 10], [4, 1], [1], [6, 2], [7, 9], [], [], [], []]","[2, 4, -2, -4, 0, None, 3, -2, -1, 4, 4]",355,6,1.0,best_third,wb6a7f71,7.306531398939504,6.699500340161678,7.741099090035365,7,7,0,1,1,2,2.0
4348,"[[], [0], [9, 10], [], [1, 0], [], [], [], [], [6, 5], [3, 8]]","[1, -1, None, 0, 3, 3, 2, -3, 1, -3, 1]",377,2,0.0,best_second,wb6a7f71,7.459914766241105,7.186144304522325,8.025189321890833,2,1,1,0,1,2,1.0
4349,"[[], [], [], [4, 7], [9, 10], [], [5], [2, 0], [6, 5], [], []]","[2, -2, 4, None, 1, -3, -3, 0, -1, 4, 2]",359,2,1.0,best_third,wb6a7f71,8.100161446936607,6.508769136971681,8.285261134068948,5,5,0,1,1,2,2.0
4354,"[[], [], [9, 6], [10], [3, 10], [], [5, 7], [], [], [0, 8], []]","[-3, -4, None, -2, 0, -3, -4, 2, 3, 3, 3]",287,9,0.0,best_second,wb6a7f71,6.694562058521095,7.5781454724194655,7.923710333969238,6,6,0,1,1,2,5.0
4355,"[[2, 9], [], [], [], [10, 0], [], [5], [6, 5], [], [], [3, 8]]","[2, 2, -1, -3, None, 2, 4, -3, 3, 1, 2]",283,4,1.0,best_min,wb6a7f71,7.848543482456679,6.79346613258001,8.146998697389991,5,5,0,1,1,2,2.0
4356,"[[6, 10], [], [5], [], [0, 8], [], [], [], [1, 7], [2, 5], []]","[3, 1, -4, 0, None, 3, -4, -4, -4, 2, 3]",221,10,0.0,best_second,wb6a7f71,7.229113877793302,7.146772179452637,7.881559917056898,6,6,0,1,1,2,5.0
4357,"[[2], [], [], [7, 1], [], [], [10, 4], [], [0, 2], [3, 6], []]","[2, 4, -3, 1, -3, -1, -4, -4, -1, None, -1]",253,10,3.0,best_second,wb6a7f71,7.994632311431825,7.3727463664043285,8.424200324567073,5,5,0,1,1,2,2.0
4360,"[[5, 9], [7, 2], [8, 10], [], [], [9], [], [4, 6], [], [], []]","[-1, None, -3, 2, 2, -2, 4, -1, -4, 4, 0]",315,6,5.0,best_second,wb6a7f71,8.424419791263881,7.531016332077916,8.767329147794047,3,3,0,1,1,2,4.0
4362,"[[6, 10], [3], [1, 3], [], [], [], [8, 7], [], [], [], [9, 4]]","[None, 4, 4, -4, 3, -3, -4, 2, 1, -2, -2]",363,4,5.0,best_min,wb6a7f71,7.804251383528113,7.246368080102461,8.256607344626158,1,1,0,1,1,2,1.0
4363,"[[], [], [], [7, 0], [2, 8], [3, 4], [1], [], [], [6, 1], []]","[-1, -4, 3, 0, 4, None, -4, -3, 0, -1, 2]",233,7,4.0,best_second,wb6a7f71,7.22983877815125,7.281385663570283,7.94873845481361,7,7,0,1,1,2,2.0
4371,"[[], [], [5, 3], [], [7, 0], [], [], [], [2, 4], [10, 1], [1]]","[-1, 0, 2, 4, -4, 0, -1, -2, None, 4, 1]",133,9,2.0,best_second,w8cd4c86,8.259716961021521,6.473890696352274,8.414495793177895,6,2,4,0,1,2,1.0
4372,"[[], [0], [], [], [], [1, 0], [4, 3], [9, 8], [], [], [6, 7]]","[-3, 1, 4, -3, 1, 3, 0, -2, 4, 1, None]",121,3,6.0,best_third,w8cd4c86,8.581856704741961,7.81035268372429,8.961750799330499,2,2,0,1,1,2,4.0
4373,"[[], [], [], [], [], [1], [], [5, 1], [9, 10], [3, 0], [2, 6]]","[-4, 0, 1, -1, -3, -2, 0, 1, None, -1, 1]",15,4,1.0,best_second,w8cd4c86,8.597297435657898,8.132118772955806,9.084550365917883,2,2,0,1,1,2,3.0
4378,"[[], [], [], [5], [], [], [], [1, 0], [3, 5], [10, 7], [6, 2]]","[-3, 4, -1, -3, 4, 1, -2, -4, 2, None, 3]",9,4,4.0,best_second,w8cd4c86,8.902999661861218,7.476472381163905,9.118115427933665,2,2,0,1,1,2,7.0
4379,"[[], [2, 7], [], [5, 1], [], [0, 10], [], [], [6], [8, 6], []]","[0, 2, 3, None, -2, 3, 2, -4, 1, 3, -4]",113,5,6.0,best_min,w8cd4c86,8.68727346178784,6.9508147684425845,8.849370503754571,5,5,0,1,1,2,4.0
4385,"[[], [5, 3], [], [], [], [3], [9, 10], [], [], [8, 4], [7, 2]]","[-2, 3, -4, 2, 3, 4, None, 0, -1, 4, -4]",139,10,1.0,best_second,w8cd4c86,7.608374474380783,7.239214973779806,8.133587417660966,7,7,0,1,1,2,4.0
4387,"[[9, 2], [10, 5], [], [], [], [], [0, 1], [3], [7, 3], [], []]","[-1, -3, -4, 2, 3, 0, None, 0, -3, 1, -1]",85,4,3.0,best_min,w8cd4c86,8.726318950962243,7.658227526161352,9.021598247379305,0,0,0,1,1,2,1.0
4391,"[[], [3, 6], [4, 9], [], [9], [0, 10], [], [5, 1], [], [], []]","[-3, 4, 1, 1, 3, -4, -2, None, 4, -2, 0]",7,8,6.0,best_second,w8cd4c86,8.319717386850606,6.684611727667927,8.497602541651235,5,5,0,1,1,2,3.0
4396,"[[2, 8], [], [4, 5], [], [], [], [], [6], [1, 10], [7, 6], []]","[None, -1, -4, 4, 1, -4, 0, 1, 3, -1, 4]",35,10,1.0,best_second,w8cd4c86,7.968319500012718,7.516977224604321,8.460834457746854,7,7,0,1,1,2,5.0
4397,"[[], [], [], [6, 7], [1], [], [2, 5], [10, 0], [4, 1], [], []]","[-2, 0, 4, None, 0, -4, 0, -3, 1, 2, 3]",175,7,4.0,best_third,w8cd4c86,8.443977129084978,6.536691597591305,8.58223158759546,4,4,0,1,1,2,5.0
4398,"[[5], [0, 5], [], [10, 6], [], [], [7, 2], [], [], [], [4, 9]]","[2, 3, 4, None, -3, -1, 0, 0, 3, -4, 2]",135,5,4.0,best_second,w8cd4c86,8.413830678421084,7.397561535524052,8.722580021141187,4,4,0,1,1,2,1.0
4401,"[[], [], [5, 1], [8, 0], [3, 2], [], [], [10], [], [7, 10], []]","[1, -4, -2, 0, None, 0, 2, -2, -4, 0, -2]",63,5,1.0,best_third,w8cd4c86,8.84779106484485,7.605392364814934,9.101306450952048,1,1,0,1,1,2,4.0
4405,"[[1, 10], [], [6, 7], [], [8], [4, 8], [], [], [], [0, 2], []]","[4, 4, -2, -4, 2, 2, -3, -2, -4, None, -4]",195,11,8.0,best_second,w8cd4c86,7.635786861395585,7.0085051820822795,8.063377822367025,8,8,0,1,1,2,1.0
4406,"[[9], [], [], [], [2, 5], [], [1, 3], [6, 4], [0, 9], [], []]","[-2, 1, -4, -3, 0, 4, -3, None, -1, -2, 1]",191,8,4.0,best_third,w8cd4c86,8.126813720726114,7.450660796211539,8.537779825024625,4,4,0,1,1,2,4.0
4410,"[[], [0, 10], [], [], [5, 9], [9], [7, 2], [], [6, 1], [], []]","[2, -4, 4, 4, 0, 2, -3, 0, None, -3, -3]",23,5,7.0,best_third,w8cd4c86,8.455955881945048,6.977281341630747,8.661120360222881,1,1,0,1,1,2,5.0
4413,"[[], [5, 3], [7, 0], [], [2, 1], [], [], [], [9], [], [8, 9]]","[0, 2, 0, 1, None, -4, 3, 2, 2, 4, -3]",127,3,1.0,best_min,w8cd4c86,9.015055148790369,7.160845906664298,9.160414563206457,3,3,0,1,1,2,2.0
4415,"[[8, 2], [3], [], [], [], [4, 6], [], [0, 5], [], [], [1, 3]]","[4, 3, 4, 4, 1, -4, 3, None, 3, -1, 4]",145,7,0.0,best_second,w8cd4c86,7.822845290279774,7.05617528410041,8.20412493257404,8,7,1,0,1,2,2.0
4417,"[[2, 4], [5, 3], [], [], [], [3], [], [], [9, 7], [], [8, 0]]","[1, 0, 0, -2, -2, -1, -2, -1, 4, 1, None]",83,4,5.0,best_second,w8cd4c86,7.696212639346407,7.0630481633881725,8.121777419161074,5,5,0,1,1,2,2.0
4418,"[[9, 5], [], [1], [2, 1], [], [], [4, 10], [0, 6], [], [], []]","[2, 3, 3, 4, -2, 4, -4, None, -3, -1, 0]",187,9,2.0,best_second,w8cd4c86,8.155362120328135,7.109062135687172,8.456168489578463,6,6,0,1,1,2,2.0
4419,"[[], [], [], [], [0, 2], [4, 8], [], [], [6, 1], [10, 3], [3]]","[3, -2, -2, -2, -3, None, 4, 3, 4, 0, 0]",21,9,6.0,best_second,w8cd4c86,8.092851027538384,6.779921907472252,8.330863613224743,8,8,0,1,1,2,5.0
4420,"[[], [7, 8], [4, 3], [], [], [2, 1], [], [], [], [10, 6], [6]]","[4, -4, 4, -2, 3, None, 0, 4, -4, 3, -4]",163,9,6.0,best_second,w8cd4c86,7.4645098346365275,6.674561391814426,7.838343315557117,7,7,0,1,1,2,8.0
4422,"[[1, 8], [5, 6], [], [], [9, 7], [], [], [], [2, 10], [7], []]","[None, 2, 0, -2, 1, -4, 4, 3, -1, -2, 1]",97,7,2.0,best_min,w8cd4c86,7.914983005848394,6.922643891475888,8.230044310126116,6,6,0,1,1,2,1.0
4427,"[[], [2, 4], [], [], [], [3, 10], [], [5, 1], [6], [8, 6], []]","[-4, 4, -1, -1, 4, -4, -4, None, -1, 3, 0]",67,10,0.0,best_second,w8cd4c86,7.7142311448490855,7.368339686311381,8.24905227417129,8,8,0,1,1,2,1.0
4428,"[[3, 6], [9], [4, 7], [], [], [], [], [], [0, 2], [], [1, 9]]","[2, 0, 0, -1, -1, -3, -4, 0, None, 3, 4]",143,2,0.0,best_min,w8cd4c86,8.928507824313295,7.872836175025724,9.22700081286929,1,0,1,0,0,2,3.0
4432,"[[10, 9], [], [8, 5], [], [], [], [], [], [5], [7, 3], [4, 1]]","[None, 4, -4, 2, -3, 4, 2, -4, 4, -4, 4]",107,11,0.0,best_second,w8cd4c86,7.704811922932594,6.777646593635117,8.037866234709618,8,8,0,1,1,2,6.0
4433,"[[], [7, 10], [], [6], [], [4, 2], [], [], [3, 6], [5, 1], []]","[-1, -2, -3, -2, 4, 1, 4, -4, -4, None, -2]",177,9,4.0,best_second,w8cd4c86,8.623892810075294,7.214504414151143,8.842315546841863,5,5,0,1,1,2,2.0
4435,"[[], [4, 0], [9, 1], [], [], [6], [], [], [], [8, 3], [5, 6]]","[-1, 2, None, -4, 1, 4, 4, 3, -3, 0, -3]",43,5,3.0,best_second,w8cd4c86,8.407824654360873,6.692083742506628,8.57300625623545,3,3,0,1,1,2,1.0
4436,"[[10], [], [8, 3], [], [], [1, 4], [0, 10], [], [], [5, 2], []]","[1, 4, -3, -3, -4, 2, 3, -3, -4, None, -2]",115,11,6.0,best_second,w8cd4c86,7.80954132465341,7.2633296174768365,8.266164436612492,6,6,0,1,1,2,1.0
4438,"[[7], [], [], [], [], [8, 2], [0, 7], [], [], [1, 4], [9, 5]]","[1, -2, -4, -1, 4, -4, -4, 1, 1, 4, None]",95,11,0.0,best_second,w8cd4c86,7.890956716138919,6.6240652277998935,8.138856750696325,8,8,0,1,1,2,5.0
4439,"[[], [], [6, 7], [0], [], [], [4, 5], [1, 9], [], [], [3, 0]]","[1, 4, None, -1, -4, 0, -3, 4, -4, 0, 1]",1,10,4.0,best_second,w8cd4c86,7.6362696033793735,6.955592608396297,8.045588280803528,8,8,0,1,1,2,4.0
4442,"[[3, 5], [2], [], [], [], [], [1, 2], [], [10, 0], [], [4, 7]]","[4, -2, 1, 1, 4, -4, -2, 2, None, -3, -3]",75,5,8.0,best_third,w8cd4c86,8.633374945705647,6.940222469119639,8.802071336535285,5,5,0,1,1,2,2.0
4443,"[[], [8], [4, 0], [1, 8], [], [], [2, 10], [], [], [], [7, 9]]","[1, -1, -2, 2, 2, -2, None, -1, 2, -4, 2]",197,2,6.0,best_min,w8cd4c86,8.877381954654766,7.278628942320682,9.061376218836223,1,1,0,1,1,2,1.0
4446,"[[6, 2], [0, 7], [], [], [], [9], [], [4, 3], [5, 9], [], []]","[3, None, 2, -2, 3, -4, -2, -4, -3, 1, 1]",49,7,1.0,best_second,w8cd4c86,8.157657015196474,7.477604243197589,8.567315800819449,5,5,0,1,1,2,5.0
4451,"[[], [2, 10], [10], [7, 0], [8, 3], [], [], [], [5, 6], [], []]","[-4, 3, 4, 4, None, 4, 2, 1, -3, -1, 1]",39,5,8.0,best_third,w8cd4c86,7.601402334583733,8.152774052744075,8.60758219114392,5,5,0,1,1,2,2.0
4453,"[[8], [0, 8], [], [], [], [6, 7], [], [], [], [2, 4], [9, 5]]","[2, -4, 1, -4, -1, -1, -2, -3, 2, 2, None]",183,5,3.0,best_second,w8cd4c86,7.96311205897929,7.384610383176974,8.40804774415544,3,3,0,1,1,2,1.0
4454,"[[], [], [7], [], [], [3, 9], [4, 0], [], [5, 6], [], [2, 7]]","[-4, 3, 4, 0, 3, 0, -1, -1, None, 4, 0]",105,5,4.0,best_third,w8cd4c86,8.576405051048084,5.69035945432406,8.630521876723241,4,0,4,0,1,2,7.0
4455,"[[], [], [], [], [], [8, 1], [4, 7], [], [1], [6, 10], [3, 0]]","[1, 4, 2, 3, 4, 3, -2, -4, -2, None, 3]",131,6,2.0,best_second,w8cd4c86,8.173011311724972,6.81783057145415,8.402231172946555,6,6,0,1,1,2,8.0
4456,"[[5, 7], [6, 3], [], [], [], [], [], [], [2], [0, 1], [8, 2]]","[4, 3, 0, 4, 3, 0, -1, -1, -3, None, 1]",103,4,5.0,best_min,w8cd4c86,7.425357887027151,7.388946097618437,8.100161446936607,7,4,3,0,0,2,5.0
4457,"[[4, 10], [], [], [], [10], [], [7, 9], [5, 1], [], [3, 8], []]","[0, 3, -4, 0, 2, 4, None, -4, -1, 2, 0]",151,2,3.0,best_second,w8cd4c86,8.435983135990694,7.620705086838262,8.802221746402456,2,2,0,1,1,2,1.0
4459,"[[], [8], [], [], [2, 3], [1, 8], [4, 10], [], [], [], [7, 9]]","[-1, -2, -4, 0, 4, 2, None, -2, 1, 0, -2]",27,6,4.0,best_second,w8cd4c86,7.854381210652365,6.883462586413092,8.17526610411206,4,4,0,1,1,2,2.0
4461,"[[], [4, 0], [], [1, 10], [], [], [8], [6, 8], [], [], [5, 9]]","[0, 4, 3, None, 4, 1, -2, 4, 3, 0, -4]",33,9,4.0,best_second,w8cd4c86,7.946263643580541,7.149916836132109,8.318254328798844,8,8,0,1,1,2,1.0
4462,"[[10, 7], [], [3, 9], [9], [], [], [0, 8], [], [4, 5], [], []]","[0, 1, 1, -3, -3, -1, None, -3, -4, 1, 4]",181,9,3.0,best_second,w8cd4c86,7.993282328101591,6.781057625936179,8.253488028345904,4,4,0,1,1,2,2.0
4465,"[[], [], [], [10, 0], [], [7, 6], [2, 4], [8, 1], [], [], [0]]","[-2, 4, -4, -4, -1, None, -2, 4, -4, 0, 2]",109,11,0.0,best_second,w8cd4c86,7.197435354096591,7.22256601882217,7.9028571912805825,8,8,0,1,1,2,3.0
4468,"[[9, 10], [], [3, 8], [8], [7, 0], [], [], [1, 6], [], [], []]","[-4, 3, -1, 0, None, -4, 1, 0, -1, 3, 4]",37,3,1.0,best_second,w8cd4c86,8.374938143835365,7.083387847625295,8.617581365447506,3,3,0,1,1,2,1.0
4469,"[[], [8, 2], [], [7], [], [3, 7], [4, 9], [], [], [], [6, 1]]","[0, 3, 3, 0, -3, -4, -3, 1, -2, -4, None]",171,10,0.0,best_second,w8cd4c86,7.573017256052546,7.7039102096163115,8.33351070898294,6,6,0,1,1,2,1.0
4470,"[[6, 3], [4, 9], [], [], [], [7, 8], [], [8], [], [], [0, 1]]","[4, -3, -3, -3, -3, 0, 3, 2, -3, -4, None]",45,11,7.0,best_second,w8cd4c86,8.1101268019411,7.015712420487229,8.398634855292102,7,7,0,1,1,2,1.0
4472,"[[9, 10], [], [], [1, 4], [], [0, 3], [2], [], [6, 2], [], []]","[0, 4, -3, 4, 3, None, 0, -1, -2, -3, -4]",57,8,1.0,best_second,w8cd4c86,7.60339933974067,7.516433302915632,8.253748343328501,8,7,1,0,1,2,1.0
4475,"[[6, 4], [], [], [], [2, 7], [], [1, 10], [], [3], [8, 3], []]","[None, -4, 1, 2, -1, 4, 2, 0, 4, 2, 1]",169,4,1.0,best_min,w8cd4c86,7.9028571912805825,7.59337419312129,8.452974619089586,3,3,0,1,1,2,1.0
4479,"[[], [], [], [], [8, 2], [4, 10], [], [9, 1], [], [1], [0, 3]]","[1, 3, 4, -4, 4, None, 0, -3, -2, -2, -4]",29,11,0.0,best_second,w8cd4c86,7.465082736399547,7.244227515603351,8.053569169134542,8,8,0,1,1,2,5.0
4480,"[[], [0], [], [8, 6], [], [1, 0], [4, 10], [], [2, 7], [], []]","[-3, 1, -4, None, 4, 1, 4, 0, -3, -1, 0]",25,10,4.0,best_second,w8cd4c86,7.602900462204755,7.461065514354282,8.227375506834035,8,8,0,1,1,2,4.0
4483,"[[], [8, 3], [], [], [10, 7], [1, 4], [2], [], [], [6, 2], []]","[-4, -3, 2, -4, 3, None, -4, 3, -1, 4, -4]",89,10,0.0,best_second,w8cd4c86,7.879291485082271,7.249925536717988,8.30622521603216,6,6,0,1,1,2,3.0
4484,"[[], [], [], [5, 1], [], [1], [], [], [9, 10], [4, 0], [7, 2]]","[-3, -2, 3, -4, -2, 0, 3, -4, None, -2, 4]",185,10,1.0,best_second,w8cd4c86,7.508787170634276,7.8826922062890254,8.406038142050075,7,7,0,1,1,2,1.0
4485,"[[5, 4], [8, 3], [0, 1], [], [], [], [7, 10], [10], [], [], []]","[-2, 2, None, -2, -3, -2, 0, 4, 3, 1, 3]",53,8,4.0,best_second,w8cd4c86,8.153061946801051,6.643789733147672,8.352554369474591,5,5,0,1,1,2,1.0
4486,"[[8, 10], [], [9], [], [2, 9], [], [3, 5], [0, 6], [], [], []]","[-2, 1, 1, 2, -1, 4, 3, None, -3, -1, -4]",117,9,1.0,best_second,w8cd4c86,7.4413203897176174,7.3987862754199485,8.11312710422178,7,7,0,1,1,2,1.0
4488,"[[2, 4], [10], [], [5, 8], [], [], [0, 3], [1, 10], [], [], []]","[-4, -3, 1, 4, 2, 1, None, -4, 4, -1, -4]",157,8,0.0,best_second,w8cd4c86,7.3796321526095525,7.641084249174915,8.211754397375197,8,8,0,1,1,2,1.0
4489,"[[9, 6], [], [], [], [7, 5], [1, 8], [], [10, 3], [], [6], []]","[-2, 1, 4, -2, None, -4, -4, 0, 3, 1, 0]",55,2,2.0,best_third,w8cd4c86,8.051022208190679,7.906178840394815,8.674196940225903,0,0,0,1,1,2,2.0
4490,"[[], [7, 8], [], [], [9, 6], [10, 4], [], [8], [], [], [0, 2]]","[-3, 0, -4, 4, 0, None, 4, 2, -4, -3, -4]",141,10,4.0,best_second,w8cd4c86,8.69433468816865,7.289610521451168,8.913684824725292,4,-3,7,0,1,2,1.0
4492,"[[5, 8], [10, 2], [7, 4], [], [], [8], [], [], [], [], [9, 3]]","[3, None, -4, 3, -2, -3, -1, 0, 3, -4, -1]",77,7,4.0,best_third,w8cd4c86,8.396831834745054,6.947937068614969,8.60758219114392,2,2,0,1,1,2,2.0
4493,"[[5], [9, 4], [], [], [], [], [3, 2], [6, 1], [], [], [0, 5]]","[4, 2, 4, 2, 1, -3, 2, None, 0, 3, 1]",5,2,2.0,best_third,w8cd4c86,8.412499120301572,6.809039306042979,8.5956346177228,6,6,0,1,1,2,2.0
4496,"[[], [], [8], [1, 0], [2, 8], [], [], [], [], [3, 10], [5, 6]]","[1, -3, 1, -1, -1, -1, 3, -2, -4, None, 2]",161,6,1.0,best_second,w8cd4c86,7.718240951959316,7.278628942320682,8.21527695893663,5,5,0,1,1,2,4.0
4498,"[[], [], [], [8, 7], [10, 5], [0, 1], [], [], [7], [], [2, 9]]","[-2, 4, -2, -4, None, -1, 1, -1, 0, -3, 1]",149,5,5.0,best_min,w8cd4c86,8.681011276645632,7.3632795869630385,8.91811465947453,3,3,0,1,1,2,1.0
4499,"[[], [], [1, 5], [8, 7], [6, 2], [], [9, 0], [], [7], [], []]","[-4, -2, 4, 3, None, 3, -4, -3, 3, -2, 0]",173,11,1.0,best_second,w8cd4c86,7.545918151209323,7.687080155783135,8.311889558230359,7,7,0,1,1,2,2.0
4500,"[[], [], [], [], [3, 8], [10], [5, 10], [9, 4], [], [2, 0], []]","[2, -2, -4, -1, 0, -2, 0, None, 4, 0, 0]",125,5,2.0,best_third,w8cd4c86,8.604654467186233,7.037027614686276,8.793915423631677,4,2,2,0,0,2,5.0
4504,"[[], [9, 8], [10, 4], [7, 6], [], [2, 1], [], [6], [], [], []]","[3, -4, 4, 3, 4, None, -3, -4, 0, -4, -1]",41,11,0.0,best_second,w8cd4c86,7.437206366871293,7.317876198626496,8.07215530818825,8,8,0,1,1,2,4.0
4506,"[[], [8, 4], [], [0, 6], [], [7, 9], [], [9], [], [], [1, 3]]","[3, 3, 4, -1, 3, -2, -4, 0, 4, 3, None]",31,6,0.0,best_second,w8cd4c86,7.311218384419628,7.763446388727362,8.255568653283746,7,7,0,1,1,2,7.0
4508,"[[8, 5], [4, 9], [], [10, 6], [], [], [], [3, 1], [5], [], []]","[-3, 1, 2, -2, 3, -2, 3, None, -2, -4, 4]",111,4,5.0,best_min,w8cd4c86,8.479698986988657,6.917705609835306,8.669914278433902,4,4,0,1,1,2,1.0
4509,"[[6, 9], [], [], [4, 10], [], [8, 1], [], [0, 3], [1], [], []]","[-4, -3, -2, -3, 4, 3, 3, None, 4, -3, -1]",199,5,2.0,best_third,w8cd4c86,8.497398564088058,7.020190708311925,8.702842538302866,1,1,0,1,1,2,6.0
4510,"[[1, 6], [6], [], [8, 4], [9, 2], [], [], [], [5, 7], [], []]","[-3, 4, 2, None, 2, 1, 3, -2, 4, 1, 1]",159,2,6.0,best_min,w8cd4c86,7.629975707027789,6.674561391814426,7.955074273262697,5,5,0,1,1,2,1.0
4511,"[[6], [], [5, 4], [], [7, 1], [10, 8], [], [], [], [0, 6], []]","[-1, -2, None, 0, 1, 4, -3, -3, 4, -1, -4]",3,9,0.0,best_second,w8cd4c86,8.424419791263881,6.966967138613983,8.633552992532433,8,0,8,0,1,2,1.0
4513,"[[3, 9], [], [4], [], [], [8, 7], [2, 4], [], [], [], [5, 0]]","[-2, -2, 0, -1, 3, 2, -1, -4, -2, 1, None]",93,2,6.0,best_third,w8cd4c86,8.892199092039695,6.62273632394984,8.990441550826862,0,0,0,1,1,2,2.0
4514,"[[4, 6], [2, 8], [8], [], [10, 9], [], [7, 3], [], [], [], []]","[None, -1, 0, 0, -2, -3, 0, 4, -3, 4, 3]",91,3,0.0,best_min,w8cd4c86,7.946263643580541,6.453624998892692,8.148734808937169,4,4,0,1,1,2,1.0
4515,"[[1, 9], [9], [], [], [6, 10], [], [], [2, 3], [4, 7], [], []]","[4, -3, 3, -2, -4, 2, 2, 2, None, 3, 0]",99,7,4.0,best_second,w8cd4c86,8.132412674500905,6.439350371100098,8.301025253838453,5,5,0,1,1,2,2.0
4517,"[[], [5, 8], [], [7, 10], [], [4, 0], [], [10], [6, 2], [], []]","[4, None, 2, -3, 0, -1, 3, -4, 2, 3, 1]",119,3,0.0,best_second,w8cd4c86,7.9854843567338225,6.253828811575473,8.148156439921625,5,5,0,1,1,2,4.0
4518,"[[], [], [9, 6], [8, 5], [], [], [1, 10], [], [5], [0, 7], []]","[-1, 2, None, -3, -1, -4, 0, 2, -1, 2, 3]",147,2,3.0,best_min,w8cd4c86,8.485083137498004,7.469654172932128,8.794067065151415,4,3,1,0,0,2,3.0
4521,"[[7, 9], [], [3, 6], [], [0, 2], [], [], [], [10, 5], [], [5]]","[4, 1, -4, 4, None, -4, -4, 3, 3, -2, 0]",87,9,6.0,best_second,w8cd4c86,7.594381242551816,6.3561076606958915,7.848543482456679,7,7,0,1,1,2,8.0
4522,"[[4, 5], [], [3, 8], [8], [], [], [], [], [], [6, 1], [0, 9]]","[2, -2, 0, 0, -4, 2, 4, -4, -4, -3, None]",153,6,0.0,best_third,w8cd4c86,8.017966703493599,6.732210706467206,8.261784679514752,4,4,0,1,1,2,6.0
4523,"[[], [0], [4, 10], [], [5, 7], [], [], [], [], [1, 0], [3, 8]]","[-2, -1, None, -2, -4, -2, -3, -3, -3, 0, -2]",79,2,1.0,best_second,w8cd4c86,8.904358542352968,6.805722553416985,9.019905995071676,-4,-4,0,1,1,2,1.0
4525,"[[3, 9], [], [], [], [8], [], [2, 1], [0, 6], [], [], [4, 8]]","[1, 2, -2, 4, -2, 4, -1, None, -3, -2, 0]",155,6,3.0,best_third,w8cd4c86,8.10470346837111,6.63200177739563,8.310906757168452,5,5,0,1,1,2,4.0
4526,"[[], [], [7, 4], [], [0, 10], [8, 9], [], [3, 6], [9], [], []]","[2, 4, None, -3, 2, -1, -1, 4, 0, -4, 0]",59,2,2.0,best_third,w8cd4c86,8.473659189392508,6.716594773520979,8.632662441222353,4,4,0,1,1,2,2.0
4527,"[[1, 8], [], [], [], [3], [], [2, 9], [4, 3], [], [], [6, 0]]","[0, 3, 4, 4, -1, 4, -3, 2, -3, 2, None]",61,4,3.0,best_min,w8cd4c86,8.103796712981794,6.694562058521095,8.322151070212902,3,3,0,1,1,2,2.0
4529,"[[10, 9], [], [6], [], [], [], [], [2, 6], [], [1, 5], [8, 3]]","[None, 0, 4, 3, 3, 3, -4, 1, -4, 4, 0]",81,6,1.0,best_second,w8cd4c86,8.090708716083997,7.116394144093465,8.410720946905721,7,7,0,1,1,2,7.0
4531,"[[], [9, 3], [7], [10, 0], [2, 7], [], [], [], [], [5, 8], []]","[1, None, 3, 3, -2, -3, -4, -3, -1, -3, 4]",73,9,2.0,best_second,w8cd4c86,7.898039690764619,6.434546518787453,8.105911197986508,7,7,0,1,1,2,2.0
4533,"[[], [], [], [0, 5], [], [], [], [3, 8], [6, 4], [1], [9, 1]]","[3, 4, 0, -2, -3, 0, -2, None, 2, -4, 4]",11,2,2.0,best_min,w8cd4c86,8.566744970245486,6.768493211648629,8.719807451477955,1,1,0,1,1,2,1.0
4535,"[[9, 4], [5, 10], [6, 8], [0, 1], [], [], [8], [], [], [], []]","[4, -1, -4, None, 3, 4, 1, 1, -2, 1, -4]",101,6,1.0,best_second,w8cd4c86,8.00836557031292,7.10002716662926,8.34687925374656,7,7,0,1,1,2,8.0
4536,"[[], [], [], [6, 7], [], [], [10, 1], [5, 2], [4], [8, 4], []]","[4, -3, 3, None, 3, -3, 2, -2, 0, 2, -2]",189,3,5.0,best_min,w8cd4c86,9.188912424562563,7.238496840894365,9.321792297270326,1,0,1,0,0,2,6.0
4537,"[[2], [], [], [], [10, 9], [4, 7], [0, 2], [1, 3], [], [], []]","[-3, 3, 4, 0, -3, None, 3, 1, -1, 0, 2]",47,5,1.0,best_second,w8cd4c86,7.909856667269403,6.22455842927536,8.07961802938984,4,4,0,1,1,2,2.0
4540,"[[], [], [], [6, 1], [], [], [1], [], [5, 2], [10, 8], [7, 4]]","[-3, -4, 0, 0, -3, 3, 0, -4, 2, None, -2]",71,8,2.0,best_second,w8cd4c86,8.213381737034572,6.559615237493242,8.388222810119277,5,5,0,1,1,2,1.0
4541,"[[], [7, 9], [0], [10, 5], [3, 1], [], [2, 0], [], [], [], []]","[-2, 0, 0, 0, None, 1, 4, 2, 4, -3, -4]",69,4,1.0,best_third,w8cd4c86,8.744169388750622,6.844815479208262,8.883501584323207,2,1,1,0,0,2,5.0
4544,"[[], [6, 0], [1, 5], [], [], [3, 4], [], [], [], [7], [9, 7]]","[-3, -3, None, 4, -2, 3, -4, 4, 1, 4, -4]",19,11,5.0,best_second,w8cd4c86,8.198089248956117,6.901737206656573,8.439663988906998,7,7,0,1,1,2,1.0
4545,"[[], [], [], [7, 10], [], [], [], [6, 5], [1], [8, 1], [0, 2]]","[-2, -4, 0, None, -3, 3, -3, 3, -4, -3, -2]",193,8,0.0,best_second,w8cd4c86,7.358830898342354,6.843749949006225,7.826842098158294,6,6,0,1,1,2,2.0
4548,"[[1, 4], [], [5, 6], [], [], [6], [], [3, 8], [], [0, 7], []]","[-3, 1, 3, 0, 2, -3, -1, 3, 3, None, -4]",165,6,0.0,best_second,w8cd4c86,7.903596289614302,7.203405521083095,8.306472160100585,6,6,0,1,1,2,1.0
4551,"[[], [], [7], [], [5, 3], [], [2, 7], [], [4, 10], [], [9, 0]]","[1, -3, -1, 4, 3, -4, 3, 2, None, -4, -4]",51,11,1.0,best_second,w8cd4c86,7.216709486709457,6.811244378601293,7.727094484779841,7,7,0,1,1,2,5.0
4553,"[[], [], [0], [], [3, 1], [4, 6], [10, 7], [], [2, 0], [], []]","[1, 2, 3, -3, 4, None, -4, -2, -4, -3, 3]",167,8,2.0,best_second,w8cd4c86,7.610852790395251,6.752270376141742,7.963807953231451,6,6,0,1,1,2,5.0
4554,"[[5, 9], [], [4], [], [], [3, 6], [], [], [2, 4], [1, 10], []]","[None, -4, 0, 3, 3, 3, 2, 2, 3, 3, -1]",123,4,1.0,best_second,w8cd4c86,8.59877317840866,7.784889295655098,8.965462328515967,6,6,0,1,1,2,3.0
4556,"[[], [0, 4], [6, 3], [], [], [7], [], [], [], [1, 2], [5, 7]]","[-4, 1, 3, 1, 4, 3, 3, -2, -2, None, 3]",17,4,2.0,best_third,w8cd4c86,7.826443135456014,6.8617113404807295,8.14902386805177,6,6,0,1,1,2,8.0
4559,"[[], [], [7], [9, 0], [], [], [3, 8], [], [1, 4], [], [2, 7]]","[1, -1, 4, -3, 4, -4, None, 3, 4, 2, 1]",137,8,0.0,best_second,w8cd4c86,7.557472901614746,7.294377299288821,8.12740456269308,8,3,5,0,1,2,1.0
4560,"[[], [0], [], [], [5, 7], [], [4, 10], [], [1, 0], [], [9, 3]]","[0, 3, 2, 3, -3, 4, None, -2, 1, -4, 2]",13,7,1.0,best_third,w8cd4c86,7.991253929840198,7.2909747781429814,8.394121193826242,5,5,0,1,1,2,6.0
4562,"[[], [4, 0], [], [9, 10], [], [], [1, 8], [], [2, 5], [10], []]","[1, -4, -4, 4, 2, -3, None, 2, -1, -3, 1]",65,2,5.0,best_second,w8cd4c86,8.764678074116604,6.806829360392176,8.896588071791218,-2,-2,0,1,1,2,1.0
4563,"[[], [5, 9], [10], [1, 7], [], [], [], [6, 0], [2, 10], [], []]","[-1, 2, 1, None, 1, -4, -3, -3, 3, 4, 4]",129,10,2.0,best_second,w8cd4c86,7.871692664323645,7.6953031349635665,8.480321716640333,6,6,0,1,1,2,2.0
4566,"[[], [7, 9], [0, 5], [4], [], [], [], [], [3, 4], [], [2, 1]]","[1, 4, -4, -1, -4, 2, 0, 1, -2, 4, None]",179,8,0.0,best_second,w8cd4c86,7.753194269884341,6.452048954437227,7.9936199948277435,8,5,3,0,1,2,1.0
4570,"[[2, 9], [], [3, 7], [], [6, 8], [], [8], [], [], [5, 1], []]","[None, 2, 1, 2, 4, 0, -1, 1, -3, 4, 3]",363,3,2.0,best_second,w8cd4c86,7.528331766707247,8.024862150286411,8.500047032581268,6,6,0,1,1,2,1.0
4571,"[[7, 2], [], [], [], [5], [], [4, 5], [], [], [10, 0], [8, 1]]","[3, 0, 3, 1, -4, 3, -4, -1, 1, None, 3]",365,3,0.0,best_min,w8cd4c86,8.401333305321703,7.192182058713245,8.662331957082477,6,6,0,1,1,2,1.0
4572,"[[4], [], [], [1, 8], [], [], [], [6, 5], [], [0, 4], [3, 7]]","[0, -2, -3, -3, -3, -1, 4, 4, 2, 4, None]",347,9,5.0,best_second,w8cd4c86,7.722234744709607,6.687108607866515,8.025843344150903,8,8,0,1,1,2,4.0
4574,"[[], [2, 4], [], [0], [], [7, 9], [1, 5], [], [3, 0], [], []]","[4, 4, -4, 4, 3, -4, None, -1, -3, 0, 4]",343,10,1.0,best_second,w8cd4c86,7.6953031349635665,6.796823718274855,8.036573409707312,7,7,0,1,1,2,1.0
4576,"[[], [4], [1, 4], [], [], [10, 8], [7, 5], [0, 3], [], [], []]","[3, 0, -2, -4, -4, 2, None, -2, 0, 4, 2]",385,5,2.0,best_second,w8cd4c86,7.549082710812286,6.48768401848461,7.845807502637805,4,4,0,1,1,2,7.0
4577,"[[6, 9], [], [3, 4], [], [], [1], [], [0, 2], [5, 1], [], []]","[2, 3, -3, 0, -3, -4, 3, None, -4, 1, 0]",281,7,1.0,best_second,w8cd4c86,7.562161631225652,7.069874128458572,8.038834757787749,5,5,0,1,1,2,3.0
4578,"[[9], [], [6, 10], [0, 9], [], [], [7, 4], [], [], [], [5, 1]]","[1, -3, None, -2, -3, -1, 1, 3, -2, -1, -3]",387,8,4.0,best_second,w8cd4c86,8.178358165605836,7.452402451223638,8.572817095164234,4,4,0,1,1,2,2.0
4579,"[[], [], [4, 5], [0], [9, 1], [6, 8], [], [], [], [], [3, 0]]","[-2, -4, None, 4, 4, -3, -2, -4, -4, 3, 3]",231,11,8.0,best_second,w8cd4c86,8.044947049617722,6.62273632394984,8.260751354700512,7,7,0,1,1,2,2.0
4581,"[[9], [], [], [6, 7], [0, 9], [], [], [], [3, 10], [], [1, 2]]","[4, 0, 1, -3, -2, -2, 0, 3, None, 1, -2]",383,2,3.0,best_min,w8cd4c86,8.783549477153265,7.356918242356021,8.998631198287637,0,-1,1,0,0,2,3.0
4582,"[[], [2, 5], [], [], [10, 1], [], [], [8, 0], [0], [], [3, 6]]","[0, 4, 4, -2, None, -1, -1, 0, 1, 1, -3]",311,10,5.0,best_second,w8cd4c86,7.527793987721444,6.570882962339584,7.85243908535751,8,8,0,1,1,2,1.0
4583,"[[], [7, 4], [], [6, 0], [2, 10], [], [0], [8, 5], [], [], []]","[-2, None, -4, -1, 4, -2, -2, 0, -4, -1, 2]",377,8,2.0,best_second,w8cd4c86,7.915348169263078,7.491645473605133,8.418697944667139,6,6,0,1,1,2,2.0
4584,"[[], [7, 10], [], [6, 8], [], [], [8], [4, 2], [], [], [5, 0]]","[4, None, 2, 1, -4, -1, 1, 0, 2, 0, 0]",333,5,4.0,best_third,w8cd4c86,7.737616282857904,7.538494999413465,8.335911094196945,4,4,0,1,1,2,6.0
4587,"[[], [], [], [7, 10], [6, 5], [], [], [10], [1, 2], [8, 4], []]","[4, 4, -3, -1, -4, 0, -4, -3, 3, None, 4]",329,11,6.0,best_second,w8cd4c86,7.3658128372094716,6.371611847231857,7.68017564043659,7,7,0,1,1,2,4.0
4589,"[[6, 5], [], [], [], [], [], [5], [4, 9], [7, 10], [], [1, 3]]","[-4, -1, -3, 4, 3, 1, -1, 4, None, -4, 0]",261,6,8.0,best_third,w8cd4c86,7.317876198626496,6.424869023905387,7.660585461703256,7,7,0,1,1,2,5.0
4591,"[[], [4, 7], [], [1, 8], [], [6, 2], [2], [], [9, 10], [], []]","[4, -3, 3, None, 1, -4, -2, -4, 4, 4, -4]",257,11,8.0,best_second,w8cd4c86,7.656810091480378,6.656726524178392,7.969703583278656,8,8,0,1,1,2,5.0
4592,"[[7, 4], [9, 8], [3], [], [], [0, 1], [], [], [], [], [2, 3]]","[-2, 2, -3, 3, 4, None, -3, -1, -1, -3, -2]",127,3,3.0,best_min,w7f1eb8e,7.934513463882263,9.038365107236372,9.324650718153594,2,1,1,0,0,2,5.0
4594,"[[], [2], [], [1, 2], [9, 6], [], [], [8, 4], [5, 10], [], []]","[-2, 1, -3, 0, 4, 2, 3, None, -3, -2, -4]",109,9,1.0,best_second,w7f1eb8e,8.322151070212902,8.005367067316664,8.869257522797286,7,7,0,1,1,2,6.0
4596,"[[8, 9], [], [7], [], [], [2, 7], [10, 0], [], [], [], [1, 4]]","[-1, 2, -2, 1, -1, -1, None, 4, -2, -4, 3]",119,7,4.0,best_second,w7f1eb8e,7.742835955430749,6.579251212010101,8.014335737299422,5,5,0,1,1,2,2.0
4598,"[[], [7, 9], [3, 0], [0], [], [], [], [4, 5], [], [10, 8], []]","[-1, None, 2, -3, 1, 0, 3, 3, 1, 1, 0]",179,2,3.0,best_second,w7f1eb8e,8.381144346952961,7.215239978730097,8.652248422409103,4,4,0,1,1,2,1.0
4602,"[[], [], [], [], [8], [], [5, 1], [4, 8], [], [2, 0], [9, 6]]","[-4, 4, -3, -4, -3, -4, 4, -4, 2, -1, None]",95,11,0.0,best_second,w7f1eb8e,7.9854843567338225,7.789454566086673,8.585225601808066,8,8,0,1,1,2,1.0
4603,"[[9, 1], [], [], [], [], [0, 7], [], [4, 6], [10, 2], [], [2]]","[-3, -1, 3, 1, 2, None, -3, 4, -2, -3, -1]",101,9,7.0,best_second,w7f1eb8e,8.484256691169973,7.3901814282264295,8.772920092626466,6,6,0,1,1,2,2.0
4607,"[[4, 6], [8], [], [], [3, 2], [], [7, 10], [], [], [1, 8], []]","[None, 2, -4, -3, -3, -3, -2, -3, 0, 2, 3]",91,7,5.0,best_second,w7f1eb8e,8.769507120030227,7.902487437162855,9.120196822123216,1,1,0,1,1,2,1.0
4609,"[[], [3, 6], [7, 8], [6], [], [], [], [], [], [2, 10], [0, 5]]","[-2, 0, 1, 1, -1, 3, -1, -3, -2, None, -1]",53,4,4.0,best_min,w7f1eb8e,9.215228406048958,7.870165946469845,9.446676517076375,2,2,0,1,1,2,1.0
4610,"[[], [], [3], [], [1, 10], [], [2, 3], [], [4, 9], [7, 0], []]","[-1, 3, 1, -3, 3, -2, -3, -4, None, 3, 2]",29,4,1.0,best_second,w7f1eb8e,7.776535028185241,7.806289289267034,8.48446336679332,6,5,1,0,1,2,3.0
4614,"[[6], [2, 8], [10, 9], [], [], [], [], [0, 6], [4, 3], [], []]","[-3, None, 2, 1, -1, -4, 4, 0, -2, -4, -2]",169,2,6.0,best_third,w7f1eb8e,9.13873695311649,7.725330037917134,9.356430077848078,0,0,0,1,1,2,2.0
4615,"[[], [10, 6], [], [2, 5], [0], [], [], [], [3, 1], [4, 0], []]","[-4, -4, -3, 3, 0, 3, 2, -2, None, -2, -3]",3,9,0.0,best_second,w7f1eb8e,8.919453168575453,7.410347097821025,9.119101891541911,6,6,0,1,1,2,5.0
4618,"[[1, 10], [7, 4], [6], [], [], [2, 6], [], [], [], [], [9, 3]]","[None, -3, -3, -3, -1, 1, -3, 0, 2, -4, -2]",37,2,1.0,best_second,w7f1eb8e,8.492695559815838,8.488587934405903,9.183688340978756,-3,-5,2,0,0,2,1.0
4621,"[[], [], [], [], [5, 10], [1, 7], [0], [], [6, 0], [], [2, 3]]","[-4, 0, 2, -2, None, -2, 4, -1, 4, 4, 4]",17,7,6.0,best_second,w7f1eb8e,7.8050670442584895,8.24143968982973,8.73985662749357,6,6,0,1,1,2,1.0
4624,"[[9], [8, 2], [], [], [7, 3], [4, 1], [0, 9], [], [], [], []]","[2, -3, -2, 4, -1, None, -1, -2, -4, 2, -4]",181,8,5.0,best_second,w7f1eb8e,8.70450228972123,6.827629234502853,8.84678466694523,3,-3,6,0,1,2,2.0
4625,"[[], [], [4, 8], [9, 1], [8], [], [], [0, 6], [], [], [3, 7]]","[-1, 3, -2, 3, 3, 2, 1, 3, 4, 4, None]",93,3,2.0,best_second,w7f1eb8e,7.682021510826875,7.741099090035365,8.404919948933452,7,4,3,0,0,2,1.0
4626,"[[], [5, 9], [8, 10], [], [], [9], [], [], [4, 6], [], [0, 7]]","[4, -2, None, 0, -4, -3, 0, 2, -2, 4, 3]",177,8,1.0,best_second,w7f1eb8e,8.26796230533871,8.083637203141548,8.873047798971067,7,7,0,1,1,2,4.0
4627,"[[], [], [10, 4], [], [], [6, 8], [7, 9], [], [3, 0], [], [4]]","[-2, 3, 4, 1, 0, None, 1, 3, 4, 2, 0]",143,2,1.0,best_min,w7f1eb8e,7.9561263512135,7.841492924460013,8.593413217327647,5,4,1,0,0,2,3.0
4628,"[[], [6, 5], [], [], [], [3, 0], [4, 7], [], [9, 2], [2], []]","[-4, None, 0, 4, 4, 2, -2, -4, -1, 0, -2]",49,8,6.0,best_third,w7f1eb8e,8.068089626278242,8.337348564497175,8.904765846682814,6,6,0,1,1,2,8.0
4629,"[[], [], [0, 9], [8, 10], [7, 6], [3, 2], [], [6], [], [], []]","[3, 3, -4, 3, -2, None, -3, 0, -2, -2, 0]",97,5,3.0,best_second,w7f1eb8e,7.82803803212583,7.557994958530806,8.395025557442029,3,3,0,1,1,2,5.0
4631,"[[], [2], [], [1, 2], [9, 5], [10, 7], [], [], [], [0, 8], []]","[3, -3, -3, 0, None, 0, -1, 0, -2, 4, 4]",165,5,6.0,best_third,w7f1eb8e,8.480529207044647,7.350516171833998,8.76029622047005,7,7,0,1,1,2,4.0
4632,"[[4], [10, 7], [1, 6], [], [], [], [5, 8], [], [], [0, 4], []]","[-4, 4, None, -1, 2, 4, -4, 1, 3, 2, 0]",107,4,3.0,best_second,w7f1eb8e,8.17103418920548,7.9854843567338225,8.775549434486189,5,5,0,1,1,2,1.0
4633,"[[3], [], [1, 7], [], [], [4, 9], [], [], [0, 3], [], [5, 2]]","[-2, -1, 4, -2, -1, -3, -2, 4, 4, 1, None]",133,9,0.0,best_second,w7f1eb8e,7.787382026484701,7.766416898019656,8.469891918298224,8,8,0,1,1,2,2.0
4634,"[[9, 3], [10, 7], [], [], [], [], [], [4, 6], [], [3], [8, 5]]","[-4, None, -4, 1, -1, -1, -4, -3, 3, -3, 0]",11,7,1.0,best_second,w7f1eb8e,8.51418868239594,7.22256601882217,8.75683981482946,3,3,0,1,1,2,3.0
4635,"[[9], [6, 8], [], [], [], [], [4, 2], [0, 9], [10, 5], [], []]","[2, None, -4, 4, 4, -4, 4, -4, -2, 1, -1]",139,11,8.0,best_second,w7f1eb8e,7.642524134232902,7.050122520269059,8.082402253926244,8,8,0,1,1,2,3.0
4637,"[[], [3, 5], [9, 8], [], [0, 7], [], [1, 4], [], [], [8], []]","[4, 4, 4, -3, 1, -2, None, 2, -2, -4, 4]",77,3,1.0,best_second,w7f1eb8e,8.659907293615413,7.23561914106675,8.875426919818963,5,5,0,1,1,2,1.0
4640,"[[], [], [], [7, 4], [], [10, 6], [9, 1], [4], [], [], [2, 8]]","[-1, 2, -1, 2, -1, None, 4, -2, 2, -1, -2]",145,6,2.0,best_second,w7f1eb8e,7.904703913873747,7.901007051992421,8.595819511871428,6,6,0,1,1,2,3.0
4643,"[[], [], [6, 1], [], [7, 0], [], [1], [], [5, 10], [4, 8], []]","[-3, 1, 0, 4, 1, -2, 1, -2, -1, None, 4]",57,5,5.0,best_min,w7f1eb8e,9.314430080500564,7.783640596221253,9.510222717509281,3,3,0,1,1,2,1.0
4644,"[[10, 8], [], [7, 5], [0, 9], [], [], [], [5], [], [1, 4], []]","[-3, 4, 2, None, 1, 1, -3, 0, 2, 4, -4]",33,9,3.0,best_second,w7f1eb8e,8.220672170297252,7.356918242356021,8.572249397164315,8,8,0,1,1,2,6.0
4647,"[[], [], [5, 9], [10, 7], [], [9], [], [4, 6], [], [], [0, 8]]","[1, 4, 0, None, -1, 1, -2, 2, -3, -3, 2]",87,3,5.0,best_min,w7f1eb8e,9.111845125227084,7.087573705557973,9.235813167949214,3,3,0,1,1,2,1.0
4650,"[[10, 6], [2, 0], [9, 7], [], [5, 3], [3], [], [], [], [], []]","[-4, None, 2, -1, 0, 4, 3, 3, 4, 1, -4]",105,7,1.0,best_second,w7f1eb8e,8.292298107063221,7.501082124259871,8.66595796468135,5,5,0,1,1,2,7.0
4651,"[[1, 5], [10, 3], [], [], [], [8, 7], [9, 4], [], [], [4], []]","[None, -3, -2, 0, -2, 4, 1, -3, 4, -4, -4]",25,11,7.0,best_second,w7f1eb8e,8.209852481301272,7.213768308118642,8.523970175695261,8,8,0,1,1,2,4.0
4652,"[[4, 2], [], [], [], [], [0, 7], [9, 1], [10, 8], [], [1], []]","[-1, 2, 4, -3, -2, None, -1, -3, -2, 0, -4]",155,8,5.0,best_second,w7f1eb8e,8.56216655705897,7.351158226430694,8.822764296703758,3,3,0,1,1,2,2.0
4653,"[[7], [], [5, 1], [9, 2], [0, 7], [], [], [], [], [8, 10], []]","[-3, 2, 4, None, 4, -4, 3, -4, 0, -1, -4]",81,8,2.0,best_second,w7f1eb8e,7.7195739892595805,7.642044402873258,8.374476889214641,6,6,0,1,1,2,4.0
4654,"[[], [], [4, 9], [7, 0], [], [10, 1], [], [], [2, 3], [], [1]]","[-3, 2, 1, -3, 0, -4, -1, 2, None, 3, 2]",19,6,2.0,best_second,w7f1eb8e,8.239329427901795,7.656337166430183,8.68270762989381,4,4,0,1,1,2,5.0
4655,"[[], [5, 7], [], [10, 6], [], [0, 8], [], [9, 2], [], [], [6]]","[2, None, 0, 4, 2, 0, 1, 1, -3, 4, -3]",137,5,1.0,best_third,w7f1eb8e,8.399760094524142,6.878326468291324,8.597112814592112,5,5,0,1,1,2,5.0
4656,"[[], [8], [], [1, 8], [7, 5], [2, 9], [], [10, 0], [], [], []]","[-3, 0, -1, 1, None, -3, 1, 4, -3, -3, 4]",193,11,7.0,best_second,w7f1eb8e,7.9294865233142895,7.247080584585757,8.338305731356565,8,8,0,1,1,2,2.0
4658,"[[], [9, 4], [0], [], [], [2, 0], [1, 10], [], [], [], [3, 7]]","[0, -3, 2, 2, 4, 4, None, -3, 3, 0, -4]",163,5,7.0,best_third,w7f1eb8e,8.708969906980947,7.232733136177615,8.914626127827137,1,1,0,1,1,2,5.0
4659,"[[], [4], [0, 6], [8, 10], [], [], [], [2, 3], [], [1, 4], []]","[-2, 2, -2, 4, 3, 4, -3, None, -4, 0, 3]",187,10,1.0,best_second,w7f1eb8e,7.646353722445999,7.907283609426348,8.478244441277663,7,7,0,1,1,2,1.0
4661,"[[7, 8], [9, 10], [], [], [], [], [], [3, 6], [5, 4], [10], []]","[None, -1, 0, -3, -1, -4, 3, 4, -4, -4, -1]",117,11,1.0,best_second,w7f1eb8e,8.21851757748959,7.3613754289773485,8.572060092857077,7,7,0,1,1,2,3.0
4663,"[[], [], [3], [], [2, 3], [], [], [0, 1], [], [6, 8], [9, 7]]","[-3, -4, -1, -4, 0, 3, -4, 1, -3, -1, None]",47,2,5.0,best_second,w7f1eb8e,7.803843303538773,8.536407410340042,8.928772900524256,-2,-2,0,1,1,2,1.0
4664,"[[], [9, 7], [], [], [], [], [8, 0], [3, 2], [0], [10, 4], []]","[4, None, -2, 4, -4, -3, 0, 4, -3, -2, -3]",167,11,6.0,best_second,w7f1eb8e,7.545389749611823,7.5272559193737845,8.229244416735913,8,8,0,1,1,2,1.0
4666,"[[4, 3], [8, 10], [5], [], [], [], [], [0, 1], [], [2, 5], []]","[-3, -1, 4, -1, 0, 3, 3, None, -1, -3, -4]",15,2,3.0,best_min,w7f1eb8e,9.024613022047395,8.153349757998892,9.374073563958785,-2,-2,0,1,1,2,1.0
4670,"[[7, 9], [3, 5], [], [5], [], [], [], [8, 10], [], [4, 2], []]","[None, 2, 4, 1, -2, 4, 1, -1, 4, -4, -2]",191,6,1.0,best_third,w7f1eb8e,8.276394704863307,6.785587645007929,8.479283618343018,3,3,0,1,1,2,6.0
4672,"[[], [], [4, 1], [5, 2], [], [7, 6], [], [], [0], [8, 0], []]","[0, 0, 4, None, -1, 3, -1, 3, 1, -2, 0]",75,3,4.0,best_min,w7f1eb8e,8.773848885262895,7.143617602704122,8.952605375892354,6,3,3,0,0,2,4.0
4673,"[[5], [8, 3], [], [], [9, 2], [], [0, 5], [], [], [], [4, 1]]","[-4, -3, 4, 1, 1, -1, 1, 3, -4, -1, None]",171,8,3.0,best_second,w7f1eb8e,8.50045386741194,7.845416036592485,8.918650278126863,5,5,0,1,1,2,5.0
4675,"[[1, 7], [], [0, 3], [6, 9], [], [4], [], [], [], [], [5, 4]]","[-2, 0, None, 4, -2, 2, 2, -1, 2, -2, -1]",157,7,6.0,best_second,w7f1eb8e,8.237479288613633,8.068402958569699,8.8495139654864,6,6,0,1,1,2,1.0
4679,"[[], [3, 7], [], [7], [], [], [], [], [6, 0], [2, 4], [9, 8]]","[-3, 4, 3, 2, -3, 1, -4, -1, -3, 4, None]",161,11,7.0,best_second,w7f1eb8e,8.110427237575026,7.4067107301776405,8.512180649592693,7,7,0,1,1,2,1.0
4680,"[[], [2, 10], [], [], [], [0], [1, 8], [5, 0], [3, 9], [], []]","[3, -4, -3, 0, 2, -4, None, -3, -3, 4, -4]",51,7,7.0,best_second,w7f1eb8e,8.84850930088808,7.821643126239982,9.154510487015513,1,1,0,1,1,2,1.0
4683,"[[1], [], [], [], [], [], [5, 2], [3, 4], [], [7, 6], [0, 1]]","[-1, -3, 4, -1, -2, -2, 2, 0, -1, None, -4]",183,7,2.0,best_second,w7f1eb8e,8.096817470572319,7.461640392208574,8.521782643750043,6,6,0,1,1,2,1.0
4685,"[[], [7, 0], [9, 4], [], [], [], [8, 2], [0], [10, 3], [], []]","[1, 4, 4, -4, -2, -3, None, 0, -4, 2, -2]",159,10,6.0,best_second,w7f1eb8e,7.697121317282625,7.932721027481949,8.514790306799927,6,6,0,1,1,2,2.0
4686,"[[10, 9], [], [8], [], [2, 8], [7, 0], [], [3, 1], [], [], []]","[-1, 4, 0, 0, 2, None, 0, 0, 3, -4, 3]",147,5,4.0,best_third,w7f1eb8e,8.421342865759403,7.386470848829894,8.725182494958771,4,4,0,1,1,2,7.0
4687,"[[], [], [0, 6], [10, 2], [], [], [], [9, 5], [], [5], [4, 1]]","[4, -2, 1, None, -4, -4, -2, 2, -3, -2, -4]",131,10,3.0,best_second,w7f1eb8e,8.242493153187626,6.721425700790644,8.439880088313567,5,5,0,1,1,2,2.0
4689,"[[1, 10], [], [8], [6, 0], [], [], [5, 4], [], [], [2, 8], []]","[3, 4, 2, None, 0, -4, -4, 4, -3, -4, -3]",67,11,6.0,best_second,w7f1eb8e,7.884576510596324,7.157735484249907,8.278682162970904,7,7,0,1,1,2,4.0
4691,"[[1, 10], [], [], [], [0, 8], [], [9, 7], [], [3, 5], [7], []]","[-4, -4, 0, 2, None, -4, -2, 1, -2, 2, 0]",27,6,2.0,best_third,w7f1eb8e,8.696008608880906,6.99576615630485,8.863615758890619,0,0,0,1,1,2,4.0
4692,"[[], [], [], [7, 5], [], [], [4], [], [6, 4], [3, 10], [2, 0]]","[-4, -2, -2, 3, -2, -1, -3, 2, 4, None, -1]",99,7,4.0,best_second,w7f1eb8e,8.297294370266917,8.133587417660966,8.911799556189525,5,5,0,1,1,2,2.0
4697,"[[], [3, 8], [10, 5], [8], [], [], [2, 9], [], [], [4, 7], []]","[3, 0, -3, -2, 4, -1, None, 1, -2, 3, -3]",55,9,2.0,best_second,w7f1eb8e,8.23217423638394,6.983789965258135,8.484256691169973,7,7,0,1,1,2,2.0
4704,"[[], [10, 4], [5, 6], [], [], [0, 3], [7, 9], [], [], [], [4]]","[-4, -4, None, 0, 0, 1, -3, 1, -2, 2, -3]",43,3,1.0,best_min,w7f1eb8e,8.181160858023409,7.5256399750415355,8.599141774063405,1,1,0,1,1,2,1.0
4707,"[[], [], [6, 8], [], [], [7, 10], [8], [3, 4], [], [], [1, 0]]","[1, 0, -2, 0, 3, None, 1, -3, 3, -2, -2]",79,2,6.0,best_min,w7f1eb8e,8.55756708555451,7.234177179749849,8.79346036105272,0,0,0,1,1,2,1.0
4708,"[[5], [], [8, 9], [0, 5], [], [], [], [], [6, 4], [10, 7], []]","[-3, 1, None, 1, 4, -2, 1, -2, 4, -4, -1]",73,10,0.0,best_second,w7f1eb8e,7.1049654482698426,7.490529402060712,8.00903068506973,8,8,0,1,1,2,1.0
4711,"[[], [], [], [7, 5], [1], [2, 9], [], [0, 10], [4, 1], [], []]","[4, -4, 3, None, 1, -3, -3, 1, 1, -1, 3]",71,5,2.0,best_second,w7f1eb8e,8.106514516255187,7.3343293503005365,8.486115235845377,5,4,1,0,1,2,4.0
4714,"[[], [], [], [1, 10], [], [], [4], [2, 0], [7, 3], [6, 4], []]","[1, -2, 0, -4, -3, -1, 2, -2, None, -2, -3]",121,4,3.0,best_second,w7f1eb8e,9.0442857876461,7.609366537954212,9.257796313132479,-1,-2,1,0,1,2,1.0
4716,"[[], [4, 10], [], [0], [2, 7], [], [], [], [], [3, 0], [5, 6]]","[0, None, -3, 0, -3, -2, 3, -4, 2, -3, 3]",65,10,0.0,best_second,w7f1eb8e,7.633369649679584,7.582229194276461,8.301025253838453,6,6,0,1,1,2,1.0
4717,"[[], [9, 0], [3, 6], [], [8, 10], [], [], [2, 4], [], [0], []]","[2, -1, -1, -2, -3, 0, 4, None, -4, 4, -2]",189,8,5.0,best_second,w7f1eb8e,8.253748343328501,7.440146680662688,8.620471540869739,3,3,0,1,1,2,2.0
4719,"[[1], [], [], [0, 1], [5, 2], [], [], [], [], [4, 10], [6, 8]]","[-3, -3, 2, 1, 0, -2, 1, -3, -2, None, 2]",141,3,4.0,best_third,w7f1eb8e,7.853993087224244,6.650279048587422,8.116118431609367,3,3,0,1,1,2,4.0
4720,"[[4], [3, 9], [], [], [], [6, 2], [], [0, 4], [5, 1], [], []]","[-3, -1, 4, -2, 1, 4, -4, -1, None, 4, -2]",115,8,0.0,best_third,w7f1eb8e,7.271703706887368,7.313220387090301,7.9854843567338225,8,8,0,1,1,2,6.0
4721,"[[], [], [0, 3], [], [], [7, 4], [8, 1], [4], [], [6, 2], []]","[-1, -2, -1, -2, 4, 1, 4, 1, 3, None, -3]",23,8,6.0,best_second,w7f1eb8e,7.430114138561801,7.473637108496206,8.144969417087873,7,7,0,1,1,2,1.0
4723,"[[10, 6], [], [], [], [1, 2], [4, 0], [], [8, 9], [9], [], []]","[-4, 1, 4, 4, -4, None, 0, 4, -3, -3, -4]",21,5,8.0,best_second,w7f1eb8e,8.462314529906248,7.321849713788356,8.739536422559679,0,0,0,1,1,2,4.0
4726,"[[], [0, 7], [8, 9], [], [5, 3], [], [4, 1], [], [9], [], []]","[4, 2, -2, 2, -3, 4, None, -2, -4, 0, 0]",39,6,4.0,best_third,w7f1eb8e,8.149312843635345,6.354370040797351,8.302761580704049,6,6,0,1,1,2,2.0
4727,"[[], [], [], [], [7, 0], [6], [], [], [1, 3], [5, 6], [4, 8]]","[-3, -1, -3, 3, 3, 1, 2, 2, -4, 4, None]",199,7,6.0,best_second,w7f1eb8e,8.375168691386818,6.322565239927283,8.495765244002618,5,5,0,1,1,2,4.0
4728,"[[], [], [], [], [5, 7], [0, 9], [], [6, 3], [1], [], [8, 1]]","[-4, 4, 1, -2, None, 4, -3, -2, -4, 4, -1]",123,11,0.0,best_second,w7f1eb8e,7.340186835320116,7.452402451223638,8.090708716083997,8,8,0,1,1,2,1.0
4729,"[[], [], [], [], [7], [8, 1], [3, 2], [], [], [4, 7], [6, 5]]","[2, 1, 0, 2, -3, -3, -3, -2, 3, -4, None]",5,2,4.0,best_third,w7f1eb8e,8.796943893541739,6.5652649700353605,8.89877535906107,0,0,0,1,1,2,2.0
4730,"[[1, 10], [], [3, 9], [9], [5, 7], [], [], [], [4, 0], [], []]","[2, -2, 4, -3, -4, -1, -2, -3, None, 0, 2]",7,8,0.0,best_second,w7f1eb8e,7.415776975415394,7.850882664809852,8.34972083747249,4,4,0,1,1,2,2.0
4731,"[[], [], [8, 4], [], [], [6, 9], [1, 10], [], [4], [0, 3], []]","[-2, -3, -1, -3, 3, None, 3, 1, 1, 1, 3]",135,7,0.0,best_second,w7f1eb8e,8.56845648535378,7.617759576608505,8.895081531754167,6,6,0,1,1,2,1.0
4732,"[[], [], [], [0, 2], [6], [], [], [], [4, 6], [3, 10], [7, 5]]","[0, 1, 3, 1, -1, -3, 2, 2, -2, None, -3]",61,6,2.0,best_second,w7f1eb8e,8.173293438966228,7.1592919047975645,8.482601746646619,4,4,0,1,1,2,5.0
4735,"[[], [], [5, 9], [], [], [0, 1], [8, 10], [], [10], [7, 3], []]","[2, -3, None, -2, -4, -2, -1, 1, -2, 1, 0]",173,4,3.0,best_third,w7f1eb8e,8.570544366913232,6.9650803456014065,8.753371421000901,2,2,0,1,1,2,5.0
4736,"[[], [], [5, 0], [4, 7], [], [0], [], [], [10, 3], [], [1, 9]]","[4, 4, 3, 0, 4, 3, -2, 2, None, 2, 1]",175,2,1.0,best_third,w7f1eb8e,9.23317760587894,7.596392304064196,9.410911062438,5,5,0,1,1,2,2.0
4738,"[[5, 2], [], [], [6], [3, 6], [], [], [], [], [7, 8], [9, 0]]","[4, 4, 3, -2, -3, -1, 4, -4, 0, -1, None]",129,8,1.0,best_second,w7f1eb8e,7.6624678152002375,7.578656850594762,8.314342343369791,7,7,0,1,1,2,4.0
4739,"[[], [], [9, 6], [], [5, 1], [], [], [], [3, 7], [6], [8, 4]]","[-3, 3, 2, 3, 4, 4, -1, 1, 2, 4, None]",89,3,1.0,best_second,w7f1eb8e,8.490027523343468,7.920446505142607,8.938269147038548,8,8,0,1,1,2,2.0
4743,"[[], [], [6, 1], [8, 10], [9, 7], [4, 2], [], [], [10], [], []]","[2, 3, 2, 4, -4, None, -4, -1, -2, -4, 0]",63,10,1.0,best_second,w7f1eb8e,7.631431664576906,8.0519780789023,8.556606193773073,5,5,0,1,1,2,3.0
4744,"[[], [8], [], [], [5, 9], [], [1, 8], [0, 2], [], [], [7, 4]]","[-4, -2, -2, -4, 4, -3, -1, -2, 3, 2, None]",151,9,2.0,best_second,w7f1eb8e,7.6787889981991535,8.135346948906706,8.625868208041894,6,6,0,1,1,2,2.0
4745,"[[], [], [], [5, 7], [], [1, 2], [], [6, 10], [9, 4], [4], []]","[-4, -3, -1, None, 2, -3, 2, 4, 3, 3, -3]",197,9,7.0,best_second,w7f1eb8e,7.923710333969238,8.59007183682881,9.004422601327041,6,6,0,1,1,2,2.0
4746,"[[5, 7], [10, 9], [], [6, 8], [3, 0], [], [], [], [], [], [9]]","[4, 2, -4, -4, None, 3, -1, -4, -3, -2, 1]",111,11,8.0,best_second,w7f1eb8e,7.587817219993426,7.6324011266014535,8.30325712085294,7,7,0,1,1,2,2.0
4747,"[[], [], [1, 3], [], [], [7], [0, 8], [], [], [2, 6], [5, 7]]","[1, 1, 1, -2, 1, 3, -4, -1, 2, None, -1]",45,4,3.0,best_second,w7f1eb8e,8.94102198354136,7.305188215393037,9.118882761487347,2,2,0,1,1,2,1.0
4750,"[[8], [6, 7], [0, 8], [], [], [], [5, 3], [10, 9], [], [], []]","[-4, None, -3, -3, 3, -4, -3, 4, 0, -1, -3]",85,7,5.0,best_second,w7f1eb8e,7.5740450053721995,7.945909598613133,8.470101583882387,3,3,0,1,1,2,1.0
4752,"[[], [], [], [9, 6], [7, 8], [], [], [10, 0], [5, 1], [6], []]","[3, -1, -3, 3, None, 3, -1, 1, -3, 4, 4]",41,5,2.0,best_second,w7f1eb8e,8.243282523048375,7.548555979169873,8.648045999835,5,5,0,1,1,2,4.0
4757,"[[], [], [9, 5], [], [6, 0], [], [0], [], [10, 2], [], [3, 1]]","[4, -4, 2, -3, -1, -4, 4, 3, None, 4, -3]",9,11,6.0,best_second,w7f1eb8e,8.114922974204593,6.6080006252960874,8.314832179284556,6,6,0,1,1,2,1.0
4758,"[[], [6, 9], [], [8, 2], [10, 3], [], [9], [], [], [], [5, 7]]","[2, -2, 4, -4, None, 1, 3, 4, -4, -4, -2]",153,5,6.0,best_third,w7f1eb8e,8.75068303478459,7.27655640271871,8.956737613177266,2,2,0,1,1,2,8.0
4763,"[[], [3, 9], [7, 8], [9], [6, 2], [], [5, 0], [], [], [], []]","[-4, -4, 4, 0, None, 1, 0, 1, -4, 2, -4]",125,6,8.0,best_third,w7f1eb8e,8.161089512845797,7.3702306418070815,8.534836626588833,5,5,0,1,1,2,5.0
4765,"[[9, 4], [], [10, 7], [6, 0], [], [], [5, 1], [], [], [], [7]]","[2, -4, -4, None, -4, 4, -2, 2, -3, 4, 1]",195,8,6.0,best_third,w7f1eb8e,7.920446505142607,7.45298232946546,8.406708458240965,6,6,0,1,1,2,8.0
4766,"[[1, 5], [5], [], [], [9, 10], [], [], [], [], [8, 2], [3, 7]]","[0, 3, -1, -2, None, -2, 0, -1, -4, -3, -4]",35,2,2.0,best_min,w7f1eb8e,8.452547997922707,7.601402334583733,8.80792062205398,-4,-4,0,1,1,2,1.0
4767,"[[1], [], [9, 10], [], [], [0, 1], [], [], [], [6, 3], [7, 8]]","[0, 1, None, -3, 1, 4, 0, -2, 4, -4, 4]",13,11,0.0,best_second,w7f1eb8e,7.70796153183549,7.7877968781811715,8.441607204459642,8,8,0,1,1,2,3.0
4768,"[[], [0, 4], [], [], [], [7, 2], [], [2], [], [1, 10], [6, 3]]","[0, 2, -3, -3, -2, 0, 4, -4, -1, None, 4]",59,7,7.0,best_third,w7f1eb8e,8.315077007294104,6.57507584059962,8.476579508530941,8,8,0,1,1,2,2.0
4771,"[[4, 1], [], [6], [5, 0], [], [10, 7], [], [], [2, 6], [], []]","[3, 0, 0, None, 2, 2, -3, 2, 0, 2, 4]",1,2,0.0,best_third,w7f1eb8e,8.547334348328224,6.916715020353609,8.725994381014571,6,6,0,1,1,2,2.0
4773,"[[3, 7], [2], [], [], [6, 0], [1, 2], [9, 10], [], [], [], []]","[4, -1, 0, 0, None, -2, -1, 4, 0, 2, -4]",185,8,0.0,best_second,w7f1eb8e,7.598900456871409,7.573017256052546,8.278936002291978,8,8,0,1,1,2,6.0
4778,"[[], [8, 7], [6, 3], [], [], [10, 4], [], [], [], [2, 1], [4]]","[4, 4, -4, 2, -2, 2, -1, 4, -3, None, 2]",31,10,0.0,best_second,w7f1eb8e,7.487173694213739,7.75190533307861,8.32117830749028,8,8,0,1,1,2,3.0
4780,"[[8, 1], [5, 7], [], [9], [], [], [], [], [2, 4], [], [3, 9]]","[None, 4, 3, -1, -2, 4, -1, -2, -3, 0, -4]",113,9,6.0,best_second,w7f1eb8e,7.418780882750794,7.207118856207756,8.011355109161284,8,8,0,1,1,2,5.0
4784,"[[5, 2], [], [3, 8], [], [], [4, 1], [], [], [], [10, 6], [6]]","[None, 1, -1, 3, 0, -4, -3, 0, 2, -4, -3]",69,4,3.0,best_second,w7f1eb8e,7.994294986415977,7.962415680121064,8.671458150427666,2,2,0,1,1,2,1.0
4785,"[[8], [2, 7], [], [], [1, 10], [], [0, 8], [], [], [], [5, 9]]","[1, -4, -1, 1, None, 1, -2, -2, 2, 4, 4]",83,10,0.0,best_second,w7f1eb8e,7.771067086065406,7.804251383528113,8.480736654405623,8,8,0,1,1,2,1.0
4786,"[[], [4, 10], [0, 8], [], [], [2, 1], [], [3], [], [7, 3], []]","[2, -4, 4, 3, 3, None, 1, -1, -2, 2, -3]",149,8,6.0,best_second,w7f1eb8e,7.510430556378006,7.7142311448490855,8.310414994188292,6,6,0,1,1,2,6.0
4787,"[[7, 9], [], [3, 6], [], [2, 5], [8, 1], [], [9], [], [], []]","[-1, -3, -4, -2, None, -2, -3, 2, -2, 0, -3]",103,2,1.0,best_second,w7f1eb8e,8.951699168308815,8.271292652979412,9.36134324551271,-4,-4,0,1,1,2,1.0
4792,"[[], [8, 3], [7], [10, 9], [], [2, 7], [], [], [6, 0], [], []]","[4, None, 0, -4, 2, -4, 2, 2, 2, -3, 4]",289,7,2.0,best_second,w7f1eb8e,8.146419323098003,7.367077059881012,8.52377150677636,6,6,0,1,1,2,7.0
4794,"[[2, 7], [9, 4], [7], [], [3, 8], [], [], [], [], [10, 5], []]","[-3, None, -2, 1, -4, -2, -1, -2, 2, 1, 1]",371,4,3.0,best_second,w7f1eb8e,8.411832675758411,7.149916836132109,8.660947155060935,2,2,0,1,1,2,1.0
4795,"[[], [9, 6], [4], [2, 4], [], [], [0, 8], [], [], [10, 7], []]","[2, None, -2, -1, 1, -3, 4, 4, -2, -1, -4]",275,6,6.0,best_third,w7f1eb8e,7.546446273746024,7.187657164114955,8.075893630298857,6,6,0,1,1,2,8.0
4796,"[[], [0, 6], [], [4, 7], [], [], [], [], [5], [3, 1], [8, 5]]","[-3, 3, 1, -3, -1, 4, 2, 1, -3, None, 2]",343,7,1.0,best_second,w7f1eb8e,7.569927655242651,7.867871490396322,8.422882511944996,5,5,0,1,1,2,2.0
4797,"[[3, 7], [], [8, 9], [], [6, 1], [0, 2], [1], [], [], [], []]","[3, 3, -2, -3, 0, None, 2, 4, -2, -3, 1]",393,10,1.0,best_second,w7f1eb8e,7.9291264873067995,7.720905251936778,8.523374050491318,7,7,0,1,1,2,1.0
4800,"[[], [], [], [0], [2, 10], [], [5, 9], [3, 0], [4, 6], [], []]","[0, -4, 1, -1, 0, 1, -2, -2, None, -1, 3]",395,4,3.0,best_second,w7f1eb8e,8.529714471969909,7.533693709848633,8.843903650835497,3,3,0,1,1,2,2.0
4801,"[[6, 1], [], [], [], [], [7, 3], [], [3], [0, 10], [], [9, 2]]","[-2, -2, -3, 1, 1, 0, -3, 3, None, 2, 3]",271,8,6.0,best_second,w7f1eb8e,7.545918151209323,7.275172319452772,8.112527763478637,5,5,0,1,1,2,1.0
4802,"[[6, 3], [], [7, 8], [], [], [], [3], [1, 4], [10, 9], [], []]","[4, 2, None, -4, -4, 3, -4, -3, 4, 4, 1]",265,9,0.0,best_second,w7f1eb8e,7.6487397889562425,7.475339236566737,8.258681496264236,8,8,0,1,1,2,6.0
4805,"[[], [], [], [], [8, 3], [6], [], [1, 0], [], [4, 7], [5, 6]]","[4, 3, -2, -3, -1, 0, -4, 1, 4, None, -1]",311,4,3.0,best_second,w7f1eb8e,7.76004068088038,7.679251425953058,8.413387022690648,5,5,0,1,1,2,7.0
4807,"[[8, 9], [], [1], [], [0, 6], [], [3, 5], [2, 1], [], [], []]","[4, 1, 4, 0, None, -4, -3, 3, -3, 3, 3]",337,10,1.0,best_second,w7f1eb8e,7.86172707782398,7.5678626054638825,8.41847721847708,7,7,0,1,1,2,4.0
4808,"[[6, 3], [], [], [], [], [], [3], [10, 8], [2, 9], [], [1, 4]]","[-3, -2, -2, 4, 2, -3, 3, None, -1, 4, 0]",247,4,2.0,best_min,w7f1eb8e,8.092851027538384,7.342779189331846,8.479491324232226,3,2,1,0,0,2,6.0
4809,"[[1], [], [10, 3], [], [9, 5], [], [], [0, 1], [2, 4], [], []]","[-2, 3, -3, -1, -2, 4, 4, 3, None, 0, -3]",369,6,6.0,best_second,w7f1eb8e,8.340456012916183,7.891330757661889,8.833899942908634,2,2,0,1,1,2,2.0
4811,"[[1], [], [5, 10], [], [], [9, 8], [], [0, 1], [], [], [3, 6]]","[3, -4, None, 4, 1, -1, 2, -1, -2, 1, 4]",223,7,2.0,best_second,w7f1eb8e,7.698029170272805,7.632885505395133,8.358900612421644,8,8,0,1,1,2,3.0
4820,"[[8, 4], [], [1, 6], [2, 10], [], [], [], [], [4], [], [9, 7]]","[-3, 1, 1, None, -4, -1, -1, -3, 4, -1, 2]",379,2,5.0,best_third,w7f1eb8e,8.18004072349016,8.12355783506165,8.845201135339584,2,1,1,0,0,2,2.0
4822,"[[], [9, 5], [6, 4], [], [], [], [], [1, 2], [10, 0], [], [0]]","[1, -4, 1, 4, -2, 2, 0, None, -1, 4, -4]",349,2,3.0,best_third,w7f1eb8e,7.604396348796338,7.579167967396076,8.284756593190433,1,1,0,1,1,2,2.0
4823,"[[], [], [], [8, 4], [], [10, 9], [], [], [4], [7, 0], [6, 1]]","[0, 1, 2, 0, -1, None, -2, 2, 4, 0, -4]",287,5,0.0,best_second,w7f1eb8e,8.675222055641148,7.553810852008231,8.957124136405682,2,2,0,1,1,2,3.0
4824,"[[], [3, 5], [], [5], [], [], [], [], [10, 9], [4, 0], [2, 6]]","[-4, 4, 3, -2, -2, -2, -4, -4, None, -4, 3]",211,11,7.0,best_second,w7f1eb8e,7.650168700845001,7.362010551259734,8.209308411646937,6,6,0,1,1,2,2.0
4826,"[[], [], [8, 4], [], [6, 7], [], [], [], [1, 3], [5], [9, 5]]","[-4, 1, None, -2, -4, -1, 1, 2, 1, 1, -3]",259,4,3.0,best_second,w7f1eb8e,8.48528964240323,7.0613343669104385,8.700847193443972,2,2,0,1,1,2,1.0
4827,"[[10, 3], [6], [1, 6], [7, 5], [], [], [], [], [], [], [9, 4]]","[None, 3, 2, 2, 2, -4, -4, 1, -4, -4, -1]",273,5,6.0,best_third,w7f1eb8e,8.000349495324684,8.131824785007195,8.761236806838188,3,3,0,1,1,2,6.0
4828,"[[], [], [0], [2, 0], [], [10, 6], [9, 4], [], [], [], [8, 1]]","[-2, 0, -4, 0, 0, None, 4, -2, -1, -3, 3]",285,2,4.0,best_min,w7f1eb8e,8.700347734514084,7.97728198675515,9.095826985187422,4,4,0,1,1,2,1.0
4829,"[[1, 10], [], [], [], [3], [7, 0], [], [2, 6], [], [4, 3], []]","[-1, 1, 4, -3, 4, None, -2, 4, 2, 1, -1]",197,8,6.0,best_second,we8e4607,8.501470230951002,8.165932137321585,9.040737587590002,8,8,0,1,1,2,2.0
4830,"[[8], [2, 10], [], [9, 1], [0, 8], [], [], [], [], [5, 7], []]","[-4, -2, -2, None, 0, 3, 1, 1, 3, 3, -1]",77,7,2.0,best_second,we8e4607,8.916774356365426,8.347116361038719,9.365033761652663,6,6,0,1,1,2,1.0
4832,"[[10, 1], [], [], [7], [3, 7], [], [0, 9], [], [], [2, 8], []]","[-2, 2, -3, -3, 0, 4, None, -3, 1, 2, -3]",111,5,1.0,best_third,we8e4607,8.413830678421084,8.534640105019959,9.169101623959586,3,3,0,1,1,2,5.0
4834,"[[], [8], [7, 3], [6, 9], [], [1, 8], [], [10, 4], [], [], []]","[2, -1, None, 2, -3, -3, 2, 0, 4, -3, 1]",171,5,5.0,best_third,we8e4607,8.50572771330696,7.265429723253953,8.759668671029939,4,4,0,1,1,2,4.0
4835,"[[5, 8], [0, 9], [3, 7], [7], [], [], [], [], [], [4, 6], []]","[-3, None, 0, -3, 4, -4, -3, 1, 0, 4, -2]",93,11,7.0,best_second,we8e4607,9.314520190885847,7.333676395657684,9.443671849677882,8,8,0,1,1,2,4.0
4837,"[[], [], [4, 3], [], [], [], [1, 5], [0], [], [6, 2], [7, 0]]","[-4, 2, -2, 0, -2, 0, -3, 0, -2, None, 1]",51,2,3.0,best_third,we8e4607,9.526318313582811,7.5883236773352225,9.660778845727078,-1,-1,0,1,1,2,2.0
4839,"[[], [2, 10], [], [], [1, 8], [], [7, 9], [9], [3, 0], [], []]","[3, 0, -1, -4, None, 3, -1, 3, 1, -1, 1]",25,5,2.0,best_min,we8e4607,8.840869624091393,8.274611946209552,9.290352309945568,4,4,0,1,1,2,2.0
4841,"[[1, 3], [], [], [], [], [], [0, 8], [9], [5, 2], [], [7, 9]]","[-2, -3, 2, -4, 2, 0, None, -4, -1, 4, 3]",91,5,3.0,best_second,we8e4607,9.595670797663967,8.130942302231876,9.803556713911078,1,1,0,1,1,2,1.0
4843,"[[7, 10], [], [8, 4], [6, 0], [], [], [1, 9], [], [4], [], []]","[3, 2, -3, None, 3, 3, 0, -4, -2, -4, 0]",59,4,3.0,best_third,we8e4607,8.347116361038719,9.158941808890182,9.526318313582811,3,3,0,1,1,2,6.0
4846,"[[9], [4, 2], [], [], [], [3, 7], [5, 1], [], [], [], [0, 9]]","[-1, 2, -1, -4, -2, -3, None, -2, 3, -1, -4]",31,5,3.0,best_second,we8e4607,9.61813609542263,8.236685322712457,9.842197084093021,1,1,0,1,1,2,2.0
4848,"[[3], [], [8, 5], [], [], [6, 10], [], [0, 3], [4, 1], [], []]","[-1, 2, None, -4, -4, -3, 4, 2, 2, 3, -2]",145,6,0.0,best_third,we8e4607,8.59637398929068,7.837948916025284,8.980423936374544,4,4,0,1,1,2,6.0
4849,"[[2, 3], [4, 10], [3], [], [], [8, 1], [], [], [6, 7], [], []]","[-1, -1, -1, 2, 0, None, -3, -4, -2, -4, 2]",125,5,3.0,best_second,we8e4607,8.661812881026181,8.142354276849833,9.128479345495862,1,1,0,1,1,2,1.0
4850,"[[8, 1], [], [10, 6], [4], [], [3, 4], [], [2, 0], [], [], []]","[-1, 3, -2, -4, -1, 1, -2, None, 2, -3, -4]",97,5,4.0,best_second,we8e4607,9.393827915410107,8.451053388911692,9.722744748855387,2,2,0,1,1,2,2.0
4852,"[[], [4, 10], [], [], [10], [3, 0], [], [5, 9], [], [8, 6], []]","[1, -4, 1, -3, 0, -4, -2, None, 1, 3, 4]",113,7,5.0,best_second,we8e4607,8.611229833342621,7.445417556701687,8.882391706295845,4,4,0,1,1,2,4.0
4857,"[[5], [10, 2], [8, 6], [], [0, 5], [], [], [], [], [], [7, 3]]","[2, None, 4, -2, -4, -4, 3, -3, -3, -3, -4]",21,11,1.0,best_second,we8e4607,8.420241665339788,7.949444420250626,8.905308661189288,7,7,0,1,1,2,1.0
4858,"[[1, 4], [], [6, 10], [], [], [], [], [3], [0, 2], [7, 3], []]","[3, 3, -3, -1, -4, 3, 0, 3, None, 4, -2]",107,9,7.0,best_second,we8e4607,7.955775781534187,7.943427767876373,8.64259160081057,6,6,0,1,1,2,2.0
4859,"[[], [], [7, 0], [9, 10], [], [], [], [0], [], [5, 8], [1, 4]]","[1, 1, 3, None, 4, 0, -1, 3, -3, -4, 4]",43,10,0.0,best_second,we8e4607,8.36240897761537,8.071843149609158,8.920656296853728,8,8,0,1,1,2,3.0
4860,"[[6], [], [], [0, 6], [5, 1], [], [], [], [], [8, 2], [4, 9]]","[-2, 1, -4, 3, 0, -4, 2, 2, 0, -2, None]",35,5,1.0,best_third,we8e4607,8.761863373274727,8.434028950155469,9.304377013902567,1,1,0,1,1,2,4.0
4861,"[[], [7, 9], [], [10], [], [], [3, 10], [0, 4], [], [8, 5], []]","[0, None, 1, -2, 4, 1, -2, 3, -1, 0, -4]",119,6,1.0,best_second,we8e4607,7.720017940432244,7.747596838692886,8.426830751335846,7,7,0,1,1,2,2.0
4863,"[[], [], [], [9, 7], [], [4], [], [10, 6], [5, 4], [2, 0], []]","[-1, -2, 0, None, 1, -2, -3, -2, 2, -3, -4]",81,2,2.0,best_second,we8e4607,9.526974266377731,8.155362120328135,9.753013439181293,-3,-3,0,1,1,2,1.0
4865,"[[9, 2], [], [], [1, 10], [], [8, 3], [], [], [7, 6], [2], []]","[4, -3, 4, -2, -4, None, 3, -2, 1, -2, -1]",129,7,2.0,best_second,we8e4607,8.6328406149422,8.369157112588832,9.202711344811691,4,4,0,1,1,2,2.0
4867,"[[7, 6], [], [4, 3], [], [3], [], [], [], [], [1, 5], [9, 0]]","[-4, -3, -2, 1, -2, 4, -2, -4, -2, 2, None]",79,11,2.0,best_second,we8e4607,8.633018756921828,8.090708716083997,9.09121894106832,6,6,0,1,1,2,2.0
4868,"[[4, 8], [7, 0], [9], [], [], [], [], [6, 3], [], [], [2, 9]]","[4, None, -1, 2, -2, -1, -2, -1, 0, 0, 4]",29,4,3.0,best_second,we8e4607,7.491087593534876,8.624072553043334,8.903135633035538,4,1,3,0,0,2,2.0
4873,"[[6, 3], [5, 9], [], [], [10, 1], [], [3], [], [], [], [7, 8]]","[-3, -3, 1, -1, None, -4, -4, 0, 4, -3, 4]",183,11,0.0,best_second,we8e4607,7.687997166393016,8.211754397375197,8.676757761087575,8,8,0,1,1,2,1.0
4874,"[[], [], [], [6, 4], [9, 2], [7, 1], [10, 0], [1], [], [], []]","[3, 1, -4, None, -4, 1, -4, -4, -2, -3, 1]",85,5,7.0,best_second,we8e4607,9.000483164987706,7.7752758464868625,9.257891673834406,-1,-1,0,1,1,2,1.0
4875,"[[6, 1], [], [], [], [10, 2], [8, 9], [], [4, 0], [9], [], []]","[-3, -1, -2, 3, 4, 1, -4, None, 1, 4, 4]",141,11,6.0,best_second,we8e4607,7.485491608030754,7.157735484249907,8.027802848370312,8,8,0,1,1,2,3.0
4876,"[[], [4, 7], [], [], [], [8, 1], [10, 0], [], [3, 2], [], [0]]","[0, -4, 2, 4, 3, None, 1, -3, 0, -3, -2]",155,6,2.0,best_second,we8e4607,8.968778235137954,7.6638772587034705,9.208638925336425,4,4,0,1,1,2,6.0
4877,"[[], [4], [], [], [], [], [], [5, 2], [7, 9], [6, 3], [1, 4]]","[1, 3, 1, 4, -3, 0, -4, 3, None, 3, 2]",73,5,1.0,best_min,we8e4607,9.177507214880944,8.255308811785596,9.512221163827776,7,7,0,1,1,2,1.0
4878,"[[], [], [], [7, 9], [10, 3], [], [8, 2], [], [2], [], [1, 5]]","[2, -2, 0, 2, None, -3, 3, 3, 3, -2, -2]",33,8,4.0,best_second,we8e4607,9.494315582496638,7.418780882750794,9.612466578818832,5,5,0,1,1,2,1.0
4879,"[[], [9, 7], [], [8], [1, 10], [], [3, 8], [], [], [], [5, 0]]","[-1, 3, 1, -2, None, 4, 0, 0, -2, -2, 3]",177,5,3.0,best_third,we8e4607,8.70996000607173,8.066835314417336,9.13227071655426,7,3,4,0,0,2,5.0
4881,"[[3, 6], [7], [1, 7], [], [], [4, 10], [], [], [0, 5], [], []]","[-1, 1, 3, 1, 0, -2, 0, -1, None, 1, 3]",95,2,5.0,best_min,we8e4607,9.61573881119536,8.250620082174692,9.843100402521033,1,1,0,1,1,2,1.0
4882,"[[], [10, 2], [], [], [], [0, 3], [], [4, 6], [], [5, 7], [2]]","[0, 1, 4, -3, 1, -4, 4, 4, 1, None, 4]",45,10,0.0,best_second,we8e4607,8.057694194815587,8.161945799468691,8.804175018753625,8,8,0,1,1,2,3.0
4883,"[[], [], [10], [6, 5], [2, 10], [1, 7], [9, 8], [], [], [], []]","[4, -1, -1, None, 1, 3, 4, 3, 0, -1, 2]",57,3,0.0,best_min,we8e4607,9.099073559547596,8.161945799468691,9.429556219952413,6,6,0,1,1,2,1.0
4884,"[[10, 5], [], [], [], [], [4, 2], [], [3], [7, 3], [], [1, 9]]","[None, -1, 0, -1, 1, -3, -3, -1, 3, -3, 2]",55,3,3.0,best_second,we8e4607,9.264544425989694,8.694669696546994,9.712750686140826,1,-2,3,0,0,2,2.0
4885,"[[], [], [1, 9], [], [8, 2], [], [10, 7], [], [5, 3], [], [7]]","[4, 1, 4, -3, None, -2, 0, 0, -2, -4, -4]",163,8,8.0,best_second,we8e4607,8.501876487304344,6.896694331622712,8.684739462628038,5,5,0,1,1,2,1.0
4891,"[[9, 10], [], [3], [], [2, 3], [], [], [], [], [7, 6], [5, 8]]","[None, 3, -1, 1, -4, -2, 2, 3, 4, -1, 2]",191,5,2.0,best_min,we8e4607,9.12423767292277,7.878534196140362,9.377040547867182,6,6,0,1,1,2,1.0
4893,"[[1, 7], [7], [], [], [8, 6], [], [5, 2], [], [10, 9], [], []]","[2, 0, -2, 0, None, 2, 4, 4, -4, -4, -2]",5,10,6.0,best_second,we8e4607,8.497194544909547,7.07834157955767,8.713746330456916,6,6,0,1,1,2,2.0
4894,"[[], [], [], [], [7, 1], [0, 2], [10, 8], [1], [], [6, 5], []]","[4, 4, -4, -2, 3, -4, 4, -1, -2, None, 3]",11,9,6.0,best_second,we8e4607,7.611347717403621,6.9363427358340495,8.022568946988255,7,7,0,1,1,2,8.0
4895,"[[], [], [], [1, 9], [], [2], [], [3, 10], [5, 2], [], [0, 4]]","[-3, 1, -2, -1, 2, -1, 2, None, 1, -1, -3]",65,3,5.0,best_third,we8e4607,9.235228087483963,7.84109976542212,9.456731590010083,0,-1,1,0,0,2,2.0
4898,"[[4, 8], [], [], [5, 6], [8], [], [], [9, 1], [], [], [7, 3]]","[4, 3, 2, 0, -1, -4, -3, 3, -4, 1, None]",63,7,0.0,best_second,we8e4607,7.583247524303362,7.899153483343098,8.446556111816797,6,6,0,1,1,2,1.0
4901,"[[9, 3], [7, 5], [1, 10], [], [], [], [], [], [], [3], [8, 4]]","[2, -4, None, -2, 2, 4, 3, 3, -3, 3, 4]",179,6,2.0,best_second,we8e4607,8.125335086714289,8.225770799348732,8.8698199525084,6,6,0,1,1,2,1.0
4903,"[[7, 2], [], [10, 6], [], [9], [], [], [5, 3], [4, 9], [], []]","[None, 0, -3, 0, -1, -4, 2, 1, -2, 3, 1]",9,3,1.0,best_min,we8e4607,8.721113147762688,7.8528278122817445,9.071423072789512,1,1,0,1,1,2,1.0
4904,"[[], [7, 8], [], [], [], [], [9, 10], [8], [], [2, 4], [5, 3]]","[3, 0, -4, -3, 0, 4, None, -4, 1, -3, 4]",153,11,7.0,best_second,we8e4607,8.631235907456897,7.388946097618437,8.88474872645118,8,8,0,1,1,2,4.0
4907,"[[1, 10], [], [5, 3], [], [9, 7], [3], [4, 0], [], [], [], []]","[1, 3, -2, -1, 4, -1, None, -4, -2, 3, 4]",115,4,8.0,best_min,we8e4607,7.713784616598755,6.920671504248683,8.086717920303904,7,7,0,1,1,2,1.0
4912,"[[], [], [], [8, 9], [6], [], [], [4, 6], [1, 5], [10, 2], []]","[1, -2, 1, None, -4, 0, -2, -4, -2, -4, 3]",199,2,5.0,best_third,we8e4607,9.588845298501564,7.145196134997172,9.67205978163422,-1,-1,0,1,1,2,2.0
4914,"[[2], [], [], [10, 1], [], [3, 9], [], [], [0, 2], [6, 7], []]","[-3, 0, -4, 4, -4, None, 1, 3, 2, 4, -1]",127,3,1.0,best_second,we8e4607,8.703506769479729,8.074337694089515,9.130647603066935,7,7,0,1,1,2,1.0
4920,"[[], [0], [9, 10], [], [1, 0], [], [], [6, 3], [2, 7], [], []]","[1, -4, -3, 3, 4, 2, 4, 4, None, -3, -1]",7,9,1.0,best_second,we8e4607,8.146709052203319,7.505492274737424,8.569595870209286,8,8,0,1,1,2,2.0
4923,"[[], [], [], [0, 9], [7, 2], [4, 3], [8, 1], [], [1], [], []]","[2, -3, -4, -3, 1, None, -2, 3, 4, -2, -1]",103,7,5.0,best_third,we8e4607,8.841158975945266,7.0707241072602764,8.998260393017953,4,4,0,1,1,2,4.0
4924,"[[], [5, 4], [], [], [8, 7], [6, 0], [], [], [], [2], [9, 2]]","[0, None, -1, -1, 3, 1, 1, 0, 2, -3, 3]",1,3,3.0,best_second,we8e4607,8.46884293047519,7.288244401020124,8.736489351001554,5,5,0,1,1,2,1.0
4928,"[[], [], [], [], [5, 8], [8], [9, 1], [0, 3], [], [], [6, 7]]","[4, 2, 2, -2, -3, -3, 2, -3, 1, -4, None]",159,6,0.0,best_third,we8e4607,8.38662882139512,8.03365842788615,8.918650278126863,4,4,0,1,1,2,6.0
4935,"[[], [], [4, 8], [0, 7], [8], [3, 6], [9, 10], [], [], [], []]","[4, -2, -4, -3, 1, None, -3, 2, -1, -4, -1]",67,5,5.0,best_second,we8e4607,9.024974184996003,7.597897950521784,9.239996256883694,1,1,0,1,1,2,3.0
4939,"[[1, 7], [6, 2], [], [], [10, 5], [], [], [9, 8], [], [], [5]]","[None, 3, 4, 1, 3, -2, -3, 1, 1, 0, 3]",167,6,1.0,best_min,we8e4607,8.364275084991524,7.541152455136308,8.728102205062106,7,7,0,1,1,2,1.0
4940,"[[], [], [3, 7], [7], [0, 1], [], [9, 5], [], [6, 4], [], []]","[-1, 2, -4, 3, 2, -2, 1, -2, None, 2, -4]",169,3,0.0,best_third,we8e4607,8.631057447565285,7.718685495198466,8.968523555396352,4,4,0,1,1,2,4.0
4941,"[[10, 7], [5, 4], [], [], [], [], [1, 9], [], [], [8, 3], [7]]","[-3, -1, 2, -4, -3, -4, None, -2, -3, 1, -2]",185,2,5.0,best_second,we8e4607,9.73825907316835,8.629449873761905,10.023357298386511,-2,-2,0,1,1,2,1.0
4947,"[[8], [], [], [], [5, 10], [1, 3], [], [], [], [0, 8], [6, 7]]","[-1, 3, 2, -1, None, -3, 1, -1, 1, -1, -4]",19,4,2.0,best_third,we8e4607,7.971085753505608,7.550661243105336,8.475746001502063,0,0,0,1,1,2,2.0
4948,"[[], [], [4, 9], [10, 0], [], [8, 1], [], [3, 2], [1], [], []]","[2, 0, 2, 4, -1, 1, 0, None, -4, 1, -2]",147,4,2.0,best_third,we8e4607,7.904334842085095,7.323830566202317,8.348537825386098,6,6,0,1,1,2,2.0
4949,"[[], [], [4, 9], [6, 1], [7, 8], [], [1], [], [], [5, 0], []]","[-1, -3, None, 0, -4, 2, 0, 0, -4, 1, -1]",3,7,2.0,best_second,we8e4607,8.74273386733017,7.254884810077338,8.946244609330543,3,3,0,1,1,2,4.0
4950,"[[], [], [7], [], [9, 3], [2, 7], [8, 4], [], [10, 1], [], []]","[4, -4, -3, 4, 4, 3, None, 2, -1, -4, -3]",193,11,0.0,best_second,we8e4607,8.80086724247048,7.537430036586509,9.049702026013371,8,8,0,1,1,2,1.0
4951,"[[2], [8, 4], [], [], [], [], [0, 2], [10, 1], [], [], [5, 3]]","[1, -4, -4, -2, 4, 4, -1, None, -2, 0, -1]",189,6,1.0,best_third,we8e4607,8.764053269347762,7.950149887652018,9.13075589263334,3,3,0,1,1,2,6.0
4952,"[[4, 9], [], [3, 1], [], [], [6], [], [0, 2], [5, 6], [], []]","[0, -1, -4, -3, 4, 2, 0, None, -2, -3, -4]",117,9,3.0,best_second,we8e4607,9.242613932526478,6.661854740545311,9.315510869581722,4,4,0,1,1,2,2.0
4953,"[[9, 3], [], [4, 0], [], [10, 1], [], [8, 5], [], [5], [], []]","[-2, -2, None, 4, -1, -2, -3, -4, -2, 3, 0]",187,3,6.0,best_second,we8e4607,9.231710397712375,8.662504922576291,9.680156483641596,2,2,0,1,1,2,2.0
4957,"[[3, 2], [10, 0], [], [], [5], [], [], [4, 5], [], [], [8, 6]]","[2, None, 4, 3, -4, -4, 2, 0, -2, 4, -1]",47,5,2.0,best_second,we8e4607,8.126222529458525,6.85751406254539,8.37378460812088,6,5,1,0,1,2,4.0
4961,"[[1, 5], [], [], [], [7, 3], [], [], [3], [10, 0], [], [2, 9]]","[3, 2, -4, 3, 0, -3, -4, -3, None, 0, -4]",37,9,6.0,best_second,we8e4607,8.48920515487607,6.874198495453294,8.670429167315095,5,5,0,1,1,2,4.0
4963,"[[8, 1], [], [10, 4], [9], [], [2, 0], [3, 9], [], [], [], []]","[-3, -1, 4, 2, -3, None, 3, 2, 0, 1, 3]",39,9,7.0,best_second,we8e4607,8.067149039910104,6.937314081223682,8.34687925374656,7,7,0,1,1,2,1.0
4966,"[[2, 6], [], [], [8, 1], [9, 7], [3, 0], [], [], [], [7], []]","[2, -2, -2, 0, -2, None, 4, -1, -1, 4, 2]",13,7,2.0,best_second,we8e4607,8.657824321155983,8.34283980427146,9.2057297594185,6,6,0,1,1,2,1.0
4967,"[[4], [8, 5], [], [1, 6], [], [], [7, 2], [], [], [0, 4], []]","[-4, 1, -2, None, 1, -1, 3, 2, 1, 1, 3]",109,4,5.0,best_third,we8e4607,8.785845337961211,6.967909201801884,8.936166649549193,5,5,0,1,1,2,2.0
4968,"[[], [], [], [], [7, 2], [], [3, 1], [], [5], [8, 5], [4, 6]]","[0, 3, 4, -4, -4, 0, -2, 1, 2, 4, None]",69,4,5.0,best_min,we8e4607,8.956479847999914,7.804251383528113,9.23092700558457,1,1,0,1,1,2,3.0
4969,"[[6, 9], [], [], [7, 10], [], [], [9], [2, 4], [], [], [1, 5]]","[1, 1, -3, None, 4, -3, 0, 4, -1, -4, -4]",23,11,0.0,best_second,we8e4607,8.210396255104774,7.8407064517494,8.735525185733225,8,8,0,1,1,2,4.0
4971,"[[4], [], [1, 3], [], [], [], [], [8, 6], [], [2, 7], [0, 4]]","[-3, -3, 1, -2, 2, 0, -3, 3, 0, None, -2]",121,4,6.0,best_second,we8e4607,9.82660650820017,7.68937110752969,9.938082197300627,3,3,0,1,1,2,1.0
4972,"[[], [], [], [], [9, 2], [], [3], [6, 3], [10, 4], [], [5, 1]]","[-2, -4, -2, 2, 4, -2, 2, -3, None, 2, 2]",133,6,6.0,best_second,we8e4607,8.738414897167749,6.920671504248683,8.88875674784872,6,6,0,1,1,2,2.0
4973,"[[], [], [0, 1], [], [10], [3, 8], [4, 10], [], [], [2, 5], []]","[-1, 3, -1, -4, -1, 1, -4, -2, 3, None, 0]",157,5,2.0,best_min,we8e4607,8.459564078579602,7.880048200971577,8.904222737368716,4,4,0,1,1,2,4.0
4974,"[[3, 4], [], [], [4], [], [], [7, 1], [], [2, 5], [], [6, 8]]","[2, 0, -1, 1, 4, 4, 4, 3, -2, 0, None]",151,6,4.0,best_second,we8e4607,7.784889295655098,7.7886260656250315,8.479698986988657,7,7,0,1,1,2,5.0
4975,"[[4, 5], [10, 8], [], [], [5], [], [], [], [3, 6], [], [9, 2]]","[-3, None, -1, -3, -2, 2, -4, -1, -4, 2, 4]",161,10,5.0,best_second,we8e4607,7.9892214088152755,6.902742737158593,8.279697133877626,6,6,0,1,1,2,1.0
4977,"[[6], [3, 5], [0, 6], [], [], [], [], [8, 4], [], [7, 1], []]","[1, -3, 3, 3, -3, 0, 1, -4, -4, None, 4]",87,6,3.0,best_second,we8e4607,9.570668634412817,7.186144304522325,9.65873724746786,0,0,0,1,1,2,1.0
4979,"[[], [], [5, 4], [], [7, 0], [9, 1], [10, 8], [], [], [], [8]]","[-3, 4, None, 2, -3, 4, 4, -4, -2, 0, 4]",15,11,0.0,best_second,we8e4607,8.01565761455734,8.08301991917133,8.742893471512138,8,8,0,1,1,2,1.0
4980,"[[], [], [9, 6], [], [], [], [0, 1], [], [4], [3, 5], [8, 4]]","[2, -1, None, 3, 4, -4, 4, 2, 2, -4, -4]",17,8,5.0,best_second,we8e4607,8.195057690895078,7.954723334497909,8.775085935057266,6,6,0,1,1,2,7.0
4982,"[[], [], [8], [], [], [7, 6], [0, 4], [1, 10], [], [2, 8], []]","[-2, -4, -1, -2, -3, None, 3, 2, -1, 0, -3]",105,2,6.0,best_second,we8e4607,8.875426919818963,8.257904193465674,9.306650052113591,1,1,0,1,1,2,1.0
4985,"[[8, 2], [5, 0], [], [10], [], [9, 4], [3, 10], [], [], [], []]","[4, None, 4, 1, -4, 2, 0, -1, -2, -2, 1]",27,8,0.0,best_second,we8e4607,8.3030093814735,7.783640596221253,8.769662508112273,8,8,0,1,1,2,2.0
4988,"[[2, 3], [], [], [], [0, 7], [], [], [6, 5], [9], [], [8, 9]]","[-4, -4, -1, 0, None, -4, 4, 1, 0, 1, 0]",139,9,5.0,best_second,we8e4607,8.518592212329944,7.410347097821025,8.803724602110623,5,5,0,1,1,2,1.0
4990,"[[], [7, 8], [9, 4], [], [6, 0], [], [], [8], [], [10, 5], []]","[-2, -3, None, -4, -2, 4, -3, 2, 1, 4, -4]",181,11,0.0,best_second,we8e4607,7.518607216815251,7.507690077819904,8.206037762778815,8,8,0,1,1,2,1.0
4994,"[[], [], [5, 3], [0, 7], [10, 8], [1, 9], [], [], [], [], [8]]","[1, -3, None, -3, -1, 2, 1, -3, -1, 0, -4]",75,5,2.0,best_second,we8e4607,8.163086375583216,8.007034012193406,8.781094735202615,2,2,0,1,1,2,4.0
4996,"[[], [2, 9], [], [5, 7], [], [7], [4, 8], [], [], [], [6, 1]]","[4, -1, -3, 4, 4, 3, -1, 0, 1, -1, None]",61,5,2.0,best_second,we8e4607,9.080687163749312,7.265429723253953,9.231416697578098,3,3,0,1,1,2,2.0
4997,"[[4, 9], [], [7, 8], [5, 1], [9], [], [2, 3], [], [], [], []]","[0, -1, 4, -3, 2, 0, None, 3, -3, 1, 2]",83,9,7.0,best_second,we8e4607,7.677400430514807,6.939253946041508,8.06777619577889,7,7,0,1,1,2,1.0
4998,"[[], [], [], [8, 7], [5, 2], [], [], [], [7], [4, 10], [6, 1]]","[4, -1, -2, -4, 2, 2, 0, 4, -1, None, -4]",195,7,4.0,best_second,we8e4607,7.994969522697877,7.643003635560718,8.527341522468053,4,4,0,1,1,2,1.0
5000,"[[], [], [0, 8], [], [], [1, 4], [], [5, 2], [], [10, 6], [6]]","[-3, -1, 3, -1, 1, -3, 3, None, 2, -1, -4]",175,7,1.0,best_second,we8e4607,8.540714386457584,7.807103290125981,8.932740634865914,5,5,0,1,1,2,2.0
5004,"[[2, 6], [7, 10], [], [8, 9], [], [3, 0], [], [10], [], [], []]","[4, -1, 4, -4, 2, None, -4, -2, 1, -2, -4]",131,11,8.0,best_second,we8e4607,8.107720061910534,7.9402277651457025,8.720460512725655,8,8,0,1,1,2,3.0
5006,"[[], [], [5, 7], [2, 9], [6, 8], [], [8], [], [], [1, 10], []]","[4, -3, 0, None, -2, -1, 0, 4, -1, 1, -4]",71,6,4.0,best_second,we8e4607,8.880029117468442,7.412764017426563,9.087381464575735,4,4,0,1,1,2,1.0
5008,"[[], [0, 2], [], [6], [], [], [], [10, 4], [3, 6], [1, 7], []]","[4, 4, -3, 4, -3, 1, 0, -3, 4, None, -1]",89,11,7.0,best_second,we8e4607,7.8343923029104365,7.1131421087070885,8.23031079913502,8,8,0,1,1,2,2.0
5009,"[[10, 7], [], [], [], [5], [], [4, 5], [2, 3], [], [], [8, 9]]","[None, -1, -3, -1, -2, 2, -4, 4, -2, 0, 4]",135,2,4.0,best_third,we8e4607,8.73985662749357,7.617267813628347,9.021477467138805,4,4,0,1,1,2,2.0
5010,"[[5, 1], [9, 8], [], [7, 4], [], [2, 6], [], [4], [], [], []]","[None, 4, 3, 1, 1, -4, -1, 4, -4, 2, 1]",49,8,8.0,best_second,we8e4607,8.055792450977771,7.1693500166706,8.400659375160286,6,6,0,1,1,2,4.0
5011,"[[], [10, 7], [4, 9], [2, 5], [], [6, 0], [], [], [], [], [7]]","[-2, 0, 3, None, -1, 0, 3, 2, -1, 4, -4]",101,6,1.0,best_third,we8e4607,7.775695749915245,7.336285660021298,8.272826003650401,7,7,0,1,1,2,5.0
5012,"[[5, 7], [], [4, 10], [], [10], [], [9, 3], [], [6, 0], [], []]","[-4, 1, 3, -1, -2, 3, -1, 4, None, -2, 0]",143,2,0.0,best_second,we8e4607,9.688374172917182,7.508787170634276,9.795456808322424,0,-3,3,0,0,2,1.0
5013,"[[], [3, 0], [], [], [], [4], [5, 4], [], [9, 1], [10, 7], []]","[-4, 4, 3, 3, -3, -1, 2, -4, None, -3, -2]",53,11,8.0,best_second,we8e4607,8.567696173589344,7.4181808227267885,8.8427489162961,7,7,0,1,1,2,2.0
5014,"[[], [], [], [], [5, 0], [0], [10, 8], [], [7, 1], [], [2, 9]]","[3, -4, -1, 0, 4, 4, None, 0, -2, 2, -3]",165,3,5.0,best_third,we8e4607,10.025528178445152,7.6004023345004,10.110257789732394,-1,-1,0,1,1,2,4.0
5017,"[[], [], [0, 10], [], [], [4], [5, 4], [2, 8], [1, 9], [], []]","[4, -4, 3, -3, 3, -3, -2, None, -4, 0, -3]",99,11,6.0,best_second,we8e4607,7.553286605600419,7.556950572012899,8.24800570160062,7,7,0,1,1,2,4.0
5018,"[[7, 1], [], [], [], [], [0, 10], [8, 3], [], [3], [], [9, 4]]","[4, -1, -4, -4, 4, None, -2, 0, -2, -1, 3]",41,4,1.0,best_min,we8e4607,8.651024539049759,7.7823903355874595,9.001222992395064,7,7,0,1,1,2,1.0
5020,"[[9, 3], [], [], [], [], [4, 7], [5, 10], [], [], [3], [1, 2]]","[3, 3, -4, 4, 0, 0, None, 4, -3, 0, -1]",173,5,4.0,best_third,we8e4607,8.35608503102148,7.443663683115591,8.69349667588463,4,4,0,1,1,2,7.0
5021,"[[], [], [6, 10], [], [7], [4, 7], [1, 3], [], [], [], [8, 9]]","[2, -1, None, 2, 4, -1, -4, 1, -3, 4, 4]",137,10,0.0,best_second,we8e4607,7.9786537290827315,7.497207223203318,8.459564078579602,8,8,0,1,1,2,3.0
5025,"[[2, 6], [5, 3], [], [], [7, 0], [3], [], [9, 10], [], [], []]","[3, 4, 1, 3, None, 4, -2, -4, -4, -3, 1]",123,7,5.0,best_second,we8e4607,8.448057452581375,8.119993827725105,8.990441550826862,4,4,0,1,1,2,4.0
5026,"[[10, 3], [], [], [], [], [8], [5, 8], [9, 0], [], [4, 1], []]","[0, -1, -1, 1, 0, 1, 2, None, 2, 4, -1]",149,3,5.0,best_second,we8e4607,9.301642530382969,6.940222469119639,9.391661428436553,4,4,0,1,1,2,2.0
5030,"[[4], [], [], [10, 2], [], [], [1, 8], [6, 3], [], [0, 4], []]","[0, 3, -2, 0, -3, -4, -2, None, 1, -4, -3]",369,3,3.0,best_second,we8e4607,9.808957068689894,7.118826249062077,9.874573542371486,1,1,0,1,1,2,1.0
5031,"[[], [9], [8, 7], [], [], [1, 9], [], [3, 4], [0, 10], [], []]","[-4, -3, None, 0, -1, 1, 4, 2, 0, -3, -3]",273,4,3.0,best_second,we8e4607,8.64979915596426,7.092573715974679,8.840869624091393,2,2,0,1,1,2,1.0
5036,"[[], [], [1], [6, 10], [], [], [0, 5], [], [2, 1], [], [7, 9]]","[0, 2, -4, None, -1, -1, 2, 0, 3, 1, -1]",307,2,3.0,best_second,we8e4607,8.33014046024638,7.425953657077541,8.669914278433902,2,2,0,1,1,2,1.0
5037,"[[], [8, 6], [], [10], [3, 10], [9, 1], [], [], [], [2, 7], []]","[-1, 4, 4, 4, -1, None, -2, -1, 4, -4, -2]",349,9,6.0,best_second,we8e4607,8.652248422409103,7.110696122978828,8.846065190692881,8,8,0,1,1,2,5.0
5038,"[[1, 3], [4, 10], [], [7, 9], [], [6, 2], [2], [], [], [], []]","[None, -4, -2, 1, -1, 1, 4, 4, -2, -1, 0]",379,8,2.0,best_second,we8e4607,8.569595870209286,7.219642040130735,8.799963219507,5,5,0,1,1,2,1.0
5039,"[[5, 1], [], [], [], [0, 10], [], [], [], [9, 6], [6], [7, 2]]","[4, -2, 2, 1, None, -3, -2, 4, -3, 2, 1]",209,3,1.0,best_second,we8e4607,8.872767529910936,7.8808043446749005,9.188094763028863,5,5,0,1,1,2,1.0
5042,"[[2], [], [], [], [1, 3], [0, 2], [], [], [6, 7], [4, 8], []]","[2, -1, 3, -4, 4, 4, 2, -2, -3, None, 4]",275,5,8.0,best_second,we8e4607,9.05590631866912,7.041411663794811,9.181014542594355,3,3,0,1,1,2,4.0
5043,"[[], [], [9, 0], [], [3, 6], [], [], [10, 1], [4, 7], [0], []]","[0, 4, 4, -2, -1, 2, 4, 3, None, 4, -3]",257,7,1.0,best_third,we8e4607,8.246695943718557,7.845416036592485,8.75904072752422,7,7,0,1,1,2,6.0
5046,"[[], [8, 0], [3], [], [6, 9], [4, 1], [], [2, 3], [], [], []]","[-2, 2, 0, -2, -1, None, 4, -2, -1, -3, 2]",339,4,4.0,best_min,we8e4607,9.406975663409597,8.890135107818843,9.874676470682008,3,1,2,0,0,2,7.0
5047,"[[5, 3], [], [6, 1], [], [8, 10], [], [], [], [10], [2, 0], []]","[-3, 1, -1, 0, -1, -2, -3, -1, 2, None, 2]",317,4,2.0,best_third,we8e4607,9.304377013902567,7.829232537543593,9.510296805303351,0,0,0,1,1,2,2.0
5048,"[[10], [], [], [0, 10], [], [2, 1], [9, 5], [], [], [8, 7], []]","[0, -4, 4, -2, -2, 0, None, -2, -4, -4, -1]",231,10,4.0,best_second,we8e4607,8.56331312702979,7.553286605600419,8.873748128154393,4,4,0,1,1,2,2.0
5050,"[[5, 10], [3, 7], [], [7], [6, 8], [], [], [], [], [0, 4], []]","[4, 4, -4, 0, -3, 3, 4, -4, -4, None, -4]",217,9,8.0,best_third,we8e4607,8.037866234709618,6.806829360392176,8.293799608846818,7,7,0,1,1,2,8.0
5051,"[[], [6], [], [9, 5], [1, 6], [2, 0], [], [], [], [7, 10], []]","[1, -3, 4, None, 1, 2, 3, -4, -2, 2, 3]",315,4,1.0,best_third,we8e4607,8.595819511871428,7.395107546562485,8.85879510585745,6,5,1,0,0,2,3.0
5052,"[[], [], [], [8, 4], [9, 2], [0], [], [5, 0], [10, 1], [], []]","[-2, 4, -1, None, -4, -2, 2, 0, 2, -3, -2]",335,10,2.0,best_second,we8e4607,8.020270472819238,7.534762657037537,8.49964003216865,6,6,0,1,1,2,2.0
5054,"[[], [], [7, 3], [6, 10], [8, 1], [], [], [9, 0], [1], [], []]","[-4, 4, None, 2, 2, 2, 1, 1, 4, 1, -1]",223,3,3.0,best_third,we8e4607,9.946499148129377,7.170888478512505,10.00690117422521,3,3,0,1,1,2,5.0
5059,"[[], [4, 8], [10, 0], [9, 1], [], [], [], [], [], [6, 7], [0]]","[0, -3, -2, None, 1, -1, -1, 0, -2, -3, -3]",397,2,1.0,best_min,we8e4607,9.642317574624457,6.920671504248683,9.705950829935693,-2,-2,0,1,1,2,1.0
5061,"[[], [], [8, 6], [9, 10], [], [], [], [], [6], [5, 7], [4, 0]]","[-1, 0, -4, None, -4, 3, -3, 2, -2, 3, 3]",241,4,1.0,best_second,we8e4607,7.716015266642587,7.291656209174461,8.219056661060597,6,6,0,1,1,2,3.0
5063,"[[8, 7], [], [], [6, 4], [9, 10], [], [5, 2], [], [7], [], []]","[1, 3, -4, None, 4, -2, 3, -2, 4, 1, -1]",293,4,5.0,best_second,we8e4607,8.964311948124514,6.806829360392176,9.073603848402712,5,5,0,1,1,2,2.0
5064,"[[8, 10], [7, 6], [], [], [], [], [3, 5], [9, 2], [10], [], []]","[4, None, 3, 1, -1, -4, -4, 3, -1, -4, 2]",201,10,0.0,best_second,we8e4607,8.174702882469461,7.667158255319148,8.645762292210945,6,6,0,1,1,2,5.0
5066,"[[4], [10, 3], [], [], [], [], [1, 9], [], [0, 4], [2, 7], []]","[2, 0, -4, -4, -4, 3, None, 2, -2, 2, 0]",99,6,0.0,best_third,wa53371b,8.909640602443098,9.009202900924588,9.65374331942474,4,4,0,1,1,2,4.0
5069,"[[9], [6, 7], [], [], [1, 10], [], [], [], [0, 9], [], [2, 3]]","[-4, -4, 2, 1, None, 3, -4, -2, 0, 0, 4]",179,9,2.0,best_second,wa53371b,7.594884387216519,9.115590035430372,9.313167681775653,6,-6,12,0,0,2,1.0
5070,"[[7, 3], [], [], [], [], [4, 8], [], [3], [], [5, 10], [2, 6]]","[-4, -1, -3, -1, -4, 1, -2, 2, 3, None, 1]",31,6,2.0,best_min,wa53371b,8.624072553043334,8.03073492409854,9.063810579280284,4,4,0,1,1,2,1.0
5071,"[[], [3, 6], [], [], [5, 1], [7, 2], [], [], [0], [], [8, 0]]","[4, -3, 3, -2, None, 4, 2, -1, -1, 3, 0]",171,8,1.0,best_second,wa53371b,7.7651449029361315,8.70483390968779,9.03455739202181,7,7,0,1,1,2,4.0
5073,"[[4, 9], [], [5, 6], [8, 1], [], [6], [], [3, 0], [], [], []]","[-4, -4, 2, 2, -2, -3, 1, None, 4, -3, 1]",129,11,6.0,best_second,wa53371b,7.9645033635515485,7.917536353943631,8.634264863002075,6,6,0,1,1,2,1.0
5074,"[[3, 1], [], [10, 5], [1], [], [9, 7], [], [], [], [], [8, 6]]","[-1, -2, None, 0, -3, -1, 0, 2, -2, -3, 2]",191,3,2.0,best_third,wa53371b,7.889459149404524,7.8724551500639794,8.573951525234847,2,2,0,1,1,2,5.0
5075,"[[], [5, 4], [], [7], [8, 6], [10, 0], [], [], [], [3, 7], []]","[-1, None, -2, -1, 1, -4, -2, 2, 2, -2, -2]",177,7,3.0,best_second,wa53371b,8.218247926685745,7.898411092811599,8.764053269347762,3,3,0,1,1,2,1.0
5077,"[[], [6, 10], [], [7, 5], [], [4, 9], [10], [8, 0], [], [], []]","[2, 4, -1, None, -2, -4, -1, 4, 0, 0, 4]",145,8,2.0,best_second,wa53371b,8.419800845407588,8.034631032923107,8.938662873666118,6,6,0,1,1,2,2.0
5079,"[[8, 7], [], [], [6, 2], [], [0, 10], [2], [], [], [], [9, 4]]","[4, -2, 1, 2, -2, None, 3, 4, 0, 0, -1]",147,8,0.0,best_second,wa53371b,7.999007213243954,8.235625719964311,8.817297783866575,8,8,0,1,1,2,2.0
5080,"[[2, 6], [], [10, 5], [1], [], [], [7, 8], [], [], [3, 1], []]","[None, -3, -1, 4, -4, 0, -2, -1, -2, -1, -1]",3,2,1.0,best_second,wa53371b,9.107421317968342,8.378390788535778,9.500993027872797,-1,-1,0,1,1,2,1.0
5081,"[[8, 3], [], [], [5, 7], [], [], [9], [], [4, 1], [], [6, 9]]","[None, 2, 0, -2, -2, 1, -3, -2, -4, 3, -1]",105,3,0.0,best_third,wa53371b,9.056839480990421,8.56197533418813,9.532786124364254,-1,-1,0,1,1,2,4.0
5082,"[[], [], [0, 4], [], [], [], [3], [2, 9], [], [8, 5], [6, 3]]","[3, -4, 4, -2, -3, -1, 4, None, 0, -3, -3]",125,9,7.0,best_second,wa53371b,7.983781068977451,7.763021309018518,8.572438665642215,7,7,0,1,1,2,1.0
5084,"[[], [10], [9, 0], [7, 4], [], [], [1, 10], [], [3, 2], [], []]","[4, 0, 4, -3, 1, 3, -1, -4, None, -1, 1]",173,10,0.0,best_second,wa53371b,8.412054873292933,8.594339400592892,9.200391041122513,8,8,0,1,1,2,5.0
5085,"[[7, 6], [3, 8], [], [8], [], [], [], [], [], [10, 0], [4, 5]]","[-2, -3, 4, -1, -3, 3, 0, -2, 2, None, 3]",175,8,0.0,best_second,wa53371b,7.737616282857904,7.990576881743922,8.565030520830398,6,6,0,1,1,2,2.0
5087,"[[], [], [], [], [0, 2], [6, 10], [10], [8, 4], [3, 9], [], []]","[4, 0, 0, 3, 3, 1, 3, None, 1, 4, 4]",51,3,3.0,best_min,wa53371b,8.591929537530255,7.795646536334594,8.96405612822033,7,7,0,1,1,2,1.0
5089,"[[7, 1], [], [5, 6], [9, 4], [], [6], [], [], [], [], [0, 3]]","[3, -1, -1, -2, -3, 4, 0, 4, 4, 2, None]",11,8,4.0,best_second,wa53371b,7.52456122628536,7.373374309910049,8.144679183447758,7,7,0,1,1,2,5.0
5091,"[[9, 10], [2, 7], [], [1, 0], [], [8, 6], [], [], [6], [], []]","[-3, 3, -1, None, 1, 2, 0, -3, -4, 4, -4]",39,4,6.0,best_third,wa53371b,7.372118028337787,8.666819365372051,8.908829791587868,2,2,0,1,1,2,8.0
5092,"[[2, 1], [], [], [], [], [], [5], [], [6, 5], [0, 10], [4, 3]]","[-2, 3, -1, -3, -4, 3, 1, 4, 2, None, -4]",81,7,5.0,best_second,wa53371b,8.463792414689122,8.001689978099135,8.952217101765946,1,1,0,1,1,2,1.0
5093,"[[], [9, 8], [], [2, 0], [], [], [7, 3], [5, 10], [], [8], []]","[0, 4, -2, -2, 0, -4, None, 1, -4, 1, -1]",43,3,2.0,best_third,wa53371b,7.591861714889934,8.247220052745229,8.6652683094816,0,0,0,1,1,2,2.0
5094,"[[5, 1], [], [10], [2, 10], [9, 7], [], [], [], [0, 4], [], []]","[-4, -1, 4, 2, 3, 2, 2, -2, None, 1, 1]",83,6,5.0,best_second,wa53371b,8.16961956172385,8.459775920546287,9.018210874191142,4,4,0,1,1,2,3.0
5096,"[[4, 1], [], [], [], [1], [6, 7], [3, 10], [2, 8], [], [], []]","[4, 1, 3, 0, 1, None, -4, -1, 2, 0, 1]",69,4,3.0,best_second,wa53371b,8.018625465045748,7.544332108053688,8.502282578680484,2,2,0,1,1,2,1.0
5099,"[[10, 7], [], [9, 4], [5, 2], [], [8, 1], [], [], [], [], [7]]","[-3, 2, 2, None, 4, -1, 1, 4, 3, -2, 0]",73,5,2.0,best_min,wa53371b,8.40178233990491,8.28828304520769,9.039670667922675,6,6,0,1,1,2,1.0
5100,"[[2, 5], [3], [], [], [1, 3], [], [7, 9], [], [0, 6], [], []]","[1, -3, -3, 2, 1, 4, -4, 1, None, -3, -1]",189,9,3.0,best_second,wa53371b,7.805474625270858,7.979338895262328,8.589141690728823,5,5,0,1,1,2,4.0
5101,"[[9, 8], [], [3], [], [], [], [2, 3], [], [7, 1], [5, 10], []]","[None, 3, 3, -2, -1, -1, 0, 2, 3, -1, 4]",23,4,0.0,best_second,wa53371b,8.3133619511344,7.337587743538596,8.633018756921828,6,5,1,0,1,2,5.0
5102,"[[3, 7], [], [9, 8], [], [5, 1], [1], [2, 0], [], [], [], []]","[3, 4, 0, -4, -1, -1, None, -1, 0, -2, -4]",121,3,4.0,best_third,wa53371b,9.187583384853568,8.143226750367443,9.489032152589832,2,2,0,1,1,2,2.0
5103,"[[3, 4], [], [8], [], [], [9, 0], [], [2, 8], [], [6, 1], []]","[2, 0, 2, 3, -3, None, -2, -2, -2, 3, 2]",199,4,3.0,best_min,wa53371b,7.410347097821025,8.968141414126814,9.15915233520675,5,3,2,0,0,2,6.0
5104,"[[], [0, 3], [8, 10], [], [7], [1, 2], [], [], [], [4, 7], []]","[-1, 4, -3, -4, 4, None, 3, -3, 2, -1, -2]",77,5,8.0,best_second,wa53371b,7.134093721192866,8.594524534352562,8.803123730829213,3,3,0,1,1,2,4.0
5105,"[[8, 5], [], [], [], [], [4, 3], [10], [], [1, 7], [6, 10], []]","[None, 3, 3, 4, 0, -2, 0, -2, -4, -1, -2]",25,5,6.0,best_third,wa53371b,8.35819745992578,8.33302993974291,9.038721338315364,2,2,0,1,1,2,5.0
5109,"[[7, 9], [10, 0], [4, 5], [], [5], [], [], [], [], [], [8, 3]]","[4, None, 4, 2, -1, 1, -3, 4, 3, -2, -2]",131,7,6.0,best_second,wa53371b,8.479283618343018,7.517520850603031,8.802823159741887,8,8,0,1,1,2,1.0
5110,"[[1, 2], [2], [], [], [], [], [], [3, 9], [10, 7], [], [5, 4]]","[2, -1, 0, 4, -2, 1, -3, 4, None, -4, -4]",21,11,8.0,best_second,wa53371b,8.04237800517328,7.233455418621439,8.410498452745275,8,8,0,1,1,2,3.0
5111,"[[3, 10], [], [], [4, 1], [], [], [5], [], [], [6, 5], [8, 7]]","[None, 2, -4, -1, -2, -1, 1, 4, 3, -4, 2]",13,5,2.0,best_second,wa53371b,8.063377822367025,8.176391596633794,8.814479000010712,6,5,1,0,1,2,4.0
5117,"[[8], [10, 3], [0, 8], [5, 7], [], [], [], [], [], [], [4, 6]]","[-2, None, -1, -2, 3, -3, 0, -1, -4, 2, 2]",143,7,2.0,best_second,wa53371b,8.01102337918644,7.625595072132454,8.529714471969909,5,5,0,1,1,2,2.0
5118,"[[], [], [9, 0], [], [], [10, 2], [1], [], [6, 1], [], [7, 3]]","[3, 0, -1, -2, 0, None, -3, -3, -1, -2, 1]",157,4,3.0,best_min,wa53371b,8.399085102935908,9.100971834920818,9.503457646917903,2,-1,3,0,0,2,5.0
5119,"[[], [], [], [4, 0], [], [2], [], [], [6, 1], [3, 8], [5, 2]]","[-4, 4, -3, 4, 4, 0, -3, -1, -2, None, -1]",61,9,8.0,best_third,wa53371b,7.583756300707112,8.416488487294606,8.777401286867264,8,8,0,1,1,2,7.0
5123,"[[5, 3], [], [10, 0], [], [], [], [], [8, 9], [9], [], [1, 6]]","[-4, -4, None, 3, 0, 1, 3, 4, -1, -4, 2]",91,7,1.0,best_third,wa53371b,7.551186867296149,7.998671361015776,8.492695559815838,5,5,0,1,1,2,2.0
5125,"[[9], [], [], [], [8, 1], [4, 10], [0, 9], [], [], [], [2, 3]]","[3, 4, 0, -2, 4, None, 1, -2, -4, -4, -2]",71,10,0.0,best_second,wa53371b,7.195187320178708,8.098642843759416,8.438582790834326,8,8,0,1,1,2,2.0
5131,"[[4], [], [1, 9], [2, 5], [], [7, 8], [0, 4], [], [], [], []]","[-4, -3, 3, None, -4, -4, 4, -3, 2, 3, -3]",45,9,0.0,best_second,wa53371b,7.3098814858247865,8.061802274538346,8.447843113281444,6,6,0,1,1,2,5.0
5135,"[[2, 7], [], [6, 5], [], [10, 1], [], [], [3, 9], [], [], [1]]","[None, 4, 1, -4, -2, -3, -4, -3, -1, 3, 0]",123,4,4.0,best_min,wa53371b,7.956827122090111,7.867105500316739,8.605936401250627,0,-2,2,0,0,2,7.0
5136,"[[], [], [], [4, 6], [9, 1], [7, 10], [8, 2], [10], [], [], []]","[0, 1, 4, None, -2, 3, 4, 1, -4, 0, -4]",167,9,0.0,best_second,wa53371b,8.053569169134542,8.350193650720067,8.90585118120802,8,8,0,1,1,2,1.0
5137,"[[9, 1], [], [0, 3], [4, 6], [], [], [], [8], [], [], [7, 8]]","[-4, -1, None, 4, 4, 3, -2, 4, -3, 4, 4]",95,9,6.0,best_second,wa53371b,8.532672762264623,7.014814351275545,8.730690365678642,8,8,0,1,1,2,5.0
5140,"[[4, 5], [], [6], [], [], [], [], [8, 1], [], [7, 0], [2, 6]]","[0, 2, -1, 3, 4, 2, 4, 1, 4, None, 0]",93,2,1.0,best_third,wa53371b,8.494129251817686,7.6251071482389,8.84419212624497,5,5,0,1,1,2,2.0
5142,"[[], [], [], [], [3, 9], [6, 4], [8, 2], [0], [], [], [7, 0]]","[-1, 4, -3, -3, -2, None, 2, 2, 4, -4, -2]",107,10,5.0,best_second,wa53371b,9.79456514531194,7.500529485395295,9.890604926705114,6,6,0,1,1,2,1.0
5144,"[[], [3, 0], [8, 7], [], [], [], [10, 5], [], [], [2, 1], [5]]","[4, 3, -1, 3, 0, 1, 1, 2, 0, None, -3]",57,5,1.0,best_second,wa53371b,8.099857910737585,7.509883061154913,8.540714386457584,7,6,1,0,1,2,2.0
5145,"[[], [], [], [6, 2], [9, 8], [], [2], [], [5, 1], [7, 0], []]","[-3, -2, 3, 2, None, -1, 4, 1, 2, 2, -2]",127,3,4.0,best_min,wa53371b,8.19533366716287,8.276394704863307,8.929700114313448,3,0,3,0,0,2,4.0
5148,"[[1], [], [3, 7], [], [0, 1], [10, 8], [], [], [], [2, 5], []]","[2, -4, -2, -4, -4, 0, -4, 3, 2, None, 4]",137,5,2.0,best_second,wa53371b,8.35936910622267,7.613818684808629,8.747510946478446,4,4,0,1,1,2,7.0
5149,"[[7, 10], [], [], [], [], [1], [5, 1], [8, 9], [], [], [2, 4]]","[None, -1, -2, -4, 2, 3, 2, -4, -1, -3, 2]",37,8,0.0,best_second,wa53371b,8.267705664762426,8.481566013773087,9.073374516903025,4,4,0,1,1,2,2.0
5151,"[[5, 4], [3], [7, 10], [], [], [], [], [], [1, 3], [2, 0], []]","[2, 4, -4, 0, 4, -4, 0, -1, -4, None, -4]",1,11,2.0,best_second,wa53371b,7.995643604287271,8.0149968943483,8.698347400458186,6,6,0,1,1,2,3.0
5152,"[[6], [], [], [0, 6], [], [1, 2], [], [10, 5], [], [], [8, 9]]","[2, 2, 0, -2, -3, 1, 4, None, 0, 4, 2]",35,4,2.0,best_third,wa53371b,9.780924360113003,7.785305182539862,9.908325829176377,6,6,0,1,1,2,2.0
5153,"[[], [], [], [10], [1, 2], [], [], [8, 4], [6, 0], [3, 10], []]","[-4, -3, -4, -3, -2, 4, 4, None, 3, 0, -3]",15,11,7.0,best_second,wa53371b,7.310550158534422,7.4223737009868245,8.060855752934316,7,7,0,1,1,2,1.0
5154,"[[6, 4], [9], [], [], [8, 10], [1, 9], [3, 2], [], [], [], []]","[None, -3, 2, 0, 3, 0, -3, -1, -2, 4, 4]",117,8,1.0,best_second,wa53371b,7.608374474380783,7.98514393119862,8.507344855361424,7,7,0,1,1,2,2.0
5156,"[[6, 5], [], [0, 4], [], [10, 1], [], [], [9, 8], [], [8], []]","[-3, 0, None, 2, 0, 2, 4, 0, 1, 2, -2]",19,2,0.0,best_third,wa53371b,7.887584031660279,8.006367567650246,8.641709066113805,1,0,1,0,0,2,2.0
5157,"[[10, 7], [], [], [0, 9], [], [2], [5, 2], [], [], [4, 1], []]","[-4, 3, -3, None, -3, 3, 0, -4, -4, 4, -1]",183,11,1.0,best_second,wa53371b,7.803026643632217,7.873217054862741,8.531687637566689,7,7,0,1,1,2,3.0
5158,"[[7, 6], [], [], [], [], [], [5, 4], [1, 3], [10, 9], [], [9]]","[None, 4, 2, -4, 2, -4, 1, 4, 3, -1, -2]",195,8,8.0,best_third,wa53371b,7.555381944240272,7.427144133408616,8.186185994226083,8,8,0,1,1,2,6.0
5159,"[[6, 4], [], [], [], [10, 3], [9, 1], [2, 7], [], [], [1], []]","[None, 3, 2, 0, 1, -2, 0, -3, 2, 1, 4]",47,5,1.0,best_third,wa53371b,8.073714641109857,7.563719668414366,8.543835122362658,5,5,0,1,1,2,5.0
5160,"[[5, 3], [], [], [], [8, 0], [], [], [2], [9, 6], [], [7, 2]]","[1, -3, -4, -3, None, 2, -3, -1, 2, -2, -2]",119,4,5.0,best_min,wa53371b,7.226936018493289,8.210939733379021,8.528330935826693,3,-1,4,0,0,2,5.0
5161,"[[], [], [9, 8], [0], [], [3, 0], [], [], [6, 10], [7, 1], []]","[3, -2, None, -4, -3, -4, -3, -3, 4, -4, 3]",97,11,1.0,best_second,wa53371b,7.825644732219989,8.045588280803528,8.634620608292202,7,7,0,1,1,2,1.0
5162,"[[5, 4], [10, 6], [], [], [9, 2], [3, 7], [], [], [], [], [6]]","[None, -3, -4, 1, -3, 3, 0, -1, 0, -1, 1]",7,7,4.0,best_second,wa53371b,7.161622002939187,8.038512020976814,8.386172928977834,4,4,0,1,1,2,3.0
5164,"[[7, 9], [], [], [2, 8], [], [4, 1], [], [9], [], [], [5, 3]]","[-4, 3, 0, 1, 2, -3, -4, 3, 1, -2, None]",103,2,0.0,best_second,wa53371b,7.942717540573791,8.371242135931933,8.872767529910936,2,2,0,1,1,2,1.0
5172,"[[2], [], [], [], [5, 1], [], [9, 3], [0, 2], [6, 4], [], []]","[0, 0, -1, -3, 2, 3, -2, -3, None, -4, 1]",111,8,2.0,best_second,wa53371b,7.813187267521416,7.940583827104244,8.571870752706934,5,5,0,1,1,2,1.0
5178,"[[], [0], [7, 3], [], [], [], [8, 2], [], [4, 10], [1, 0], []]","[-4, 0, 2, 1, 2, 0, None, -4, 2, 2, 0]",149,3,2.0,best_third,wa53371b,7.284820912568604,7.388327859577107,8.03073492409854,4,4,0,1,1,2,5.0
5180,"[[], [3], [], [], [1, 3], [10, 9], [], [], [], [2, 6], [0, 7]]","[0, 1, -4, -4, 1, None, 2, 4, -1, -4, 4]",153,10,0.0,best_second,wa53371b,7.300472814267798,7.9714309977693505,8.384118837190895,8,8,0,1,1,2,6.0
5183,"[[], [9, 5], [], [], [], [4, 7], [0], [], [6, 0], [10, 3], []]","[3, None, -2, 4, -4, -1, 0, 2, 4, 2, -4]",193,8,2.0,best_third,wa53371b,7.982757702011114,7.8961806086154915,8.633374945705647,6,6,0,1,1,2,6.0
5185,"[[], [], [1, 0], [5], [2, 10], [], [], [], [], [3, 5], [6, 8]]","[1, 2, 0, 3, None, 0, 1, 4, 2, 4, 2]",9,2,1.0,best_second,wa53371b,7.311218384419628,7.705262474866325,8.220403099933728,4,2,2,0,0,2,1.0
5188,"[[], [3], [], [], [], [], [4, 5], [6, 8], [10, 0], [1, 3], []]","[2, -3, 1, 4, 1, -1, -1, None, -3, -2, -3]",65,3,0.0,best_third,wa53371b,7.911690520708338,7.891330757661889,8.594524534352562,0,0,0,1,1,2,5.0
5189,"[[], [8, 9], [], [], [0], [4, 0], [], [], [10, 2], [3, 6], []]","[1, None, -1, -2, 0, 3, 3, 0, -3, 4, -4]",169,10,1.0,best_second,wa53371b,8.728426091704613,8.1892445257359,9.187787967505672,7,7,0,1,1,2,3.0
5192,"[[4, 1], [], [5, 7], [8], [], [], [], [], [], [3, 8], [2, 0]]","[0, 4, 3, -1, 0, -4, 2, 2, 0, 3, None]",5,4,1.0,best_min,wa53371b,7.116394144093465,7.535830462798367,8.04076899436758,5,5,0,1,1,2,4.0
5195,"[[], [7, 2], [], [0], [10, 5], [], [], [], [1, 4], [3, 0], []]","[-2, -1, 0, -3, 3, 0, 1, -1, None, -4, 1]",113,4,3.0,best_second,wa53371b,7.5352967024440884,8.310414994188292,8.689127655323706,4,4,0,1,1,2,1.0
5196,"[[], [8, 2], [], [], [], [9, 0], [5, 1], [10, 3], [], [], [3]]","[-4, 2, 2, -1, 1, 0, None, -1, -4, 0, -1]",163,6,0.0,best_third,wa53371b,8.222285073872717,7.987524479848767,8.804775258867686,4,4,0,1,1,2,4.0
5197,"[[8, 3], [], [9, 1], [], [5, 10], [], [2, 4], [], [3], [], []]","[-1, 4, -4, 2, 2, 2, None, 1, 2, -3, 4]",185,7,2.0,best_second,wa53371b,7.556950572012899,7.076653815443951,8.038189179973203,6,4,2,0,1,2,7.0
5198,"[[], [], [], [2, 6], [7, 3], [], [], [5, 1], [0], [8, 0], []]","[-2, 3, 3, -3, None, 4, -1, 1, 0, 4, 1]",135,5,2.0,best_second,wa53371b,8.30844552038576,7.115582126184454,8.573195381531523,5,5,0,1,1,2,4.0
5202,"[[], [5, 7], [], [], [], [4, 2], [], [3, 6], [0], [8, 0], []]","[-4, None, 2, 4, 0, 0, -2, 3, 0, -1, -3]",139,6,5.0,best_third,wa53371b,8.164510268747042,7.167809184316444,8.478452363099807,7,7,0,1,1,2,2.0
5204,"[[9, 1], [], [], [7, 5], [], [4, 8], [], [6, 2], [], [1], []]","[4, 1, 0, None, -2, -2, -4, 4, 0, 3, 4]",141,6,4.0,best_second,wa53371b,7.4181808227267885,7.890582534656536,8.374938143835365,4,4,0,1,1,2,2.0
5206,"[[], [4], [], [], [], [], [0, 5], [], [1, 4], [6, 10], [7, 2]]","[3, -2, -4, -1, -4, -4, 4, -2, -1, None, -3]",53,11,8.0,best_second,wa53371b,6.925595197110468,7.186144304522325,7.757051142032014,7,7,0,1,1,2,2.0
5207,"[[], [7, 3], [1, 6], [], [5], [], [9, 10], [], [4, 5], [], []]","[2, -4, None, 0, 0, 4, 1, -1, 4, 4, -4]",165,9,5.0,best_second,wa53371b,7.912056888179005,7.632885505395133,8.475120414994329,5,5,0,1,1,2,1.0
5208,"[[], [6, 9], [8, 0], [], [], [], [3, 5], [], [0], [4, 10], []]","[-4, None, 1, -4, 4, -2, -2, -2, -2, 2, -4]",33,10,6.0,best_second,wa53371b,9.07829359105585,7.105786129481272,9.208438564686585,6,6,0,1,1,2,2.0
5209,"[[5, 4], [7, 2], [], [], [], [], [3, 8], [2], [], [0, 6], []]","[-4, -2, -2, 2, -1, -2, 1, 0, -2, None, 1]",89,7,3.0,best_second,wa53371b,7.556950572012899,7.426549072397305,8.186742787113518,3,3,0,1,1,2,1.0
5210,"[[10, 5], [], [], [], [], [4, 9], [], [8, 1], [1], [], [3, 6]]","[None, -3, -4, 1, -4, 0, 3, 4, 0, -3, 3]",79,7,0.0,best_second,wa53371b,7.21081845347222,7.777373602657861,8.226573474977114,6,6,0,1,1,2,1.0
5212,"[[], [], [4, 9], [7, 6], [1, 10], [], [], [6], [], [0, 8], []]","[-3, 4, None, -3, 4, -2, 3, -4, 1, 1, -4]",159,8,8.0,best_third,wa53371b,7.975908360165539,7.152268856032539,8.339500903005945,8,8,0,1,1,2,4.0
5213,"[[], [3, 2], [], [2], [9, 0], [8, 10], [], [4, 5], [], [], []]","[1, -4, -1, 2, -2, -4, -3, None, -2, 0, -3]",75,4,3.0,best_second,wa53371b,7.383989457978508,8.325548307161398,8.654691704601872,-1,-1,0,1,1,2,1.0
5214,"[[2], [], [], [1, 6], [], [], [], [8, 3], [5, 4], [0, 2], []]","[4, -4, -1, -3, -2, 4, -1, None, 4, 1, -4]",155,11,6.0,best_second,wa53371b,7.125283091510711,7.014814351275545,7.764296006450518,8,8,0,1,1,2,3.0
5218,"[[], [], [4, 3], [0, 6], [5, 9], [], [], [1], [7, 1], [], []]","[4, -4, None, 1, -4, -1, -2, -4, -2, -2, 2]",151,9,3.0,best_second,wa53371b,7.733245646529795,7.294377299288821,8.230577217146454,5,5,0,1,1,2,1.0
5220,"[[9, 5], [8, 10], [], [], [], [], [7, 0], [4, 3], [10], [], []]","[3, -3, 4, -2, 2, -4, None, -1, 3, 4, -2]",109,8,7.0,best_third,wa53371b,7.813995675002791,7.353081920515432,8.302761580704049,7,7,0,1,1,2,4.0
5223,"[[8], [], [], [], [6, 10], [], [3, 9], [0, 8], [], [], [5, 2]]","[2, 1, -4, 2, None, -2, 0, -3, 3, 1, -2]",133,5,1.0,best_second,wa53371b,8.356554845453426,7.342779189331846,8.66595796468135,2,2,0,1,1,2,2.0
5224,"[[3], [], [6, 1], [], [], [9, 10], [], [0, 3], [2, 5], [], []]","[4, -1, 4, 4, -2, -3, 1, 3, None, -2, -1]",187,7,5.0,best_second,wa53371b,7.145196134997172,8.292047637431354,8.567696173589344,5,5,0,1,1,2,1.0
5227,"[[], [], [], [4, 6], [8, 1], [], [10, 5], [9, 0], [], [0], []]","[2, -3, 0, None, 2, 3, -2, 3, -2, 0, 0]",85,2,5.0,best_min,wa53371b,7.404279118037268,7.998671361015776,8.437933510430605,1,0,1,0,0,2,3.0
5231,"[[2, 6], [], [], [10, 7], [0, 8], [], [], [], [9, 1], [], [7]]","[3, 3, 2, 3, None, -4, -3, 1, -4, -1, 1]",29,7,6.0,best_second,wa53371b,6.842683282238422,7.560601162768557,7.957527402230773,5,5,0,1,1,2,4.0
5242,"[[4, 2], [], [], [8, 6], [], [10, 1], [], [0, 3], [], [], [1]]","[1, 0, 1, 3, 3, -4, 0, None, 2, -1, 2]",87,2,3.0,best_third,wa53371b,8.02845516411425,7.1569563646156364,8.377701212597637,5,5,0,1,1,2,2.0
5243,"[[], [3, 10], [], [10], [6, 0], [4, 8], [], [], [2, 9], [], []]","[-1, 4, -1, -2, -4, None, -4, -4, 2, 4, -3]",49,10,2.0,best_second,wa53371b,7.754481547470384,7.908387159290043,8.527341522468053,6,6,0,1,1,2,3.0
5244,"[[3, 2], [9], [4, 7], [6, 8], [], [1, 9], [], [], [], [], []]","[None, 2, 3, 1, 4, 3, 3, 0, 4, 0, -2]",59,3,3.0,best_min,wa53371b,7.784889295655098,7.232733136177615,8.239329427901795,7,7,0,1,1,2,1.0
5245,"[[9, 6], [], [1, 7], [5], [0, 2], [], [], [], [3, 5], [], []]","[-2, -3, -2, 2, None, -3, 2, -2, 0, 4, 4]",161,5,4.0,best_second,wa53371b,8.338305731356565,7.983440063006542,8.869538777193739,2,2,0,1,1,2,1.0
5248,"[[], [9, 10], [4, 1], [], [0, 6], [8, 7], [], [], [7], [], []]","[-1, 1, None, -3, 0, 4, 4, 0, -2, -3, -4]",181,6,5.0,best_second,wa53371b,8.14902386805177,7.917536353943631,8.73294952429643,4,-3,7,0,0,2,5.0
5249,"[[7, 10], [], [], [6, 1], [], [], [1], [], [4, 5], [8, 0], []]","[4, -1, -4, 4, -3, -4, 0, -1, -1, None, 2]",27,8,2.0,best_second,wa53371b,7.867105500316739,8.08394570229562,8.674367865788236,6,6,0,1,1,2,1.0
5250,"[[4, 9], [], [], [10, 1], [9], [], [8, 3], [], [2, 7], [], []]","[0, 3, 3, -4, 4, -3, None, 1, -3, 1, -2]",101,3,4.0,best_third,wa53371b,9.363147292219942,7.510430556378006,9.508739807769159,0,0,0,1,1,2,5.0
5252,"[[6, 5], [8, 9], [3, 10], [], [0, 2], [], [], [], [9], [], []]","[-3, 1, 4, 4, None, -2, -1, 1, -1, -2, -4]",41,11,8.0,best_second,wa53371b,7.711996507047669,7.322510433997395,8.228977643358313,8,8,0,1,1,2,1.0
5253,"[[], [], [], [], [6, 8], [7, 2], [10, 9], [2], [1, 0], [], []]","[-3, 2, -2, 2, None, 0, 3, -3, 2, 0, 4]",17,5,3.0,best_third,wa53371b,7.138073034044347,7.071573364211532,7.798112628829788,7,7,0,1,1,2,5.0
5254,"[[], [], [], [10, 6], [], [9, 1], [], [4, 0], [7, 3], [1], []]","[0, 4, 1, -3, 4, 3, -1, 2, None, -2, -4]",55,9,2.0,best_second,wa53371b,7.106606137727303,7.122059881629142,7.807103290125981,6,6,0,1,1,2,3.0
5257,"[[2, 8], [], [], [], [], [4, 7], [5, 0], [], [], [10, 3], [3]]","[1, 3, 2, -1, 4, 2, None, 3, -3, -1, -2]",67,4,1.0,best_second,wa53371b,7.532623618788788,7.592870287844818,8.256088133814908,6,6,0,1,1,2,5.0
5259,"[[10, 9], [6, 4], [], [], [2, 7], [], [8, 5], [], [], [], [9]]","[-4, None, -3, 1, -3, -1, -2, -4, -3, 1, 4]",115,3,1.0,best_second,wa53371b,8.240385115516334,8.51539156946961,9.080345575359996,-3,-6,3,0,0,2,2.0
5260,"[[], [7, 8], [10], [2, 10], [], [], [], [5, 9], [0, 4], [], []]","[1, None, 1, 4, -1, 4, 2, 4, -1, -2, 0]",63,8,6.0,best_second,wa53371b,7.344719054149673,7.589335823170617,8.16735198705607,8,8,0,1,1,2,2.0
5261,"[[], [9, 2], [], [4, 7], [], [3, 1], [10], [], [6, 10], [], []]","[-1, 2, 2, 4, 1, None, -1, -2, 0, 1, -2]",197,2,6.0,best_min,wa53371b,7.079184394609668,7.486613313139955,7.996317231796745,5,5,0,1,1,2,1.0
5266,"[[], [], [], [0], [8, 1], [3, 0], [4, 7], [2, 9], [], [], []]","[4, 2, -4, 0, 2, 2, None, 4, 3, -2, -3]",371,3,6.0,best_second,wa53371b,8.013012110368916,8.414717399827001,8.926915889777044,5,2,3,0,0,2,1.0
5269,"[[1, 8], [8], [10, 7], [], [], [], [], [6, 5], [], [], [4, 3]]","[-3, -2, None, 0, -1, 3, -1, 3, -2, -1, 4]",263,3,4.0,best_min,wa53371b,7.4933172488621445,8.08886878916199,8.527737405291909,6,3,3,0,0,2,4.0
5275,"[[5, 4], [], [], [], [], [4], [1, 3], [10, 2], [7, 6], [], []]","[3, -4, 3, -2, 0, -3, -4, -2, None, 2, -2]",327,7,5.0,best_second,wa53371b,8.351374706721296,8.124743020385568,8.93748122841604,1,1,0,1,1,2,2.0
5276,"[[], [0, 6], [7, 3], [], [], [10, 4], [], [3], [5, 1], [], []]","[4, -2, 4, -4, 4, -1, 1, 3, None, -3, -3]",247,4,5.0,best_min,wa53371b,8.243545507928259,8.29254851397576,8.961366060627451,3,3,0,1,1,2,3.0
5278,"[[7, 6], [], [], [1, 2], [], [3, 9], [], [6], [], [8, 10], []]","[1, 0, -4, 0, -4, None, 0, 2, -4, 2, 2]",271,6,0.0,best_third,wa53371b,8.13973227971767,7.753194269884341,8.65799806800726,4,4,0,1,1,2,4.0
5279,"[[6], [4, 9], [], [5, 7], [], [], [], [], [3, 1], [], [0, 6]]","[1, -3, -2, 4, -2, -1, -2, 3, None, 2, -4]",383,8,1.0,best_second,wa53371b,7.106606137727303,7.478734825567875,8.002694162283937,7,7,0,1,1,2,4.0
5280,"[[], [], [], [0, 1], [7, 5], [], [10, 3], [5], [], [], [2, 8]]","[1, -4, -2, -4, -2, 4, None, 1, 4, 0, 4]",291,11,0.0,best_second,wa53371b,6.777646593635117,7.818832443803404,8.120886021092838,8,8,0,1,1,2,5.0
5281,"[[2], [9, 4], [], [], [], [1, 8], [0, 2], [], [3, 10], [], []]","[1, -4, 0, -4, 1, None, 2, -2, -1, 2, -3]",249,2,2.0,best_second,wa53371b,7.798523053625207,8.439231649946525,8.862341963516347,-2,-4,2,0,0,2,1.0
5282,"[[], [4, 7], [], [], [7], [9, 10], [2, 0], [], [5, 6], [], []]","[-2, 1, 2, -1, -2, -4, 3, 4, None, -4, -1]",261,9,5.0,best_second,wa53371b,7.542213463193402,7.416378479192928,8.17413934342947,5,5,0,1,1,2,3.0
5285,"[[10], [], [7, 5], [6, 2], [], [], [8, 1], [], [], [0, 10], []]","[4, 3, -4, None, 2, 0, 4, -1, -4, -1, -4]",209,10,1.0,best_second,wa53371b,7.324489979348533,7.797291273547473,8.281470857895167,7,7,0,1,1,2,1.0
5287,"[[9], [], [0, 9], [], [], [1, 3], [], [], [5, 10], [], [6, 4]]","[-1, -3, 2, 3, -4, 3, 4, 4, None, 1, -3]",229,8,0.0,best_third,wa53371b,7.218909707619059,8.01730750768858,8.38867776918081,6,6,0,1,1,2,8.0
5291,"[[5], [], [9, 7], [], [], [], [0, 5], [3, 10], [], [4, 8], []]","[-4, 3, None, 1, -3, 3, 1, 2, 3, -4, 0]",219,5,2.0,best_second,wa53371b,8.19671240721307,7.247080584585757,8.523572798380275,3,3,0,1,1,2,6.0
5293,"[[], [5, 2], [], [4], [], [], [], [3, 4], [], [10, 1], [6, 0]]","[-4, 2, 0, 0, -1, 2, 3, -3, -1, None, -2]",345,5,2.0,best_second,wa53371b,8.054204897064407,7.286191714702382,8.43511508038063,4,4,0,1,1,2,7.0
5294,"[[], [3, 10], [], [9, 7], [5, 0], [0], [], [], [], [], [2, 8]]","[3, None, -4, -4, 0, -1, -2, 0, 4, -4, 1]",279,10,3.0,best_second,wa53371b,8.549853973655786,8.48673398393153,9.211839248099919,5,5,0,1,1,2,4.0
5297,"[[3, 9], [], [1], [], [2, 1], [6, 10], [], [5, 0], [], [], []]","[-4, -2, 0, -1, -2, 3, 2, None, -3, 3, -3]",215,7,6.0,best_second,wa53371b,7.145196134997172,7.66105638236183,8.128880142125638,5,5,0,1,1,2,4.0
5298,"[[], [2, 0], [], [], [10], [], [4, 10], [], [9, 1], [3, 7], []]","[1, 2, 3, 2, 4, -4, 3, 4, None, 2, 1]",389,2,2.0,best_third,wa53371b,7.126087273299125,6.901737206656573,7.712890961490129,6,4,2,0,1,2,2.0
5299,"[[6, 5], [], [], [8, 9], [10, 3], [], [5], [], [], [], [7, 1]]","[-1, 2, 4, -3, None, 0, 2, 0, 3, -4, 4]",335,7,2.0,best_second,wa53371b,7.490529402060712,7.8961806086154915,8.406708458240965,6,6,0,1,1,2,7.0
5302,"[[9, 2], [], [6, 5], [], [10, 8], [], [], [], [], [3, 7], [8]]","[None, 4, 1, -1, -3, -4, -3, 4, -1, 0, 0]",223,6,5.0,best_second,wa53371b,8.690978417187907,8.551787836180736,9.316860215353856,4,-2,6,0,0,2,5.0
5303,"[[], [8, 2], [], [], [], [0, 3], [], [10, 4], [], [5, 1], [4]]","[4, -3, 1, 1, 4, -4, -1, 0, -1, None, -3]",201,3,5.0,best_third,wa53371b,8.321421586897877,7.589841512182657,8.71407489954152,0,0,0,1,1,2,2.0
5307,"[[2], [], [], [], [], [1, 3], [], [0, 2], [4, 10], [8, 5], []]","[-3, 0, 0, -1, 4, 2, -3, 0, -4, None, 3]",233,2,7.0,best_second,wa53371b,7.58018941794454,8.294799358992574,8.692993531219928,2,0,2,0,0,2,1.0
5309,"[[], [0, 6], [], [4], [], [], [], [], [2, 5], [1, 8], [3, 4]]","[-3, -3, -4, 4, 4, -1, 1, 2, 3, None, -2]",377,5,4.0,best_second,wa53371b,7.551186867296149,8.182000136293404,8.608495349823023,2,2,0,1,1,2,4.0
5310,"[[10, 2], [], [], [], [], [], [9, 4], [3, 5], [7, 6], [], [2]]","[0, -1, -1, -1, -1, -3, -2, 1, None, -2, 2]",303,3,4.0,best_second,wa53371b,7.172424577124845,7.4223737009868245,7.99799931797973,0,0,0,1,1,2,1.0
5319,"[[], [9, 7], [3, 6], [6], [8, 0], [], [], [], [], [], [4, 1]]","[3, -2, -4, 4, 3, -4, 1, 0, -3, -2, None]",297,8,0.0,best_second,wa53371b,7.587817219993426,8.132118772955806,8.589513852995864,6,6,0,1,1,2,2.0
5323,"[[], [], [8, 0], [], [5, 7], [], [], [], [0], [4, 10], [1, 6]]","[3, 4, -2, -1, -3, -2, -3, 1, 1, None, 4]",285,10,7.0,best_second,wa53371b,7.616775808698373,7.771488760117616,8.390041405755754,8,8,0,1,1,2,3.0
5324,"[[10, 6], [], [5, 1], [9, 8], [0, 2], [], [], [], [], [8], []]","[-4, -2, 2, -4, None, 2, -3, 3, 0, 0, -4]",375,9,4.0,best_second,wa53371b,8.163656176168432,7.872836175025724,8.721765357145012,4,4,0,1,1,2,1.0
5325,"[[], [0, 6], [], [], [], [2, 4], [], [1, 5], [9, 3], [3], []]","[1, -4, 4, -1, -1, 3, -4, None, 0, 2, 3]",299,10,4.0,best_second,wa53371b,7.821643126239982,7.653020413804189,8.433811582477187,7,7,0,1,1,2,5.0
