,graph,reward,trialNumber,difficulty,difficulty_2,type,wid,RT_first_visit,RT_second_visit,RT,max_reward,current_reward,loss,accuracy,accuracy_1,df,unchoosen_diff
3,"[[5, 9], [10], [], [], [], [], [8, 2], [0, 1], [2, 4], [], []]","[-3, 4, -1, 4, 2, -2, 1, None, 1, 2, 4]",316,11,,best_alone,w58a3a3f,7.529406457837013,7.564238475170491,8.239857411018601,8,8,0,1,1,1,4.0
8,"[[], [7, 6], [], [], [3, 2], [], [0], [5, 10], [4, 3], [], []]","[-3, None, 3, 0, 3, 0, -4, -1, 3, -4, 4]",386,7,5.0,best_second,w58a3a3f,7.582229194276461,8.030084094267563,8.523970175695261,3,-1,4,0,1,1,
9,"[[], [3], [], [], [8, 2], [0, 7], [], [], [2, 6], [5, 1], []]","[3, -4, 2, -2, -2, 3, 0, -3, 3, None, -1]",280,9,6.0,best_second,w58a3a3f,7.950854857719988,7.202661196523238,8.338066525518801,6,6,0,1,1,1,
12,"[[], [], [], [6, 10], [], [4, 0], [2, 8], [5, 4], [], [], [1]]","[4, 0, -3, None, -4, 3, -4, -3, 2, -4, -3]",258,3,6.0,best_min,w58a3a3f,8.565030520830398,7.764296006450518,8.935771938669784,-2,-2,0,1,1,1,
13,"[[8, 6], [], [], [], [1, 9], [10], [], [4, 5], [6, 3], [], []]","[-2, -1, 4, -1, -4, 4, -4, None, 1, 1, -1]",34,7,,best_alone,w58a3a3f,7.757051142032014,8.320204597578877,8.770749549138642,3,3,0,1,1,1,2.0
16,"[[5, 9], [6], [], [0, 1], [7, 2], [], [], [2, 8], [], [], []]","[2, -2, 0, None, 0, -1, -1, -2, -4, 1, 0]",184,4,1.0,best_second,w58a3a3f,7.8160138391590275,7.189922170745808,8.244071270295786,3,1,2,0,1,1,
17,"[[], [0], [10, 6], [], [8, 3], [4, 1], [], [], [], [], [6, 7]]","[4, 1, 4, 0, -4, None, 1, 2, -2, -1, 1]",380,10,,best_alone,w58a3a3f,8.024862150286411,6.583409222158765,8.236950048061455,5,5,0,1,1,1,2.0
18,"[[], [], [0, 3], [], [], [8, 1], [2, 0], [5, 10], [], [], [4]]","[-2, 1, -1, -2, 3, 1, 1, None, -3, -1, 2]",290,5,,best_alone,w58a3a3f,7.635303886259415,7.336936913707618,8.190077049719049,5,5,0,1,1,1,4.0
19,"[[], [5], [7, 9], [10, 6], [3, 10], [], [], [], [2, 1], [], []]","[4, 3, -2, 4, -4, 3, -2, -2, None, -4, -3]",388,11,,best_alone,w58a3a3f,7.672292455628756,6.647688373563329,7.9786537290827315,6,6,0,1,1,1,2.0
26,"[[], [], [5, 8], [], [], [8, 1], [10, 7], [4], [], [], [0, 3]]","[-1, 4, -2, 3, -1, 3, None, -3, -1, -2, 3]",30,7,0.0,best_second,w58a3a3f,7.187657164114955,7.264730177929867,7.919719760924575,6,6,0,1,1,1,
27,"[[5], [], [], [], [], [], [8, 3], [6, 8], [], [1, 4], [9, 0]]","[-2, -2, -3, 3, 3, 2, -3, -3, 3, 4, None]",178,6,1.0,best_second,w58a3a3f,7.097548850614793,7.229113877793302,7.8582541821860294,7,7,0,1,1,1,
28,"[[6, 3], [], [], [1], [], [10, 8], [2, 4], [], [], [], [8, 7]]","[None, 2, 2, -2, -2, -2, 0, 0, 3, -4, -1]",318,3,2.0,best_min,w58a3a3f,8.743531633626967,7.243512974665482,8.944811104165534,2,2,0,1,1,1,
30,"[[], [], [], [], [1, 2], [0, 7], [], [], [3], [4, 1], [5, 8]]","[0, -3, -3, 4, 0, -4, 0, 4, 2, 1, None]",200,8,,best_alone,w58a3a3f,7.607381425639791,6.839476438228843,7.988203597022575,6,6,0,1,1,1,4.0
32,"[[], [2], [], [], [9, 3], [10, 6], [], [4, 1], [], [], [6, 8]]","[-2, 2, 4, -4, -2, 1, 3, None, 2, -2, -2]",54,11,,best_alone,w58a3a3f,7.654917047848321,6.298949246855942,7.8838232148921525,6,6,0,1,1,1,2.0
38,"[[], [], [4, 6], [5], [6, 1], [], [], [10, 3], [], [], [0, 9]]","[2, 1, 3, 3, -2, 1, 2, None, 4, -1, 3]",260,2,4.0,best_min,w58a3a3f,8.990815266184685,7.560080465021827,9.205126804923294,5,5,0,1,1,1,
40,"[[6, 1], [9], [4, 7], [], [7, 5], [], [3, 10], [], [], [], []]","[None, -4, -4, 3, -4, 0, 3, 4, -1, -2, -3]",304,9,6.0,best_second,w58a3a3f,8.340933226000878,6.7464121285733745,8.525558107747864,6,6,0,1,1,1,
43,"[[], [], [], [2], [6, 5], [], [5, 0], [8, 3], [1, 9], [], []]","[-2, -2, 0, 4, -3, -4, 4, None, -4, -4, 3]",238,11,,best_alone,w58a3a3f,7.700295203420117,6.3835066348840055,7.937374696163296,4,4,0,1,1,1,2.0
44,"[[6], [], [5, 7], [4, 8], [], [7, 10], [], [], [], [3, 0], []]","[4, 3, -2, 0, -4, 4, 4, -3, -2, None, -3]",230,11,,best_alone,w58a3a3f,8.07215530818825,6.837332814685591,8.32724260745779,8,8,0,1,1,1,2.0
45,"[[7, 3], [], [6, 4], [10], [], [2, 6], [], [9, 1], [], [], []]","[None, -3, 2, 2, -1, -1, -3, -2, 1, 1, 4]",268,9,,best_alone,w58a3a3f,7.465655310134057,6.410174881966167,7.763871287820222,6,6,0,1,1,1,4.0
46,"[[3, 8], [], [0, 3], [], [], [6, 7], [10, 1], [9], [], [], []]","[-2, -2, -1, 4, -1, None, -1, 1, -1, 4, 0]",294,7,,best_alone,w58a3a3f,8.57828829077605,6.20050917404269,8.666819365372051,5,5,0,1,1,1,2.0
49,"[[], [9, 4], [5, 8], [], [], [8, 6], [], [1, 10], [], [], [3]]","[-1, -3, 0, -4, 4, -3, -2, None, 0, 0, 3]",236,3,,best_min,w58a3a3f,7.447751280047908,8.127995055771944,8.537583881063972,1,-1,2,0,0,1,4.0
50,"[[], [5, 8], [], [2, 0], [], [8, 6], [], [], [], [7], [3, 9]]","[1, -4, 3, 0, 4, -4, 2, -4, -1, 3, None]",360,3,1.0,best_second,w58a3a3f,8.481773246184977,6.99576615630485,8.685584842676695,3,3,0,1,1,1,
55,"[[], [], [1, 7], [6, 10], [3, 6], [9], [], [], [2, 5], [], []]","[-2, -4, 0, 0, 0, 4, 4, 4, None, 3, -1]",124,7,,best_alone,w58a3a3f,7.736743682453495,6.747586526829315,8.052614818815567,7,7,0,1,1,1,8.0
58,"[[2, 8], [9, 4], [], [], [], [0, 2], [10], [1, 6], [], [], []]","[1, -2, 1, 3, 4, -2, 4, None, -2, -2, 1]",148,6,,best_alone,w58a3a3f,7.338888133838879,6.731018100482083,7.773173680482535,5,5,0,1,1,1,6.0
61,"[[], [6, 7], [3, 8], [4, 0], [], [1, 6], [], [], [10], [], []]","[2, 4, None, 4, -2, -2, -2, 0, -3, 3, -1]",114,7,2.0,best_second,w58a3a3f,8.45914025996762,6.609349243167381,8.605020901781758,6,6,0,1,1,1,
64,"[[], [5, 4], [7], [], [], [4, 0], [], [], [10, 2], [], [3, 9]]","[-4, -3, 1, -1, 2, 3, -3, 3, None, -3, -4]",180,10,,best_alone,w58a3a3f,8.026496938945412,6.955592608396297,8.320934968883408,4,4,0,1,1,1,2.0
68,"[[], [10, 4], [], [7], [], [8, 3], [], [], [0, 2], [1, 10], []]","[-2, 3, 4, 0, 4, None, -4, 2, 0, -3, 0]",336,4,4.0,best_min,w58a3a3f,9.14516164595119,7.228388451573604,9.282288871288767,4,4,0,1,1,1,
70,"[[], [], [6, 9], [], [], [], [3, 10], [8, 1], [1, 5], [0], []]","[4, -2, None, 4, 3, -2, -3, 3, 1, 0, -4]",76,7,,best_alone,w58a3a3f,7.843848638152473,6.923628628138427,8.178919332848396,4,4,0,1,1,1,8.0
73,"[[7, 10], [6], [4, 8], [], [], [0, 1], [], [], [], [2, 4], []]","[3, -2, -1, 3, -3, None, 0, 3, -3, 3, -3]",206,7,6.0,best_second,w58a3a3f,8.07153089355666,6.838405200847344,8.327000740241713,6,6,0,1,1,1,
74,"[[3, 2], [], [1], [4, 5], [], [], [], [10, 9], [], [], [9, 6]]","[None, -3, -4, 3, 2, 4, -3, -4, -3, 0, 1]",370,8,1.0,best_second,w58a3a3f,7.546974117516527,6.877296071497428,7.9599745280805365,7,7,0,1,1,1,
76,"[[], [6, 10], [5, 7], [], [], [7, 4], [9, 3], [], [], [], [0]]","[-4, None, 2, -4, -1, -1, 4, -3, 2, 3, 2]",20,8,8.0,best_second,w58a3a3f,8.154787572768521,7.692113339595466,8.642944396721797,7,7,0,1,1,1,
78,"[[], [2, 0], [], [], [1, 2], [], [7, 8], [], [], [6, 10], [3]]","[-2, 2, 1, 4, -3, 1, -1, -4, 0, None, 4]",10,11,,best_alone,w58a3a3f,7.818832443803404,6.354370040797351,8.026496938945412,8,8,0,1,1,1,4.0
79,"[[], [3, 0], [8, 5], [], [6], [], [], [1, 3], [], [2, 4], []]","[-2, -4, 4, 0, 2, 1, 1, 1, -3, None, 0]",328,3,,best_min,w58a3a3f,8.266164436612492,6.727431724850856,8.460411177317253,5,3,2,0,0,1,4.0
81,"[[], [2, 6], [6, 10], [], [], [4, 0], [], [5, 9], [], [8], []]","[4, 4, -3, -3, -2, 4, -2, None, 1, -1, 1]",342,7,0.0,best_second,w58a3a3f,7.935945103353701,6.629363253437449,8.17526610411206,8,8,0,1,1,1,
83,"[[], [0, 7], [9, 5], [1, 8], [2, 9], [], [], [], [10], [], []]","[2, 4, -2, None, 2, 0, 4, -4, -1, -2, -3]",224,8,8.0,best_second,w58a3a3f,8.560252680876685,7.026426808699635,8.755422380148488,6,6,0,1,1,1,
84,"[[4, 9], [], [], [0, 4], [], [6], [], [], [1, 2], [], [8, 5]]","[1, 3, -1, 3, 0, 4, 1, -4, -4, -2, None]",50,8,,best_alone,w58a3a3f,7.639642287858013,6.434546518787453,7.901377353792616,5,5,0,1,1,1,4.0
86,"[[], [0, 7], [], [9, 10], [], [], [2], [], [1, 6], [10, 5], []]","[3, -3, 2, -1, 2, 4, -4, -1, None, 3, 3]",64,3,2.0,best_min,w58a3a3f,8.690978417187907,6.29156913955832,8.77770959579525,0,0,0,1,1,1,
88,"[[], [], [5], [9, 1], [8, 10], [], [], [4, 2], [], [1, 0], []]","[1, -4, 0, -4, 2, -4, 0, None, 4, 0, -4]",24,9,6.0,best_second,w58a3a3f,8.441607204459642,6.461468176353717,8.570733958344267,6,6,0,1,1,1,
90,"[[], [0, 6], [1, 10], [], [], [], [], [8, 3], [3, 4], [], [9]]","[4, 3, None, -1, 0, 2, 0, 1, -2, -2, -3]",12,8,3.0,best_second,w58a3a3f,7.985824666418917,6.648984550024776,8.21878715560148,7,7,0,1,1,1,
91,"[[], [], [6, 5], [7, 8], [], [4], [10, 0], [8, 1], [], [], []]","[1, -3, None, -3, 0, -3, 3, -1, 4, 3, -4]",188,6,2.0,best_second,w58a3a3f,7.589335823170617,7.116394144093465,8.073402968986406,4,4,0,1,1,1,
92,"[[], [8, 0], [], [], [], [10, 6], [3], [1, 8], [], [], [9, 2]]","[-4, -4, 1, 3, 3, None, 2, -2, 1, -1, -3]",154,8,,best_alone,w58a3a3f,7.6246189861593985,6.461468176353717,7.8961806086154915,5,5,0,1,1,1,2.0
93,"[[], [], [], [9, 4], [6], [7, 10], [], [10, 2], [], [1, 8], []]","[-2, 4, 4, None, -3, 3, -4, -4, -3, 4, -3]",346,11,7.0,best_second,w58a3a3f,7.755767170102998,7.03085747611612,8.150467911624004,8,8,0,1,1,1,
95,"[[], [], [], [8, 1], [], [], [3, 9], [10, 4], [], [5], [4, 0]]","[-1, -4, 0, -2, -2, 4, None, 1, 0, 1, 2]",338,9,,best_alone,w58a3a3f,7.901007051992421,6.295266001439646,8.083637203141548,5,5,0,1,1,1,4.0
97,"[[7, 9], [2, 4], [], [0, 7], [], [1, 6], [8], [], [], [], []]","[-1, 2, 2, 0, -2, None, 3, -4, 3, -2, -4]",378,4,,best_alone,w58a3a3f,8.44311598801992,6.16541785423142,8.540519016719733,6,6,0,1,1,1,4.0
99,"[[], [7, 3], [], [8], [], [10, 0], [], [4, 2], [], [], [0, 6]]","[-4, None, 4, 2, -2, 2, 3, 4, -4, 3, 3]",252,8,0.0,best_second,w58a3a3f,8.32530602975258,6.9865664594064265,8.557951183888406,8,8,0,1,1,1,
100,"[[], [], [], [], [1, 2], [0, 10], [5, 0], [4, 8], [9], [], []]","[-3, 4, -2, 4, 0, 1, 0, None, -3, -3, -1]",232,8,2.0,best_second,w58a3a3f,7.336936913707618,7.029972911706386,7.887959336599945,4,4,0,1,1,1,
101,"[[1, 10], [], [], [], [], [8, 9], [], [0, 1], [3, 4], [6], []]","[-2, -3, -2, 0, -2, None, -1, 0, -4, 0, -3]",88,4,,best_alone,w58a3a3f,8.087332926473351,7.491645473605133,8.526152932787708,-1,-1,0,1,1,1,2.0
102,"[[], [], [5], [8, 7], [], [], [3, 8], [], [], [10, 2], [4, 0]]","[-4, -4, 2, -3, 0, 1, -2, 2, -2, None, -3]",32,8,,best_alone,w58a3a3f,7.30854279753919,6.603943824600473,7.709756864454164,3,3,0,1,1,1,4.0
104,"[[4, 3], [], [], [], [], [10, 1], [], [5, 10], [0, 9], [6], []]","[-1, 3, -2, -4, 2, -2, 2, 1, None, 0, 4]",130,4,,best_alone,w58a3a3f,8.724695046740491,6.436150368369428,8.82114223633189,2,2,0,1,1,1,6.0
106,"[[], [5, 0], [3], [], [10, 7], [], [1, 2], [], [], [], [7, 8]]","[3, -4, 3, 4, 3, -3, None, -3, -4, -2, 1]",306,11,,best_alone,w58a3a3f,7.228388451573604,6.2285110035911835,7.541152455136308,7,7,0,1,1,1,6.0
107,"[[], [], [], [], [5, 0], [], [], [4, 5], [9, 10], [1, 6], [2]]","[0, 2, -1, 3, 4, -1, -2, -2, None, -3, 4]",374,6,,best_alone,w58a3a3f,7.076653815443951,6.7464121285733745,7.617759576608505,3,3,0,1,1,1,4.0
111,"[[], [], [8, 5], [4, 1], [1, 7], [10], [], [], [0, 6], [], []]","[-1, 1, None, -4, 1, 3, -3, 0, 4, 3, 2]",298,3,7.0,best_alone,w58a3a3f,7.469654172932128,7.3796321526095525,8.118505067587098,5,3,2,0,0,1,
113,"[[5, 6], [], [1, 4], [], [], [9, 10], [3], [2, 1], [], [], []]","[None, -2, -3, 3, 1, -4, 4, -2, -1, 2, 0]",242,10,,best_alone,w58a3a3f,7.228388451573604,7.112327444710912,7.86480400332846,7,7,0,1,1,1,2.0
116,"[[], [0, 7], [6], [8, 2], [], [], [], [], [4, 10], [1, 0], []]","[0, 1, 0, None, 2, 2, 1, 0, -4, 2, 4]",164,2,,best_alone,w58a3a3f,8.09712193091871,6.327936783729195,8.254268770090183,1,1,0,1,1,1,2.0
117,"[[], [], [], [], [], [7, 8], [], [0, 1], [6], [2, 4], [9, 2]]","[-4, -1, 1, 2, 4, None, 2, 1, -3, 1, -1]",134,2,,best_min,w58a3a3f,8.764053269347762,6.295266001439646,8.845201135339584,0,-1,1,0,0,1,3.0
118,"[[], [8, 10], [], [1, 8], [6, 2], [0], [], [], [], [4, 5], []]","[3, 0, -2, -3, -4, 0, -4, -2, -4, None, 4]",204,10,,best_alone,w58a3a3f,7.700747794511798,6.100318952020064,7.884199933676039,3,3,0,1,1,1,2.0
119,"[[], [6, 0], [], [1, 6], [5, 8], [], [], [4, 9], [], [10], []]","[1, 2, -1, -1, 0, 1, -1, None, -1, 4, 1]",196,5,,best_alone,w58a3a3f,8.182559264068663,6.985641817639208,8.446341450444287,5,5,0,1,1,1,2.0
120,"[[], [8], [9, 7], [10, 1], [], [], [], [], [], [7, 4], [0, 6]]","[3, -2, -4, None, 4, -1, -2, 3, 2, 3, -2]",4,3,,best_min,w58a3a3f,8.518592212329944,6.922643891475888,8.703008637464448,1,0,1,0,0,1,5.0
122,"[[8, 4], [2, 7], [7, 9], [], [6], [], [], [], [5, 3], [], []]","[None, -4, 2, -2, 0, 0, -1, -3, -4, -1, -1]",92,4,,best_alone,w58a3a3f,7.31986492980897,6.745236349484363,7.765993079407675,-1,-1,0,1,1,1,2.0
125,"[[], [], [], [], [1], [2, 9], [8, 0], [], [0, 7], [], [5, 4]]","[3, 0, -4, 0, 4, -4, 0, -1, 3, 2, None]",250,9,,best_alone,w58a3a3f,7.478169694159785,6.46302945692067,7.786967002614872,4,4,0,1,1,1,6.0
126,"[[], [], [], [5, 7], [1, 10], [7, 6], [], [], [4, 9], [2], []]","[3, 2, 4, 2, 0, 0, -4, -1, None, -1, -2]",18,3,2.0,best_alone,w58a3a3f,8.555066843844319,6.915723448631314,8.732304571033183,3,2,1,0,0,1,
129,"[[], [5, 0], [], [], [8, 10], [], [], [6], [10, 2], [1, 7], []]","[-4, -1, -1, -1, 1, 3, -1, 0, -4, None, 1]",40,5,3.0,best_min,w58a3a3f,8.509161019718974,7.217443431696532,8.751790892775562,2,2,0,1,1,1,
131,"[[], [7], [8, 0], [], [9, 10], [4, 1], [], [], [0, 3], [], []]","[-3, 3, -3, -3, -3, None, 0, 4, -3, 4, 0]",112,8,,best_alone,w58a3a3f,7.630461261783627,6.767343125265391,7.982074875081202,7,7,0,1,1,1,4.0
133,"[[], [], [], [], [], [1], [7, 4], [4, 3], [], [10, 5], [2, 8]]","[0, 3, 2, 1, 3, 3, -2, 3, -2, None, 2]",72,4,,best_alone,w58a3a3f,8.698681067461616,6.51025834052315,8.804775258867686,6,6,0,1,1,1,4.0
135,"[[6, 9], [], [], [], [], [], [7, 1], [], [10, 3], [4], [3, 5]]","[None, -3, -3, -3, 1, 0, 1, 1, 4, 3, 0]",216,4,,best_alone,w58a3a3f,8.39840965542627,6.670766320845874,8.561784074744113,4,4,0,1,1,1,4.0
137,"[[], [4, 7], [5], [8, 2], [7, 9], [], [], [], [0, 10], [], []]","[3, 3, -2, None, 2, -4, 1, -2, 2, 0, -2]",286,8,4.0,best_second,w58a3a3f,8.281977058867758,7.117205503164344,8.55333223803211,5,5,0,1,1,1,
138,"[[9, 1], [4], [], [], [], [], [7, 8], [8, 3], [], [5, 2], []]","[None, -4, 4, 1, 0, -4, -2, -2, 4, 4, -2]",70,10,0.0,best_second,w58a3a3f,7.803843303538773,7.217443431696532,8.245909264774092,8,8,0,1,1,1,
140,"[[4, 1], [], [3, 8], [7, 9], [1, 5], [], [], [], [6], [], []]","[-4, -4, None, 2, -1, -4, 0, 3, -4, -2, -4]",332,7,4.0,best_second,w58a3a3f,8.096817470572319,6.705639094860003,8.318742252692399,5,5,0,1,1,1,
141,"[[], [5], [], [0, 4], [], [], [], [3, 0], [], [10, 1], [2, 6]]","[-4, 4, 2, -1, 3, -1, -2, 0, -2, None, -3]",376,6,,best_alone,w58a3a3f,7.4133673356952405,7.952966790923131,8.412054873292933,3,3,0,1,1,1,4.0
145,"[[], [8, 3], [4, 9], [5], [9, 0], [], [], [], [10, 6], [], []]","[-3, None, -2, 2, 4, 1, -4, 0, -3, -2, -2]",324,9,,best_alone,w58a3a3f,7.764296006450518,6.907755278982137,8.117908942383155,3,3,0,1,1,1,2.0
148,"[[8, 4], [10, 9], [], [], [], [], [3], [0, 6], [], [], [9, 2]]","[2, 4, 4, -4, 0, -3, -4, None, 2, 2, 4]",302,7,2.0,best_second,w58a3a3f,7.914252278742441,7.044032897274685,8.263848131368906,4,4,0,1,1,1,
149,"[[], [4], [], [], [], [3, 7], [5, 3], [], [9, 1], [0, 2], []]","[4, -4, 3, 1, 2, 2, -3, 0, None, -3, 4]",350,2,6.0,best_second,w58a3a3f,7.841492924460013,6.725033642166843,8.124446855715847,1,1,0,1,1,1,
150,"[[5, 8], [], [], [], [], [2, 1], [3, 4], [], [7], [6, 3], []]","[None, 2, -2, 4, 2, -3, 1, 3, 4, 2, 0]",240,10,,best_alone,w58a3a3f,7.557994958530806,6.238324625039508,7.794411205726601,7,7,0,1,1,1,4.0
151,"[[], [], [10, 7], [], [5, 3], [3, 1], [2, 8], [], [0], [], []]","[-2, 0, 1, 3, -4, 1, None, -2, -1, -4, 3]",202,6,3.0,best_second,w58a3a3f,8.108623268354595,5.978885764901121,8.220672170297252,4,4,0,1,1,1,
152,"[[7, 10], [], [5, 8], [], [2, 9], [], [0, 7], [], [], [1], []]","[-2, 4, -3, 2, None, 0, 4, 4, -2, 2, -4]",326,10,,best_alone,w58a3a3f,8.534443544822764,6.297109319933935,8.635687085464028,6,6,0,1,1,1,2.0
153,"[[], [0], [3, 8], [8, 7], [], [], [10, 5], [], [], [6, 1], []]","[4, 2, 0, -3, -1, -3, -2, 1, -4, None, 1]",84,9,,best_alone,w58a3a3f,7.422971251049421,6.018593214496234,7.642044402873258,6,6,0,1,1,1,4.0
156,"[[3], [10, 2], [], [], [5, 6], [6, 7], [], [], [], [1, 0], []]","[4, -4, -4, 2, 0, 4, -2, 3, 3, None, 4]",234,10,,best_alone,w58a3a3f,7.952966790923131,6.175867270105761,8.10892415597534,6,6,0,1,1,1,8.0
161,"[[2], [6, 8], [], [], [1, 6], [7, 0], [], [10, 9], [], [], []]","[1, 3, 1, 2, 1, None, -1, -3, 2, 2, -2]",192,5,,best_alone,w58a3a3f,7.442492722794441,6.99942246750796,7.938088726896953,2,2,0,1,1,1,4.0
162,"[[6, 2], [5], [], [7, 4], [], [], [], [], [], [0, 1], [3, 7]]","[-3, 2, -3, 2, 2, 2, -1, 2, 0, None, -3]",340,9,,best_alone,w58a3a3f,7.458762692380959,6.708084083853069,7.8450244172414845,4,4,0,1,1,1,2.0
164,"[[8, 2], [], [9], [], [], [7, 6], [], [6, 3], [4, 1], [], []]","[None, 4, -3, 4, -2, 3, 1, 2, -1, -4, 1]",146,8,5.0,best_second,w58a3a3f,8.503297086224126,6.809039306042979,8.671800909642677,3,3,0,1,1,1,
166,"[[], [6, 9], [5], [], [1, 2], [], [], [10, 8], [], [], [8, 3]]","[3, -4, 0, 3, None, 4, -4, 4, -2, 4, 4]",212,8,,best_alone,w58a3a3f,8.019941687677363,5.940171252720432,8.13739583005665,4,4,0,1,1,1,8.0
168,"[[], [5, 10], [], [6, 7], [3, 6], [8, 9], [], [], [], [], [2]]","[-2, None, -4, 1, -4, 3, -2, -1, -2, -1, 3]",66,2,4.0,best_second,w58a3a3f,8.683046555502886,6.492239835020471,8.788898309344876,2,2,0,1,1,1,
170,"[[], [2], [], [], [], [], [9, 3], [8, 1], [10, 4], [3, 0], []]","[-2, 0, 0, 3, -4, -1, -2, None, 2, 4, -1]",354,2,,best_min,w58a3a3f,8.307459327011944,6.025865973825315,8.404472321352118,1,0,1,0,0,1,3.0
172,"[[], [5, 6], [], [10, 8], [], [2, 9], [0], [], [], [], [8, 4]]","[1, None, 3, 3, -1, -2, 4, -1, 4, -3, 1]",282,7,,best_alone,w58a3a3f,7.683403681053826,5.805134968916488,7.8252452914317745,5,5,0,1,1,1,6.0
173,"[[], [], [6, 1], [], [7, 8], [], [1, 0], [10, 9], [5], [], []]","[-1, 2, 4, 4, None, 4, 0, -4, 2, 2, -4]",194,11,,best_alone,w58a3a3f,8.000014093678072,5.641907070938113,8.090095783180958,6,6,0,1,1,1,6.0
174,"[[1], [], [5, 0], [], [], [4, 10], [7, 8], [8, 3], [], [], []]","[3, -3, None, 1, -3, 1, -4, -4, 1, -3, 1]",46,3,0.0,best_min,w58a3a3f,8.330381569349417,6.380122536899766,8.463159302923751,2,-2,4,0,1,1,
175,"[[], [], [6, 1], [9, 8], [], [], [1, 4], [5], [], [], [3, 7]]","[-3, 3, -4, 0, 2, 1, 4, -1, 4, -4, None]",150,6,4.0,best_min,w58a3a3f,8.070906088787819,6.609349243167381,8.279189777195002,4,4,0,1,1,1,
177,"[[], [], [], [7, 9], [8, 6], [3, 7], [2], [], [1, 0], [], []]","[-4, -2, 4, 1, None, 2, 1, -4, -2, 4, 2]",28,10,,best_alone,w58a3a3f,8.439880088313567,6.061456918928017,8.528330935826693,5,5,0,1,1,1,2.0
178,"[[5, 4], [], [6, 3], [7], [], [], [8, 1], [], [], [0, 5], []]","[-3, 2, None, -4, 4, 4, 3, 1, -4, 4, 3]",58,7,1.0,best_second,w58a3a3f,8.418697944667139,6.590301048196686,8.567506005289827,5,5,0,1,1,1,
180,"[[], [8, 10], [], [4, 9], [9, 0], [], [], [], [7, 2], [], [6]]","[0, None, 4, 3, -3, 2, 0, -4, 3, -1, 3]",102,6,1.0,best_min,w58a3a3f,7.7284157798410416,6.630683385642372,8.015987811027237,7,7,0,1,1,1,
181,"[[], [], [], [], [7, 8], [], [], [1, 2], [3], [5, 0], [9, 5]]","[3, -3, -1, 1, None, -1, 1, -2, 2, 2, 4]",292,7,,best_alone,w58a3a3f,7.8387375595992825,6.297109319933935,8.0323601479245,3,3,0,1,1,1,2.0
182,"[[], [], [6], [10, 2], [], [4, 7], [], [], [], [5, 4], [1, 0]]","[2, 1, -3, None, -1, -1, 1, -4, 4, -2, -1]",214,2,3.0,best_second,w58a3a3f,8.390041405755754,6.63200177739563,8.548885638148727,1,1,0,1,1,1,
183,"[[8, 2], [7], [], [], [5, 3], [], [0, 8], [], [], [], [4, 1]]","[-1, 2, 4, 4, 2, 1, 1, -3, -4, -1, None]",110,5,2.0,best_second,w58a3a3f,8.14583961293684,6.606650186198216,8.339978571990427,6,6,0,1,1,1,
185,"[[], [], [3, 1], [], [6, 9], [], [0, 8], [], [], [5], [2, 3]]","[-4, -4, -4, -4, None, 4, 0, -1, -2, 4, -3]",86,11,,best_alone,w58a3a3f,7.693481640835175,6.236369590203704,7.902487437162855,8,8,0,1,1,1,2.0
186,"[[], [], [6, 5], [], [], [3], [9, 4], [8, 0], [], [], [7, 8]]","[3, 3, None, 3, -1, 1, -4, 4, 3, -3, -1]",108,10,,best_alone,w58a3a3f,8.126518168780708,6.2324480165505225,8.266421472984554,4,4,0,1,1,1,2.0
188,"[[], [8, 6], [9, 10], [], [2, 9], [], [3], [], [7, 5], [], []]","[0, None, 3, -2, -1, -4, -1, 4, -3, -3, 4]",396,6,1.0,best_min,w58a3a3f,8.368693183097793,7.3537223303996315,8.677780256064187,1,1,0,1,1,1,
189,"[[1, 6], [], [], [], [], [2, 10], [], [3], [0, 7], [5, 2], []]","[1, 2, -2, -2, -3, -1, -3, -4, None, -2, -1]",186,7,4.0,best_second,w58a3a3f,8.17131687471973,6.2285110035911835,8.304989580140361,3,3,0,1,1,1,
191,"[[1, 8], [3, 4], [9, 6], [], [], [], [], [], [5], [6, 7], []]","[None, 1, -3, -2, 4, 1, -4, -3, 2, 4, -1]",364,4,3.0,best_min,w58a3a3f,8.137688184977604,6.587550014824797,8.329899292995725,5,5,0,1,1,1,
193,"[[8, 9], [], [10, 3], [1], [], [], [], [], [9, 4], [], [6, 7]]","[-4, 0, None, -4, -4, 3, -2, 3, 3, -2, 4]",168,8,1.0,best_second,w58a3a3f,8.446126742982377,6.732210706467206,8.611593866837723,7,7,0,1,1,1,
194,"[[], [], [9, 0], [], [6, 5], [], [5, 3], [], [1], [], [2, 8]]","[0, -3, -1, -2, 1, -3, -1, -1, -4, 3, None]",198,6,1.0,best_second,w58a3a3f,8.19891444498699,6.606650186198216,8.383890344101816,2,2,0,1,1,1,
195,"[[8, 3], [9, 7], [], [], [1, 5], [6], [], [], [], [], [0, 8]]","[3, -3, 1, -2, None, 4, 3, -1, 0, 1, 0]",358,10,,best_alone,w58a3a3f,7.933438387627489,5.894402834264851,8.055475141757276,7,7,0,1,1,1,2.0
197,"[[], [], [], [0, 8], [], [3, 0], [1], [], [], [10, 6], [2, 4]]","[3, -4, -1, 3, 3, -4, -1, -3, 3, None, 4]",42,8,1.0,best_second,w58a3a3f,7.914617709040678,7.1891677384203225,8.309184527686297,7,3,4,0,1,1,
198,"[[], [4, 8], [3, 10], [10, 5], [6, 7], [], [], [], [9], [], []]","[4, None, 3, 1, -2, 2, -4, -2, 0, -3, -3]",244,2,,best_alone,w58a3a3f,8.567125560164447,6.46302945692067,8.682029433869173,-3,-3,0,1,1,1,2.0
199,"[[], [], [], [8, 5], [], [4], [], [2, 0], [10, 6], [7, 2], []]","[3, 1, 0, None, -3, 0, 4, -1, 3, -1, -4]",8,9,1.0,best_second,w58a3a3f,8.00836557031292,6.5652649700353605,8.220133957151859,7,7,0,1,1,1,
200,"[[], [], [], [], [], [4], [1, 0], [], [2, 3], [8, 5], [6, 1]]","[-2, 0, -3, 0, -4, -3, -4, 3, 4, None, -2]",132,7,4.0,best_second,w58a3a3f,8.083328608786374,6.674561391814426,8.301769763117166,4,4,0,1,1,1,
203,"[[], [], [4], [6, 1], [], [3, 6], [], [], [9, 2], [7, 10], []]","[2, -1, 3, 1, 1, -3, 2, 1, None, 1, -3]",278,4,,best_alone,w58a3a3f,8.611047766887863,6.71174039505618,8.750366278367625,4,4,0,1,1,1,4.0
205,"[[9, 4], [6, 10], [1, 6], [5], [], [], [], [], [0, 3], [], []]","[3, -1, -3, 3, 4, 0, 0, 1, None, -4, 0]",272,6,1.0,best_min,w58a3a3f,7.633369649679584,7.102499355774649,8.095598701378188,7,7,0,1,1,1,
206,"[[], [], [], [], [8, 9], [7, 3], [], [3, 2], [0, 6], [1], []]","[3, 4, 4, -1, None, 1, -3, 2, -3, 4, 0]",352,11,,best_alone,w58a3a3f,7.506591780070841,5.978885764901121,7.7025561132685825,8,8,0,1,1,1,6.0
207,"[[10, 1], [], [], [], [], [6, 8], [7, 4], [], [3], [], [1, 2]]","[4, 2, 3, -3, -4, None, 0, -1, -3, 0, -3]",166,4,4.0,best_second,w58a3a3f,7.982416346827733,6.626717749249025,8.211482916445066,-1,-1,0,1,1,1,
209,"[[], [], [3, 9], [], [2, 3], [], [1, 5], [6, 10], [], [], [0]]","[-4, 3, -3, 3, 0, -4, 4, None, -1, -2, 2]",104,8,8.0,best_second,w58a3a3f,7.895063498091572,7.119635638017636,8.27359179819963,7,7,0,1,1,1,
211,"[[10], [3, 2], [], [], [6, 7], [4, 0], [], [], [1, 3], [], []]","[4, 3, 1, -1, -2, None, -1, -3, 3, 0, 3]",296,11,,best_alone,w58a3a3f,7.6708948313621175,5.983936280687191,7.840312983320165,7,7,0,1,1,1,2.0
213,"[[], [9, 6], [], [], [10, 5], [], [8], [], [], [3, 2], [5, 7]]","[2, None, 0, 2, 4, -3, 3, 3, 4, -1, 1]",254,7,,best_alone,w58a3a3f,7.534762657037537,5.940171252720432,7.719129840906732,7,7,0,1,1,1,2.0
217,"[[8, 9], [], [6], [7, 1], [0, 2], [], [], [1, 5], [], [], []]","[-3, 2, 4, -2, None, 4, 1, 3, 0, 4, 0]",120,6,,best_alone,w58a3a3f,7.780720886117918,6.786716950605081,8.095293776844647,5,5,0,1,1,1,4.0
218,"[[], [], [6, 1], [], [2, 6], [10, 9], [], [], [], [8], [3, 7]]","[-4, -2, -4, 4, 4, None, -2, -4, -3, -3, 0]",210,9,4.0,best_second,w58a3a3f,7.3632795869630385,6.858565034791365,7.8351837552667485,4,4,0,1,1,1,
219,"[[], [8, 2], [], [], [6], [9, 3], [], [1, 4], [], [], [5, 9]]","[2, 2, 4, -4, 0, 2, -4, None, -4, 0, 0]",122,9,2.0,best_second,w58a3a3f,7.933079771880415,7.00669522683704,8.266421472984554,6,6,0,1,1,1,
222,"[[4], [], [10, 0], [1, 9], [], [], [3, 1], [], [], [], [8, 7]]","[3, 3, None, 0, -1, 0, 2, 0, 2, 3, -1]",320,2,,best_alone,w58a3a3f,7.826044013518966,6.82219739062049,8.137980454452139,2,2,0,1,1,1,2.0
223,"[[], [3, 7], [9, 5], [], [], [], [], [], [1, 10], [5, 0], [6]]","[-1, -4, 0, -4, -3, 1, 3, 4, None, -4, 3]",148,10,,best_alone,w73a27fb,8.704999678440762,8.445697189711167,9.276783328524896,6,6,0,1,1,1,8.0
227,"[[], [3], [8, 1], [], [], [], [7, 0], [], [9, 5], [], [6, 7]]","[1, 2, None, 4, -2, -2, 3, -4, -3, 0, 1]",268,10,,best_alone,w73a27fb,9.082961442646353,7.516433302915632,9.27246974344173,6,6,0,1,1,1,2.0
229,"[[5, 10], [8], [], [6, 4], [], [], [4, 2], [0, 1], [], [], []]","[4, -3, 2, 2, -2, -2, 2, None, -3, -2, 1]",352,7,3.0,best_second,w73a27fb,7.424761761823209,8.570165076182343,8.846209127360996,5,5,0,1,1,1,
230,"[[2, 7], [6], [], [], [10, 1], [], [], [], [0, 2], [], [5, 9]]","[1, 1, -3, 1, None, -2, -4, 4, 0, 0, 3]",216,4,3.0,best_second,w73a27fb,8.386400901166214,8.447628728030327,9.110520036693972,3,1,2,0,1,1,
232,"[[], [], [], [], [], [10, 7], [1, 8], [2], [], [6, 1], [4, 3]]","[4, -2, 4, -4, 4, None, -1, 3, 3, 4, -4]",108,11,,best_alone,w73a27fb,8.591001118560957,7.722234744709607,8.941152882160566,7,7,0,1,1,1,8.0
241,"[[], [4, 9], [1, 4], [], [], [6, 7], [3, 10], [8], [], [], []]","[4, -2, 3, -2, -1, None, 4, -4, 0, 2, 2]",226,7,2.0,best_second,w73a27fb,7.952263308657046,8.385032287813898,8.884887201837403,6,6,0,1,1,1,
242,"[[7, 5], [], [], [6, 9], [], [10], [], [1, 2], [3, 6], [], []]","[None, 1, 4, 4, -1, 2, 0, 2, -4, 1, -3]",142,5,2.0,best_second,w73a27fb,9.141311785565746,8.3670677328386,9.520395295279688,6,6,0,1,1,1,
244,"[[], [], [], [8, 0], [7, 2], [3, 9], [], [], [], [6], [4, 7]]","[-4, -4, -3, 1, 0, None, -4, -3, 3, -3, 4]",192,9,5.0,best_second,w73a27fb,8.963160242833732,8.166216268592143,9.335121088873487,4,4,0,1,1,1,
245,"[[7, 5], [4, 10], [], [], [10, 6], [2], [], [3, 9], [], [], []]","[None, -2, 4, -2, -1, 4, 0, -1, -2, 2, 1]",6,9,,best_alone,w73a27fb,8.162801353492075,7.616283561580385,8.619388703730907,8,8,0,1,1,1,4.0
249,"[[8, 1], [], [4], [], [], [], [9, 5], [0, 8], [], [], [6, 2]]","[-2, 1, -1, 3, 3, -2, -2, -4, 0, -4, None]",388,7,,best_alone,w73a27fb,8.28349412616251,7.970394907191429,8.832149906002899,2,2,0,1,1,1,2.0
251,"[[6, 2], [], [8], [], [5, 10], [10, 9], [3, 1], [], [], [], []]","[None, -4, 0, 4, 4, -1, 2, 1, -4, 2, -3]",398,9,6.0,best_second,w73a27fb,7.618251097876696,6.92461239604856,8.02322468471667,6,6,0,1,1,1,
252,"[[], [6, 8], [], [], [5, 10], [9, 0], [8, 7], [], [], [], [2]]","[-1, 2, 0, 4, None, -2, -4, 3, 3, 1, 3]",200,5,,best_alone,w73a27fb,8.256347772918016,8.688453800850768,9.188605879830178,3,3,0,1,1,1,2.0
253,"[[6, 5], [10], [], [8, 4], [], [], [], [0, 1], [], [3, 8], []]","[0, -4, -4, -1, 2, 4, -4, None, 3, 1, -4]",180,10,,best_second,w73a27fb,8.39072252736229,8.580731212220226,9.183277452426495,4,-8,12,0,0,1,8.0
254,"[[], [], [], [10, 7], [], [3, 10], [8, 9], [], [2, 1], [4], []]","[0, -2, 1, 1, -2, 4, None, 2, 1, 3, 2]",122,2,,best_min,w73a27fb,8.786609455061125,8.247482004285693,9.245997049184218,2,1,1,0,0,1,3.0
259,"[[], [], [7, 3], [4], [], [], [], [10, 1], [6, 0], [8, 6], []]","[-1, -3, None, -1, -2, 2, -2, 4, 1, 4, 4]",246,9,7.0,best_second,w73a27fb,8.27410200229233,7.503840746698951,8.65434302956347,8,8,0,1,1,1,
260,"[[1, 5], [], [], [9, 7], [0, 8], [], [3, 9], [], [2], [], []]","[-1, -1, 1, 2, None, 1, -2, 3, 3, -2, -2]",74,5,,best_alone,w73a27fb,8.138272638530184,8.534836626588833,9.049114723476961,4,4,0,1,1,1,2.0
261,"[[3, 2], [], [], [], [], [4], [10, 7], [], [0, 5], [], [7, 9]]","[-3, 4, -4, 0, -1, 4, 4, 0, None, -2, 1]",228,8,,best_alone,w73a27fb,8.058327306580958,8.263848131368906,8.859363449152088,3,3,0,1,1,1,4.0
264,"[[], [], [10, 9], [2, 10], [8], [], [7, 4], [1, 5], [], [], []]","[-2, 4, 0, 3, 3, -4, None, -2, 2, -3, 0]",144,7,,best_alone,w73a27fb,8.143226750367443,6.665683717782408,8.348537825386098,5,5,0,1,1,1,8.0
265,"[[], [], [9, 4], [], [0], [1, 10], [5, 1], [], [], [3, 7], []]","[-1, 1, None, 4, -3, -1, 0, -3, 2, 3, 2]",274,9,6.0,best_second,w73a27fb,7.847762537473608,6.396929655216146,8.058010800802085,7,7,0,1,1,1,
266,"[[], [5, 10], [9, 0], [], [], [4, 8], [], [], [], [0, 3], [6]]","[-3, None, 4, 2, -2, 3, 2, 4, 4, 3, -3]",312,7,1.0,best_second,w73a27fb,8.164510268747042,7.8628820346414905,8.718009330846357,7,7,0,1,1,1,
267,"[[], [], [3, 10], [6, 8], [7, 1], [4, 7], [], [], [], [], [9]]","[0, -4, None, 0, -4, -3, 0, 2, -2, 4, 0]",82,5,,best_alone,w73a27fb,8.35772841676521,7.098375638590787,8.607399459302387,4,4,0,1,1,1,2.0
269,"[[], [], [], [], [9, 0], [10, 7], [], [1], [], [0, 3], [6, 8]]","[-1, 4, 0, 1, 4, None, 4, 3, -2, -3, 0]",316,6,,best_alone,w73a27fb,8.048149101665203,7.526717561352706,8.51398806046729,7,7,0,1,1,1,6.0
273,"[[2, 7], [8, 4], [], [0, 2], [], [], [], [], [], [1, 10], [6]]","[2, -3, 2, -1, -4, 0, 4, 1, -2, None, 1]",282,11,,best_alone,w73a27fb,8.66957087183712,6.98933526597456,8.840290669088972,5,5,0,1,1,1,2.0
274,"[[4], [], [8, 9], [1, 10], [], [3, 0], [], [], [9, 6], [], []]","[2, -4, 4, -4, 3, None, -1, 2, 3, 2, 0]",166,11,,best_alone,w73a27fb,8.506536611227709,6.709304340258298,8.659733878198349,5,5,0,1,1,1,4.0
276,"[[], [], [], [], [2, 8], [3, 1], [], [4, 2], [], [5, 10], [6]]","[1, -2, 0, 0, 3, -4, 3, -3, 4, None, -4]",162,4,,best_alone,w73a27fb,8.955319081763951,7.244227515603351,9.121290555142672,-1,-1,0,1,1,1,2.0
282,"[[], [0, 6], [9, 4], [], [], [1, 8], [], [2, 9], [3], [], []]","[3, 3, 0, -2, -4, None, -4, -3, -3, -3, -2]",18,9,7.0,best_second,w73a27fb,7.600902459542082,6.542471960506805,7.898411092811599,6,6,0,1,1,1,
283,"[[], [3, 10], [], [6, 9], [2, 8], [4, 2], [], [], [], [], [7]]","[4, None, 2, 3, 3, -3, -3, -2, 4, 0, 4]",264,2,,best_min,w73a27fb,9.200492035921368,7.746300662231439,9.41033811378308,3,2,1,0,0,1,3.0
286,"[[7], [9, 0], [], [], [], [], [10, 2], [], [], [8, 3], [2, 5]]","[-3, None, 0, 1, -4, 0, 1, 0, -4, 3, 3]",68,6,2.0,best_second,w73a27fb,8.620110725422924,7.995980474763759,9.04899722156742,4,4,0,1,1,1,
287,"[[9, 6], [], [], [4, 10], [10, 7], [], [5], [], [], [8, 1], []]","[None, -3, 2, -3, 4, 4, 2, -2, 1, -3, -4]",374,10,,best_alone,w73a27fb,8.340694647925071,6.99942246750796,8.572817095164234,6,6,0,1,1,1,4.0
292,"[[], [], [], [5, 8], [1], [], [], [10, 6], [], [3, 4], [6, 0]]","[3, -3, -4, -2, 3, 1, -1, -3, -3, None, 1]",222,3,,best_alone,w73a27fb,8.261268150577648,8.051022208190679,8.854664928370534,0,0,0,1,1,1,4.0
293,"[[2, 6], [3, 9], [8, 10], [9, 4], [], [], [5], [], [], [], []]","[None, 1, 3, 4, -1, 4, -3, 2, 0, 1, 3]",62,4,,best_second,w73a27fb,8.938006576471201,7.367077059881012,9.126741348099868,6,1,5,0,0,1,3.0
297,"[[], [9, 10], [7, 3], [5], [1, 9], [], [], [8, 6], [], [], []]","[0, 0, None, -1, -1, 0, -3, -1, -1, 3, 0]",328,2,2.0,best_alone,w73a27fb,8.952217101765946,8.291797105048733,9.368625350941896,-1,-4,3,0,0,1,
298,"[[], [8, 9], [0, 10], [], [2, 0], [], [], [], [7, 5], [3], []]","[-1, None, 2, -3, -2, -4, 3, 4, 2, -3, 2]",130,10,6.0,best_second,w73a27fb,8.924789360533357,8.339978571990427,9.367600498174767,6,6,0,1,1,1,
299,"[[], [8, 3], [], [10], [6, 7], [], [], [], [5, 2], [4, 6], []]","[2, None, 3, 0, 1, 0, 1, 4, 2, -2, -4]",182,6,1.0,best_second,w73a27fb,9.148039345778804,7.639161171659173,9.347751727799144,5,2,3,0,1,1,
300,"[[], [2, 9], [10, 3], [], [], [], [8, 4], [], [4, 0], [5], []]","[3, None, -3, 4, -2, 1, -1, -3, 1, 4, 0]",366,6,7.0,best_alone,w73a27fb,8.991064332188461,7.8551570058813445,9.269457976459272,5,1,4,0,0,1,
305,"[[], [], [0], [4, 7], [], [1, 9], [3, 2], [], [5, 1], [], []]","[4, 0, 3, 0, 4, -2, None, -2, 1, -4, -3]",350,6,,best_alone,w73a27fb,8.062117582754738,6.481577129276431,8.24905227417129,7,7,0,1,1,1,6.0
307,"[[2, 4], [], [4, 1], [], [], [], [], [5, 6], [3], [], [7, 8]]","[3, 1, -4, -2, -4, 3, 4, 0, 1, -2, None]",54,3,,best_second,w73a27fb,8.453187861440325,8.60758219114392,9.226410552153677,4,-1,5,0,0,1,1.0
308,"[[5, 10], [], [6, 1], [], [], [8, 3], [1, 9], [], [], [], [7]]","[None, 2, 1, -3, -4, 3, -4, -4, 4, -2, 2]",90,8,6.0,best_second,w73a27fb,7.372118028337787,6.921658184151129,7.86480400332846,7,7,0,1,1,1,
309,"[[9], [6, 8], [], [5, 0], [], [7, 2], [8, 4], [], [], [], []]","[-4, -2, 4, None, 3, -4, -4, 3, -2, 1, 2]",334,2,8.0,best_second,w73a27fb,8.70334075304372,8.303999970955195,9.216521231051264,0,0,0,1,1,1,
311,"[[1, 9], [], [8], [], [7, 3], [], [4, 2], [], [], [], [0, 1]]","[-1, 1, -2, 4, 1, 4, None, -3, -2, 4, 0]",126,8,3.0,best_second,w73a27fb,9.122164681072457,7.3727463664043285,9.282381924841152,5,-2,7,0,1,1,
314,"[[], [], [4], [0, 7], [], [6, 1], [], [], [], [5, 6], [3, 2]]","[0, -4, -2, 4, -4, 1, -3, 3, -2, 1, None]",100,8,1.0,best_second,w73a27fb,7.8367647832640674,7.709308333385868,8.468002947225466,7,7,0,1,1,1,
318,"[[], [], [6, 9], [], [], [], [3, 1], [8, 0], [0, 5], [4], []]","[1, 4, None, 1, -1, 3, 2, 3, 3, 2, 4]",32,4,,best_second,w73a27fb,8.93642970360832,8.323851131338817,9.369393301830783,6,1,5,0,0,1,3.0
319,"[[1, 8], [], [0, 9], [], [], [6, 7], [7, 10], [], [], [3], []]","[-3, -3, None, 4, -4, 0, -4, 3, 3, 3, -1]",168,10,,best_alone,w73a27fb,8.265392930852224,6.9874902470009905,8.51097389160232,7,7,0,1,1,1,6.0
320,"[[], [], [0, 4], [1], [], [], [], [6, 5], [2, 3], [7, 6], []]","[-4, -2, 4, -4, 4, 2, -4, 4, None, -4, 1]",250,11,0.0,best_second,w73a27fb,7.954021087278037,8.07153089355666,8.707482917859368,8,8,0,1,1,1,
321,"[[10], [7, 0], [], [6, 9], [], [], [9, 4], [8, 2], [], [], []]","[1, None, -1, 2, 2, 1, 4, 1, 3, -1, 4]",330,3,,best_alone,w73a27fb,8.90354343566472,7.189922170745808,9.069122370060645,5,5,0,1,1,1,4.0
327,"[[], [], [], [5, 6], [], [4, 1], [2], [10, 0], [], [], [0, 9]]","[2, 3, 1, None, 4, -1, -3, 3, 3, 2, -3]",80,3,,best_second,w73a27fb,8.437933510430605,8.205491613120236,9.021477467138805,3,-2,5,0,0,1,1.0
328,"[[2, 4], [], [4, 1], [], [], [], [7, 3], [], [6, 10], [], [9]]","[-4, 1, 1, 1, -1, -2, -4, -1, None, -2, 1]",298,3,5.0,best_alone,w73a27fb,8.218247926685745,8.480529207044647,9.05099287874205,-1,-3,2,0,0,1,
329,"[[], [9, 0], [], [], [], [3, 4], [], [5, 10], [1, 9], [], [2]]","[0, -4, 1, 4, -4, -1, 1, None, -3, 1, 4]",48,6,,best_alone,w73a27fb,7.775695749915245,7.88532923927319,8.524962928680598,5,5,0,1,1,1,8.0
330,"[[7, 4], [6, 8], [], [], [], [0, 7], [3, 10], [], [2], [], []]","[-3, None, 2, -4, -3, 0, 4, 0, 4, 2, -2]",172,5,,best_alone,w73a27fb,8.168486417126681,8.267448958304849,8.912203841620542,6,6,0,1,1,1,2.0
332,"[[7, 8], [], [], [], [], [3], [1, 4], [], [], [0, 7], [6, 5]]","[3, 4, 3, -1, -2, 2, -4, 4, -3, 0, None]",190,4,,best_alone,w73a27fb,8.036249942132116,7.272398392570047,8.41847721847708,1,1,0,1,1,1,6.0
334,"[[], [0, 8], [1, 0], [], [], [], [4, 9], [6, 10], [], [], [5]]","[-3, 3, 2, 3, -1, -1, 0, None, 0, 2, 2]",256,2,,best_min,w73a27fb,8.835646922534771,8.041734711487539,9.208538750029554,2,1,1,0,0,1,3.0
337,"[[], [10, 3], [], [2], [5, 0], [], [], [], [4, 5], [], [6, 7]]","[-2, None, -4, -4, -3, -3, 4, -4, 0, -3, 2]",78,11,6.0,best_second,w73a27fb,7.844240718141812,6.782192056006791,8.140898460607852,6,6,0,1,1,1,
341,"[[], [], [5], [10, 6], [9, 1], [], [], [4, 2], [], [], [6, 8]]","[-1, -2, -4, 2, 3, -1, 4, None, 2, -4, -2]",368,4,5.0,best_second,w73a27fb,7.566311014772463,8.331104548053037,8.713088868237309,1,-1,2,0,1,1,
342,"[[9, 10], [], [0, 6], [4, 5], [5, 1], [], [7], [], [], [], []]","[-3, 2, None, -2, -1, -1, 4, 3, 1, 2, -4]",278,11,1.0,best_alone,w73a27fb,7.686621334944619,8.301521654940728,8.733594061863055,7,-1,8,0,0,1,
343,"[[], [9, 6], [7, 10], [], [], [], [], [8, 0], [], [6, 3], [5]]","[3, -4, None, -2, -1, -2, -1, 4, -4, 3, -4]",290,10,1.0,best_second,w73a27fb,8.770594329891143,8.051022208190679,9.167224080902555,7,7,0,1,1,1,
344,"[[1, 10], [3, 6], [], [], [], [8, 2], [], [], [2, 7], [], [9]]","[None, 2, -1, 3, -1, -3, -2, -2, 2, 0, -2]",378,6,4.0,best_second,w73a27fb,8.627481545310362,7.254177846456518,8.853093836138493,5,5,0,1,1,1,
349,"[[4, 5], [0, 6], [9, 3], [], [], [], [10], [], [], [3, 8], []]","[-4, None, -1, 3, 0, -2, 2, -4, -4, 4, -2]",34,5,,best_alone,w73a27fb,8.131530710604252,7.853604813097837,8.695171998776056,0,0,0,1,1,1,2.0
350,"[[], [8, 10], [6, 9], [], [], [], [0, 3], [], [10, 7], [4], []]","[-1, -1, None, 2, -3, 4, 2, -1, -3, 0, 2]",266,5,0.0,best_second,w73a27fb,8.91811465947453,7.54274354536855,9.143345503151904,4,4,0,1,1,1,
352,"[[10, 1], [], [7, 3], [], [], [0, 10], [], [], [2, 9], [6], []]","[-2, -4, 2, -4, 3, 2, 0, -2, None, 2, 2]",336,3,,best_alone,w73a27fb,8.440744019252831,7.824445930877619,8.87234697898303,2,2,0,1,1,1,2.0
354,"[[], [], [], [], [], [4], [], [8, 0], [0, 1], [3, 2], [9, 5]]","[4, -3, -2, 4, -3, 4, 2, 0, -1, 1, None]",318,5,,best_min,w73a27fb,8.213652703029998,8.068716192714781,8.836809882398363,5,1,4,0,0,1,6.0
355,"[[], [], [6], [4, 0], [], [1, 10], [], [3, 4], [], [5, 2], []]","[-4, 0, 0, 0, 4, -1, 1, 4, -1, None, -2]",376,3,,best_alone,w73a27fb,8.471149252914831,8.2960476427647,9.080459451121662,1,1,0,1,1,1,2.0
356,"[[], [], [], [10], [7, 3], [9, 8], [], [1, 6], [], [8, 2], []]","[3, -4, -4, 3, None, 3, 2, -3, 2, -3, 4]",230,11,,best_alone,w73a27fb,7.841492924460013,6.956545443151569,8.186742787113518,7,7,0,1,1,1,6.0
357,"[[], [0, 6], [], [], [1, 5], [7], [], [], [], [10, 8], [8, 3]]","[4, 2, -4, 1, None, -4, -1, 1, 4, -3, -1]",174,7,3.0,best_second,w73a27fb,8.55468163582723,6.210600077024654,8.646113971483077,6,6,0,1,1,1,
360,"[[], [], [7, 5], [1, 0], [], [10], [], [4, 8], [], [3, 1], []]","[0, -3, None, -2, -2, 1, -3, -4, 0, -2, 4]",176,10,4.0,best_alone,w73a27fb,8.664232934065552,8.310169021981912,9.1958356857733,5,-4,9,0,0,1,
362,"[[1], [], [10, 0], [], [5, 3], [], [], [], [4, 5], [], [7, 9]]","[4, 3, None, 3, -4, -4, 0, 4, 2, -4, -3]",354,10,,best_alone,w73a27fb,8.022240916806537,6.794586580876499,8.278936002291978,7,7,0,1,1,1,8.0
364,"[[], [3, 2], [6], [0, 10], [], [], [], [8, 9], [9, 4], [], []]","[2, None, 2, -2, -3, 0, 4, -3, -2, -3, -2]",308,8,0.0,best_alone,w73a27fb,8.319961021886527,8.181440695719372,8.946114375560743,6,0,6,0,0,1,
365,"[[], [10, 2], [9], [], [], [7, 4], [], [4, 0], [], [], [8, 3]]","[1, None, 0, -2, 2, 4, 1, -1, -1, -4, 4]",240,4,6.0,best_second,w73a27fb,7.596392304064196,8.186185994226083,8.627123250788435,3,2,1,0,1,1,
366,"[[3, 8], [4, 9], [], [8, 5], [], [], [1, 10], [], [], [], [7]]","[4, -3, -4, -2, -3, 2, None, 4, 1, 3, 4]",202,11,,best_alone,w73a27fb,8.036249942132116,7.478169694159785,8.488587934405903,8,8,0,1,1,1,6.0
367,"[[7, 9], [], [], [4, 5], [5, 2], [], [], [], [1], [], [0, 8]]","[2, 0, -1, -4, 0, -3, -2, -2, 2, -4, None]",324,3,6.0,best_alone,w73a27fb,8.50086053679534,8.04237800517328,8.99069070991623,2,0,2,0,0,1,
377,"[[2, 8], [], [], [1], [5, 9], [9, 6], [], [0, 3], [], [], []]","[0, 1, 1, -3, 2, -1, -2, None, -4, 3, 4]",118,4,,best_min,w73a27fb,8.569595870209286,8.625509334899697,9.290998274993637,1,-2,3,0,0,1,5.0
378,"[[], [], [8, 6], [5, 10], [], [1, 7], [], [], [], [2, 8], [0]]","[2, -1, 0, None, 1, 1, 2, -3, 4, 1, 4]",104,7,,best_alone,w73a27fb,7.80016307039296,7.232733136177615,8.24905227417129,6,6,0,1,1,1,2.0
380,"[[4, 2], [], [6], [], [3, 10], [7, 9], [], [9, 1], [], [], []]","[None, 2, -3, -1, 2, -4, -4, 3, -4, 0, 0]",360,5,2.0,best_second,w73a27fb,8.131824785007195,8.435549202375727,8.988196320995057,2,2,0,1,1,1,
383,"[[4], [10, 0], [6, 3], [], [], [2, 6], [], [], [], [], [8, 9]]","[1, None, -2, 1, 2, 2, 3, -4, 0, 2, -2]",14,4,4.0,best_alone,w73a27fb,8.675051276031818,7.870165946469845,9.044521887281242,3,0,3,0,0,1,
385,"[[], [], [7], [], [1, 3], [], [8, 0], [], [], [4, 1], [6, 2]]","[-1, 4, 3, -2, -4, 2, -2, 3, -3, 0, None]",98,10,,best_alone,w73a27fb,7.940583827104244,7.652070746116482,8.49964003216865,6,6,0,1,1,1,2.0
389,"[[], [8, 5], [], [4, 2], [], [9], [], [], [6, 0], [], [3, 4]]","[-2, None, 1, 2, 4, -3, 4, -3, 1, -4, -3]",28,9,3.0,best_second,w73a27fb,8.449128460502108,6.650279048587422,8.6020856584342,5,5,0,1,1,1,
392,"[[1, 10], [5, 8], [], [], [3, 9], [], [], [4, 3], [], [], [6]]","[None, 4, 0, 1, 2, 4, -3, -1, -3, 1, -4]",158,11,7.0,best_second,w73a27fb,8.239065331769268,7.130898830296347,8.524168805152662,8,8,0,1,1,1,
393,"[[], [9, 4], [7, 6], [1, 10], [], [2, 7], [], [], [], [], [0]]","[-3, 3, 3, None, -4, -3, 4, 2, -4, 4, -2]",372,10,7.0,best_second,w73a27fb,7.368339686311381,7.645875825184814,8.209580483475577,7,7,0,1,1,1,
395,"[[9, 10], [0, 9], [7], [], [6, 2], [], [5, 3], [], [], [], []]","[-4, 3, -4, 4, None, -4, -3, -1, 1, -2, 4]",292,7,7.0,best_min,w73a27fb,8.948066103458935,7.954723334497909,9.26302769425519,1,1,0,1,1,1,
398,"[[], [], [0, 9], [], [2, 0], [6, 7], [3, 8], [10], [], [], []]","[1, 1, 4, -4, -4, None, 2, -4, 4, 1, 0]",390,9,2.0,best_second,w73a27fb,8.664750755773852,7.741099090035365,8.999001866111735,6,6,0,1,1,1,
405,"[[], [2], [], [], [3, 5], [], [], [10, 0], [4, 3], [7, 1], []]","[1, 2, 1, 1, 3, 2, 1, -3, 1, None, -3]",262,7,,best_alone,w73a27fb,8.779557455883728,7.7142311448490855,9.075551045627543,3,3,0,1,1,1,4.0
408,"[[5], [], [9, 6], [2, 9], [], [], [], [], [1, 4], [], [8, 0]]","[4, -4, -2, -3, 4, 4, 2, -3, -3, 1, None]",154,11,,best_alone,w73a27fb,8.064321960910803,6.9782137426306985,8.35490952835879,8,8,0,1,1,1,8.0
410,"[[], [7, 10], [], [], [5, 8], [6, 0], [], [10, 9], [3], [], []]","[3, 4, -3, 4, None, 3, 0, 3, -3, -3, -2]",52,4,0.0,best_second,w73a27fb,8.503094267036737,7.526717561352706,8.822616945344175,6,6,0,1,1,1,
411,"[[], [], [4, 0], [], [], [], [5, 1], [], [7], [2, 8], [6, 5]]","[0, -1, 0, 1, -4, -3, 0, 3, 2, None, -2]",232,7,,best_alone,w73a27fb,7.729735331385051,7.013915474810528,8.12740456269308,5,5,0,1,1,1,4.0
414,"[[], [], [8], [4, 6], [], [9, 2], [], [3, 4], [], [1, 0], []]","[4, 0, -2, 2, 0, None, 4, 0, -3, 3, 4]",244,8,1.0,best_second,w73a27fb,7.2520539518528135,7.949091499830517,8.353025845202325,7,7,0,1,1,1,
419,"[[], [], [4, 1], [0, 6], [1, 7], [10], [], [], [], [3, 5], []]","[4, -4, 2, 4, 4, -1, -3, -4, 0, None, -2]",252,9,7.0,best_second,w73a27fb,7.570443252057373,7.491645473605133,8.224699561967235,8,8,0,1,1,1,
421,"[[], [], [10, 7], [], [3, 1], [9], [2, 10], [], [4, 5], [], []]","[4, 4, 4, -2, 4, -4, 2, 2, None, -4, 1]",302,11,0.0,best_second,w73a27fb,7.463363045520021,7.592870287844818,8.223090551161533,8,8,0,1,1,1,
424,"[[], [7], [], [], [8, 6], [2, 0], [], [], [6, 9], [], [5, 1]]","[-2, 2, -4, 4, 2, 2, 3, 2, -4, 1, None]",188,5,,best_alone,w73a27fb,8.50045386741194,6.576469569048224,8.636574948436317,4,4,0,1,1,1,2.0
427,"[[6, 5], [], [], [], [], [], [5, 9], [2], [3, 4], [], [8, 7]]","[3, -4, 0, 4, -4, -4, 2, -2, 4, -4, None]",370,9,8.0,best_second,w73a27fb,7.520234556474628,7.257002707092073,8.090095783180958,8,8,0,1,1,1,
429,"[[], [], [9], [5, 0], [], [0, 4], [7, 2], [1, 10], [], [], []]","[-2, -1, 4, -2, -1, 1, None, -4, 4, -1, 1]",258,7,,best_alone,w73a27fb,7.8582541821860294,7.9714309977693505,8.60940767540405,3,3,0,1,1,1,2.0
430,"[[9, 8], [], [10, 4], [], [], [], [], [2, 10], [6], [1, 3], []]","[None, 2, -1, -3, 0, -1, -2, 4, -4, 1, -1]",92,7,4.0,best_second,w73a27fb,8.73536440110389,7.510977752014095,8.992930352509733,3,3,0,1,1,1,
431,"[[], [], [], [], [], [7, 6], [3], [4, 0], [], [10, 1], [1, 8]]","[-4, 3, 0, 3, -2, None, 1, -4, 3, 3, -4]",164,11,,best_alone,w73a27fb,8.763740720509462,7.001245622069476,8.921991410536698,4,4,0,1,1,1,2.0
432,"[[3], [], [7, 1], [], [], [8, 4], [], [], [4, 6], [], [2, 0]]","[4, -3, -2, 4, 1, 4, -4, 3, 1, 4, None]",236,10,,best_alone,w73a27fb,7.734558844354756,7.1276936993473985,8.169336395928386,8,8,0,1,1,1,6.0
433,"[[], [], [], [0, 1], [10, 9], [], [3, 0], [], [], [5], [7, 2]]","[3, 3, -1, -2, None, 2, 3, 4, 1, -1, 0]",10,4,1.0,best_min,w73a27fb,8.648572269472618,6.633318433280377,8.773539383558164,4,4,0,1,1,1,
435,"[[], [], [], [6, 4], [7], [10, 1], [8, 9], [], [], [], [1, 2]]","[0, 1, 3, None, 4, -2, 0, 0, 1, -1, 1]",248,4,,best_alone,w73a27fb,7.8504931808711405,7.9017475185201445,8.569406062863171,4,4,0,1,1,1,2.0
437,"[[], [2, 7], [8, 3], [], [], [], [9, 0], [10], [], [0, 5], []]","[4, None, -4, 1, -4, 1, -4, 4, 3, -1, 1]",84,7,,best_alone,w73a27fb,8.372629740224884,7.806289289267034,8.822027322685583,5,5,0,1,1,1,2.0
438,"[[], [7, 5], [6, 8], [], [], [], [0, 10], [5, 9], [3], [], []]","[4, 2, None, 3, -1, -4, -4, 2, 2, -2, -4]",136,9,,best_alone,w73a27fb,8.664060267225791,7.088408778675395,8.851949671253948,5,5,0,1,1,1,8.0
440,"[[10, 8], [], [], [1, 2], [], [], [4], [3, 6], [], [], [8, 9]]","[2, -4, 4, 2, -4, -3, 0, None, 1, 0, -2]",224,9,2.0,best_second,w73a27fb,8.663369301573839,7.841885928984624,9.027738775974909,6,6,0,1,1,1,
442,"[[], [], [], [], [], [3, 4], [], [8, 10], [2, 0], [5, 3], [1]]","[-2, 0, -4, -3, 0, -3, -2, None, 2, -2, 2]",94,3,4.0,best_alone,w73a27fb,8.727454116899434,8.0149968943483,9.126415137038421,2,0,2,0,0,1,
445,"[[3, 8], [], [], [1, 6], [2, 9], [], [], [], [7], [], [4, 2]]","[None, 4, 0, 1, -1, -4, -3, -4, -4, 4, 1]",76,10,4.0,best_second,w73a27fb,8.606302366488014,7.373374309910049,8.861917004235215,5,5,0,1,1,1,
447,"[[6, 7], [], [5, 3], [], [9], [], [7, 1], [], [], [], [2, 4]]","[-2, -3, 1, -4, -3, 4, -2, -1, 2, -4, None]",106,10,5.0,best_second,w73a27fb,9.993693820422276,6.884486652042782,10.03731890016965,5,5,0,1,1,1,
448,"[[6, 3], [], [9, 5], [], [0, 10], [], [], [], [], [5, 8], [7]]","[4, -4, 3, -2, None, -1, 4, 1, -4, 3, -3]",296,8,6.0,best_second,w73a27fb,7.174724309836376,6.64639051484773,7.637716432664798,8,8,0,1,1,1,
450,"[[], [], [10, 5], [], [], [6], [], [9, 3], [], [3, 0], [8, 1]]","[-3, -2, None, -1, 3, -1, -1, -2, -3, -4, 3]",396,2,5.0,best_second,w73a27fb,7.724004656676065,8.00836557031292,8.569216219483389,1,1,0,1,1,1,
452,"[[], [6, 8], [], [], [10, 5], [], [2, 3], [], [0], [4, 10], []]","[2, None, 2, 0, -1, -1, -4, 0, 4, 3, -2]",40,9,,best_alone,w73a27fb,9.522227133124781,7.659642954564682,9.666498594399865,6,6,0,1,1,1,2.0
454,"[[3, 7], [], [9, 10], [8, 1], [], [], [2, 9], [5], [], [], []]","[None, 4, 3, -2, 4, 2, -3, 4, -4, 2, 3]",120,8,,best_alone,w73a27fb,7.869019376499023,7.605392364814934,8.438799123988225,6,6,0,1,1,1,8.0
456,"[[], [], [3, 8], [], [2, 6], [9, 7], [1], [], [], [], [5, 9]]","[3, 3, 2, 4, None, 2, 2, 2, 1, -4, 0]",242,2,1.0,best_min,w73a27fb,8.655214489313613,7.437206366871293,8.9142228207033,6,6,0,1,1,1,
457,"[[], [], [10, 0], [8, 9], [], [], [], [], [6, 5], [4], [0, 1]]","[4, 3, -3, None, -4, 1, -3, 2, 3, -4, 4]",42,8,2.0,best_second,w73a27fb,7.215975002651466,7.938088726896953,8.333751006953579,4,4,0,1,1,1,
458,"[[], [4, 6], [1, 4], [10, 5], [], [7], [], [], [], [], [0, 9]]","[3, 3, 3, None, 0, -2, -3, -3, 1, -4, 1]",300,8,5.0,best_second,w73a27fb,8.690474003558045,7.64826303090192,8.992433087457218,4,4,0,1,1,1,
460,"[[], [2, 4], [], [], [], [10, 7], [5, 10], [], [0], [1, 8], []]","[3, -3, -4, 2, -2, 2, 3, 1, 2, None, -2]",286,11,,best_alone,w73a27fb,7.940583827104244,6.865891074883438,8.234034207692043,5,5,0,1,1,1,2.0
461,"[[9], [3, 0], [], [5, 2], [7, 6], [], [], [6, 8], [], [], []]","[-1, None, 1, 1, 2, -2, -1, -1, -3, 2, -1]",186,2,0.0,best_min,w73a27fb,7.913886714856082,7.609862200913555,8.466320861042481,2,2,0,1,1,1,
462,"[[10, 6], [], [], [], [], [3, 1], [4], [], [], [5, 3], [2, 7]]","[None, 2, 3, 3, 1, -4, 4, -3, -3, -2, -2]",112,7,,best_alone,w73a27fb,7.5740450053721995,7.8119734296220225,8.392989587956931,5,5,0,1,1,1,6.0
463,"[[], [], [], [10, 0], [1], [], [], [], [9, 4], [2, 6], [0, 5]]","[0, -1, -2, 4, 3, 2, 2, -4, None, -3, -3]",138,5,,best_alone,w73a27fb,7.901007051992421,7.682021510826875,8.490438454107418,2,2,0,1,1,1,4.0
465,"[[3, 6], [5], [10, 4], [], [], [], [], [0, 1], [], [], [4, 8]]","[-4, 3, 0, -2, 2, -1, -4, None, 0, 4, -1]",340,9,,best_alone,w73a27fb,8.226305988015508,7.955074273262697,8.792853288640693,2,2,0,1,1,1,2.0
466,"[[], [3, 0], [5], [], [1, 3], [], [8, 2], [], [10, 9], [], []]","[-2, -2, -2, -4, -4, 2, None, 2, 4, 3, -2]",36,6,1.0,best_second,w73a27fb,7.465655310134057,7.682021510826875,8.272570608424903,7,7,0,1,1,1,
468,"[[7, 5], [], [], [], [1, 2], [9], [4, 1], [10, 8], [], [], []]","[None, 2, 3, 1, -4, -3, 2, 3, 0, -2, 4]",218,8,3.0,best_second,w73a27fb,7.065613363597717,6.643789733147672,7.569411792450711,7,7,0,1,1,1,
470,"[[], [], [6, 8], [], [1], [7, 4], [8, 9], [0, 3], [], [], []]","[-2, -2, 2, 4, -4, None, 2, 0, -1, 3, 1]",270,8,4.0,best_second,w73a27fb,8.08301991917133,7.827240901752812,8.656259239539235,4,4,0,1,1,1,
472,"[[4, 1], [], [], [], [], [0, 8], [], [], [6], [3, 2], [9, 3]]","[-3, -4, 0, 1, -2, None, 3, -3, -1, -3, 4]",116,8,,best_alone,w73a27fb,8.621012520055235,7.282761179605593,8.853808274977197,2,2,0,1,1,1,2.0
474,"[[], [], [0, 6], [], [2, 0], [], [], [10, 8], [9], [], [3, 1]]","[-2, 3, -3, -4, 3, 0, 1, None, -2, 0, -4]",8,4,,best_min,w73a27fb,8.62604759632832,7.59337419312129,8.930494185292178,-1,-2,1,0,0,1,7.0
476,"[[5, 7], [], [], [], [], [], [2, 3], [], [0, 10], [6, 2], [1]]","[0, 2, 1, 2, -2, 1, -4, -3, None, 4, 4]",380,7,,best_alone,w73a27fb,7.905810312658932,7.459914766241105,8.400434630806041,6,6,0,1,1,1,4.0
477,"[[9, 3], [], [], [2], [], [10, 6], [], [5, 10], [], [1, 4], []]","[None, 1, 2, -3, -3, -3, -2, 1, 0, 4, 4]",90,5,7.0,best_second,wb87d6ac,8.531096096585228,8.708804795117285,9.316950107034442,5,5,0,1,1,1,
478,"[[], [], [4, 6], [2, 4], [], [7], [], [], [], [0, 8], [9, 5]]","[0, -1, 0, 3, -3, 0, 4, -1, -2, -4, None]",60,4,,best_alone,wb87d6ac,8.351846738828245,9.007612005404566,9.425613028909824,-1,-1,0,1,1,1,2.0
482,"[[], [], [], [0, 8], [3, 10], [1, 6], [], [], [], [5, 1], [2]]","[1, -1, 2, -4, None, 1, -4, -1, -1, -4, 0]",276,6,,best_alone,wb87d6ac,8.060224240440958,8.173293438966228,8.811354229965728,2,2,0,1,1,1,2.0
483,"[[], [], [], [10, 1], [0], [9, 4], [3, 10], [], [], [8, 7], []]","[1, 3, 4, 0, 4, None, 1, -3, 3, -2, -1]",330,7,,best_alone,wb87d6ac,7.914983005848394,7.384610383176974,8.377471248241099,5,5,0,1,1,1,6.0
486,"[[], [6, 10], [], [7, 8], [], [], [9, 5], [8, 0], [], [], [4]]","[4, None, -4, -3, 0, 1, 1, 4, -4, 4, 0]",224,4,0.0,best_second,wb87d6ac,8.385032287813898,7.819636302367591,8.83477381421388,5,5,0,1,1,1,
491,"[[], [], [], [4, 10], [0, 6], [2, 8], [], [5, 2], [], [], [1]]","[4, -3, 3, None, 0, -2, -3, 3, -2, 1, -4]",34,9,,best_second,wb87d6ac,8.049746290952193,8.579604451537636,9.042394981126735,4,-7,11,0,0,1,7.0
492,"[[3, 1], [6], [], [8, 9], [7, 2], [4, 7], [], [], [], [], []]","[None, -4, 4, 1, -4, -2, -4, -4, -3, 0, 3]",124,6,1.0,best_second,wb87d6ac,7.916078096302786,8.368461137615837,8.860641041773876,1,1,0,1,1,1,
497,"[[], [4, 8], [], [], [9, 0], [2, 3], [], [], [6], [], [5, 2]]","[-3, None, 1, -2, 4, -1, 1, -3, -4, 3, 1]",230,8,7.0,best_second,wb87d6ac,8.341410211461865,8.287528423111763,9.007856923358275,7,7,0,1,1,1,
498,"[[], [], [], [], [6, 5], [0], [9, 3], [8, 2], [2, 10], [], []]","[4, 2, 1, 2, None, 4, -3, 3, 4, 0, -3]",86,10,,best_alone,wb87d6ac,8.494947582468917,6.583409222158765,8.632662441222353,8,8,0,1,1,1,2.0
500,"[[], [4, 5], [7], [], [], [], [3, 10], [], [6, 2], [1, 4], []]","[0, -2, -1, 2, 1, 0, -3, 2, None, -3, -4]",296,5,,best_alone,wb87d6ac,8.93642970360832,8.162516250140179,9.315600882633676,1,1,0,1,1,1,6.0
501,"[[], [5, 0], [9, 4], [], [], [], [7], [], [], [4, 8], [1, 6]]","[-1, 3, 3, 3, 3, -3, 3, 3, -4, -4, None]",226,5,,best_alone,wb87d6ac,8.400884069015854,7.963807953231451,8.899048433885268,6,6,0,1,1,1,2.0
507,"[[5, 10], [], [7, 9], [2, 8], [], [10, 1], [], [], [4], [], []]","[-2, 4, 4, None, -2, 1, 4, 3, -3, 1, -1]",148,7,3.0,best_second,wb87d6ac,7.999007213243954,7.432483807917119,8.448271745949816,7,7,0,1,1,1,
509,"[[4], [9, 3], [], [], [], [10, 2], [5, 0], [], [], [3, 8], []]","[4, 0, -1, 0, -2, 1, None, 2, 0, -1, -3]",128,3,,best_alone,wb87d6ac,7.57147364885127,8.384118837190895,8.751157981362029,2,2,0,1,1,1,2.0
510,"[[], [], [], [], [7, 3], [], [2], [3, 0], [10, 6], [], [9, 5]]","[2, 0, 2, 2, 3, 1, 2, 3, None, -3, -4]",78,9,,best_alone,wb87d6ac,7.468513271496337,7.673223121121708,8.268988209506658,4,4,0,1,1,1,4.0
515,"[[3], [], [], [], [9, 7], [4, 9], [2, 1], [], [6, 0], [], []]","[-3, 1, -4, 0, -1, 0, 3, -2, None, 0, 4]",338,6,2.0,best_second,wb87d6ac,8.504310565585225,7.00669522683704,8.705993714307901,4,4,0,1,1,1,
517,"[[2, 1], [], [], [0, 2], [], [], [], [8, 9], [5, 6], [10], []]","[2, 3, -4, 2, -4, -2, -4, None, -1, 1, 4]",182,9,,best_alone,wb87d6ac,7.9247959139564355,6.934397209928558,8.240385115516334,5,5,0,1,1,1,2.0
519,"[[7, 4], [], [0, 10], [5, 9], [], [9, 8], [], [], [], [], [1]]","[4, -1, None, 3, -1, 4, 4, 3, 2, 0, -2]",30,7,5.0,best_second,wb87d6ac,7.671826797878781,7.085901464365611,8.114025442356757,7,7,0,1,1,1,
523,"[[9, 10], [2], [], [], [0, 1], [], [8, 5], [6, 8], [], [], []]","[-2, 3, 1, -3, None, -4, 1, -3, -4, -4, -2]",400,9,,best_alone,wb87d6ac,8.491054533806544,7.666690200080086,8.854522203757432,4,4,0,1,1,1,2.0
529,"[[5], [], [10, 0], [], [9, 8], [], [], [4, 9], [], [], [1, 3]]","[3, -1, None, 1, 3, 2, 4, -3, 1, -1, 2]",152,3,,best_alone,wb87d6ac,8.209308411646937,7.738923757439457,8.694502206386648,5,5,0,1,1,1,2.0
533,"[[], [], [0, 10], [1], [2, 0], [], [], [5, 6], [], [7, 3], []]","[0, -4, 0, -2, -1, -3, 4, -1, 4, None, 0]",96,8,5.0,best_second,wb87d6ac,8.420021279663963,7.135687347028144,8.664232934065552,3,3,0,1,1,1,
535,"[[], [6, 5], [3, 10], [10, 0], [1, 7], [], [], [8], [], [], []]","[-1, -2, 3, -2, None, -3, 4, -2, 3, 4, 3]",42,4,1.0,best_min,wb87d6ac,8.494947582468917,7.362645270417825,8.774158291205957,2,2,0,1,1,1,
536,"[[], [3, 9], [8, 7], [], [2, 5], [6], [], [], [], [], [1, 3]]","[-2, 1, 3, -2, None, 0, -2, -3, 1, 1, 1]",178,5,6.0,best_second,wb87d6ac,8.12355783506165,7.2513449833722134,8.47261414801827,4,4,0,1,1,1,
537,"[[], [], [7, 8], [9, 5], [], [0], [], [8, 6], [], [10, 1], []]","[0, -3, -4, None, 3, 3, 4, 4, -1, -2, 1]",122,6,,best_alone,wb87d6ac,8.165647925297504,5.986452005284438,8.272570608424903,3,3,0,1,1,1,4.0
539,"[[10, 8], [3, 2], [7], [4, 5], [], [], [], [], [], [], [8, 6]]","[2, None, -4, 4, 3, -4, -3, -4, -2, 4, -1]",102,11,8.0,best_second,wb87d6ac,7.628031126930335,6.6720329454610665,7.952966790923131,7,7,0,1,1,1,
540,"[[], [], [], [4, 2], [], [10, 8], [], [3, 4], [9], [], [1, 0]]","[4, 2, -2, 2, -4, None, 1, 2, 4, 3, -4]",228,8,,best_alone,wb87d6ac,7.606387389772652,6.3578422665081,7.8582541821860294,7,7,0,1,1,1,2.0
541,"[[4], [8, 6], [1, 0], [10, 9], [], [3, 10], [], [], [], [], []]","[-4, 4, None, 1, -3, -3, 4, 3, -3, 4, -3]",252,11,0.0,best_second,wb87d6ac,8.014004994779457,7.208600337960199,8.38320455141292,8,8,0,1,1,1,
543,"[[8, 3], [0, 10], [], [], [], [], [2, 4], [6, 2], [], [], [5]]","[-4, None, 0, 0, 0, 2, -3, -4, 2, -3, 4]",382,9,,best_alone,wb87d6ac,7.831617276352611,7.5740450053721995,8.4040244933106,6,6,0,1,1,1,2.0
545,"[[3, 9], [4, 8], [1, 4], [], [], [], [], [5], [], [], [0, 7]]","[1, 1, -2, -2, 0, 0, -1, 3, 0, 3, None]",32,3,2.0,best_min,wb87d6ac,9.390993871669439,7.796057974316123,9.575677688993567,4,4,0,1,1,1,
548,"[[], [], [3], [], [1, 6], [10, 2], [], [], [], [4, 1], [0, 8]]","[0, -3, 2, 4, -4, None, 1, 0, 4, 0, -4]",398,8,,best_alone,wb87d6ac,8.889446165318288,7.297768282531379,9.074635189810808,6,6,0,1,1,1,4.0
552,"[[2], [8, 4], [], [7, 10], [], [1, 0], [], [10, 9], [], [], []]","[2, -2, 1, -4, -4, None, 3, -2, -2, 2, 2]",68,8,,best_alone,wb87d6ac,8.58653266949485,6.406879986069314,8.69349667588463,3,3,0,1,1,1,2.0
553,"[[5, 10], [0, 5], [6, 8], [], [], [], [9, 7], [], [3], [], []]","[4, -2, None, 3, -3, 0, -3, -3, 4, 1, 3]",200,11,,best_alone,wb87d6ac,7.925157512224704,6.583409222158765,8.15708378502887,7,7,0,1,1,1,4.0
555,"[[], [0], [7, 5], [6, 1], [2, 7], [], [8, 9], [], [], [], []]","[4, 3, 1, None, 2, 4, -1, -1, 2, 0, 2]",278,7,,best_alone,wb87d6ac,7.891704659330107,6.452048954437227,8.104099056143582,7,7,0,1,1,1,2.0
559,"[[3, 6], [], [], [2, 9], [], [], [10], [4, 5], [7, 4], [], []]","[None, 2, -2, -2, 0, 3, 1, -2, -3, 2, 4]",290,7,,best_alone,wb87d6ac,7.891704659330107,6.643789733147672,8.143807976771484,5,5,0,1,1,1,4.0
562,"[[9, 8], [5], [], [], [], [], [], [4, 2], [], [8, 3], [7, 1]]","[-3, 2, 4, 0, -2, 1, -3, 1, 3, -4, None]",314,4,,best_min,wb87d6ac,7.756195343948118,7.508238774678663,8.332789468417957,5,3,2,0,0,1,6.0
565,"[[9, 3], [], [5, 10], [], [], [4, 1], [], [], [], [3, 8], [6]]","[-1, 4, None, 4, -4, 2, -2, -2, 1, -3, -2]",198,9,2.0,best_second,wb87d6ac,8.09712193091871,7.085064293952548,8.4069317971587,6,6,0,1,1,1,
569,"[[], [], [], [1], [9, 0], [], [7, 8], [], [], [0, 2], [6, 3]]","[0, 2, -1, 2, 2, -3, 2, -4, 3, 3, None]",164,4,1.0,best_min,wb87d6ac,9.061956366209925,6.981934677156389,9.179571838304547,5,5,0,1,1,1,
571,"[[6, 1], [5], [4, 9], [2, 4], [], [], [10, 7], [], [], [], []]","[None, -1, -3, 3, 4, -3, -2, -4, -1, 2, 2]",88,5,2.0,best_min,wb87d6ac,9.21642184229205,7.469083884921234,9.376955898948522,0,0,0,1,1,1,
572,"[[], [6], [10, 3], [], [], [2, 10], [], [8, 4], [], [7, 1], []]","[-2, -2, 3, 0, 4, -1, -4, 3, -3, None, 4]",8,10,1.0,best_second,wb87d6ac,8.16735198705607,7.30854279753919,8.520388082312756,7,7,0,1,1,1,
573,"[[], [], [], [7, 4], [], [9], [10, 5], [4, 8], [], [], [2, 0]]","[0, -4, -2, 4, 1, 2, None, 0, -2, -1, -1]",244,3,,best_alone,wb87d6ac,7.795234929002173,7.646353722445999,8.416488487294606,1,1,0,1,1,1,2.0
574,"[[], [7, 10], [1, 7], [5, 6], [], [4, 9], [0], [], [], [], []]","[-4, -3, 2, None, -1, 3, 1, 2, -4, -4, 2]",98,4,7.0,best_second,wb87d6ac,8.110727582974489,7.21081845347222,8.451694209183541,2,2,0,1,1,1,
577,"[[], [], [1, 8], [4, 10], [6, 0], [], [], [], [], [2, 1], [7]]","[4, 4, 4, None, 0, -4, 3, -3, -2, 4, 2]",210,3,4.0,best_second,wb87d6ac,9.01602720232985,7.122059881629142,9.156095357123787,4,4,0,1,1,1,
579,"[[], [8], [], [], [9, 10], [6, 2], [], [5, 1], [], [10, 0], []]","[-2, 2, 1, -3, -1, -3, -3, None, 4, -1, 4]",172,10,,best_alone,wb87d6ac,8.450839690866216,6.3561076606958915,8.566744970245486,6,6,0,1,1,1,4.0
580,"[[2, 9], [0, 2], [], [], [], [6, 7], [4, 10], [3], [], [], []]","[-2, -1, 0, 4, -3, None, -4, -3, 4, 4, -1]",84,7,,best_alone,wb87d6ac,8.644706511715196,6.376726947898627,8.743053050224676,1,1,0,1,1,1,2.0
585,"[[3], [5, 7], [], [], [9, 2], [7, 10], [4, 0], [], [], [], []]","[-4, 0, -2, 3, -4, -4, None, 3, 0, 0, 1]",14,4,2.0,best_alone,wb87d6ac,7.288244401020124,8.708474489581663,8.924789360533357,-1,-4,3,0,0,1,
586,"[[], [], [5, 7], [8, 1], [], [], [], [], [1, 6], [2, 10], [0]]","[-2, -1, -3, -4, 2, -2, 4, 0, -1, None, 2]",104,4,,best_alone,wb87d6ac,8.912742634737025,6.934397209928558,9.042158378735948,0,0,0,1,1,1,2.0
588,"[[3, 5], [], [6, 8], [5, 1], [], [], [10, 9], [], [4], [], []]","[1, -1, None, -3, 2, -4, 2, -4, -4, 4, 2]",52,5,2.0,best_second,wb87d6ac,8.066207568006263,6.840546529288687,8.32336569443608,6,6,0,1,1,1,
589,"[[], [8, 9], [], [], [10, 6], [1, 8], [7], [], [], [], [3, 2]]","[1, -1, 3, -4, None, -2, -2, 1, 3, 1, 1]",364,6,2.0,best_min,wb87d6ac,7.823245690685523,7.562161631225652,8.394121193826242,4,4,0,1,1,1,
592,"[[2, 10], [], [], [8, 9], [], [0, 7], [], [6], [9, 1], [], []]","[4, -1, 4, 3, 4, None, -3, -2, 2, 0, -1]",388,9,5.0,best_second,wb87d6ac,8.018954683155718,6.502790045915623,8.21716859576607,8,8,0,1,1,1,
593,"[[], [], [], [], [3], [], [10, 1], [6, 4], [9, 5], [5, 2], []]","[-1, 2, -4, 1, 0, -4, -2, None, -1, -1, 0]",294,2,,best_alone,wb87d6ac,8.518592212329944,7.496097345175956,8.825706773447951,1,1,0,1,1,1,2.0
594,"[[5, 7], [4, 8], [], [], [3, 10], [], [0, 5], [], [9], [], []]","[-4, None, 0, 1, 1, 1, -3, -3, 4, -1, -3]",38,3,,best_alone,wb87d6ac,8.625868208041894,7.3901814282264295,8.880863609867356,3,3,0,1,1,1,4.0
595,"[[1, 8], [], [], [], [10, 9], [0, 1], [], [], [], [3], [2, 6]]","[1, -2, -2, 1, None, -1, -4, -2, 1, 2, -3]",154,9,,best_alone,wb87d6ac,8.280964400553371,6.818924065275521,8.48920515487607,3,3,0,1,1,1,2.0
598,"[[], [9], [], [], [], [8, 2], [7, 1], [0, 4], [], [], [5, 8]]","[-4, -4, -1, 4, 4, -3, None, -3, 4, -1, 3]",206,7,7.0,best_min,wb87d6ac,8.826441041782578,6.773080375655535,8.947025655972695,1,1,0,1,1,1,
600,"[[], [], [0, 10], [2, 5], [], [4], [8, 9], [], [9, 1], [], []]","[1, 4, 4, None, -4, 1, 0, 2, 4, -1, -1]",144,5,5.0,best_second,wb87d6ac,7.404887575616125,8.560444233410552,8.834045641167798,5,5,0,1,1,1,
601,"[[1, 9], [], [10, 3], [8], [], [], [], [0, 1], [], [], [4, 6]]","[1, -1, None, -2, 2, 1, -2, -1, 3, 1, -2]",212,3,,best_alone,wb87d6ac,8.600430789986293,7.266128779556451,8.834045641167798,1,1,0,1,1,1,4.0
602,"[[5, 7], [], [9, 10], [2, 9], [], [4, 6], [], [1], [], [], []]","[None, 0, -2, 3, 4, 4, -4, -4, 1, -1, 4]",302,10,8.0,best_second,wb87d6ac,7.645875825184814,7.192182058713245,8.13739583005665,8,8,0,1,1,1,
605,"[[], [], [], [10], [2, 1], [], [7, 0], [0, 5], [], [4, 3], []]","[-1, 3, -3, 1, 3, 4, -4, 1, -2, None, 3]",354,4,0.0,best_min,wb87d6ac,7.613818684808629,7.104144092987528,8.08394570229562,6,6,0,1,1,1,
609,"[[10, 5], [], [0, 10], [7], [], [], [8, 3], [], [4, 1], [], []]","[2, -3, -4, 4, -1, -1, None, 3, 3, -3, 4]",92,6,,best_alone,wb87d6ac,8.170751423757533,6.519147287940395,8.345930261979015,7,7,0,1,1,1,2.0
610,"[[], [], [], [9], [2, 8], [1, 0], [4, 3], [], [], [], [5, 1]]","[-4, 1, -4, -4, 2, 1, None, -3, 4, 0, 1]",44,9,2.0,best_second,wb87d6ac,8.518791912779934,7.149131598557407,8.745125259462244,6,6,0,1,1,1,
614,"[[5, 4], [], [0, 5], [], [], [], [7, 1], [], [3], [6, 8], []]","[-2, 0, -4, 4, -1, 2, -2, -2, 0, None, -1]",312,7,,best_alone,wb87d6ac,7.754481547470384,6.272877006546167,7.958926493050111,4,4,0,1,1,1,2.0
616,"[[], [0, 5], [], [], [10, 8], [], [1, 0], [], [7], [], [2, 9]]","[2, -2, 3, 2, None, -2, 2, 3, 4, -3, -4]",320,11,,best_alone,wb87d6ac,7.896924656268864,6.536691597591305,8.125039097367745,7,7,0,1,1,1,6.0
618,"[[], [], [0, 10], [1], [], [], [8, 5], [6, 8], [], [2, 3], []]","[2, 2, 4, 0, -2, -1, 4, 3, 0, None, -4]",222,5,8.0,best_min,wb87d6ac,7.938802248154481,6.569481420414296,8.165079258805068,6,6,0,1,1,1,
619,"[[9, 5], [0, 4], [], [], [3], [], [2, 7], [], [], [], [6, 2]]","[4, None, 1, -3, -4, -3, -2, -2, -2, 4, 4]",36,11,7.0,best_second,wb87d6ac,8.012349639327793,6.376726947898627,8.190077049719049,8,8,0,1,1,1,
620,"[[2, 5], [], [1, 3], [], [6, 9], [8], [], [4, 6], [], [], []]","[None, -2, 1, 1, 0, 0, -1, -2, 1, 3, 0]",134,2,0.0,best_min,wb87d6ac,8.61558951327243,7.118826249062077,8.81744592104187,2,2,0,1,1,1,
621,"[[], [], [9, 10], [5, 4], [], [4, 0], [7], [], [2, 6], [], []]","[-2, 0, -2, 4, -3, -1, 2, 2, None, -4, 0]",392,8,,best_alone,wb87d6ac,8.163656176168432,6.501289670540388,8.337109129562474,4,4,0,1,1,1,4.0
622,"[[9], [2, 4], [4, 5], [], [], [], [], [10, 0], [], [], [3, 6]]","[-4, 0, 1, 4, 3, 0, -4, None, 4, -3, -1]",162,9,3.0,best_second,wb87d6ac,7.833203948641058,7.647308832356238,8.43750042250699,3,3,0,1,1,1,
626,"[[], [], [], [], [8], [], [10, 4], [0, 1], [], [7, 0], [2, 3]]","[-2, 1, -4, 0, -1, 0, None, -1, 4, -1, -4]",242,9,,best_alone,wb87d6ac,7.823645930834953,6.395261598115449,8.038189179973203,3,3,0,1,1,1,4.0
627,"[[], [], [], [2], [], [8, 1], [], [5, 8], [], [10, 3], [4, 6]]","[3, -4, 2, 2, -1, 3, -3, 4, -4, None, 4]",258,2,,best_alone,wb87d6ac,9.036106025364846,6.6080006252960874,9.12052506765382,4,4,0,1,1,1,2.0
629,"[[10, 5], [], [], [6, 9], [3, 6], [], [], [1], [0, 7], [], []]","[-2, 3, 4, 4, -3, 3, -4, -1, None, -4, -1]",118,3,,best_alone,wb87d6ac,8.68710472813351,6.478509642208569,8.791181936736015,2,2,0,1,1,1,4.0
630,"[[7, 9], [], [6, 4], [], [], [], [4, 1], [10, 3], [], [5], []]","[None, 1, 2, 1, -1, 0, -4, 1, -2, 4, -3]",260,4,,best_alone,wb87d6ac,7.828834527588089,7.80057265467065,8.507748732588238,4,4,0,1,1,1,4.0
631,"[[7, 3], [], [], [6], [1, 8], [4, 1], [], [2, 10], [], [], []]","[None, -4, -1, 2, 0, -1, -1, 0, 3, -2, 2]",372,2,2.0,best_min,wb87d6ac,8.869679374733515,7.249925536717988,9.050171619823361,2,2,0,1,1,1,
632,"[[], [], [], [5, 1], [], [], [7, 10], [9, 2], [3, 5], [], [4]]","[4, -1, -3, -1, 3, 3, None, 3, 3, -1, 4]",190,6,,best_alone,wb87d6ac,7.631431664576906,6.955592608396297,8.04237800517328,7,7,0,1,1,1,2.0
635,"[[], [0], [], [], [6, 7], [], [7, 2], [], [10, 1], [], [5, 3]]","[1, 0, -3, -2, 2, 0, -2, -1, None, 4, -2]",308,4,,best_alone,wb87d6ac,8.1892445257359,7.544861068658458,8.611047766887863,1,1,0,1,1,1,2.0
638,"[[], [0, 4], [3, 5], [6, 7], [], [8], [], [], [], [1, 0], []]","[1, 4, None, -1, 4, -3, -2, 4, -4, -4, -1]",94,8,5.0,best_second,wb87d6ac,9.10286651367095,7.00669522683704,9.21870528830781,3,3,0,1,1,1,
641,"[[], [6], [], [], [8, 0], [9, 3], [], [], [], [3, 7], [4, 1]]","[1, 3, -3, -4, 2, -1, 2, -1, -1, 3, None]",336,3,,best_alone,wb87d6ac,7.797291273547473,7.105786129481272,8.20303024171486,5,5,0,1,1,1,2.0
643,"[[9, 1], [], [0, 9], [7], [], [10, 3], [], [], [], [], [4, 8]]","[0, -4, -1, 4, 4, None, -3, 3, 0, -2, -4]",156,9,,best_alone,wb87d6ac,7.791935956938058,6.5998704992128365,8.056743774975315,7,7,0,1,1,1,4.0
644,"[[], [], [], [], [], [10, 8], [9, 2], [], [1], [2, 4], [0, 7]]","[-4, 0, -4, 1, 3, None, -2, -2, 1, 2, -2]",208,6,,best_alone,wb87d6ac,7.463363045520021,7.305860032684008,8.0805469658245,1,1,0,1,1,1,2.0
645,"[[], [], [7, 9], [1], [], [], [8, 3], [9, 4], [0, 10], [], []]","[0, 3, 0, 4, -3, 2, None, 1, -1, 2, 2]",220,7,,best_alone,wb87d6ac,7.597897950521784,7.037905963447183,8.049427057110695,7,7,0,1,1,1,2.0
646,"[[5, 2], [], [], [], [0, 5], [], [3], [], [1, 7], [8, 6], []]","[-3, 2, -4, -1, 1, -2, -1, -1, 1, None, -2]",396,4,2.0,best_second,wb87d6ac,8.337109129562474,6.685860947068359,8.512381634419016,3,3,0,1,1,1,
648,"[[], [], [1], [], [0, 5], [], [], [4, 0], [9, 6], [], [8, 2]]","[1, 0, -4, -4, 4, 4, 2, 3, 1, 1, None]",322,4,1.0,best_second,wb87d6ac,7.918264686095274,8.237743803890933,8.783702698635217,3,3,0,1,1,1,
649,"[[7, 9], [], [], [], [], [8, 6], [10], [9, 3], [2, 4], [], []]","[1, -2, 0, -2, 4, None, -2, -2, 3, 3, -3]",22,8,1.0,best_second,wb87d6ac,7.783640596221253,7.7142311448490855,8.442469645220301,7,7,0,1,1,1,
651,"[[4], [], [6, 0], [], [], [], [5, 7], [], [9, 3], [], [8, 9]]","[-4, -1, None, -1, -3, 4, 3, -4, 3, 1, 4]",326,11,7.0,best_second,wb87d6ac,7.868254265520612,7.404887575616125,8.35608503102148,7,7,0,1,1,1,
653,"[[10, 3], [], [8, 6], [], [5], [], [], [2, 8], [], [0, 4], []]","[-1, -2, -3, 4, 2, -3, 1, -3, -1, None, -4]",130,6,5.0,best_min,wb87d6ac,8.382518288089635,7.355641102974254,8.688453800850768,3,3,0,1,1,1,
654,"[[], [], [6, 5], [1, 4], [], [], [5, 9], [10], [3, 7], [], []]","[2, 3, -2, 2, -2, 3, 1, -4, None, 2, -4]",196,9,4.0,best_second,wb87d6ac,8.112227958349724,6.767343125265391,8.343553835005116,5,5,0,1,1,1,
655,"[[1, 9], [5, 8], [], [10, 6], [], [], [], [], [], [4], [6, 7]]","[None, -2, 4, -2, 3, -4, 1, -4, -2, -1, -4]",216,7,,best_alone,wb87d6ac,8.580918882296784,7.1631723908466425,8.797699580118923,2,2,0,1,1,1,2.0
656,"[[], [], [0, 5], [], [], [], [1], [3, 10], [2, 6], [7, 3], []]","[-4, -4, 4, 2, -4, 4, -2, 4, None, 3, 0]",54,11,0.0,best_second,wb87d6ac,7.43955930913332,7.112327444710912,7.982074875081202,8,8,0,1,1,1,
658,"[[], [], [1, 10], [], [5], [], [9, 4], [2, 1], [], [3, 0], []]","[-1, -4, 0, -3, 2, 1, None, -2, 4, -2, 4]",82,7,,best_alone,wb87d6ac,8.211482916445066,7.113956109566035,8.499232866039245,3,3,0,1,1,1,2.0
659,"[[], [], [10, 0], [], [1, 5], [], [9], [2, 10], [4, 6], [], []]","[2, 4, 4, -3, -1, -4, -4, 1, None, -3, -1]",324,9,3.0,best_second,wb87d6ac,8.073714641109857,6.395261598115449,8.244596756382498,3,3,0,1,1,1,
662,"[[10, 6], [], [], [8, 7], [], [], [9], [], [7, 1], [], [2, 4]]","[None, 2, 2, 1, 3, 4, 2, -3, 0, -3, 3]",6,4,0.0,best_second,wb87d6ac,8.063692634269515,7.257707677160043,8.432724034789787,6,6,0,1,1,1,
663,"[[4, 2], [], [], [], [], [], [5], [], [10, 6], [0, 4], [3, 1]]","[-1, -2, -1, 0, -4, 4, 1, -2, None, 0, -1]",112,7,,best_alone,wb87d6ac,7.881182202227101,6.486160788944089,8.102283624480075,5,5,0,1,1,1,2.0
664,"[[], [], [], [], [1, 2], [8, 7], [], [6], [3, 9], [], [4, 1]]","[0, 2, 3, -1, -2, None, 3, 1, -1, -3, 4]",50,7,,best_alone,wb87d6ac,7.598900456871409,6.415096959171596,7.8655717576847906,4,4,0,1,1,1,2.0
667,"[[9, 1], [], [], [7, 6], [0, 10], [], [], [6, 2], [], [], [8]]","[2, -1, -4, 2, None, 3, 2, 1, -3, -2, -3]",168,4,3.0,best_second,wb87d6ac,8.772145439245099,7.958227192322312,9.138844370271112,1,1,0,1,1,1,
668,"[[], [], [], [], [6, 2], [7, 10], [2, 8], [0, 1], [], [], [9]]","[4, -4, -1, 2, 0, None, -3, 2, -1, -3, -3]",140,10,6.0,best_second,wb87d6ac,7.558516743045645,6.685860947068359,7.907283609426348,6,6,0,1,1,1,
669,"[[], [], [], [], [10, 0], [], [], [2], [3, 5], [8, 7], [0, 6]]","[-3, 4, 3, -2, 4, -4, -2, 1, -4, None, -4]",282,11,,best_alone,wb87d6ac,7.740664401917241,6.396929655216146,7.972121128921656,4,4,0,1,1,1,2.0
670,"[[3, 1], [], [], [1, 4], [], [2, 10], [], [], [6], [5, 8], []]","[0, -4, -1, 1, 2, 4, -4, 0, -3, None, 4]",234,10,0.0,best_second,wb87d6ac,7.385851078125209,7.015712420487229,7.9105906122564775,8,8,0,1,1,1,
673,"[[5, 6], [], [], [1, 2], [3, 9], [6, 8], [], [], [], [7], []]","[-3, -3, 2, 3, None, -2, -2, -1, 2, -1, -2]",248,6,1.0,best_second,wb87d6ac,8.038834757787749,7.688913336864795,8.572060092857077,5,5,0,1,1,1,
674,"[[], [], [], [], [6], [8, 4], [], [9, 3], [10, 0], [3, 2], []]","[-3, 0, 3, -3, 3, None, -3, 0, -2, 0, 1]",250,3,,best_alone,wb87d6ac,7.637234388789473,7.313220387090301,8.181160858023409,0,0,0,1,1,1,4.0
676,"[[4], [], [5, 0], [], [], [8, 9], [], [10, 1], [], [], [1, 6]]","[3, -3, None, -3, 2, -4, -2, -2, -1, 1, 0]",186,9,,best_alone,wb87d6ac,8.023879992734877,7.242797922793756,8.400659375160286,5,5,0,1,1,1,2.0
678,"[[], [], [9, 3], [], [0, 6], [], [], [4, 0], [2, 10], [], [1]]","[-4, 2, 1, 4, -3, 2, -1, -4, None, -4, -1]",386,6,3.0,best_min,wb87d6ac,7.855544677915663,7.411556287811163,8.350902451694811,5,5,0,1,1,1,
680,"[[], [], [], [5, 7], [8, 0], [7, 1], [], [], [], [2], [4, 9]]","[3, -1, -4, 1, 4, -4, -2, 1, 1, -1, None]",346,7,1.0,best_second,wb87d6ac,7.907651594711089,7.085064293952548,8.271548374755515,7,7,0,1,1,1,
683,"[[], [], [], [1], [], [10, 0], [8, 3], [], [9, 7], [], [0, 2]]","[2, 0, -1, -4, 4, -4, None, -2, 1, -3, -4]",146,2,3.0,best_second,wb87d6ac,8.285008895449877,7.51479976048867,8.6652683094816,-1,-1,0,1,1,1,
687,"[[5, 9], [8, 4], [], [], [], [2, 10], [], [1, 8], [], [6], []]","[None, -1, 2, -4, -4, 2, -1, 3, 4, -3, 0]",160,5,2.0,best_second,wb87d6ac,8.032035314398826,7.4645098346365275,8.480944058741116,4,4,0,1,1,1,
688,"[[], [], [4, 1], [2, 4], [], [7], [10, 5], [], [], [], [9, 8]]","[-4, 1, 0, 0, 0, 0, None, 2, 3, 0, 0]",340,2,3.0,best_min,wb87d6ac,8.212297138229768,6.932447891572509,8.457443187010464,3,3,0,1,1,1,
692,"[[3, 7], [0, 3], [10, 5], [], [], [9], [], [], [], [], [8, 6]]","[-1, 1, None, -2, 1, 4, -4, 1, 2, 1, 2]",150,4,,best_alone,wb87d6ac,8.76170676846664,7.226209010100671,8.95660873889395,5,5,0,1,1,1,6.0
693,"[[], [8, 2], [], [9, 6], [], [], [], [0], [2, 5], [], [3, 7]]","[4, -1, 1, -3, -4, -3, -1, 0, -1, -3, None]",174,9,,best_alone,wb87d6ac,8.031710375322042,7.412764017426563,8.462314529906248,4,4,0,1,1,1,2.0
694,"[[8], [], [1, 6], [2, 0], [], [], [], [5, 4], [], [7, 5], []]","[3, 3, 0, None, 1, 2, 1, 1, -4, 0, 1]",292,3,,best_second,wb87d6ac,7.47477218239787,7.992268643270744,8.459564078579602,3,-1,4,0,0,1,2.0
697,"[[9], [8, 0], [], [], [], [6, 4], [4, 3], [], [2, 10], [], []]","[-1, None, 4, -3, -2, 0, -1, 0, 4, -1, -2]",204,8,6.0,best_second,wb87d6ac,7.0707241072602764,7.4645098346365275,7.979681302387741,8,8,0,1,1,1,
698,"[[], [4, 3], [0, 8], [], [], [10], [1, 5], [2, 0], [], [], []]","[4, -1, 2, 0, 2, 3, None, 4, -2, 0, 4]",120,7,,best_alone,wb87d6ac,7.760893195851024,6.452048954437227,7.99967857949945,7,7,0,1,1,1,2.0
700,"[[], [], [1, 0], [4, 9], [10, 8], [], [], [2, 1], [], [5], []]","[-1, -1, 3, None, -3, 4, 1, 4, -4, -2, -2]",262,8,,best_alone,wb87d6ac,8.224431573221157,6.278521424165844,8.35772841676521,2,2,0,1,1,1,2.0
703,"[[], [], [], [], [8, 10], [7, 2], [3], [2, 1], [], [4, 6], []]","[4, -1, -3, 4, -1, -2, 4, -4, -1, None, -3]",376,11,,best_alone,wb87d6ac,7.522400231387125,7.085064293952548,8.020270472819238,8,8,0,1,1,1,2.0
706,"[[], [], [10, 4], [], [8], [7, 9], [], [9, 1], [], [], [3, 0]]","[3, -3, None, -3, 3, 2, -2, -2, 3, 1, -4]",266,10,,best_alone,wb87d6ac,7.511524648390865,6.519147287940395,7.826443135456014,6,6,0,1,1,1,6.0
708,"[[4, 1], [7], [], [], [5, 2], [], [9, 3], [], [], [3, 8], []]","[None, 3, -2, -1, -4, 0, -3, -2, 1, 0, 2]",142,6,,best_alone,wb87d6ac,8.59932602095476,7.266827347520591,8.83331693749932,1,1,0,1,1,1,2.0
709,"[[], [], [5, 6], [], [1, 3], [], [], [2, 8], [0], [4, 1], []]","[-2, 0, 0, 0, -3, -2, 4, None, -4, -4, -3]",272,8,4.0,best_second,wb87d6ac,8.057377488557993,6.86484777797086,8.322151070212902,4,4,0,1,1,1,
710,"[[], [2, 4], [4, 0], [], [], [6, 10], [8, 7], [], [], [], [9]]","[-2, -3, 1, -2, 3, None, 1, -2, 1, -2, 3]",380,2,3.0,best_min,wb87d6ac,8.146129510025405,6.643789733147672,8.34687925374656,2,2,0,1,1,1,
711,"[[8, 9], [], [5, 3], [], [10], [], [2, 4], [0, 8], [], [], []]","[2, 0, -4, -1, 0, 1, None, -4, 0, 1, 2]",194,6,,best_alone,wb87d6ac,8.401333305321703,7.61332497954064,8.776012719182917,2,2,0,1,1,1,2.0
712,"[[], [], [8, 4], [5, 1], [], [], [2, 8], [3, 9], [], [10], []]","[-3, -3, 1, -2, -3, 3, -3, None, -2, 4, 4]",136,10,,best_alone,wb87d6ac,8.628197749459149,6.431331081933479,8.733432966413654,8,8,0,1,1,1,6.0
714,"[[], [3, 6], [], [0, 9], [], [], [8], [10, 2], [], [], [2, 5]]","[3, None, 1, 4, 0, 2, -2, 4, -4, 0, 4]",176,8,4.0,best_second,wb87d6ac,7.972121128921656,6.754604099487962,8.231109840328154,7,7,0,1,1,1,
715,"[[3, 9], [], [1], [9, 4], [], [6, 2], [7, 10], [], [], [], []]","[1, 2, 2, -1, 2, None, 2, -4, 3, 1, -2]",218,5,,best_alone,wb87d6ac,8.095293776844647,6.467698726104353,8.274357006756292,4,4,0,1,1,1,2.0
718,"[[], [10, 5], [0, 4], [], [], [], [2, 0], [], [1, 9], [7], []]","[-3, -1, 0, -2, 2, 4, 1, -4, None, -2, -3]",72,8,5.0,best_second,wb87d6ac,8.07496035911586,6.9650803456014065,8.359603270841466,3,3,0,1,1,1,
719,"[[3, 2], [], [], [2, 8], [], [], [9, 7], [1], [], [10, 5], []]","[-1, 1, -1, 1, -3, -4, None, -3, 0, 0, 1]",166,4,4.0,best_min,wb87d6ac,7.8343923029104365,6.687108607866515,8.109826276018477,1,1,0,1,1,1,
727,"[[], [9, 2], [], [], [3], [], [8, 4], [], [7, 10], [2, 5], []]","[-3, 4, 2, 4, 2, 2, None, 1, -3, 4, 3]",332,7,,best_alone,wc96be14,8.124743020385568,7.193685818395111,8.456806041401142,6,6,0,1,1,1,2.0
728,"[[5, 2], [], [1], [], [9, 10], [6, 8], [], [], [], [10, 7], []]","[None, 1, -4, -1, -4, 2, 4, 0, -1, -1, 2]",344,7,3.0,best_second,wc96be14,7.884576510596324,7.898782356970309,8.58466490653125,6,6,0,1,1,1,
729,"[[7, 6], [], [], [2], [], [10, 4], [], [], [0, 3], [5, 10], []]","[-1, 2, -4, -3, -1, 0, 3, 0, None, -3, -1]",398,6,4.0,best_second,wc96be14,8.453401058328458,7.32052696227274,8.732465848349879,2,2,0,1,1,1,
730,"[[], [], [4, 3], [], [3, 5], [], [0, 1], [6, 9], [], [10], []]","[-3, 4, -1, -3, -4, -3, 0, None, -2, -1, -4]",118,8,4.0,best_second,wc96be14,7.971776122880628,7.456454555176209,8.439880088313567,4,4,0,1,1,1,
732,"[[], [9, 10], [0, 7], [], [2, 0], [], [], [], [], [3, 5], [6]]","[3, None, 0, -2, -1, 0, 3, -4, -1, -3, -2]",162,5,,best_alone,wc96be14,8.111328003286733,7.586803535162581,8.57602797713713,1,1,0,1,1,1,2.0
734,"[[5], [3, 4], [], [], [], [], [], [8, 10], [10, 2], [1, 0], []]","[4, -3, 1, 2, -4, 3, 4, 1, -4, None, 2]",184,11,,best_alone,wc96be14,7.933438387627489,6.734591659972948,8.19671240721307,7,7,0,1,1,1,6.0
735,"[[], [], [10, 9], [], [3], [1, 6], [], [5, 4], [], [], [9, 8]]","[1, -2, -4, -1, -3, 4, 2, None, 0, -3, 4]",160,7,2.0,best_second,wc96be14,8.521185212685774,7.266827347520591,8.77199043653224,6,6,0,1,1,1,
736,"[[1], [], [3, 6], [], [9, 5], [], [], [], [2, 3], [], [4, 0]]","[-3, -3, -2, 2, 3, 4, 4, 2, 3, -3, None]",368,10,1.0,best_second,wc96be14,8.678971846978863,7.61972421378267,8.976514972315112,7,7,0,1,1,1,
737,"[[], [3], [], [], [6, 1], [], [10, 0], [8, 5], [], [7, 8], []]","[2, 0, 0, 4, None, 0, -2, 1, 2, 2, -4]",362,7,,best_alone,wc96be14,7.847371836159789,7.443663683115591,8.358666283188,4,4,0,1,1,1,6.0
740,"[[], [0], [], [], [], [3, 6], [], [], [9, 1], [7, 4], [5, 3]]","[0, -1, -1, -3, 4, -4, 0, -1, None, -4, -3]",190,3,,best_min,wc96be14,7.7336835707759,7.137278437260386,8.172164452111904,0,-1,1,0,0,1,5.0
741,"[[5, 9], [10], [], [2, 4], [], [9, 6], [], [3, 1], [], [], []]","[-1, 0, 1, 1, 4, -3, 4, None, 0, 3, -4]",370,6,3.0,best_second,wc96be14,7.835974581721566,7.293017679772782,8.293799608846818,5,5,0,1,1,1,
743,"[[], [7, 2], [], [1, 7], [6], [9, 4], [], [], [], [10, 8], []]","[2, 0, 0, -1, 0, None, 3, 2, -2, 2, 0]",150,2,4.0,best_alone,wc96be14,7.688913336864795,8.410053315858335,8.80612448326845,3,2,1,0,0,1,
744,"[[1, 4], [2, 8], [], [], [3], [7, 9], [], [], [], [], [5, 7]]","[None, 4, -1, -2, -3, -2, 2, 2, 4, -3, 3]",300,9,0.0,best_second,wc96be14,7.821242083523558,7.4798641311650265,8.357962965845681,8,8,0,1,1,1,
745,"[[], [], [10, 0], [6], [2, 3], [], [], [8, 1], [], [7, 8], []]","[0, 0, 2, -4, None, -2, -4, -1, 4, 0, 2]",346,7,2.0,best_second,wc96be14,7.7306140660637395,7.791935956938058,8.454679286026995,4,4,0,1,1,1,
748,"[[], [], [], [], [7, 2], [], [5], [2, 3], [9, 6], [0, 1], []]","[-1, -3, 0, 1, -3, 3, 1, -2, None, -4, 3]",70,10,,best_alone,wc96be14,7.764720544771477,6.740519359606223,8.071218539969864,4,4,0,1,1,1,2.0
751,"[[3, 9], [0, 6], [], [], [], [8, 4], [10], [], [4, 2], [], []]","[-4, None, 2, -2, 3, 2, 0, 0, -4, -4, 4]",272,11,,best_alone,wc96be14,7.86480400332846,7.458186157340487,8.374938143835365,4,4,0,1,1,1,2.0
752,"[[], [7], [8, 6], [9, 1], [], [], [], [], [6, 10], [0, 5], []]","[3, -2, 0, None, 4, -2, 3, 0, 0, 2, -1]",38,6,4.0,best_second,wc96be14,7.8343923029104365,7.423568444259167,8.34283980427146,5,5,0,1,1,1,
753,"[[], [7, 9], [], [], [], [], [10, 3], [5, 2], [], [4], [3, 0]]","[-3, None, -4, 4, -2, 1, 2, 1, -3, 3, 3]",96,3,,best_min,wc96be14,7.57353126274595,8.094988759303774,8.560827228436299,2,1,1,0,0,1,5.0
754,"[[10, 8], [0, 10], [], [], [], [3], [4, 7], [], [], [6, 5], []]","[4, -3, -1, -1, 2, -3, 2, 0, 1, None, 3]",208,5,2.0,best_second,wc96be14,7.939871576361883,7.690286020676767,8.515792210500608,4,4,0,1,1,1,
755,"[[10, 2], [], [1], [7, 9], [], [], [], [9, 8], [], [], [4, 6]]","[None, 2, 3, 3, 0, -4, -4, -2, -4, 4, -3]",120,10,,best_alone,wc96be14,7.416979621381154,7.605890001053122,8.208764045819667,5,5,0,1,1,1,4.0
758,"[[], [], [7, 6], [4], [], [], [], [6, 0], [], [5, 8], [9, 3]]","[0, 2, 1, -1, -2, -4, 0, 2, -2, 3, None]",310,3,5.0,best_second,wc96be14,8.00469951054955,8.392989587956931,8.910585718290132,1,1,0,1,1,1,
759,"[[], [10, 4], [8, 5], [], [], [], [2, 7], [3], [], [1, 10], []]","[4, -1, -2, -3, -1, -4, None, -1, 2, -2, -4]",254,5,2.0,best_min,wc96be14,8.48590890137647,8.085486772102845,8.998631198287637,0,0,0,1,1,1,
763,"[[], [], [0, 10], [4, 6], [6, 8], [1], [], [2, 5], [], [], []]","[0, -4, 0, -1, 4, 0, -3, None, 4, -3, 2]",214,4,2.0,best_second,wc96be14,8.504918160540626,7.081708586105575,8.720623711420426,2,2,0,1,1,1,
764,"[[], [], [0, 7], [], [2, 9], [10, 8], [5, 10], [], [], [3], []]","[0, -3, 0, 4, None, -1, -2, -4, -3, 4, -2]",264,10,,best_alone,wc96be14,7.6362696033793735,7.153051634937481,8.116417072794205,8,8,0,1,1,1,4.0
765,"[[9], [], [1, 3], [], [5, 7], [], [], [], [2, 0], [], [4, 5]]","[-4, 1, 2, -2, -4, 4, 4, -2, None, -4, 2]",328,7,4.0,best_second,wc96be14,7.864419904994565,7.412764017426563,8.356789669923213,3,3,0,1,1,1,
766,"[[5, 2], [], [9], [], [], [10, 3], [7, 1], [], [6, 7], [], []]","[None, 3, -4, 0, 3, 4, 1, 4, 4, -4, -2]",220,7,4.0,best_second,wc96be14,8.075893630298857,7.952263308657046,8.708969906980947,4,4,0,1,1,1,
767,"[[], [], [], [], [6, 2], [], [2, 1], [], [7], [10, 8], [5, 3]]","[-3, 3, -1, -2, -1, 3, -2, 0, -4, None, 2]",222,7,4.0,best_second,wc96be14,8.088561805276234,7.204892510204673,8.434246270595311,5,5,0,1,1,1,
769,"[[9, 6], [], [], [], [], [], [7], [], [4, 5], [2, 3], [8, 4]]","[None, 3, 1, -1, -4, -1, 4, 3, 0, -3, -1]",108,10,,best_alone,wc96be14,7.929846429742504,7.645875825184814,8.490849216076636,7,7,0,1,1,1,2.0
770,"[[9, 6], [3, 5], [], [], [1, 3], [], [10], [], [], [8, 2], []]","[None, -2, 1, -3, -1, 0, -3, 4, -2, 2, -3]",30,6,1.0,best_second,wc96be14,8.271292652979412,7.777373602657861,8.747510946478446,3,3,0,1,1,1,
773,"[[7, 9], [10, 6], [], [], [], [1, 8], [], [9, 3], [2], [], []]","[-4, 2, -4, 1, -4, None, -4, 0, 0, -2, 4]",158,9,6.0,best_second,wc96be14,7.946617563244473,7.473069088032197,8.430545384690564,6,6,0,1,1,1,
774,"[[], [7, 0], [], [], [8, 2], [], [4, 10], [], [], [1, 7], [5]]","[0, -4, -2, 4, 0, 4, None, -1, 2, 1, -1]",338,3,,best_alone,wc96be14,8.976893927666076,7.221835825288449,9.136263168579866,3,3,0,1,1,1,4.0
777,"[[1, 7], [], [10, 5], [2, 6], [], [], [8], [], [], [0, 1], []]","[0, 1, 4, None, -4, 4, 4, 4, 1, -1, 3]",230,2,0.0,best_second,wc96be14,10.226078169476096,8.84505705350085,10.450249656106424,8,8,0,1,1,1,
779,"[[10, 4], [], [9, 5], [], [3], [], [], [2, 9], [], [], [1, 6]]","[None, -2, -2, 4, 1, 2, -4, -4, 3, -4, -2]",248,10,,best_alone,wc96be14,8.657129031713755,7.898039690764619,9.040974526342444,5,5,0,1,1,1,2.0
780,"[[1], [], [], [], [], [8, 3], [5, 8], [2, 4], [], [], [7, 0]]","[-1, -2, -4, -3, -2, -4, 3, 3, -2, 3, None]",2,3,5.0,best_second,wc96be14,7.9269635448629785,8.50572771330696,8.950662495933999,1,1,0,1,1,1,
781,"[[3, 4], [0, 3], [5, 9], [], [], [10, 6], [], [], [], [7], []]","[-1, -1, None, 1, 3, 4, 2, -1, -2, -3, -2]",80,7,2.0,best_second,wc96be14,8.137688184977604,7.450660796211539,8.545002892055505,6,6,0,1,1,1,
783,"[[], [7, 3], [0], [], [], [], [4, 5], [3, 8], [], [6, 2], []]","[-3, 1, -4, -2, 3, -2, 3, 4, -4, None, -3]",372,9,5.0,best_second,wc96be14,7.999007213243954,7.2513449833722134,8.386400901166214,6,6,0,1,1,1,
785,"[[], [6, 0], [], [], [], [1, 9], [], [8, 2], [], [3], [7, 8]]","[4, -4, 4, 3, 2, None, 0, -3, -2, 4, -1]",24,9,,best_alone,wc96be14,7.595889917718538,7.945555428253489,8.47886807709457,7,7,0,1,1,1,4.0
790,"[[], [], [], [10, 4], [], [8, 1], [], [5, 9], [], [0], [4, 2]]","[2, -1, 2, 0, 3, -3, 3, None, -3, 4, -4]",134,11,,best_alone,wc96be14,8.165363632473982,6.326149473155099,8.312626025674964,6,6,0,1,1,1,2.0
791,"[[], [], [], [], [2], [], [], [8, 4], [1, 6], [10, 5], [5, 0]]","[4, 1, 0, -1, 2, -1, -1, None, 0, -4, 1]",288,2,,best_alone,wc96be14,8.17188200612782,7.784473235736469,8.689801056022553,2,2,0,1,1,1,2.0
792,"[[], [], [], [8, 7], [], [], [], [0], [2, 1], [6, 5], [9, 6]]","[-2, 4, 1, None, 1, -2, 0, -3, 4, 0, 4]",228,8,0.0,best_second,wc96be14,7.459338895220295,7.15851399732932,8.013012110368916,8,8,0,1,1,1,
794,"[[7], [], [3, 6], [], [], [], [], [], [2, 0], [10, 1], [1, 5]]","[3, 4, 4, -1, -4, -1, -3, 2, None, 0, -2]",114,3,7.0,best_alone,wc96be14,8.070593539949517,7.570443252057373,8.544419177669829,5,3,2,0,0,1,
796,"[[9, 5], [], [], [], [], [4], [], [8, 6], [6, 10], [3, 2], []]","[None, 1, -1, 3, 4, 1, 3, 1, 3, 1, 1]",126,3,,best_alone,wc96be14,8.399085102935908,6.8638033914529535,8.593969030218288,5,5,0,1,1,1,4.0
800,"[[], [], [], [10, 1], [0, 2], [], [5], [], [], [4, 6], [1, 7]]","[-4, 4, 2, 4, -3, 2, 2, 3, -3, None, 2]",386,8,,best_alone,wc96be14,9.035629778183562,6.437751649736402,9.107310471656639,4,4,0,1,1,1,6.0
801,"[[5, 7], [4, 6], [], [], [2, 9], [7, 10], [3], [], [], [], []]","[-3, None, 4, 3, 2, 2, 4, -2, -3, -4, -4]",202,5,,best_alone,wc96be14,8.38206051742474,6.068425588244111,8.476162841858246,7,7,0,1,1,1,8.0
803,"[[7, 8], [2, 4], [5, 9], [], [3], [], [], [], [], [], [0, 7]]","[-4, None, 4, -4, 1, -2, 3, -4, 0, -3, -4]",268,3,7.0,best_second,wc96be14,8.20903626577507,6.870053411798126,8.441607204459642,2,2,0,1,1,1,
806,"[[], [], [], [4], [], [8, 2], [5, 3], [], [], [1, 7], [9, 1]]","[-4, -1, 4, -3, -2, 4, None, 2, -1, 3, -3]",396,9,0.0,best_second,wc96be14,7.889459149404524,8.193400231952099,8.745921121024347,8,8,0,1,1,1,
812,"[[], [4, 3], [1, 4], [], [], [], [7], [], [5, 9], [], [8, 6]]","[1, -3, 3, 3, 3, 1, 2, -4, 3, -3, None]",280,5,6.0,best_second,wc96be14,8.467372496432281,6.956545443151569,8.666647144584577,4,4,0,1,1,1,
815,"[[2, 6], [9, 7], [], [], [0, 8], [], [], [], [5], [7, 10], []]","[1, 4, 3, 2, None, -2, -2, -3, -1, 0, -3]",26,6,3.0,best_second,wc96be14,8.8394216076206,6.639875833826536,8.944419791305915,4,4,0,1,1,1,
816,"[[], [0], [10, 3], [], [], [8, 9], [2, 1], [5, 8], [], [], []]","[-3, -4, -1, 4, -1, -3, None, -3, 3, -3, 0]",312,7,5.0,best_second,wc96be14,8.206037762778815,7.256297239690681,8.532869670801245,3,3,0,1,1,1,
820,"[[2, 9], [], [9, 5], [4], [], [], [], [8, 3], [10, 1], [], []]","[-2, -3, 1, 4, 0, 3, -1, None, -4, 3, -1]",388,10,,best_alone,wc96be14,8.496173824192162,7.177782416195197,8.733110697638708,4,4,0,1,1,1,2.0
821,"[[], [7, 8], [1, 10], [], [6, 3], [], [3, 9], [], [], [], [5]]","[1, -3, None, -3, 2, 3, 1, 1, 3, 2, 4]",348,8,,best_alone,wc96be14,7.4673710669175595,5.955837369464831,7.666221925662725,7,7,0,1,1,1,2.0
822,"[[6, 2], [], [], [10], [5, 3], [9, 1], [2, 8], [], [], [], []]","[1, -4, 1, -3, None, 3, 1, 1, -1, 3, -2]",128,9,7.0,best_second,wc96be14,7.388946097618437,6.376726947898627,7.6984827878809465,6,6,0,1,1,1,
823,"[[10, 7], [], [], [], [], [4, 2], [5, 4], [8], [], [], [1, 9]]","[None, -1, -4, 2, -1, -4, 0, 3, 2, -3, -3]",232,10,,best_alone,wc96be14,7.398174092970465,6.46302945692067,7.728855823852543,5,5,0,1,1,1,2.0
825,"[[10, 6], [], [5, 1], [], [], [1, 9], [3], [], [], [], [8, 7]]","[None, -3, -2, 1, 4, 3, -1, 0, 2, -3, 4]",382,4,4.0,best_second,wc96be14,8.354674261918463,6.297109319933935,8.474703139795285,6,6,0,1,1,1,
826,"[[10], [], [], [], [9, 5], [], [8, 0], [], [3, 7], [5, 2], []]","[-4, -1, -4, -2, 0, -1, None, 0, 2, -1, -2]",110,5,2.0,best_second,wc96be14,8.32457884513685,7.336936913707618,8.641002477142523,2,2,0,1,1,1,
827,"[[10, 8], [], [], [], [6, 7], [4, 6], [], [], [9], [], [2, 1]]","[None, 3, -2, -4, -3, -2, -2, -2, 3, -3, 0]",356,4,3.0,best_min,wc96be14,8.793915423631677,6.976348070447749,8.944289319650697,3,3,0,1,1,1,
828,"[[], [4, 6], [], [], [6, 10], [], [], [2], [0, 5], [8, 7], []]","[2, 2, 4, 3, 1, 0, -3, 4, -3, None, -4]",380,10,,best_alone,wc96be14,9.251578279992428,6.796823718274855,9.333884558067638,8,8,0,1,1,1,2.0
829,"[[], [10, 5], [], [7, 0], [], [], [], [0, 2], [4], [1, 8], []]","[-4, 3, 1, 1, -4, -3, -3, -2, 2, None, 4]",180,8,6.0,best_second,wc96be14,8.652248422409103,6.238324625039508,8.737773460327283,7,7,0,1,1,1,
831,"[[3, 10], [5, 6], [], [], [2], [], [], [0, 4], [], [1, 5], []]","[-4, -4, -1, 4, 0, -2, -3, None, -4, 2, 1]",240,2,5.0,best_min,wc96be14,9.295416544331303,7.115582126184454,9.402447229504935,0,0,0,1,1,1,
836,"[[7], [6, 4], [1, 0], [], [], [10, 8], [], [], [], [], [8, 3]]","[-1, -4, None, 1, -3, -4, -1, 4, 4, 1, 3]",104,9,,best_alone,wc96be14,7.977968093128549,5.680172609017068,8.073402968986406,3,3,0,1,1,1,2.0
837,"[[], [3, 9], [], [9, 4], [], [], [10, 7], [2], [], [], [8, 5]]","[-2, 2, -2, -3, 4, 3, None, 3, 4, 0, 4]",48,4,1.0,best_second,wc96be14,7.785720896534625,7.3613754289773485,8.288785810426928,8,8,0,1,1,1,
838,"[[], [], [], [], [2], [0, 10], [], [5, 4], [6, 1], [8, 6], []]","[-3, -4, 3, 0, 3, -4, -4, None, 1, 3, 3]",262,10,,best_alone,wc96be14,7.210079628170788,6.569481420414296,7.632885505395133,6,6,0,1,1,1,6.0
839,"[[3, 6], [0, 4], [], [], [2], [], [], [5, 8], [], [7, 5], []]","[1, None, 0, 3, -1, -3, 2, -4, 0, 3, 3]",196,3,1.0,best_second,wc96be14,8.560252680876685,7.531552381407289,8.865735152124781,4,3,1,0,1,1,
840,"[[], [], [6, 5], [], [], [1], [9, 10], [8, 3], [3, 4], [], []]","[-1, 3, None, 4, -4, 4, 3, -4, -4, -1, -3]",266,6,,best_alone,wc96be14,8.24905227417129,6.466144724237619,8.404248432400102,7,7,0,1,1,1,2.0
845,"[[], [10, 8], [4, 5], [2, 4], [], [], [], [], [6], [], [9, 7]]","[4, None, 3, 0, -2, 1, 2, 0, -2, -2, 4]",242,3,4.0,best_second,wc96be14,8.494538500851432,7.642044402873258,8.8495139654864,4,4,0,1,1,1,
847,"[[], [], [], [], [6, 1], [], [1, 8], [5, 2], [], [0], [7, 9]]","[1, -3, -4, -3, 0, -2, 3, -3, 3, 4, None]",224,11,,best_alone,wc96be14,7.82803803212583,6.985641817639208,8.185907481482324,5,5,0,1,1,1,2.0
851,"[[9, 5], [], [], [], [], [1], [10, 2], [], [], [4, 8], [2, 7]]","[None, -4, 0, 4, -1, 1, -4, -4, 2, -4, 0]",358,2,,best_min,wc96be14,7.524021415206124,7.932362154339751,8.44182288439146,-2,-3,1,0,0,1,3.0
852,"[[9, 4], [], [], [], [3], [], [2, 8], [6, 2], [], [10, 5], []]","[None, 1, -2, 3, 3, 4, -3, 0, -4, -4, -4]",212,10,,best_alone,wc96be14,7.533158807455563,6.354370040797351,7.8009820712577405,6,6,0,1,1,1,8.0
854,"[[1, 9], [10, 7], [4, 6], [], [], [], [], [], [2, 4], [5], []]","[None, 2, 2, -1, 4, -2, -3, 0, -1, -4, -2]",166,5,2.0,best_second,wc96be14,7.957877358489813,7.945555428253489,8.644706511715196,2,2,0,1,1,1,
858,"[[6, 8], [10, 2], [], [], [], [1, 9], [], [0, 6], [], [3], []]","[1, -1, 2, 0, 0, None, 0, 0, -3, 0, -1]",218,2,,best_min,wc96be14,7.48324441607385,7.938088726896953,8.429235912657095,1,0,1,0,0,1,3.0
859,"[[8], [], [5, 1], [2, 0], [6, 10], [], [], [], [], [4, 6], []]","[0, 1, -3, None, 3, -1, 0, 2, 3, 2, 3]",216,6,,best_alone,wc96be14,7.753623546559747,7.408530566894627,8.288785810426928,3,3,0,1,1,1,2.0
861,"[[8, 10], [], [], [7], [5, 2], [], [4, 3], [], [], [0, 8], []]","[0, -3, -4, -3, 0, -1, None, -3, -1, -4, -1]",142,4,4.0,best_second,wc96be14,8.39072252736229,9.849875783087478,10.058823244245096,-1,-1,0,1,1,1,
863,"[[], [], [9, 5], [10, 6], [], [1], [], [], [], [0, 4], [6, 7]]","[2, 0, None, -4, 0, -2, -2, -4, -2, 4, -2]",296,5,4.0,best_second,wc96be14,7.48324441607385,7.385851078125209,8.128585200374495,6,6,0,1,1,1,
864,"[[7, 5], [], [], [], [], [6], [], [1, 4], [9, 2], [2, 10], []]","[None, 2, 3, 0, -4, -1, -3, -2, 4, 4, -1]",378,5,2.0,best_min,wc96be14,8.891924140154542,6.741700694652055,9.001962272862446,0,0,0,1,1,1,
866,"[[8, 9], [4, 5], [0, 8], [], [], [], [1, 10], [], [], [], [3]]","[-1, -4, -4, 2, -2, 0, None, -1, 1, -2, 4]",390,11,,best_alone,wc96be14,7.496097345175956,8.109525659752874,8.542080906924017,6,6,0,1,1,1,2.0
867,"[[], [0, 5], [4, 10], [], [3, 7], [], [1, 0], [], [], [], [9]]","[0, -3, None, -3, -3, -4, -2, 1, 2, 1, 2]",360,7,,best_alone,wc96be14,7.416979621381154,6.905753276311463,7.886457270977689,3,3,0,1,1,1,4.0
870,"[[], [], [], [5, 2], [], [2, 8], [1], [], [], [0, 4], [9, 6]]","[4, 3, 1, -4, 1, -1, 2, -4, -4, 2, None]",98,2,,best_min,wc96be14,8.309676895987726,7.554858521040675,8.694837158659082,6,5,1,0,0,1,3.0
874,"[[2, 3], [], [3, 4], [], [], [10], [], [8, 1], [], [7, 5], []]","[4, 0, 4, -3, -1, -3, 3, 3, 4, None, -2]",22,8,3.0,best_second,wc96be14,7.630946580890459,6.568077911411976,7.927324360309794,7,7,0,1,1,1,
875,"[[], [6, 4], [0], [5, 2], [], [8, 7], [4, 10], [], [], [], []]","[-2, -2, 2, None, 2, -1, 3, -3, 3, -2, 1]",258,4,,best_min,wc96be14,7.433666540166168,7.802209316247118,8.32772616646141,2,0,2,0,0,1,6.0
877,"[[], [7, 4], [], [], [], [1, 10], [9, 3], [], [], [3, 2], [0]]","[3, -1, -3, -2, 2, None, 1, 0, -3, -3, 4]",392,7,,best_alone,wc96be14,7.916807490937603,6.272877006546167,8.093156697722637,7,7,0,1,1,1,2.0
879,"[[], [6, 4], [10, 0], [], [9], [2, 10], [7, 3], [], [], [], []]","[-4, None, -3, -2, -4, 4, 2, 1, 2, -4, 0]",94,7,4.0,best_second,wc96be14,7.642044402873258,6.784457062637643,7.995306620290822,3,3,0,1,1,1,
880,"[[10, 9], [], [4, 8], [], [8, 1], [], [], [], [], [6], [5, 7]]","[None, -1, 3, 3, 1, -2, 2, -4, 1, 1, -1]",274,7,,best_alone,wc96be14,7.6586995582682995,6.875232087276577,8.034631032923107,3,3,0,1,1,1,2.0
883,"[[10], [5, 8], [9, 0], [], [1, 5], [], [], [], [], [7, 6], []]","[-4, -1, None, -2, 1, -3, 1, 3, -3, -1, -4]",284,6,2.0,best_second,wc96be14,7.851271997109883,6.517671272912275,8.08487062913819,2,2,0,1,1,1,
884,"[[], [9, 3], [], [], [0], [1, 4], [7, 8], [8, 2], [], [], []]","[4, -3, 0, -2, 3, None, 4, -1, 0, 0, -1]",102,11,,best_alone,wc96be14,7.326465613840322,6.748759547491679,7.771488760117616,7,7,0,1,1,1,2.0
885,"[[], [10, 5], [], [], [9, 3], [7], [4, 9], [], [], [], [8, 2]]","[0, None, 1, 2, 4, 0, 3, 1, -2, 4, 1]",334,2,0.0,best_min,wc96be14,7.395107546562485,7.948031990637284,8.402231172946555,2,2,0,1,1,1,
886,"[[2, 1], [], [], [8], [9, 3], [], [], [], [], [7, 5], [0, 2]]","[-2, 2, -1, 3, None, 3, -2, 1, 2, -1, -1]",72,4,,best_alone,wc96be14,7.341483852363161,6.169610732491456,7.610852790395251,5,5,0,1,1,1,2.0
887,"[[7, 1], [], [], [10], [], [], [2, 5], [], [6, 2], [0, 3], []]","[-3, -2, -2, 2, -2, -4, -1, 0, -1, None, -1]",306,5,,best_alone,wc96be14,7.621684998724612,7.218909707619059,8.133293861222633,1,1,0,1,1,1,2.0
888,"[[], [], [0], [], [8, 1], [], [9, 2], [], [1, 3], [7, 10], []]","[2, -4, 3, 2, 4, 1, None, -4, 2, -3, -2]",52,11,,best_alone,wc96be14,7.267525427828172,6.860663671448286,7.777373602657861,5,5,0,1,1,1,2.0
890,"[[], [], [9, 7], [8, 0], [], [3, 8], [1], [], [], [], [2, 6]]","[-4, -2, 4, -1, 1, 3, -4, 4, -4, -2, None]",294,10,0.0,best_second,wc96be14,7.621195162809845,7.044905117129371,8.066835314417336,8,8,0,1,1,1,
891,"[[5, 10], [], [], [], [9, 7], [], [0, 8], [], [1], [7, 3], []]","[0, 2, 2, 0, 2, 1, None, -4, 4, -3, -3]",130,7,,best_alone,wc96be14,7.8160138391590275,7.085064293952548,8.208764045819667,6,6,0,1,1,1,4.0
892,"[[7, 6], [], [], [0, 7], [], [2, 1], [], [], [], [8], [5, 9]]","[-1, -2, 2, 0, 1, 4, -2, -1, 4, -4, None]",64,5,6.0,best_second,wc96be14,8.09712193091871,7.2254814727822945,8.446341450444287,6,6,0,1,1,1,
893,"[[], [], [1, 10], [5], [9, 3], [], [], [], [2, 1], [6, 0], []]","[-1, -1, -4, 1, None, -2, 2, 3, 4, -2, -4]",116,2,1.0,best_min,wc96be14,8.144969417087873,6.840546529288687,8.384804003370492,0,0,0,1,1,1,
894,"[[3, 8], [], [], [8, 5], [2], [], [], [1, 6], [], [], [7, 4]]","[-3, 0, -4, 0, 1, 0, 1, -1, 4, -1, None]",16,2,,best_second,wc96be14,7.823645930834953,6.975413927455952,8.179760493699899,0,-3,3,0,0,1,1.0
895,"[[], [10], [9, 0], [], [6, 3], [2, 1], [], [4, 6], [], [], []]","[0, 4, -1, 1, -3, None, -4, 1, 0, -2, 4]",136,10,,best_alone,wc96be14,7.349873704738338,5.846438775057724,7.550135342488429,8,8,0,1,1,1,2.0
896,"[[], [], [], [8, 10], [9, 1], [], [5], [4, 6], [10, 0], [], []]","[3, -3, 1, 3, 3, -2, -4, None, 4, 3, -3]",324,9,6.0,best_second,wc96be14,8.28045768658256,7.927324360309794,8.812396905266866,6,6,0,1,1,1,
899,"[[2, 9], [4, 6], [], [0, 2], [], [], [], [10], [1, 7], [], []]","[-1, 3, -3, 3, -4, -2, 2, -2, None, -4, -1]",182,7,1.0,best_second,wc96be14,7.913886714856082,7.103322062526113,8.281470857895167,5,5,0,1,1,1,
901,"[[], [4, 2], [], [0, 10], [], [6], [], [], [3, 0], [1, 5], []]","[2, 4, -4, 4, 4, -2, -2, -4, 1, None, 1]",246,10,8.0,best_second,wc96be14,7.355001921105257,7.311218384419628,8.026170194946426,8,8,0,1,1,1,
902,"[[], [], [], [], [0], [2, 8], [3, 1], [5, 2], [], [], [6, 4]]","[-3, -4, -1, 4, -3, -3, 0, 3, -1, -2, None]",82,9,4.0,best_second,wc96be14,8.125335086714289,8.04237800517328,8.77770959579525,4,4,0,1,1,1,
904,"[[], [7], [], [], [], [6, 3], [], [], [5, 1], [10, 4], [4, 0]]","[-1, 0, 3, 2, 3, 2, -2, -4, None, 2, -4]",198,6,0.0,best_second,wc96be14,7.981733286691886,8.102283624480075,8.73681053295389,4,4,0,1,1,1,
906,"[[], [4], [8, 6], [9, 1], [], [], [], [], [6, 7], [5, 0], []]","[-2, 2, -4, None, -1, 4, 1, 3, -1, -4, 2]",238,4,,best_alone,wc96be14,7.5766097669730375,7.357556200910353,8.165932137321585,1,1,0,1,1,1,6.0
907,"[[], [], [], [], [6, 2], [], [], [5], [3, 1], [4, 6], [8, 7]]","[-2, -2, -2, 0, -3, 4, 2, 1, -1, 3, None]",342,7,,best_alone,wc96be14,7.484930283289661,7.402451520818244,8.13739583005665,5,5,0,1,1,1,2.0
908,"[[], [], [], [9, 6], [], [], [5], [], [10, 4], [2, 1], [4, 7]]","[-1, -4, -2, None, 0, -2, 1, 2, 2, -3, -4]",106,5,,best_alone,wc96be14,7.6511201757027,7.047517221357296,8.087025470667701,-1,-1,0,1,1,1,2.0
909,"[[], [], [6, 8], [1], [], [2, 6], [], [0, 10], [], [7, 3], []]","[0, 3, -3, -1, -3, 2, 1, -4, -2, None, -4]",366,8,,best_alone,wc96be14,8.06117135969092,7.281385663570283,8.438366410870266,2,2,0,1,1,1,4.0
919,"[[], [2, 8], [3, 4], [], [], [], [7, 9], [9, 0], [10], [], []]","[-2, None, 0, -3, 3, 0, -2, 4, -3, -1, -4]",352,8,3.0,best_second,wc96be14,7.9211727215870145,6.86484777797086,8.21932609390609,3,3,0,1,1,1,
921,"[[], [9], [], [6, 2], [7, 8], [], [], [8, 5], [], [], [3, 1]]","[1, 0, 4, 3, 1, -2, 3, -1, -4, 4, None]",68,2,1.0,best_second,wc96be14,8.168202930236053,7.7510451179718025,8.674196940225903,7,7,0,1,1,1,
924,"[[], [], [], [4, 0], [0, 10], [8, 2], [1], [5, 6], [], [], []]","[-3, 1, 3, 1, -4, 1, -2, None, -4, 3, 2]",112,6,2.0,best_min,wc96be14,8.153925132007862,7.355001921105257,8.525161361065415,4,4,0,1,1,1,
925,"[[9, 5], [8, 6], [], [1, 8], [], [2], [], [], [], [4, 7], []]","[None, -4, -2, 3, -2, -3, -3, 4, -1, 1, 4]",74,8,3.0,best_second,wc96be14,8.28828304520769,7.496652438168283,8.661812881026181,5,5,0,1,1,1,
926,"[[], [], [], [7], [10, 2], [8, 0], [5, 3], [], [], [], [2, 1]]","[-1, 2, 0, -4, -1, -1, None, -2, 3, -3, -3]",54,6,0.0,best_second,wc96be14,9.056956065076825,6.818924065275521,9.158204617555654,2,2,0,1,1,1,
928,"[[1], [], [], [10, 8], [9, 2], [], [], [4, 0], [], [], [8, 6]]","[-3, -2, -1, -2, 2, -3, -3, None, -3, 2, 3]",140,6,3.0,best_second,wc96be14,7.449498005382849,7.491087593534876,8.163371316459912,4,4,0,1,1,1,
930,"[[10, 9], [], [7, 1], [], [], [], [], [1, 6], [], [8], [3, 5]]","[None, 0, 2, -4, -2, 2, 3, 1, -4, 2, 0]",168,5,2.0,best_min,wc96be14,8.53954159508,7.43955930913332,8.826734598220911,2,2,0,1,1,1,
931,"[[7, 8], [], [3, 9], [4, 6], [], [], [], [8, 1], [], [5], []]","[2, -3, None, -1, 0, -2, 1, 2, -1, -1, 2]",186,2,2.0,best_second,wc96be14,8.75068303478459,7.261927092702751,8.954027759270458,0,0,0,1,1,1,
932,"[[], [], [8, 10], [], [6, 9], [], [9, 3], [], [7, 5], [], [1]]","[-1, -4, None, 2, -1, 4, -4, -2, 4, 2, -4]",146,11,0.0,best_second,wc96be14,8.183955717304952,6.904750769961838,8.429235912657095,8,8,0,1,1,1,
933,"[[], [9], [0, 7], [2, 0], [], [6, 10], [], [], [5, 1], [], []]","[3, -2, 2, 3, 3, 0, -1, 1, None, -3, 4]",308,7,4.0,best_second,wc96be14,8.242756345714477,7.368339686311381,8.591186871324563,4,4,0,1,1,1,
935,"[[], [2, 8], [9, 0], [], [], [6, 7], [7, 3], [], [4], [], []]","[-2, None, 4, 2, -4, -4, -3, -4, 0, -1, -3]",36,4,6.0,best_second,wc96be14,8.031710375322042,7.820840879907344,8.624791202014256,3,3,0,1,1,1,
936,"[[], [3, 7], [], [7, 0], [], [8, 4], [], [], [], [2], [5, 9]]","[4, 4, 4, 0, 1, -1, -4, -2, -3, -3, None]",318,3,2.0,best_alone,wc96be14,7.985824666418917,7.25063551189868,8.377241230988792,1,0,1,0,0,1,
939,"[[], [], [10, 9], [5, 0], [], [0, 4], [2, 8], [], [1], [], []]","[0, -4, 0, -3, 1, 0, None, -2, -1, 4, -3]",260,8,4.0,best_second,wc96be14,7.8504931808711405,6.803505257608338,8.151044945685024,4,4,0,1,1,1,
940,"[[1, 7], [], [5], [9, 6], [], [], [], [], [3, 9], [], [0, 2]]","[-1, 3, -4, 2, 3, -3, 1, -4, 1, -4, None]",340,8,3.0,best_second,wc96be14,7.899524472032198,7.290292882446597,8.33351070898294,2,2,0,1,1,1,
943,"[[], [], [9, 0], [], [], [7], [10, 5], [], [], [0, 3], [4, 8]]","[-2, 0, 0, 4, 0, 0, None, 3, -2, 2, 2]",330,2,,best_alone,wc96be14,8.85907931788153,7.197435354096591,9.03276752220443,3,3,0,1,1,1,2.0
948,"[[], [], [], [2, 1], [], [], [3, 2], [], [0, 7], [4], [8, 9]]","[-2, 4, 4, 2, 2, 4, 4, 2, 0, 3, None]",18,5,,best_alone,wc96be14,8.313852267398207,6.813444599510896,8.514990767861038,5,5,0,1,1,1,4.0
955,"[[], [], [], [], [5, 8], [9, 2], [1, 3], [], [0], [], [6, 1]]","[3, 2, -3, 1, None, -2, -1, -1, -2, 4, -3]",42,4,1.0,best_min,wc96be14,9.247057954911346,8.278936002291978,9.568923494184217,2,2,0,1,1,1,
956,"[[], [10], [], [], [0, 6], [7, 1], [], [9, 2], [4, 0], [], []]","[-4, -3, -4, 0, 3, None, -4, 0, -4, 2, 3]",138,4,4.0,best_min,wc96be14,7.848933726364071,7.896924656268864,8.566173813637858,2,2,0,1,1,1,
958,"[[], [], [], [], [7], [1, 3], [], [], [10, 4], [5, 1], [2, 0]]","[4, 2, -3, -1, -3, 1, 1, -3, None, 1, 1]",170,9,3.0,best_second,wc96be14,7.746732907753622,7.425953657077541,8.292047637431354,5,5,0,1,1,1,
959,"[[], [], [6, 7], [], [], [9, 8], [7, 10], [], [1], [3, 0], []]","[-2, -1, -3, 0, 2, None, 2, 4, 4, -4, -4]",12,8,,best_alone,wc96be14,7.653494909661253,7.621195162809845,8.330381569349417,3,3,0,1,1,1,2.0
960,"[[], [], [], [1, 2], [3, 1], [7, 6], [0], [10, 9], [], [], []]","[-1, -4, -4, 3, 2, None, 3, -3, 3, 1, -3]",400,6,,best_alone,wc96be14,8.441607204459642,6.621405651764134,8.591558273371545,2,2,0,1,1,1,4.0
961,"[[8, 5], [], [], [], [1], [], [9, 4], [], [5, 10], [7, 2], []]","[-1, -4, -4, -2, -3, 1, None, 3, -1, 1, 1]",226,9,5.0,best_second,wc96be14,8.555451903533328,6.643789733147672,8.693161274238017,4,4,0,1,1,1,
964,"[[5], [4, 2], [], [], [2, 6], [], [], [8, 10], [], [7, 0], []]","[3, 4, -3, 3, -3, 1, 4, 3, 2, None, -1]",322,2,4.0,best_min,wc96be14,8.016977746762262,6.680854678790215,8.250097752572845,5,5,0,1,1,1,
965,"[[9, 3], [], [], [2], [], [10, 6], [], [5, 10], [], [1, 4], []]","[None, 1, 2, -3, -3, -3, -2, 1, 0, 4, 4]",90,5,7.0,best_second,w2ab44bd,8.891924140154542,8.650324504019421,9.471473109194427,5,5,0,1,1,1,
966,"[[], [], [4, 6], [2, 4], [], [7], [], [], [], [0, 8], [9, 5]]","[0, -1, 0, 3, -3, 0, 4, -1, -2, -4, None]",60,4,,best_alone,w2ab44bd,8.787372988731876,8.460834457746854,9.330431852234002,-1,-1,0,1,1,1,2.0
970,"[[], [], [], [0, 8], [3, 10], [1, 6], [], [], [], [5, 1], [2]]","[1, -1, 2, -4, None, 1, -4, -1, -1, -4, 0]",276,6,,best_alone,w2ab44bd,9.784084455288347,7.478169694159785,9.879041159631203,2,2,0,1,1,1,2.0
971,"[[], [], [], [10, 1], [0], [9, 4], [3, 10], [], [], [8, 7], []]","[1, 3, 4, 0, 4, None, 1, -3, 3, -2, -1]",330,7,,best_alone,w2ab44bd,8.665095821339733,7.921898411023797,9.054037377580782,5,5,0,1,1,1,6.0
974,"[[], [6, 10], [], [7, 8], [], [], [9, 5], [8, 0], [], [], [4]]","[4, None, -4, -3, 0, 1, 1, 4, -4, 4, 0]",224,4,0.0,best_second,w2ab44bd,9.577826662126565,7.930925372483388,9.75394291525611,5,5,0,1,1,1,
979,"[[], [], [], [4, 10], [0, 6], [2, 8], [], [5, 2], [], [], [1]]","[4, -3, 3, None, 0, -2, -3, 3, -2, 1, -4]",34,9,3.0,best_second,w2ab44bd,9.021598247379305,7.416979621381154,9.204624064980072,4,4,0,1,1,1,
980,"[[3, 1], [6], [], [8, 9], [7, 2], [4, 7], [], [], [], [], []]","[None, -4, 4, 1, -4, -2, -4, -4, -3, 0, 3]",124,6,1.0,best_second,w2ab44bd,8.931816237309167,8.000014093678072,9.263786347681808,1,1,0,1,1,1,
985,"[[], [4, 8], [], [], [9, 0], [2, 3], [], [], [6], [], [5, 2]]","[-3, None, 1, -2, 4, -1, 1, -3, -4, 3, 1]",230,8,7.0,best_second,w2ab44bd,9.26416545867109,7.620214770574456,9.4407375520017,7,7,0,1,1,1,
986,"[[], [], [], [], [6, 5], [0], [9, 3], [8, 2], [2, 10], [], []]","[4, 2, 1, 2, None, 4, -3, 3, 4, 0, -3]",86,10,5.0,best_alone,w2ab44bd,7.9714309977693505,9.298992069570746,9.534089150464357,8,-1,9,0,0,1,
988,"[[], [4, 5], [7], [], [], [], [3, 10], [], [6, 2], [1, 4], []]","[0, -2, -1, 2, 1, 0, -3, 2, None, -3, -4]",296,5,,best_alone,w2ab44bd,9.641343263872185,8.084254106307318,9.832528463595635,1,1,0,1,1,1,6.0
989,"[[], [5, 0], [9, 4], [], [], [], [7], [], [], [4, 8], [1, 6]]","[-1, 3, 3, 3, 3, -3, 3, 3, -4, -4, None]",226,5,,best_alone,w2ab44bd,9.043577154098081,7.693025748417888,9.27387839278017,6,6,0,1,1,1,2.0
995,"[[5, 10], [], [7, 9], [2, 8], [], [10, 1], [], [], [4], [], []]","[-2, 4, 4, None, -2, 1, 4, 3, -3, 1, -1]",148,7,3.0,best_second,w2ab44bd,8.570354739530469,6.907755278982137,8.743850562030243,7,7,0,1,1,1,
997,"[[4], [9, 3], [], [], [], [10, 2], [5, 0], [], [], [3, 8], []]","[4, 0, -1, 0, -2, 1, None, 2, 0, -1, -3]",128,3,,best_alone,w2ab44bd,9.332911924364362,8.262558973010657,9.627668172626858,2,2,0,1,1,1,2.0
998,"[[], [], [], [], [7, 3], [], [2], [3, 0], [10, 6], [], [9, 5]]","[2, 0, 2, 2, 3, 1, 2, 3, None, -3, -4]",78,9,,best_alone,w2ab44bd,8.775085935057266,7.473069088032197,9.015541293671115,4,4,0,1,1,1,4.0
1003,"[[3], [], [], [], [9, 7], [4, 9], [2, 1], [], [6, 0], [], []]","[-3, 1, -4, 0, -1, 0, 3, -2, None, 0, 4]",338,6,2.0,best_second,w2ab44bd,8.912742634737025,8.261009786023827,9.332115428902103,4,4,0,1,1,1,
1005,"[[2, 1], [], [], [0, 2], [], [], [], [8, 9], [5, 6], [10], []]","[2, 3, -4, 2, -4, -2, -4, None, -1, 1, 4]",182,9,,best_alone,w2ab44bd,8.556221578383715,6.892641641172089,8.72955886955857,5,5,0,1,1,1,2.0
1007,"[[7, 4], [], [0, 10], [5, 9], [], [9, 8], [], [], [], [], [1]]","[4, -1, None, 3, -1, 4, 4, 3, 2, 0, -2]",30,7,5.0,best_second,w2ab44bd,8.454892165218858,7.232010331664759,8.712759974960212,7,7,0,1,1,1,
1011,"[[9, 10], [2], [], [], [0, 1], [], [8, 5], [6, 8], [], [], []]","[-2, 3, 1, -3, None, -4, 1, -3, -4, -4, -2]",400,9,,best_alone,w2ab44bd,8.874867635688053,7.256297239690681,9.055556158175316,4,4,0,1,1,1,2.0
1017,"[[5], [], [10, 0], [], [9, 8], [], [], [4, 9], [], [], [1, 3]]","[3, -1, None, 1, 3, 2, 4, -3, 1, -1, 2]",152,3,,best_alone,w2ab44bd,8.862625169408922,7.441906728051625,9.078864009187797,5,5,0,1,1,1,2.0
1021,"[[], [], [0, 10], [1], [2, 0], [], [], [5, 6], [], [7, 3], []]","[0, -4, 0, -2, -1, -3, 4, -1, 4, None, 0]",96,8,5.0,best_second,w2ab44bd,9.165447603085447,7.85979918056211,9.405166749908611,3,3,0,1,1,1,
1023,"[[], [6, 5], [3, 10], [10, 0], [1, 7], [], [], [8], [], [], []]","[-1, -2, 3, -2, None, -3, 4, -2, 3, 4, 3]",42,4,1.0,best_min,w2ab44bd,9.10886120302633,6.693323668269948,9.194312610898987,2,2,0,1,1,1,
1024,"[[], [3, 9], [8, 7], [], [2, 5], [6], [], [], [], [], [1, 3]]","[-2, 1, 3, -2, None, 0, -2, -3, 1, 1, 1]",178,5,6.0,best_second,w2ab44bd,8.786456678343999,7.6676260915849905,9.069007195859538,4,4,0,1,1,1,
1025,"[[], [], [7, 8], [9, 5], [], [0], [], [8, 6], [], [10, 1], []]","[0, -3, -4, None, 3, 3, 4, 4, -1, -2, 1]",122,6,,best_alone,w2ab44bd,8.474285690404962,7.556950572012899,8.810310466357958,3,3,0,1,1,1,4.0
1027,"[[10, 8], [3, 2], [7], [4, 5], [], [], [], [], [], [], [8, 6]]","[2, None, -4, 4, 3, -4, -3, -4, -2, 4, -1]",102,11,8.0,best_second,w2ab44bd,8.369852603517527,6.946013991099227,8.585412430393383,7,7,0,1,1,1,
1028,"[[], [], [], [4, 2], [], [10, 8], [], [3, 4], [9], [], [1, 0]]","[4, 2, -2, 2, -4, None, 1, 2, 4, 3, -4]",228,8,,best_alone,w2ab44bd,7.984803389734406,7.084226422097916,8.325548307161398,7,7,0,1,1,1,2.0
1029,"[[4], [8, 6], [1, 0], [10, 9], [], [3, 10], [], [], [], [], []]","[-4, 4, None, 1, -3, -3, 4, 3, -3, 4, -3]",252,11,0.0,best_second,w2ab44bd,8.42726848388825,7.294377299288821,8.706324840138741,8,8,0,1,1,1,
1031,"[[8, 3], [0, 10], [], [], [], [], [2, 4], [6, 2], [], [], [5]]","[-4, None, 0, 0, 0, 2, -3, -4, 2, -3, 4]",382,9,,best_alone,w2ab44bd,8.556413904569519,7.373374309910049,8.823500727991183,6,6,0,1,1,1,2.0
1033,"[[3, 9], [4, 8], [1, 4], [], [], [], [], [5], [], [], [0, 7]]","[1, 1, -2, -2, 0, 0, -1, 3, 0, 3, None]",32,3,,best_min,w2ab44bd,8.662850763838602,7.368339686311381,8.904901577935142,4,3,1,0,0,1,5.0
1036,"[[], [], [3], [], [1, 6], [10, 2], [], [], [], [4, 1], [0, 8]]","[0, -3, 2, 4, -4, None, 1, 0, 4, 0, -4]",398,8,,best_alone,w2ab44bd,8.872907674259844,6.501289670540388,8.962007209588315,6,6,0,1,1,1,4.0
1040,"[[2], [8, 4], [], [7, 10], [], [1, 0], [], [10, 9], [], [], []]","[2, -2, 1, -4, -4, None, 3, -2, -2, 2, 2]",68,8,,best_alone,w2ab44bd,8.809862805379058,7.050989447068045,8.968650903374874,3,3,0,1,1,1,2.0
1041,"[[5, 10], [0, 5], [6, 8], [], [], [], [9, 7], [], [3], [], []]","[4, -2, None, 3, -3, 0, -3, -3, 4, 1, 3]",200,11,,best_alone,w2ab44bd,8.766394277049736,6.902742737158593,8.910450756416656,7,7,0,1,1,1,4.0
1043,"[[], [0], [7, 5], [6, 1], [2, 7], [], [8, 9], [], [], [], []]","[4, 3, 1, None, 2, 4, -1, -1, 2, 0, 2]",278,7,,best_alone,w2ab44bd,8.522180732927277,6.7650389767805414,8.681181041521688,7,7,0,1,1,1,2.0
1047,"[[3, 6], [], [], [2, 9], [], [], [10], [4, 5], [7, 4], [], []]","[None, 2, -2, -2, 0, 3, 1, -2, -3, 2, 4]",290,7,,best_alone,w2ab44bd,9.540075680658964,7.677863500678211,9.68439827154996,5,5,0,1,1,1,4.0
1050,"[[9, 8], [5], [], [], [], [], [], [4, 2], [], [8, 3], [7, 1]]","[-3, 2, 4, 0, -2, 1, -3, 1, 3, -4, None]",314,4,3.0,best_min,w2ab44bd,9.051461866908696,7.706612913964197,9.282940064390527,5,5,0,1,1,1,
1053,"[[9, 3], [], [5, 10], [], [], [4, 1], [], [], [], [3, 8], [6]]","[-1, 4, None, 4, -4, 2, -2, -2, 1, -3, -2]",198,9,2.0,best_second,w2ab44bd,8.587278798982926,7.665284718471351,8.921991410536698,6,6,0,1,1,1,
1057,"[[], [], [], [1], [9, 0], [], [7, 8], [], [], [0, 2], [6, 3]]","[0, 2, -1, 2, 2, -3, 2, -4, 3, 3, None]",164,4,1.0,best_min,w2ab44bd,8.866863661202087,7.52456122628536,9.09884999594282,5,5,0,1,1,1,
1059,"[[6, 1], [5], [4, 9], [2, 4], [], [], [10, 7], [], [], [], []]","[None, -1, -3, 3, 4, -3, -2, -4, -1, 2, 2]",88,5,2.0,best_min,w2ab44bd,8.814627555310697,7.259819610363186,9.006141236662911,0,0,0,1,1,1,
1060,"[[], [6], [10, 3], [], [], [2, 10], [], [8, 4], [], [7, 1], []]","[-2, -2, 3, 0, 4, -1, -4, 3, -3, None, 4]",8,10,1.0,best_second,w2ab44bd,8.145549631783583,7.920446505142607,8.732304571033183,7,7,0,1,1,1,
1061,"[[], [], [], [7, 4], [], [9], [10, 5], [4, 8], [], [], [2, 0]]","[0, -4, -2, 4, 1, 2, None, 0, -2, -1, -1]",244,3,,best_alone,w2ab44bd,9.04085606398372,7.247080584585757,9.194617411510947,1,1,0,1,1,1,2.0
1062,"[[], [7, 10], [1, 7], [5, 6], [], [4, 9], [0], [], [], [], []]","[-4, -3, 2, None, -1, 3, 1, 2, -4, -4, 2]",98,4,7.0,best_second,w2ab44bd,9.110741006753429,7.201170883281678,9.248791558350435,2,2,0,1,1,1,
1065,"[[], [], [1, 8], [4, 10], [6, 0], [], [], [], [], [2, 1], [7]]","[4, 4, 4, None, 0, -4, 3, -3, -2, 4, 2]",210,3,4.0,best_second,w2ab44bd,8.696343057044558,8.38320455141292,9.245031611766112,4,4,0,1,1,1,
1067,"[[], [8], [], [], [9, 10], [6, 2], [], [5, 1], [], [10, 0], []]","[-2, 2, 1, -3, -1, -3, -3, None, 4, -1, 4]",172,10,,best_alone,w2ab44bd,8.782629654920699,6.994849985833071,8.937218450855731,6,6,0,1,1,1,4.0
1068,"[[2, 9], [0, 2], [], [], [], [6, 7], [4, 10], [3], [], [], []]","[-2, -1, 0, 4, -3, None, -4, -3, 4, 4, -1]",84,7,,best_alone,w2ab44bd,8.920255414908091,6.976348070447749,9.053920452704881,1,1,0,1,1,1,2.0
1073,"[[3], [5, 7], [], [], [9, 2], [7, 10], [4, 0], [], [], [], []]","[-4, 0, -2, 3, -4, -4, None, 3, 0, 0, 1]",14,4,,best_alone,w2ab44bd,8.71948076085107,7.080867896690782,8.896861744480391,-1,-1,0,1,1,1,2.0
1074,"[[], [], [5, 7], [8, 1], [], [], [], [], [1, 6], [2, 10], [0]]","[-2, -1, -3, -4, 2, -2, 4, 0, -1, None, 2]",104,4,,best_alone,w2ab44bd,8.994668835500674,7.920446505142607,9.28841190739634,0,0,0,1,1,1,2.0
1076,"[[3, 5], [], [6, 8], [5, 1], [], [], [10, 9], [], [4], [], []]","[1, -1, None, -3, 2, -4, 2, -4, -4, 4, 2]",52,5,2.0,best_second,w2ab44bd,8.462103225098279,7.744569809354496,8.859363449152088,6,6,0,1,1,1,
1077,"[[], [8, 9], [], [], [10, 6], [1, 8], [7], [], [], [], [3, 2]]","[1, -1, 3, -4, None, -2, -2, 1, 3, 1, 1]",364,6,2.0,best_min,w2ab44bd,8.615226931687603,7.239214973779806,8.840290669088972,4,4,0,1,1,1,
1080,"[[2, 10], [], [], [8, 9], [], [0, 7], [], [6], [9, 1], [], []]","[4, -1, 4, 3, 4, None, -3, -2, 2, 0, -1]",388,9,5.0,best_second,w2ab44bd,8.480529207044647,6.434546518787453,8.601901919343192,8,8,0,1,1,1,
1081,"[[], [], [], [], [3], [], [10, 1], [6, 4], [9, 5], [5, 2], []]","[-1, 2, -4, 1, 0, -4, -2, None, -1, -1, 0]",294,2,,best_alone,w2ab44bd,9.047586120674756,7.756195343948118,9.290352309945568,1,1,0,1,1,1,2.0
1082,"[[5, 7], [4, 8], [], [], [3, 10], [], [0, 5], [], [9], [], []]","[-4, None, 0, 1, 1, 1, -3, -3, 4, -1, -3]",38,3,,best_alone,w2ab44bd,8.950143756459262,6.9440872082295275,9.076237387452702,3,3,0,1,1,1,4.0
1083,"[[1, 8], [], [], [], [10, 9], [0, 1], [], [], [], [3], [2, 6]]","[1, -2, -2, 1, None, -1, -4, -2, 1, 2, -3]",154,9,,best_alone,w2ab44bd,9.026657889542886,7.129297548929373,9.166283985779263,3,3,0,1,1,1,2.0
1086,"[[], [9], [], [], [], [8, 2], [7, 1], [0, 4], [], [], [5, 8]]","[-4, -4, -1, 4, 4, -3, None, -3, 4, -1, 3]",206,7,7.0,best_min,w2ab44bd,9.279493230664498,7.765993079407675,9.478380804172675,1,1,0,1,1,1,
1088,"[[], [], [0, 10], [2, 5], [], [4], [8, 9], [], [9, 1], [], []]","[1, 4, 4, None, -4, 1, 0, 2, 4, -1, -1]",144,5,5.0,best_second,w2ab44bd,8.85978949474541,8.288534459413917,9.307467082706905,5,5,0,1,1,1,
1089,"[[1, 9], [], [10, 3], [8], [], [], [], [0, 1], [], [], [4, 6]]","[1, -1, None, -2, 2, 1, -2, -1, 3, 1, -2]",212,3,,best_alone,w2ab44bd,8.853379672927634,7.360103972989152,9.05590631866912,1,1,0,1,1,1,4.0
1090,"[[5, 7], [], [9, 10], [2, 9], [], [4, 6], [], [1], [], [], []]","[None, 0, -2, 3, 4, 4, -4, -4, 1, -1, 4]",302,10,8.0,best_second,w2ab44bd,8.557182839632397,6.852242569051878,8.72404474595347,8,8,0,1,1,1,
1093,"[[], [], [], [10], [2, 1], [], [7, 0], [0, 5], [], [4, 3], []]","[-1, 3, -3, 1, 3, 4, -4, 1, -2, None, 3]",354,4,,best_min,w2ab44bd,9.522593098362169,7.204892510204673,9.616471924627508,6,4,2,0,0,1,6.0
1097,"[[10, 5], [], [0, 10], [7], [], [], [8, 3], [], [4, 1], [], []]","[2, -3, -4, 4, -1, -1, None, 3, 3, -3, 4]",92,6,,best_alone,w2ab44bd,8.781708985836179,6.511745329644728,8.879889967673464,7,7,0,1,1,1,2.0
1098,"[[], [], [], [9], [2, 8], [1, 0], [4, 3], [], [], [], [5, 1]]","[-4, 1, -4, -4, 2, 1, None, -3, 4, 0, 1]",44,9,2.0,best_second,w2ab44bd,8.625329850020815,7.600902459542082,8.931948346431495,6,6,0,1,1,1,
1102,"[[5, 4], [], [0, 5], [], [], [], [7, 1], [], [3], [6, 8], []]","[-2, 0, -4, 4, -1, 2, -2, -2, 0, None, -1]",312,7,,best_alone,w2ab44bd,8.823942326585243,6.842683282238422,8.952993499320474,4,4,0,1,1,1,2.0
1104,"[[], [0, 5], [], [], [10, 8], [], [1, 0], [], [7], [], [2, 9]]","[2, -2, 3, 2, None, -2, 2, 3, 4, -3, -4]",320,11,,best_alone,w2ab44bd,8.86304982791909,6.476972362889683,8.950921764797261,7,7,0,1,1,1,6.0
1106,"[[], [], [0, 10], [1], [], [], [8, 5], [6, 8], [], [2, 3], []]","[2, 2, 4, 0, -2, -1, 4, 3, 0, None, -4]",222,5,8.0,best_min,w2ab44bd,8.401108712395436,7.5251007461258,8.749098248399019,6,6,0,1,1,1,
1107,"[[9, 5], [0, 4], [], [], [3], [], [2, 7], [], [], [], [6, 2]]","[4, None, 1, -3, -4, -3, -2, -2, -2, 4, 4]",36,11,7.0,best_second,w2ab44bd,8.75573753930647,6.684611727667927,8.874308038583354,8,8,0,1,1,1,
1108,"[[2, 5], [], [1, 3], [], [6, 9], [8], [], [4, 6], [], [], []]","[None, -2, 1, 1, 0, 0, -1, -2, 1, 3, 0]",134,2,0.0,best_min,w2ab44bd,8.881280595070423,7.945201132412759,9.212038928611763,2,2,0,1,1,1,
1109,"[[], [], [9, 10], [5, 4], [], [4, 0], [7], [], [2, 6], [], []]","[-2, 0, -2, 4, -3, -1, 2, 2, None, -4, 0]",392,8,,best_alone,w2ab44bd,8.727454116899434,6.569481420414296,8.836664586357426,4,4,0,1,1,1,4.0
1110,"[[9], [2, 4], [4, 5], [], [], [], [], [10, 0], [], [], [3, 6]]","[-4, 0, 1, 4, 3, 0, -4, None, 4, -3, -1]",162,9,3.0,best_second,w2ab44bd,8.635687085464028,6.865891074883438,8.792853288640693,3,3,0,1,1,1,
1114,"[[], [], [], [], [8], [], [10, 4], [0, 1], [], [7, 0], [2, 3]]","[-2, 1, -4, 0, -1, 0, None, -1, 4, -1, -4]",242,9,,best_alone,w2ab44bd,8.7285879956959,6.859614903654202,8.871926251117628,3,3,0,1,1,1,4.0
1115,"[[], [], [], [2], [], [8, 1], [], [5, 8], [], [10, 3], [4, 6]]","[3, -4, 2, 2, -1, 3, -3, 4, -4, None, 4]",258,2,,best_alone,w2ab44bd,8.994172434398399,7.540621528657152,9.204121072162264,4,4,0,1,1,1,2.0
1117,"[[10, 5], [], [], [6, 9], [3, 6], [], [], [1], [0, 7], [], []]","[-2, 3, 4, 4, -3, 3, -4, -1, None, -4, -1]",118,3,,best_alone,w2ab44bd,9.132486932771318,7.342779189331846,9.286838342948908,2,2,0,1,1,1,4.0
1118,"[[7, 9], [], [6, 4], [], [], [], [4, 1], [10, 3], [], [5], []]","[None, 1, 2, 1, -1, 0, -4, 1, -2, 4, -3]",260,4,,best_alone,w2ab44bd,8.58578598288185,7.091742115095153,8.78813593986372,4,4,0,1,1,1,4.0
1119,"[[7, 3], [], [], [6], [1, 8], [4, 1], [], [2, 10], [], [], []]","[None, -4, -1, 2, 0, -1, -1, 0, 3, -2, 2]",372,2,,best_min,w2ab44bd,9.025696119812583,7.8387375595992825,9.291920358968605,2,1,1,0,0,1,3.0
1120,"[[], [], [], [5, 1], [], [], [7, 10], [9, 2], [3, 5], [], [4]]","[4, -1, -3, -1, 3, 3, None, 3, 3, -1, 4]",190,6,,best_alone,w2ab44bd,8.63550941823428,7.02197642307216,8.817001443665859,7,7,0,1,1,1,2.0
1123,"[[], [0], [], [], [6, 7], [], [7, 2], [], [10, 1], [], [5, 3]]","[1, 0, -3, -2, 2, 0, -2, -1, None, 4, -2]",308,4,,best_alone,w2ab44bd,9.01602720232985,7.437206366871293,9.203416456903359,1,1,0,1,1,1,2.0
1126,"[[], [0, 4], [3, 5], [6, 7], [], [8], [], [], [], [1, 0], []]","[1, 4, None, -1, 4, -3, -2, 4, -4, -4, -1]",94,8,5.0,best_second,w2ab44bd,8.697679732264463,7.153051634937481,8.890961212781148,3,3,0,1,1,1,
1129,"[[], [6], [], [], [8, 0], [9, 3], [], [], [], [3, 7], [4, 1]]","[1, 3, -3, -4, 2, -1, 2, -1, -1, 3, None]",336,3,,best_alone,w2ab44bd,9.140132476932687,6.860663671448286,9.237469039364436,5,5,0,1,1,1,2.0
1131,"[[9, 1], [], [0, 9], [7], [], [10, 3], [], [], [], [], [4, 8]]","[0, -4, -1, 4, 4, None, -3, 3, 0, -2, -4]",156,9,,best_alone,w2ab44bd,8.404248432400102,6.964135612418245,8.616676469901188,7,7,0,1,1,1,4.0
1132,"[[], [], [], [], [], [10, 8], [9, 2], [], [1], [2, 4], [0, 7]]","[-4, 0, -4, 1, 3, None, -2, -2, 1, 2, -2]",208,6,,best_alone,w2ab44bd,8.79512791241314,7.1853870155804165,8.97727273946428,1,1,0,1,1,1,2.0
1133,"[[], [], [7, 9], [1], [], [], [8, 3], [9, 4], [0, 10], [], []]","[0, 3, 0, 4, -3, 2, None, 1, -1, 2, 2]",220,7,,best_alone,w2ab44bd,8.204671828950811,7.071573364211532,8.483636407887396,7,7,0,1,1,1,2.0
1134,"[[5, 2], [], [], [], [0, 5], [], [3], [], [1, 7], [8, 6], []]","[-3, 2, -4, -1, 1, -2, -1, -1, 1, None, -2]",396,4,2.0,best_second,w2ab44bd,8.83141981909013,6.855408798609927,8.961109485898655,3,3,0,1,1,1,
1136,"[[], [], [1], [], [0, 5], [], [], [4, 0], [9, 6], [], [8, 2]]","[1, 0, -4, -4, 4, 4, 2, 3, 1, 1, None]",322,4,1.0,best_second,w2ab44bd,8.709630081951284,7.58018941794454,8.989569004807029,3,3,0,1,1,1,
1137,"[[7, 9], [], [], [], [], [8, 6], [10], [9, 3], [2, 4], [], []]","[1, -2, 0, -2, 4, None, -2, -2, 3, 3, -3]",22,8,1.0,best_second,w2ab44bd,8.80177044891454,7.226209010100671,8.98969370086056,7,3,4,0,1,1,
1139,"[[4], [], [6, 0], [], [], [], [5, 7], [], [9, 3], [], [8, 9]]","[-4, -1, None, -1, -3, 4, 3, -4, 3, 1, 4]",326,11,7.0,best_second,w2ab44bd,8.48879371689454,7.584264818389059,8.828494129466652,7,7,0,1,1,1,
1141,"[[10, 3], [], [8, 6], [], [5], [], [], [2, 8], [], [0, 4], []]","[-1, -2, -3, 4, 2, -3, 1, -3, -1, None, -4]",130,6,5.0,best_min,w2ab44bd,8.935508711503221,7.538494999413465,9.156412029950626,3,3,0,1,1,1,
1142,"[[], [], [6, 5], [1, 4], [], [], [5, 9], [10], [3, 7], [], []]","[2, 3, -2, 2, -2, 3, 1, -4, None, 2, -4]",196,9,4.0,best_second,w2ab44bd,8.351374706721296,6.297109319933935,8.471777327885755,5,5,0,1,1,1,
1143,"[[1, 9], [5, 8], [], [10, 6], [], [], [], [], [], [4], [6, 7]]","[None, -2, 4, -2, 3, -4, 1, -4, -2, -1, -4]",216,7,,best_alone,w2ab44bd,8.949754525186103,6.980075940561763,9.080231686629162,2,2,0,1,1,1,2.0
1144,"[[], [], [0, 5], [], [], [], [1], [3, 10], [2, 6], [7, 3], []]","[-4, -4, 4, 2, -4, 4, -2, 4, None, 3, 0]",54,11,0.0,best_second,w2ab44bd,8.038512020976814,7.284820912568604,8.423980809694058,8,8,0,1,1,1,
1146,"[[], [], [1, 10], [], [5], [], [9, 4], [2, 1], [], [3, 0], []]","[-1, -4, 0, -3, 2, 1, None, -2, 4, -2, 4]",82,7,,best_alone,w2ab44bd,8.146419323098003,6.962243464266207,8.41316512099219,3,3,0,1,1,1,2.0
1147,"[[], [], [10, 0], [], [1, 5], [], [9], [2, 10], [4, 6], [], []]","[2, 4, 4, -3, -1, -4, -4, 1, None, -3, -1]",324,9,3.0,best_second,w2ab44bd,8.58316818033977,6.57507584059962,8.708969906980947,3,3,0,1,1,1,
1150,"[[10, 6], [], [], [8, 7], [], [], [9], [], [7, 1], [], [2, 4]]","[None, 2, 2, 1, 3, 4, 2, -3, 0, -3, 3]",6,4,0.0,best_second,w2ab44bd,8.190354403763262,7.720017940432244,8.675563527387679,6,6,0,1,1,1,
1151,"[[4, 2], [], [], [], [], [], [5], [], [10, 6], [0, 4], [3, 1]]","[-1, -2, -1, 0, -4, 4, 1, -2, None, 0, -1]",112,7,,best_alone,w2ab44bd,8.855235623206967,7.180069874302796,9.026778045746095,5,5,0,1,1,1,2.0
1152,"[[], [], [], [], [1, 2], [8, 7], [], [6], [3, 9], [], [4, 1]]","[0, 2, 3, -1, -2, None, 3, 1, -1, -3, 4]",50,7,,best_alone,w2ab44bd,8.538367426647644,7.110696122978828,8.753213480544126,4,4,0,1,1,1,2.0
1155,"[[9, 1], [], [], [7, 6], [0, 10], [], [], [6, 2], [], [], [8]]","[2, -1, -4, 2, None, 3, 2, 1, -3, -2, -3]",168,4,3.0,best_second,w2ab44bd,8.966738978759576,7.717796211013582,9.218804450388312,1,1,0,1,1,1,
1156,"[[], [], [], [], [6, 2], [7, 10], [2, 8], [0, 1], [], [], [9]]","[4, -4, -1, 2, 0, None, -3, 2, -1, -3, -3]",140,10,6.0,best_second,w2ab44bd,8.608495349823023,6.620073206530356,8.736649954872453,6,6,0,1,1,1,
1157,"[[], [], [], [], [10, 0], [], [], [2], [3, 5], [8, 7], [0, 6]]","[-3, 4, 3, -2, 4, -4, -2, 1, -4, None, -4]",282,11,,best_alone,w2ab44bd,8.373553741214627,6.745236349484363,8.55256033525353,4,4,0,1,1,1,2.0
1158,"[[3, 1], [], [], [1, 4], [], [2, 10], [], [], [6], [5, 8], []]","[0, -4, -1, 1, 2, 4, -4, 0, -3, None, 4]",234,10,0.0,best_second,w2ab44bd,8.19891444498699,7.37650812632622,8.562931083090092,8,8,0,1,1,1,
1161,"[[5, 6], [], [], [1, 2], [3, 9], [6, 8], [], [], [], [7], []]","[-3, -3, 2, 3, None, -2, -2, -1, 2, -1, -2]",248,6,1.0,best_second,w2ab44bd,8.640118538253535,7.089243155027514,8.83229585944401,5,5,0,1,1,1,
1162,"[[], [], [], [], [6], [8, 4], [], [9, 3], [10, 0], [3, 2], []]","[-3, 0, 3, -3, 3, None, -3, 0, -2, 0, 1]",250,3,,best_alone,w2ab44bd,8.794673401383422,7.448333860897476,9.025816391627027,0,0,0,1,1,1,4.0
1164,"[[4], [], [5, 0], [], [], [8, 9], [], [10, 1], [], [], [1, 6]]","[3, -3, None, -3, 2, -4, -2, -2, -1, 1, 0]",186,9,,best_alone,w2ab44bd,8.196436811235028,6.602587892189337,8.381144346952961,5,5,0,1,1,1,2.0
1166,"[[], [], [9, 3], [], [0, 6], [], [], [4, 0], [2, 10], [], [1]]","[-4, 2, 1, 4, -3, 2, -1, -4, None, -4, -1]",386,6,3.0,best_min,w2ab44bd,8.82555985506085,7.555381944240272,9.072915696064511,5,5,0,1,1,1,
1168,"[[], [], [], [5, 7], [8, 0], [7, 1], [], [], [], [2], [4, 9]]","[3, -1, -4, 1, 4, -4, -2, 1, 1, -1, None]",346,7,1.0,best_second,w2ab44bd,8.75352933651643,7.068172000388042,8.923457979694966,7,7,0,1,1,1,
1171,"[[], [], [], [1], [], [10, 0], [8, 3], [], [9, 7], [], [0, 2]]","[2, 0, -1, -4, 4, -4, None, -2, 1, -3, -4]",146,2,3.0,best_second,w2ab44bd,9.04699757378001,7.5251007461258,9.24435525056346,-1,-2,1,0,1,1,
1175,"[[5, 9], [8, 4], [], [], [], [2, 10], [], [1, 8], [], [6], []]","[None, -1, 2, -4, -4, 2, -1, 3, 4, -3, 0]",160,5,2.0,best_second,w2ab44bd,8.730367211692958,6.899723107284872,8.878915376576483,4,4,0,1,1,1,
1176,"[[], [], [4, 1], [2, 4], [], [7], [10, 5], [], [], [], [9, 8]]","[-4, 1, 0, 0, 0, 0, None, 2, 3, 0, 0]",340,2,3.0,best_min,w2ab44bd,8.638702608813434,7.458762692380959,8.906528917594517,3,3,0,1,1,1,
1180,"[[3, 7], [0, 3], [10, 5], [], [], [9], [], [], [], [], [8, 6]]","[-1, 1, None, -2, 1, 4, -4, 1, 2, 1, 2]",150,4,6.0,best_alone,w2ab44bd,9.252441547994819,8.144969417087873,9.537843938614635,5,4,1,0,0,1,
1181,"[[], [8, 2], [], [9, 6], [], [], [], [0], [2, 5], [], [3, 7]]","[4, -1, 1, -3, -4, -3, -1, 0, -1, -3, None]",174,9,,best_alone,w2ab44bd,8.667680024690174,7.161622002939187,8.867850063029406,4,4,0,1,1,1,2.0
1182,"[[8], [], [1, 6], [2, 0], [], [], [], [5, 4], [], [7, 5], []]","[3, 3, 0, None, 1, 2, 1, 1, -4, 0, 1]",292,3,1.0,best_second,w2ab44bd,8.515191188745565,7.173958319756793,8.74735207762435,3,3,0,1,1,1,
1185,"[[9], [8, 0], [], [], [], [6, 4], [4, 3], [], [2, 10], [], []]","[-1, None, 4, -3, -2, 0, -1, 0, 4, -1, -2]",204,8,6.0,best_second,w2ab44bd,8.052296499538647,6.6240652277998935,8.266935347610456,8,8,0,1,1,1,
1186,"[[], [4, 3], [0, 8], [], [], [10], [1, 5], [2, 0], [], [], []]","[4, -1, 2, 0, 2, 3, None, 4, -2, 0, 4]",120,7,,best_alone,w2ab44bd,9.343033913701648,6.551080335043405,9.402447229504935,7,7,0,1,1,1,2.0
1188,"[[], [], [1, 0], [4, 9], [10, 8], [], [], [2, 1], [], [5], []]","[-1, -1, 3, None, -3, 4, 1, 4, -4, -2, -2]",262,8,,best_alone,w2ab44bd,8.851949671253948,7.162397497355718,9.021235862885396,2,2,0,1,1,1,2.0
1191,"[[], [], [], [], [8, 10], [7, 2], [3], [2, 1], [], [4, 6], []]","[4, -1, -3, 4, -1, -2, 4, -4, -1, None, -3]",376,11,,best_alone,w2ab44bd,8.220403099933728,7.029972911706386,8.485702524324866,8,8,0,1,1,1,2.0
1194,"[[], [], [10, 4], [], [8], [7, 9], [], [9, 1], [], [], [3, 0]]","[3, -3, None, -3, 3, 2, -2, -2, 3, 1, -4]",266,10,,best_alone,w2ab44bd,8.299037181613066,7.035268599281097,8.54772239645106,6,6,0,1,1,1,6.0
1196,"[[4, 1], [7], [], [], [5, 2], [], [9, 3], [], [], [3, 8], []]","[None, 3, -2, -1, -4, 0, -3, -2, 1, 0, 2]",142,6,,best_alone,w2ab44bd,8.81818627792769,6.616065185132817,8.922924930641834,1,1,0,1,1,1,2.0
1197,"[[], [], [5, 6], [], [1, 3], [], [], [2, 8], [0], [4, 1], []]","[-2, 0, 0, 0, -3, -2, 4, None, -4, -4, -3]",272,8,4.0,best_second,w2ab44bd,8.431635303054591,7.584773077612199,8.788288460263619,4,4,0,1,1,1,
1198,"[[], [2, 4], [4, 0], [], [], [6, 10], [8, 7], [], [], [], [9]]","[-2, -3, 1, -2, 3, None, 1, -2, 1, -2, 3]",380,2,3.0,best_min,w2ab44bd,9.050171619823361,7.2254814727822945,9.199582715323222,2,2,0,1,1,1,
1199,"[[8, 9], [], [5, 3], [], [10], [], [2, 4], [0, 8], [], [], []]","[2, 0, -4, -1, 0, 1, None, -4, 0, 1, 2]",194,6,,best_alone,w2ab44bd,8.487352349405217,7.886081401775745,8.9242570208881,2,2,0,1,1,1,2.0
1200,"[[], [], [8, 4], [5, 1], [], [], [2, 8], [3, 9], [], [10], []]","[-3, -3, 1, -2, -3, 3, -3, None, -2, 4, 4]",136,10,,best_alone,w2ab44bd,8.127699852817772,6.917705609835306,8.388450315523512,8,8,0,1,1,1,6.0
1202,"[[], [3, 6], [], [0, 9], [], [], [8], [10, 2], [], [], [2, 5]]","[3, None, 1, 4, 0, 2, -2, 4, -4, 0, 4]",176,8,4.0,best_second,w2ab44bd,8.569406062863171,6.955592608396297,8.750841375375531,7,7,0,1,1,1,
1203,"[[3, 9], [], [1], [9, 4], [], [6, 2], [7, 10], [], [], [], []]","[1, 2, 2, -1, 2, None, 2, -4, 3, 1, -2]",218,5,,best_alone,w2ab44bd,9.03646306196489,7.0707241072602764,9.167432870964907,4,4,0,1,1,1,2.0
1206,"[[], [10, 5], [0, 4], [], [], [], [2, 0], [], [1, 9], [7], []]","[-3, -1, 0, -2, 2, 4, 1, -4, None, -2, -3]",72,8,5.0,best_second,w2ab44bd,8.875007486048395,8.045588280803528,9.236982302922604,3,3,0,1,1,1,
1207,"[[10, 4], [], [8, 1], [2, 8], [], [0, 9], [], [], [], [7], []]","[3, -4, -4, 2, 0, None, 1, -4, 1, 1, -2]",190,4,3.0,best_second,w7ffa36c,8.319229938632326,7.865955413933501,8.8110561229431,3,3,0,1,1,1,
1208,"[[2, 6], [4, 8], [], [], [10, 3], [0, 2], [], [], [9], [], []]","[0, None, 4, -1, -1, -1, 0, 2, -4, -2, 3]",340,6,0.0,best_second,w7ffa36c,8.34924780056679,7.6760099320288875,8.761236806838188,2,2,0,1,1,1,
1209,"[[], [10, 8], [7, 4], [], [3], [], [], [5, 9], [], [], [8, 0]]","[-4, 1, None, 4, 2, -1, 0, -4, -1, 1, -4]",314,10,,best_alone,w7ffa36c,7.724888439323074,6.859614903654202,8.075893630298857,6,6,0,1,1,1,2.0
1211,"[[], [], [], [], [0], [3, 7], [5, 4], [], [9, 1], [], [8, 9]]","[-2, 1, 3, -1, -4, 3, None, 4, -3, 4, 4]",264,9,1.0,best_second,w7ffa36c,8.96482339168508,7.88344635413774,9.25674674479034,7,7,0,1,1,1,
1212,"[[2, 6], [0, 2], [], [9, 8], [], [3, 10], [], [], [], [], [4]]","[-3, -3, 0, -3, 4, None, -2, 0, -2, -4, 1]",142,11,,best_alone,w7ffa36c,8.657650544111494,7.4133673356952405,8.910720661951359,5,5,0,1,1,1,2.0
1213,"[[1, 10], [10, 6], [], [4], [], [], [], [5, 8], [], [7, 3], []]","[0, 0, -4, 4, 4, 3, -2, -1, -3, None, 3]",74,9,2.0,best_alone,w7ffa36c,8.801469470733187,7.136483208590247,8.974618038455112,8,2,6,0,0,1,
1215,"[[], [], [], [7, 1], [5, 9], [6, 2], [], [1, 0], [], [8], []]","[-1, -2, 0, -4, None, -4, 2, -1, 3, 4, -1]",356,10,,best_alone,w7ffa36c,8.298041661371565,6.0844994130751715,8.401557847817314,7,7,0,1,1,1,2.0
1216,"[[9, 10], [], [], [], [], [7, 1], [], [1, 6], [], [8, 3], [4]]","[None, 2, -2, 2, 1, 2, -1, 1, 1, 3, 1]",378,2,1.0,best_second,w7ffa36c,7.7039102096163115,8.033334015880062,8.575084669832014,5,5,0,1,1,1,
1218,"[[], [7], [8, 5], [], [9, 10], [], [4, 1], [], [5, 0], [], []]","[3, 1, 0, 2, -1, -2, None, 2, -2, -2, -4]",294,7,,best_alone,w7ffa36c,7.473637108496206,7.27655640271871,8.0727793331695,3,3,0,1,1,1,2.0
1219,"[[], [9, 5], [6, 8], [], [], [], [3, 4], [], [10], [5, 0], []]","[1, -2, None, -3, 2, 0, -3, 4, 0, -2, -4]",318,4,,best_min,w7ffa36c,8.342363500380579,7.239214973779806,8.628734566149145,-1,-4,3,0,0,1,5.0
1223,"[[2, 8], [], [3, 1], [], [], [10, 9], [], [], [6], [], [9, 7]]","[None, 3, 4, 1, 3, -3, -4, 4, -1, -4, 3]",362,7,1.0,best_second,w7ffa36c,7.737616282857904,7.32317071794347,8.244596756382498,7,7,0,1,1,1,
1224,"[[], [], [], [], [], [8, 10], [4, 3], [], [0, 1], [6, 4], [7]]","[0, -2, -1, 2, -4, None, 2, 4, -1, 2, 4]",234,10,,best_alone,w7ffa36c,7.642524134232902,6.46302945692067,7.9102237070973445,8,8,0,1,1,1,2.0
1225,"[[], [], [6, 0], [], [], [1, 7], [], [], [4], [5, 1], [2, 8]]","[-3, -1, 3, -2, -4, 2, 3, 1, -4, -4, None]",2,10,6.0,best_second,w7ffa36c,8.418256443556213,6.5337888379333435,8.559486103606488,6,6,0,1,1,1,
1226,"[[5], [7, 6], [], [10, 0], [], [], [], [6, 8], [], [], [9, 4]]","[2, -3, 0, None, 4, -3, 3, 3, 3, 3, 0]",66,3,4.0,best_second,w7ffa36c,8.17413934342947,7.217443431696532,8.499029220788566,4,4,0,1,1,1,
1228,"[[6, 9], [], [3, 8], [], [2, 3], [], [], [0, 10], [], [], [1]]","[3, 4, 3, 2, -3, 0, 0, None, -1, 3, -3]",214,4,0.0,best_second,w7ffa36c,8.343315881404944,7.60339933974067,8.733271845008327,6,6,0,1,1,1,
1230,"[[7, 1], [], [8, 5], [2, 6], [], [], [4], [1, 9], [], [], []]","[0, 1, 2, None, -4, 1, -3, 0, 4, 3, -4]",200,8,1.0,best_second,w7ffa36c,8.079308192051963,7.266128779556451,8.446126742982377,6,6,0,1,1,1,
1231,"[[5, 2], [], [], [1], [], [], [0, 3], [], [], [10, 8], [8, 7]]","[2, 2, 3, 2, -2, -4, None, -4, 1, 4, -4]",130,4,1.0,best_min,w7ffa36c,8.714239143608573,6.837332814685591,8.856518497019858,5,5,0,1,1,1,
1234,"[[], [], [], [], [5, 1], [], [10, 2], [0], [4, 7], [], [2, 9]]","[4, 3, 1, 2, -3, 1, -3, 1, None, 3, 1]",198,6,6.0,best_alone,w7ffa36c,8.555066843844319,6.1903154058531475,8.644706511715196,5,-2,7,0,0,1,
1235,"[[2, 10], [], [10, 3], [], [6, 5], [7], [9, 8], [], [], [], []]","[-2, 4, -2, -1, None, 1, -2, -1, 0, -4, -4]",58,4,,best_alone,w7ffa36c,8.77909581088053,7.757051142032014,9.086363192156472,0,0,0,1,1,1,4.0
1236,"[[], [5, 2], [], [4, 8], [10, 9], [2, 6], [], [], [0], [], []]","[-2, 1, -4, None, -1, 1, -3, 1, 1, -2, 1]",12,2,,best_min,w7ffa36c,7.60389796852188,7.044905117129371,8.055792450977771,0,-1,1,0,0,1,3.0
1237,"[[4, 6], [], [7, 8], [2, 5], [6, 1], [9], [], [], [], [], []]","[2, -3, 3, None, -4, -4, 0, 0, 4, -1, -2]",42,8,1.0,best_second,w7ffa36c,7.777373602657861,7.311218384419628,8.264105763728956,7,7,0,1,1,1,
1243,"[[6, 4], [], [8, 5], [], [], [], [], [], [5, 3], [0, 10], [7]]","[1, 3, -4, 4, 1, -1, 2, -2, -2, None, -2]",78,4,0.0,best_second,w7ffa36c,7.878534196140362,7.545389749611823,8.418697944667139,3,3,0,1,1,1,
1245,"[[2, 9], [], [9, 7], [10], [], [4, 6], [], [], [5, 3], [], []]","[2, 0, 4, 4, -1, 1, -3, -3, None, -2, 2]",320,7,,best_alone,w7ffa36c,8.2960476427647,7.280697195384742,8.605020901781758,6,6,0,1,1,1,2.0
1247,"[[], [], [0, 1], [], [], [10, 6], [], [4], [2, 7], [5, 10], []]","[1, -1, -1, -1, 1, -3, 1, 1, None, 2, -1]",168,3,,best_alone,w7ffa36c,8.770128527538184,7.441906728051625,9.005036738790304,2,2,0,1,1,1,2.0
1249,"[[9, 5], [10, 8], [], [], [3], [], [0, 4], [1, 10], [], [], []]","[-1, -4, -4, 4, 4, 4, None, -4, 3, -4, -3]",192,9,,best_alone,w7ffa36c,7.91644286012226,6.508769136971681,8.13505390861157,8,8,0,1,1,1,8.0
1251,"[[], [], [1, 9], [], [2, 5], [10], [8, 7], [], [7, 3], [], []]","[4, 4, 4, 0, None, -2, 4, 2, 2, -1, -3]",292,9,5.0,best_second,w7ffa36c,9.206432747145165,7.427144133408616,9.362288628248242,8,8,0,1,1,1,
1252,"[[8, 6], [], [], [], [], [], [1], [9, 5], [2, 4], [], [7, 9]]","[None, 3, -1, 4, 3, 0, 1, -4, 3, 4, 0]",334,3,0.0,best_min,w7ffa36c,8.50207955360619,7.540621528657152,8.825706773447951,6,6,0,1,1,1,
1253,"[[3, 4], [], [], [4, 1], [], [], [8, 7], [2], [9, 5], [], []]","[-2, -2, 2, -3, 0, 2, None, 2, -3, -4, 1]",20,8,,best_alone,w7ffa36c,8.190077049719049,7.2019163175316265,8.506334448081363,4,4,0,1,1,1,6.0
1262,"[[], [4, 5], [], [], [5, 3], [], [0, 9], [6, 10], [], [], [8]]","[4, -1, -4, 3, 0, -1, 0, None, 4, -2, 3]",240,6,,best_alone,w7ffa36c,7.738052297689316,6.609349243167381,8.017966703493599,7,7,0,1,1,1,6.0
1264,"[[], [], [0, 3], [], [], [], [4], [10, 5], [2, 6], [], [5, 9]]","[-1, 3, 3, 3, -1, -3, -3, 2, None, 4, -1]",68,7,0.0,best_second,w7ffa36c,7.973155433444133,7.682021510826875,8.531096096585228,6,6,0,1,1,1,
1266,"[[], [], [9], [], [6, 3], [7, 1], [], [], [4, 6], [], [5, 2]]","[-3, 2, 4, -2, -1, -3, -3, -2, 4, 3, None]",80,10,,best_alone,w7ffa36c,7.531552381407289,6.7190131543852605,7.898411092811599,7,7,0,1,1,1,4.0
1267,"[[2, 8], [], [7, 3], [], [], [10, 6], [], [], [1], [], [6, 9]]","[None, -2, -1, -3, 2, 2, -3, 3, 2, 4, -1]",350,4,,best_min,w7ffa36c,7.803435056952168,8.142063283104145,8.679992081721329,2,0,2,0,0,1,6.0
1269,"[[10], [], [8, 5], [], [], [], [3, 1], [], [5, 7], [6, 0], []]","[1, -2, 2, 2, 3, -1, -3, -4, 2, None, -4]",126,3,,best_min,w7ffa36c,7.950502434808851,6.568077911411976,8.17413934342947,-1,-3,2,0,0,1,4.0
1271,"[[4, 3], [], [], [6], [1, 5], [], [], [], [10, 7], [], [7, 2]]","[None, -4, 2, -2, 4, 4, -2, -4, 3, 0, -1]",398,10,0.0,best_second,w7ffa36c,7.976595409316577,7.247792581767847,8.370084326378025,8,8,0,1,1,1,
1272,"[[], [], [0, 5], [], [6, 1], [], [1, 8], [10], [], [2, 7], []]","[0, -1, -2, -1, 2, -4, 0, 1, -2, None, 4]",242,9,,best_alone,w7ffa36c,7.773594467360194,6.761572768804055,8.083328608786374,5,5,0,1,1,1,4.0
1273,"[[], [10, 7], [6, 9], [], [2, 6], [], [], [0], [], [], [8, 5]]","[2, None, 3, -1, -4, 1, 0, 3, -1, -4, 2]",108,3,,best_alone,w7ffa36c,8.914357274485015,6.523562306149512,9.001839097398843,5,5,0,1,1,1,2.0
1276,"[[], [], [], [2, 6], [3, 10], [], [], [9, 8], [], [8, 1], [5]]","[0, 0, 2, -4, None, 3, 0, 1, 4, -1, 4]",324,10,,best_alone,w7ffa36c,7.446585099157725,6.957497370876951,7.92443418488756,7,7,0,1,1,1,2.0
1277,"[[7, 1], [], [], [], [8, 3], [4, 9], [], [1, 2], [], [6], []]","[1, 0, -1, 1, -1, None, -4, 2, 4, 0, -1]",252,5,2.0,best_second,w7ffa36c,8.773539383558164,7.907283609426348,9.124455632819013,3,3,0,1,1,1,
1280,"[[], [], [9, 1], [], [], [8, 6], [0], [2, 9], [3, 4], [], []]","[4, -3, -2, -4, 4, None, 0, 0, -4, -4, 4]",244,8,,best_alone,w7ffa36c,7.790282380703483,6.964135612418245,8.153061946801051,4,4,0,1,1,1,8.0
1281,"[[], [], [8, 9], [], [], [1, 10], [], [5, 1], [4, 0], [3], []]","[-2, -4, None, 3, 4, 1, -4, -3, 4, -3, -1]",358,7,6.0,best_second,w7ffa36c,7.3271232922592935,6.542471960506805,7.7025561132685825,8,8,0,1,1,1,
1283,"[[], [], [], [2, 0], [7, 8], [4, 7], [], [], [], [3, 10], [6]]","[-4, -1, 0, -3, 2, -4, -1, -1, -1, None, 4]",308,8,,best_alone,w7ffa36c,8.722417141427496,6.324358962381311,8.809265612169312,3,3,0,1,1,1,4.0
1285,"[[5], [10, 0], [], [], [], [], [], [9, 2], [], [2, 6], [8, 3]]","[1, None, -1, 4, 3, -2, -4, -4, 1, -2, 2]",84,5,2.0,best_second,w7ffa36c,8.497398564088058,7.091742115095153,8.716535732544495,6,6,0,1,1,1,
1287,"[[], [], [6, 0], [], [5, 9], [8, 10], [], [2, 6], [], [1], []]","[1, 4, -3, 3, None, -4, 3, 4, -3, 1, 1]",178,10,,best_alone,w7ffa36c,7.639642287858013,6.415096959171596,7.896924656268864,5,5,0,1,1,1,4.0
1295,"[[], [], [], [5, 8], [0, 1], [6, 9], [], [4, 0], [2], [], []]","[3, -1, 3, None, -1, 1, -2, -4, 3, 0, -2]",28,6,,best_alone,w7ffa36c,7.830822995135316,6.905753276311463,8.164510268747042,6,6,0,1,1,1,2.0
1299,"[[5, 10], [3], [], [], [8, 1], [], [], [0, 5], [9, 2], [], []]","[-1, 3, -3, 2, None, -3, 4, -1, -4, -1, -4]",158,11,,best_alone,w7ffa36c,7.597396320212795,6.698268054115412,7.938445551164789,5,5,0,1,1,1,2.0
1302,"[[], [2], [], [10, 9], [6, 7], [3, 1], [7, 0], [], [], [], []]","[-4, -2, -4, 3, 2, None, -4, 0, -2, 4, -3]",172,10,1.0,best_second,w7ffa36c,7.783224016336037,6.891625897052253,8.126518168780708,7,7,0,1,1,1,
1303,"[[], [], [], [], [3, 2], [10], [0, 1], [], [4, 3], [6, 5], []]","[-4, 2, -1, -2, 2, 0, -2, 4, -2, None, 4]",50,7,,best_alone,w7ffa36c,8.697178688412645,7.105786129481272,8.882391706295845,4,4,0,1,1,1,6.0
1307,"[[5, 1], [], [], [], [], [1, 2], [], [3], [4, 10], [8, 7], []]","[4, 0, -3, -3, -3, 2, 3, -4, 2, None, 3]",216,9,1.0,best_second,w7ffa36c,8.098946748943339,7.424165281042028,8.510369966068113,5,5,0,1,1,1,
1310,"[[6, 10], [], [], [1, 9], [3, 1], [], [5, 7], [], [], [], [2]]","[None, -4, 4, -1, 1, -2, -1, -4, 2, 2, 1]",10,9,,best_alone,w7ffa36c,7.5688956634069955,6.776506992372183,7.942006808489857,5,5,0,1,1,1,2.0
1314,"[[], [3, 2], [], [], [1, 7], [], [], [10], [9, 0], [0, 6], []]","[2, 3, 4, -1, None, 2, 2, -4, -2, 4, -2]",228,9,,best_second,w7ffa36c,7.384610383176974,7.762170607138205,8.283999304248525,7,-6,13,0,0,1,5.0
1315,"[[8], [2, 9], [9, 7], [], [10, 0], [], [], [], [], [], [6, 5]]","[-2, -2, 0, 0, None, -2, 2, -4, 2, 0, 0]",102,3,2.0,best_min,w7ffa36c,8.051340933292979,8.399760094524142,8.933664178700935,2,2,0,1,1,1,
1316,"[[], [2, 8], [], [], [7, 6], [3], [], [], [], [1, 2], [4, 5]]","[-1, 4, 0, 2, -1, 3, 3, 1, -2, 2, None]",226,4,,best_alone,w7ffa36c,7.894318063841624,7.744136627627991,8.514990767861038,5,5,0,1,1,1,2.0
1318,"[[9, 3], [], [], [10], [7, 5], [], [4, 7], [], [], [1, 8], []]","[None, 4, 4, 3, -2, 0, -4, -3, 0, -3, 4]",176,8,,best_alone,w7ffa36c,7.616775808698373,6.16541785423142,7.826842098158294,7,7,0,1,1,1,4.0
1319,"[[6, 8], [], [10, 9], [], [], [], [7, 3], [], [1], [], [9, 4]]","[None, 2, 2, -3, 4, 4, 4, -1, 3, -3, 3]",52,3,,best_alone,w7ffa36c,8.636752426473876,6.628041376179533,8.76248954737158,5,5,0,1,1,1,2.0
1320,"[[2, 6], [7, 8], [], [1, 9], [], [], [], [], [], [5], [0, 2]]","[2, 1, 3, None, -2, 1, 2, 1, 2, -1, 2]",148,2,1.0,best_second,w7ffa36c,7.807510042216193,6.946975992135418,8.159946655578548,3,3,0,1,1,1,
1322,"[[], [9, 0], [1, 5], [10, 6], [], [8], [], [], [], [], [6, 7]]","[2, 0, None, 1, 0, -3, 0, -4, -3, 0, -4]",156,5,2.0,best_second,w7ffa36c,8.225770799348732,6.626717749249025,8.4096079807363,2,2,0,1,1,1,
1324,"[[1, 5], [], [10, 6], [4], [], [], [], [], [2, 10], [0, 3], []]","[-3, 0, 1, 2, 1, -4, 3, -1, 2, None, 2]",184,8,,best_alone,w7ffa36c,7.6746174973643635,7.110696122978828,8.124743020385568,3,3,0,1,1,1,4.0
1325,"[[], [], [], [], [3, 5], [], [7, 9], [9, 1], [0], [], [4, 8]]","[4, -4, 0, -4, -2, 2, -2, 4, 3, 3, None]",166,10,,best_alone,w7ffa36c,7.448333860897476,6.444131256700441,7.76004068088038,7,7,0,1,1,1,6.0
1326,"[[6, 3], [], [7, 10], [4], [], [], [9, 1], [], [2, 7], [], []]","[None, -3, 1, -2, 3, 0, -2, 4, 4, 4, 1]",346,4,,best_min,w7ffa36c,8.636219897837877,6.100318952020064,8.712266432135355,2,1,1,0,0,1,7.0
1327,"[[], [], [], [8], [], [], [10, 3], [5, 1], [], [7, 5], [0, 2]]","[2, 3, -3, 3, -3, -1, None, 1, -4, 4, 4]",316,6,,best_second,w7ffa36c,8.246171559857563,7.344072850573066,8.58653266949485,6,-1,7,0,0,1,5.0
1328,"[[], [7, 8], [], [], [], [], [9, 4], [2, 10], [5], [4, 3], []]","[-4, None, -1, -2, -4, 1, 3, -4, 4, -3, -3]",62,11,,best_alone,w7ffa36c,7.808729306744399,7.0613343669104385,8.196161139282903,5,5,0,1,1,1,2.0
1331,"[[], [4, 10], [], [], [], [9, 7], [1, 4], [0], [], [8, 2], []]","[0, -3, -4, 1, -3, None, -1, 0, -1, 2, 0]",6,2,,best_min,w7ffa36c,9.06681636189014,7.150701457592527,9.204020443231363,1,0,1,0,0,1,3.0
1332,"[[9], [], [5, 8], [7, 1], [], [], [2, 0], [1, 4], [], [], []]","[4, -1, 0, 0, 4, -4, None, 2, 4, 3, 1]",92,7,,best_alone,w7ffa36c,7.897668150726906,6.234410725718371,8.070906088787819,7,7,0,1,1,1,8.0
1334,"[[6, 2], [], [], [], [], [], [], [0, 8], [3], [5, 4], [9, 5]]","[3, -1, -1, -4, 3, 3, -2, None, 3, 3, -3]",388,2,4.0,best_second,w7ffa36c,8.24800570160062,7.337587743538596,8.585972706811065,2,2,0,1,1,1,
1335,"[[3, 5], [2], [], [5, 8], [7, 1], [], [], [10, 6], [], [], []]","[2, 4, 3, -3, None, 3, 0, -4, 4, 3, 4]",268,9,,best_alone,w7ffa36c,7.966239776559468,6.329720905522696,8.143807976771484,7,7,0,1,1,1,4.0
1337,"[[3, 1], [], [9, 5], [], [], [8], [], [0, 3], [], [6, 4], []]","[0, -1, None, 2, 4, 4, 2, 1, 3, -4, 1]",182,8,,best_alone,w7ffa36c,7.349230824613334,6.522092798170152,7.711548979629145,7,7,0,1,1,1,2.0
1339,"[[], [], [4, 7], [], [], [], [2, 4], [], [0], [10, 8], [5, 1]]","[-2, 4, 2, -2, -4, -2, -1, -3, -4, None, 0]",250,8,4.0,best_second,w7ffa36c,8.423321975806166,7.282761179605593,8.700514248543277,4,4,0,1,1,1,
1341,"[[2, 8], [], [8, 7], [10], [5, 3], [1, 9], [], [], [], [], []]","[2, 4, 4, 0, None, 0, 4, 1, -4, 2, -2]",44,4,2.0,best_second,w7ffa36c,8.353261499733874,7.480428306074208,8.702177865629675,4,4,0,1,1,1,
1342,"[[], [], [6, 3], [0], [], [7, 8], [9, 4], [], [], [], [5, 7]]","[0, -4, None, -2, -1, 0, -2, 4, -1, -3, -3]",104,2,1.0,best_alone,w7ffa36c,9.187890243138591,6.853299093186078,9.280239499355849,-2,-3,1,0,0,1,
1344,"[[], [], [], [], [7, 6], [], [], [6, 0], [2, 1], [3], [8, 9]]","[4, 2, 1, 1, -3, 3, 0, -3, 1, -1, None]",284,2,,best_second,w7ffa36c,7.947678571301567,6.363028103540465,8.133880887949205,3,0,3,0,0,1,1.0
1347,"[[1, 2], [10, 8], [4], [], [], [], [3, 5], [], [], [6, 3], []]","[None, 2, -4, 0, 0, -4, 4, -2, -2, 4, 3]",114,7,4.0,best_second,w7ffa36c,7.552237287560801,7.543273346705446,8.240648863374913,5,5,0,1,1,1,
1348,"[[], [5, 3], [8], [], [9, 10], [], [], [1, 2], [], [10, 6], []]","[2, -3, 3, 1, 0, -1, 1, None, -1, -2, 4]",146,5,,best_alone,w7ffa36c,7.4821189235521155,6.732210706467206,7.868636894184167,2,2,0,1,1,1,2.0
1349,"[[], [], [1, 3], [], [2, 1], [9, 7], [5, 10], [], [], [], [8]]","[-1, 2, -2, 1, 4, -4, None, 2, 2, -4, 4]",186,11,,best_alone,w7ffa36c,7.401231264413014,7.1569563646156364,7.979338895262328,6,6,0,1,1,1,6.0
1350,"[[], [10], [], [], [8, 1], [], [], [0, 3], [2, 5], [7, 0], []]","[4, -2, 4, -3, None, -4, 3, -3, 1, 1, -3]",88,9,5.0,best_second,w7ffa36c,7.773173680482535,7.069874128458572,8.174984532943087,5,5,0,1,1,1,
1351,"[[7, 6], [2, 3], [3, 9], [], [10], [], [], [], [0, 4], [], []]","[0, 4, 2, -4, 4, -1, -4, 0, None, 4, 4]",106,10,,best_alone,w7ffa36c,7.55171221535131,6.4754327167040895,7.844632644464681,8,8,0,1,1,1,4.0
1352,"[[], [4, 6], [8, 10], [], [], [1, 4], [], [], [3, 0], [], [9]]","[-1, -3, None, 1, 4, 4, -4, 2, 2, 1, -2]",304,3,3.0,best_second,w7ffa36c,7.758760544157663,7.475905969367397,8.320204597578877,3,1,2,0,1,1,
1354,"[[], [4, 0], [7, 5], [10], [0, 9], [], [], [], [2, 3], [], []]","[-4, -1, 3, 1, -2, -4, -1, -1, None, 4, -4]",396,4,7.0,best_second,w7ffa36c,7.911324018963352,8.28045768658256,8.805824812903607,2,2,0,1,1,1,
1355,"[[5], [], [], [], [9, 3], [], [1, 7], [], [], [3, 8], [6, 0]]","[2, -4, 2, -4, -4, 2, -3, 2, 3, -2, None]",260,8,,best_alone,w7ffa36c,7.6676260915849905,6.8638033914529535,8.037220031133012,4,4,0,1,1,1,6.0
1356,"[[], [], [4, 6], [7, 5], [], [8], [], [1, 0], [], [], [2, 4]]","[4, 3, -3, None, -3, -4, 4, 3, 2, -2, 4]",222,5,1.0,best_second,w7ffa36c,8.665095821339733,6.99576615630485,8.837536046107566,7,7,0,1,1,1,
1357,"[[], [0, 4], [], [], [], [], [9, 3], [], [1, 10], [3, 7], [5]]","[1, 4, -4, 4, 3, -4, 1, -1, None, 2, -1]",372,7,1.0,best_second,w7ffa36c,7.751475318021457,7.161622002939187,8.19229373114764,7,7,0,1,1,1,
1358,"[[], [8], [], [4, 5], [], [], [], [3, 4], [], [10, 1], [0, 2]]","[-3, -4, 4, 1, 0, 4, 4, -4, -3, None, 4]",90,11,0.0,best_second,w7ffa36c,7.580699752224563,6.639875833826536,7.909856667269403,8,8,0,1,1,1,
1359,"[[], [], [9, 3], [], [], [2, 7], [], [4], [10, 1], [], [1, 6]]","[3, -4, -4, 0, 4, None, 2, -1, -2, -4, 2]",64,9,,best_alone,w7ffa36c,8.492695559815838,6.90975328164481,8.679312040892674,3,3,0,1,1,1,4.0
1362,"[[], [10, 8], [], [], [5, 9], [], [4, 5], [], [7], [], [0, 2]]","[4, None, 2, 0, -3, -4, -1, 2, -4, -1, 2]",124,5,0.0,best_second,w7ffa36c,8.027802848370312,6.6758232216348485,8.257644958208227,6,6,0,1,1,1,
1366,"[[], [10, 4], [], [], [], [], [1, 10], [8, 9], [5, 0], [3], []]","[-3, 2, -1, -2, 4, -1, -1, None, 2, 4, 4]",332,2,,best_alone,w7ffa36c,7.609366537954212,7.074116816197362,8.069968149059841,2,2,0,1,1,1,2.0
1368,"[[9, 5], [0, 9], [], [2], [], [], [], [10, 3], [], [], [6, 8]]","[-2, -1, -2, 0, 2, -3, 0, None, -3, -1, 3]",24,4,6.0,best_second,w7ffa36c,7.622174594817622,8.15507488781144,8.616676469901188,3,3,0,1,1,1,
1369,"[[], [], [], [], [7, 10], [], [], [3, 5], [6, 2], [8, 6], [0]]","[-4, 1, 4, -1, None, 4, 1, -2, -1, 1, -1]",76,6,6.0,best_second,w7ffa36c,7.9291264873067995,6.957497370876951,8.249836485425702,2,-3,5,0,1,1,
1371,"[[], [], [], [5, 4], [], [], [3, 5], [8, 9], [2, 0], [1], []]","[2, 1, -3, 2, 1, -1, 4, None, 4, -2, -3]",224,6,2.0,best_second,w7ffa36c,7.617267813628347,7.492760300922379,8.249836485425702,6,6,0,1,1,1,
1372,"[[10, 9], [6, 8], [], [], [], [], [4, 5], [0, 10], [3], [], []]","[-2, None, -4, 4, 2, -4, -2, 2, 4, 4, 4]",354,11,,best_alone,w7ffa36c,7.155396301896734,6.784457062637643,7.679713639966372,8,8,0,1,1,1,6.0
1373,"[[8, 10], [2, 5], [6, 4], [], [], [3], [], [], [], [0, 8], []]","[-3, None, 3, 0, 3, 1, 0, 1, 4, 2, 3]",310,4,0.0,best_second,w7ffa36c,7.463936604468925,7.381501894506707,8.116417072794205,6,6,0,1,1,1,
1374,"[[], [2], [], [], [], [], [9, 5], [10, 1], [6, 9], [], [4, 0]]","[1, -1, 0, 0, 2, 1, 3, None, -3, 3, 0]",128,2,1.0,best_second,w7ffa36c,8.098642843759416,7.679713639966372,8.603921194926063,2,2,0,1,1,1,
1378,"[[], [9, 6], [], [], [], [0, 7], [4], [], [], [2, 8], [5, 0]]","[2, None, 3, -1, -4, 3, -3, -2, -4, 1, 3]",232,9,5.0,best_second,w7ffa36c,7.671826797878781,7.5688956634069955,8.314587291319576,4,4,0,1,1,1,
1379,"[[10, 6], [], [8, 9], [2, 8], [], [], [4], [], [], [], [7, 5]]","[None, -1, 3, -2, -4, 3, -4, -1, -1, -3, 3]",238,9,0.0,best_second,w7ffa36c,7.661527081358518,6.787844982309579,8.010027528481734,6,6,0,1,1,1,
1380,"[[], [], [5, 4], [], [], [], [8, 0], [2, 9], [0, 1], [10], []]","[4, 0, 0, -1, -4, 1, -3, None, 4, -3, 1]",22,4,4.0,best_min,w7ffa36c,7.80016307039296,7.293697720601438,8.271548374755515,1,1,0,1,1,1,
1384,"[[], [], [], [9, 1], [6, 2], [4, 10], [], [3, 9], [], [], [0]]","[0, 3, -3, -2, -3, None, 1, -2, 3, 2, 4]",336,8,,best_alone,w7ffa36c,7.3271232922592935,6.666956792429207,7.743269700829004,4,4,0,1,1,1,4.0
1385,"[[], [], [6], [7, 2], [8, 10], [], [], [1, 0], [10, 9], [], []]","[3, 4, 0, None, 2, 1, 4, 3, -1, -1, -3]",116,2,0.0,best_second,w7ffa36c,7.711101251840158,8.0774471493312,8.603921194926063,7,7,0,1,1,1,
1386,"[[10, 8], [], [], [2, 4], [], [0, 10], [], [6], [], [3, 7], []]","[1, -2, 1, 3, 4, -2, -4, -2, -4, None, 1]",98,8,1.0,best_second,w7ffa36c,8.538367426647644,7.465082736399547,8.83229585944401,7,7,0,1,1,1,
1389,"[[], [4, 9], [], [7, 6], [2, 5], [], [], [6, 8], [], [0], []]","[0, None, -2, 4, 1, 3, -1, 4, 1, 3, 3]",262,3,,best_min,w7ffa36c,8.500047032581268,6.579251212010101,8.636574948436317,4,3,1,0,0,1,5.0
1391,"[[], [], [], [4, 5], [2, 9], [1], [], [], [7, 0], [], [8, 7]]","[4, -2, 3, None, -3, 0, -1, 2, 3, 4, -2]",136,2,,best_second,w7ffa36c,7.771910256435763,6.5337888379333435,8.026170194946426,1,-2,3,0,0,1,1.0
1393,"[[], [0], [8, 1], [], [7, 5], [], [4, 7], [], [3, 9], [], []]","[-4, -1, None, -1, -3, 3, 4, 1, -3, -4, -3]",208,2,,best_min,w7ffa36c,7.804659297056102,7.8826922062890254,8.537387898701756,-4,-5,1,0,0,1,3.0
1394,"[[], [10, 7], [1, 9], [], [8, 6], [], [], [], [6, 5], [3], []]","[-2, -4, None, -2, -3, 2, 1, -2, -4, 2, 0]",120,5,,best_alone,w7ffa36c,7.688455356549944,7.1853870155804165,8.161089512845797,0,0,0,1,1,1,2.0
1395,"[[9], [], [], [6, 0], [1, 2], [], [5, 10], [4, 1], [], [], []]","[-1, 2, 4, None, 1, 0, -4, 2, -2, 2, -2]",302,6,,best_alone,w7ffa36c,7.562681246721885,6.068425588244111,7.764720544771477,1,1,0,1,1,1,2.0
1397,"[[4, 7], [], [], [0, 4], [], [], [], [], [6, 1], [5], [8, 9]]","[-1, 4, 3, 3, 3, -3, -3, -4, 1, -3, None]",82,9,3.0,best_second,w7ffa36c,7.3796321526095525,7.440146680662688,8.103191752285786,5,5,0,1,1,1,
1403,"[[], [7, 8], [], [], [], [], [0, 2], [8, 4], [], [5], [6, 9]]","[-2, 0, 0, 0, -2, -1, -1, -2, -2, 2, None]",306,3,,best_alone,w7ffa36c,8.29054350077274,6.401917196727186,8.431199478249262,1,1,0,1,1,1,2.0
1406,"[[], [5], [10, 9], [], [7, 0], [], [4, 1], [], [], [], [9, 8]]","[-1, -4, -3, 0, 3, -4, None, 3, -1, 3, -2]",338,9,4.0,best_second,w7ffa36c,7.246368080102461,6.317164686747283,7.578656850594762,6,6,0,1,1,1,
1407,"[[], [], [], [6], [], [10, 1], [], [4, 2], [7, 3], [], [1, 9]]","[-4, -2, 4, 4, 0, -1, 1, -3, None, -3, 3]",110,6,,best_alone,w7ffa36c,7.349873704738338,6.324358962381311,7.655864017616056,5,5,0,1,1,1,4.0
1408,"[[4, 9], [8, 5], [], [], [], [2], [], [], [3, 6], [], [0, 4]]","[-3, None, 2, 4, -3, 0, 3, 0, 1, -3, 4]",202,2,2.0,best_second,w7ffa36c,8.044947049617722,7.2449415463370075,8.415824697027949,5,4,1,0,1,1,
1409,"[[1, 5], [], [], [8, 2], [3, 8], [], [0, 10], [], [], [], [9]]","[4, -3, -2, -4, 2, -4, None, -4, -4, 0, -4]",254,3,8.0,best_second,w7ffa36c,7.630461261783627,8.183397369998431,8.637639344492104,1,0,1,0,1,1,
1410,"[[], [8, 6], [], [], [0, 3], [], [], [4, 9], [6, 2], [10], []]","[1, -3, -1, -3, -3, -2, 4, None, 4, 4, 0]",382,8,,best_alone,w7ffa36c,7.288927694521257,6.570882962339584,7.685703061234547,4,4,0,1,1,1,4.0
1411,"[[], [], [1, 6], [2, 1], [7, 0], [9], [], [], [4, 5], [], []]","[-2, -3, -2, -2, -4, 3, 2, 0, None, -2, 4]",330,6,,best_alone,w7ffa36c,7.478734825567875,7.855544677915663,8.377701212597637,1,1,0,1,1,1,2.0
1412,"[[], [0, 10], [1, 0], [8, 5], [], [9], [], [], [7, 6], [], []]","[-4, 2, -1, None, -4, 3, 2, 0, 0, 4, 0]",140,6,,best_alone,w7ffa36c,8.032035314398826,6.680854678790215,8.262042843966942,7,7,0,1,1,1,2.0
1414,"[[1, 5], [5, 10], [], [], [7, 6], [], [3], [8, 2], [], [], []]","[0, -1, 3, 3, None, 1, 4, -3, -3, 3, 3]",386,10,,best_alone,w7ffa36c,7.444833273892193,6.133398042996649,7.682943169878292,7,7,0,1,1,1,6.0
1415,"[[], [], [0, 5], [6, 8], [9], [], [], [2, 0], [], [], [3, 4]]","[2, 1, 2, 4, -1, 1, 4, -4, 1, 4, None]",212,4,3.0,best_second,w7ffa36c,7.671360923190644,6.253828811575473,7.887959336599945,8,8,0,1,1,1,
1416,"[[9, 4], [], [], [0, 9], [], [8, 10], [], [], [7, 6], [], [1]]","[2, -2, 0, 4, 1, None, 3, -1, 1, -1, -2]",194,6,2.0,best_second,w7ffa36c,7.554334823725747,7.028201432058004,8.01829613851552,4,4,0,1,1,1,
1418,"[[4, 8], [], [10], [6, 2], [], [], [9, 1], [0, 4], [], [], []]","[-3, 0, -2, None, 3, 4, 4, 2, -2, -2, 2]",288,3,4.0,best_second,w7ffa36c,7.354362330421477,7.482681828154652,8.113426639943654,4,4,0,1,1,1,
1419,"[[], [], [], [2, 1], [6, 9], [], [5, 10], [3, 2], [], [0], []]","[0, 4, 2, -2, None, 2, 1, -2, 3, -1, 0]",18,3,1.0,best_second,w7ffa36c,7.881559917056898,7.259819610363186,8.31115254800169,3,3,0,1,1,1,
1421,"[[2, 5], [9], [5, 7], [10, 8], [], [], [3, 1], [], [], [], []]","[1, -4, 3, 2, -4, -2, None, -1, -2, -4, 1]",274,7,4.0,best_second,w7ffa36c,8.486940148245218,6.93537044601511,8.678971846978863,3,3,0,1,1,1,
1422,"[[], [2], [], [4, 10], [10, 8], [], [7, 1], [5, 9], [], [], []]","[-3, 4, -1, 2, -1, -4, None, -1, 3, -2, 1]",14,7,,best_alone,w7ffa36c,8.022568946988255,6.359573868672378,8.195885391314796,3,3,0,1,1,1,2.0
1424,"[[1, 4], [], [], [], [], [7], [0, 5], [], [9, 2], [2, 10], []]","[2, -2, -3, 2, -3, -4, None, 1, -3, 0, 1]",218,2,5.0,best_second,w7ffa36c,8.45807992692373,7.7886260656250315,8.87136500513685,0,-1,1,0,1,1,
1426,"[[3, 4], [], [], [4, 10], [], [8, 6], [9], [], [2, 1], [], []]","[4, 2, 0, -3, -3, None, -2, -1, 3, -1, 4]",96,5,1.0,best_second,w7ffa36c,7.3783837129967145,7.318539548567902,8.041734711487539,5,5,0,1,1,1,
1427,"[[8, 3], [], [4, 9], [], [5, 7], [], [], [], [], [1], [0, 8]]","[-3, 3, None, -1, -1, 0, -3, -4, -3, 4, 3]",154,10,,best_alone,w7ffa36c,7.590346945602565,6.037870919922137,7.781973234434385,7,7,0,1,1,1,4.0
1430,"[[3, 6], [], [7, 10], [6, 9], [], [], [], [8, 4], [], [], [1]]","[0, -2, None, 2, 4, -4, -1, 4, -1, 3, -3]",122,9,0.0,best_second,w7ffa36c,7.962763930168115,7.155396301896734,8.331345424845724,8,8,0,1,1,1,
1431,"[[], [], [1, 5], [0], [], [], [], [4, 6], [], [2, 3], [7, 4]]","[0, -1, -4, 4, 0, -3, -2, -4, 0, None, 4]",322,10,,best_alone,w7ffa36c,8.117610746466228,6.182084906716632,8.252185436003328,4,4,0,1,1,1,2.0
1432,"[[], [7, 8], [0], [1, 2], [], [], [10, 4], [], [], [6, 10], []]","[0, 2, 2, None, 3, 2, 4, -2, -4, -1, 4]",248,3,,best_alone,w7ffa36c,8.480114183174816,6.71174039505618,8.637462023807181,2,2,0,1,1,1,2.0
1435,"[[4, 7], [2, 10], [3, 8], [], [], [0, 4], [], [], [], [], [6]]","[-3, None, 0, 3, 3, -3, -2, -3, -3, 3, 1]",204,5,3.0,best_min,w7ffa36c,8.394573477868327,6.606650186198216,8.54907938027856,3,3,0,1,1,1,
1439,"[[], [], [0, 6], [], [3], [], [], [8, 5], [], [2, 0], [7, 4]]","[1, 3, 0, 2, -4, -3, -2, -1, 1, 3, None]",180,3,2.0,best_min,w7ffa36c,7.81035268372429,7.595889917718538,8.40178233990491,0,0,0,1,1,1,
1440,"[[], [], [], [1, 6], [], [8, 0], [], [9], [0, 4], [], [3, 7]]","[-4, 3, -2, 4, 4, -2, -3, -4, -2, 1, None]",162,8,7.0,best_second,w7ffa36c,7.682943169878292,7.038783541388542,8.10470346837111,7,7,0,1,1,1,
1441,"[[], [], [3, 4], [10, 5], [9], [], [7, 1], [1, 0], [], [], []]","[3, -3, None, -2, 4, -2, -1, 3, 1, 2, -4]",344,11,,best_alone,w7ffa36c,7.552237287560801,6.343880434126331,7.813187267521416,6,6,0,1,1,1,2.0
1444,"[[], [4], [], [], [], [0, 2], [5, 1], [3, 10], [7, 3], [], []]","[-2, 2, 1, -2, 2, 4, None, 3, 0, 3, 3]",246,2,3.0,best_min,w7ffa36c,8.163086375583216,6.635946555686647,8.35936910622267,5,5,0,1,1,1,
1446,"[[], [], [], [], [], [6, 0], [0, 2], [1, 4], [10], [7, 8], []]","[0, -1, 1, 0, -3, 4, -4, -4, 3, None, 2]",360,11,,best_alone,w7ffa36c,7.487173694213739,6.1862086239004945,7.727535110475448,5,5,0,1,1,1,2.0
1447,"[[], [], [8, 9], [], [], [], [7, 1], [1, 5], [4, 3], [10], []]","[-1, -1, None, -2, 0, 3, 1, -1, -4, 2, -2]",230,5,,best_alone,w7ffa36c,7.458186157340487,6.642486801367256,7.824046010856293,0,0,0,1,1,1,2.0
1449,"[[], [], [3, 10], [7, 6], [8, 0], [], [], [], [0, 5], [], [1]]","[3, -1, None, 2, -4, -1, 0, 4, -2, 4, -3]",16,7,2.0,best_second,w7ffa36c,8.4252971767117,6.169610732491456,8.524764456912555,6,6,0,1,1,1,
1454,"[[], [], [], [2], [], [], [0, 1], [5, 4], [7, 3], [], [6, 0]]","[2, 0, 1, 1, -4, 3, 2, 0, None, -2, 2]",290,4,4.0,best_min,w7dc578d,10.022514258957768,6.93828448401696,10.06722074451873,3,3,0,1,1,1,
1455,"[[2, 7], [6], [], [9, 1], [0, 2], [], [], [], [], [8, 5], []]","[-1, 3, -4, None, -4, 1, -1, -2, 3, -4, 2]",110,4,,best_alone,w7dc578d,10.034471954331547,6.639875833826536,10.067432964124373,2,2,0,1,1,1,2.0
1456,"[[2, 7], [10], [], [], [0, 1], [], [9, 5], [], [], [5, 8], []]","[-3, 2, 1, -3, None, -3, 4, 3, -1, 2, 4]",372,7,,best_alone,w7dc578d,9.277812087091194,7.455876687491824,9.427626803805996,6,6,0,1,1,1,2.0
1457,"[[], [], [], [10, 2], [6, 0], [4, 8], [], [], [9], [], [2, 7]]","[-3, 0, 0, 1, 1, None, 1, -4, 4, -1, 1]",328,3,,best_alone,w7dc578d,9.806756363576357,6.784457062637643,9.854244785957677,3,3,0,1,1,1,4.0
1460,"[[], [10, 7], [0], [9, 5], [1, 10], [], [3, 2], [], [], [], []]","[2, -2, 3, -3, 4, -4, None, 4, -3, -2, 2]",314,11,,best_alone,w7dc578d,9.057072635572965,7.395721608602045,9.230829038403499,5,5,0,1,1,1,2.0
1462,"[[6, 5], [0, 8], [4, 7], [], [], [], [], [], [3], [], [2, 4]]","[1, None, 1, -4, 0, -3, 4, 2, 0, -4, 0]",112,8,4.0,best_second,w7dc578d,10.011893426379915,7.711101251840158,10.107325952792332,5,5,0,1,1,1,
1466,"[[], [], [5, 1], [], [10, 0], [], [7], [], [4, 6], [2, 5], []]","[1, 3, 2, 3, 1, 0, -4, -4, None, 0, 3]",90,7,0.0,best_second,w7dc578d,8.14757773620177,7.028201432058004,8.42989086301344,4,4,0,1,1,1,
1467,"[[], [], [], [8, 7], [], [], [10, 0], [2], [9, 5], [], [0, 4]]","[3, -3, 1, None, -1, 2, -1, 2, 4, 1, -2]",250,2,2.0,best_second,w7dc578d,9.060911858484253,7.461640392208574,9.24483841238375,6,6,0,1,1,1,
1468,"[[4, 1], [], [0, 4], [10, 5], [], [], [], [3, 9], [], [8], []]","[-1, -4, -4, 2, 3, 3, -3, None, 2, 2, -4]",254,4,1.0,best_min,w7dc578d,9.204624064980072,6.827629234502853,9.29330189269053,5,5,0,1,1,1,
1470,"[[], [2], [], [], [], [8, 1], [], [9, 0], [3, 6], [0, 10], []]","[0, -4, -3, -3, 0, None, 0, 0, 2, -4, -2]",96,6,2.0,best_second,w7dc578d,8.73985662749357,6.873163834212518,8.883501584323207,2,2,0,1,1,1,
1472,"[[2, 5], [8, 6], [], [], [3], [], [], [], [6, 10], [0, 4], []]","[-2, 3, -1, -4, -1, 1, -4, 2, 2, None, -2]",358,3,3.0,best_second,w7dc578d,8.954156966583772,7.084226422097916,9.097395612960048,-1,-1,0,1,1,1,
1476,"[[], [], [], [2], [5, 3], [8, 7], [1, 0], [], [], [], [6, 1]]","[3, 1, -4, 2, None, 2, -1, 4, 2, -4, -3]",306,5,2.0,best_second,w7dc578d,8.753213480544126,6.906754778648553,8.89959435992585,6,6,0,1,1,1,
1477,"[[7, 6], [], [], [8, 1], [], [], [5], [10, 4], [], [3, 8], []]","[None, -4, -4, -4, -1, 3, 3, -4, 4, 4, 3]",394,9,,best_alone,w7dc578d,8.351374706721296,6.779921907472252,8.539932678385727,6,6,0,1,1,1,4.0
1480,"[[], [5, 0], [], [], [], [0, 8], [10, 7], [9], [], [], [3, 4]]","[-1, -3, -4, 4, -4, -2, None, -2, 2, 0, 4]",36,9,8.0,best_second,w7dc578d,7.793999089503996,7.140453043101159,8.212568398234144,8,8,0,1,1,1,
1482,"[[9, 2], [], [], [5, 4], [], [], [3, 5], [], [1], [], [0, 8]]","[2, 1, -1, -2, -4, -2, 0, 0, -2, 1, None]",232,3,3.0,best_second,w7dc578d,8.422442854870427,6.851184927493742,8.611047766887863,3,3,0,1,1,1,
1489,"[[], [10, 5], [3, 9], [], [2, 3], [0], [], [], [], [], [6, 7]]","[-2, None, 4, -3, -2, -3, 0, 3, 2, 3, 3]",276,7,0.0,best_second,w7dc578d,8.365672383774994,7.194436851100334,8.63550941823428,6,6,0,1,1,1,
1491,"[[6, 2], [5, 4], [8], [1, 5], [], [], [7, 10], [], [], [], []]","[None, 2, -2, 3, -3, 0, -2, -3, 0, -1, -1]",64,2,,best_alone,w7dc578d,9.009691898489343,7.557994958530806,9.219993629004321,-2,-2,0,1,1,1,2.0
1493,"[[5, 3], [], [8, 10], [], [], [3, 7], [], [], [4, 6], [], [9]]","[-3, 1, None, 1, 3, -2, -1, 3, 3, -4, -4]",310,9,4.0,best_second,w7dc578d,8.692490133273228,6.977281341630747,8.857799727175905,6,6,0,1,1,1,
1494,"[[1, 5], [], [], [6, 2], [0, 9], [], [], [], [3, 6], [10], []]","[0, -4, 4, 0, None, 4, 3, 3, -4, -4, -4]",192,10,4.0,best_second,w7dc578d,8.216628493133442,6.945051063725834,8.463581421967588,4,4,0,1,1,1,
1497,"[[8, 6], [], [0, 8], [], [10, 7], [], [], [9], [], [], [5, 3]]","[-3, -4, 3, -3, None, 1, -4, 4, -2, 2, 0]",100,7,,best_alone,w7dc578d,8.081165777725433,6.492239835020471,8.266678443305896,6,6,0,1,1,1,4.0
1499,"[[9], [2, 4], [4, 7], [], [], [], [], [], [10, 0], [], [5, 6]]","[-2, 3, -4, 4, -3, 1, -1, -2, None, 1, 2]",264,3,3.0,best_second,w7dc578d,8.366137716496281,6.583409222158765,8.521384396034705,3,3,0,1,1,1,
1500,"[[6, 1], [8], [7, 4], [], [], [], [3, 9], [4, 5], [], [], []]","[None, 4, -3, 0, 4, 4, -1, -3, 3, 2, 3]",288,7,,best_alone,w7dc578d,8.29254851397576,6.318968113746434,8.422442854870427,7,7,0,1,1,1,2.0
1504,"[[5, 10], [8, 2], [], [], [], [4, 6], [], [1, 8], [], [], [9]]","[None, -3, 0, 4, -4, -3, -2, 0, -2, 2, -1]",378,7,,best_alone,w7dc578d,8.41803561988302,6.180016653652572,8.51919119407891,1,1,0,1,1,1,2.0
1505,"[[], [], [4, 10], [], [1, 6], [], [], [], [5, 3], [8, 5], [7]]","[4, -1, None, 1, 4, 3, -3, 2, -1, -2, 3]",128,3,,best_alone,w7dc578d,8.9237243977064,6.3561076606958915,8.997518369733845,5,5,0,1,1,1,2.0
1506,"[[], [], [], [10, 5], [9, 8], [2], [], [], [], [8, 0], [7, 6]]","[-2, -2, 2, None, 2, 3, 1, -1, 4, 1, -1]",218,6,,best_alone,w7dc578d,8.800113946766308,7.242082359256962,8.991064332188461,5,5,0,1,1,1,2.0
1507,"[[], [], [1, 8], [4, 9], [], [2, 1], [3, 7], [10], [], [], []]","[2, -4, -4, -3, 4, 2, None, -4, 3, 3, 2]",320,2,6.0,best_second,w7dc578d,8.957252944288902,6.669498089857879,9.053803514155955,1,1,0,1,1,1,
1508,"[[], [2, 0], [], [1, 2], [], [7, 6], [], [], [5, 10], [], [4]]","[2, 2, -1, 1, 0, -2, -2, -4, None, 0, 1]",118,6,,best_alone,w7dc578d,8.389814262086407,6.077642243349034,8.484049972822984,1,1,0,1,1,1,2.0
1510,"[[], [], [3], [], [8, 7], [4, 8], [10, 2], [], [], [], [0, 1]]","[0, -1, -4, 0, -1, 1, None, 2, -3, -4, 3]",194,4,4.0,best_second,w7dc578d,8.31581113188354,7.072421900537371,8.569026340056254,3,3,0,1,1,1,
1511,"[[7], [4, 2], [], [], [], [1, 0], [], [], [10, 3], [], [3, 9]]","[0, 4, 0, 2, 3, None, -1, -2, -1, 4, -1]",134,6,4.0,best_second,w7dc578d,7.81923445385907,6.812345094177479,8.130353547431238,7,7,0,1,1,1,
1512,"[[9, 8], [], [6, 1], [], [2, 10], [0, 9], [], [], [], [], [7]]","[-1, 0, 0, -4, None, 4, 2, 2, 1, 0, 1]",362,2,,best_alone,w7dc578d,8.6164953924901,6.559615237493242,8.736649954872453,3,3,0,1,1,1,2.0
1513,"[[], [0, 7], [], [], [10], [2, 9], [1, 0], [], [5, 4], [], []]","[-4, -1, 3, 0, -2, 3, 4, -2, None, -2, -3]",312,8,5.0,best_second,w7dc578d,8.101071503119545,6.5337888379333435,8.290292591224315,6,6,0,1,1,1,
1514,"[[], [], [], [0], [], [10, 1], [7, 4], [], [6, 3], [5, 10], []]","[-4, -1, 0, -3, 3, -3, 1, -2, None, -4, -1]",220,8,2.0,best_second,w7dc578d,8.59877317840866,7.3833681469923835,8.858368636308018,4,4,0,1,1,1,
1518,"[[], [], [0, 4], [2, 5], [], [10], [], [1, 6], [7, 1], [], []]","[1, 3, 1, None, -3, 4, 0, 0, 4, -2, -1]",360,3,4.0,best_alone,w7dc578d,8.844768827529697,7.4977617006225685,9.075779878580487,3,2,1,0,0,1,
1519,"[[3, 4], [], [8, 6], [], [], [9], [], [0, 5], [6, 1], [], []]","[-4, 0, -3, -1, -3, 4, -1, None, 0, 1, -1]",296,11,,best_alone,w7dc578d,8.21527695893663,6.835184586147301,8.439447842791385,5,5,0,1,1,1,2.0
1521,"[[10, 8], [], [9, 5], [], [2, 9], [], [], [], [7], [], [1, 3]]","[None, 4, 2, -4, 3, -4, -1, 4, 0, 1, -3]",270,7,,best_alone,w7dc578d,8.364508103750588,6.423246963533519,8.498418036089904,4,4,0,1,1,1,8.0
1522,"[[2, 1], [10], [3, 9], [], [], [], [8, 7], [], [7, 4], [], []]","[None, 4, -3, 0, -2, 0, 3, -1, 0, 4, 3]",104,8,,best_alone,w7dc578d,7.8628820346414905,6.437751649736402,8.07806788181544,7,7,0,1,1,1,4.0
1524,"[[3, 2], [], [], [2, 4], [], [1, 10], [], [9], [5, 7], [], []]","[4, -1, -1, -3, -4, 2, -3, 4, None, -2, -3]",292,2,,best_alone,w7dc578d,9.090204570736201,6.5722825426940075,9.167641617443067,2,2,0,1,1,1,2.0
1525,"[[2, 4], [], [4, 7], [5, 8], [], [1, 9], [], [], [10], [], []]","[4, -4, -4, None, 4, 0, 3, 3, -1, 4, 1]",156,6,4.0,best_min,w7dc578d,8.773694146384443,7.346655163176539,8.988695696785708,4,4,0,1,1,1,
1532,"[[8, 5], [], [], [], [10, 7], [], [], [6], [5, 2], [], [1, 3]]","[0, 2, 4, -4, None, -4, 4, 4, 0, -4, -2]",212,11,,best_alone,w7dc578d,8.83141981909013,6.925595197110468,8.969923491991516,8,8,0,1,1,1,6.0
1533,"[[], [8, 6], [10, 7], [1, 4], [0], [], [], [], [], [], [7, 5]]","[-1, 4, 0, None, -2, 1, -1, -3, 3, 4, -1]",150,7,5.0,best_second,w7dc578d,8.130647968160583,7.656810091480378,8.614501373883236,7,7,0,1,1,1,
1535,"[[], [8, 0], [9, 6], [10], [2, 3], [], [], [], [0, 7], [], []]","[0, 1, -3, -2, None, -4, 0, 2, 0, -4, 4]",286,7,,best_alone,w7dc578d,8.117610746466228,7.597897950521784,8.584103896698865,2,2,0,1,1,1,4.0
1537,"[[], [], [], [8], [1, 0], [9, 2], [], [4, 1], [], [], [5, 3]]","[-1, -3, -1, -2, 3, 2, 4, -2, 1, 1, None]",46,3,3.0,best_second,w7dc578d,8.824824939175638,6.55250788703459,8.922791623969637,3,3,0,1,1,1,
1539,"[[], [], [], [6, 7], [], [], [4, 5], [2], [], [8, 1], [9, 8]]","[3, 0, 4, None, -2, -4, -2, 2, -2, -4, -3]",86,11,,best_alone,w7dc578d,7.8351837552667485,6.4425401664681985,8.056743774975315,6,6,0,1,1,1,2.0
1540,"[[10, 6], [], [3], [], [0, 10], [], [], [1, 5], [7, 2], [], []]","[-4, 0, -4, 0, 4, -1, 4, 3, None, -4, 3]",8,4,4.0,best_second,w7dc578d,8.451694209183541,6.90875477931522,8.645234541297121,3,3,0,1,1,1,
1541,"[[2, 8], [], [8, 7], [1], [6, 3], [], [10, 9], [], [], [], []]","[1, 2, -4, 4, None, -3, -1, 1, -1, -1, 3]",82,6,,best_alone,w7dc578d,8.458716261657262,6.697034247666484,8.617038526385954,6,6,0,1,1,1,4.0
1542,"[[9, 4], [0, 6], [7, 5], [], [], [], [10], [5, 3], [], [], []]","[-3, None, 2, 3, 4, 1, 3, 1, -3, 2, 2]",340,5,,best_alone,w7dc578d,8.149890544402423,7.44600149832412,8.55159461813357,5,5,0,1,1,1,2.0
1544,"[[], [7, 5], [], [], [], [], [10, 9], [5, 0], [], [3], [2, 4]]","[0, -2, -2, -3, -1, -4, None, -3, 2, -3, 2]",280,4,3.0,best_second,w7dc578d,8.639056779173076,6.976348070447749,8.812545770172239,1,1,0,1,1,1,
1545,"[[], [7, 3], [10, 0], [8], [], [2, 10], [], [4, 6], [], [], []]","[3, None, -3, 4, -4, 4, 4, -1, 4, -2, -1]",30,9,,best_alone,w7dc578d,7.738052297689316,6.806829360392176,8.069968149059841,8,8,0,1,1,1,8.0
1546,"[[7, 1], [], [4], [5, 10], [], [], [0, 7], [], [], [3, 2], []]","[2, 3, 0, 4, -1, -3, -3, 2, 0, None, 4]",272,8,0.0,best_second,w7dc578d,8.161089512845797,6.7357800142423265,8.37632063253482,8,8,0,1,1,1,
1548,"[[], [], [10], [4, 5], [], [], [9, 1], [6, 2], [3, 4], [], []]","[4, -4, 2, -3, 4, -2, -4, None, 2, 0, -3]",48,5,,best_alone,w7dc578d,9.004913941467132,6.573680166960646,9.089076284483143,-1,-1,0,1,1,1,4.0
1549,"[[9, 3], [], [], [6], [], [], [], [], [10, 7], [1, 5], [7, 4]]","[None, -2, 1, 3, 3, 0, 3, 1, 3, 1, 0]",392,6,,best_alone,w7dc578d,8.270781013162672,6.918695219020472,8.50065722277614,6,6,0,1,1,1,2.0
1550,"[[6, 8], [7, 4], [], [], [], [], [5, 10], [4, 2], [9], [], []]","[None, 3, -4, -2, 2, 0, -3, 2, 2, -1, -2]",120,5,,best_alone,w7dc578d,8.747193183526933,6.603943824600473,8.857941984804711,1,1,0,1,1,1,2.0
1551,"[[8, 1], [], [], [], [5, 9], [3, 6], [], [], [1, 10], [2], []]","[-4, 4, 4, 3, None, 2, 4, -1, -4, -3, 0]",158,3,2.0,best_second,w7dc578d,8.043020885298283,7.4360278163518485,8.47782846789396,6,6,0,1,1,1,
1552,"[[9, 8], [4, 3], [], [], [3, 2], [], [], [], [6], [5, 7], []]","[None, 4, -3, -2, -3, 3, 4, -1, 4, 1, 3]",180,6,,best_alone,w7dc578d,7.933438387627489,6.860663671448286,8.227375506834035,8,8,0,1,1,1,4.0
1554,"[[], [], [], [], [5, 1], [], [8, 0], [], [0, 7], [4, 10], [2]]","[-1, -4, -4, 4, 4, 3, 4, -4, -4, None, 0]",390,9,8.0,best_second,w7dc578d,7.989560449333865,7.039660349862076,8.316300249036848,7,7,0,1,1,1,
1557,"[[], [7], [], [], [2, 0], [8, 9], [5, 8], [], [], [], [4, 1]]","[-1, -3, -2, -4, 2, -3, -2, 1, -2, -4, None]",224,2,3.0,best_second,w7dc578d,8.834628222017365,7.0085051820822795,8.983816112502495,1,1,0,1,1,1,
1558,"[[10, 9], [], [5, 1], [4], [], [], [0, 3], [], [2, 5], [], []]","[-1, 3, 0, -3, 4, 3, None, -1, 2, 1, -3]",144,3,2.0,best_alone,w7dc578d,8.781862489558945,6.937314081223682,8.928507824313295,1,0,1,0,0,1,
1559,"[[], [5], [], [], [10, 1], [], [], [8, 6], [6, 3], [], [9, 0]]","[-2, -1, -3, -1, None, -2, -4, 0, -3, -4, 3]",62,3,5.0,best_second,w7dc578d,8.526747404221048,6.809039306042979,8.69165057315339,1,1,0,1,1,1,
1564,"[[1, 3], [3, 9], [], [], [], [], [], [10, 8], [6], [], [2, 4]]","[-3, 1, 1, -3, 2, 1, 1, None, 2, 4, 4]",210,2,2.0,best_second,w7dc578d,8.456168489578463,7.548028969935014,8.794824928014517,6,6,0,1,1,1,
1565,"[[4], [], [], [8, 2], [], [], [1, 9], [3, 8], [], [], [6, 0]]","[-2, 1, 3, -4, 1, -3, 2, 2, 3, -1, None]",126,3,3.0,best_second,w7dc578d,8.2987883944492,7.340835554123275,8.623353387244629,3,3,0,1,1,1,
1566,"[[], [], [], [1], [5, 9], [9, 10], [], [6, 2], [7, 3], [], []]","[1, 0, 3, 2, 3, -1, 1, 3, None, -4, 2]",152,3,0.0,best_second,w7dc578d,8.00503334463711,7.337587743538596,8.418918622147897,6,6,0,1,1,1,
1567,"[[], [3, 0], [7, 9], [0, 10], [5], [], [], [], [2, 4], [], []]","[3, 1, 4, 2, -2, -3, 3, 4, None, -1, -4]",58,9,5.0,best_second,w7dc578d,8.136810863675535,6.738152494595957,8.357259153499912,8,8,0,1,1,1,
1569,"[[2, 5], [8, 3], [], [], [0, 9], [], [], [1, 8], [], [10], []]","[3, -4, 0, 2, None, 4, 3, 3, -3, 0, -3]",278,7,1.0,best_second,w7dc578d,7.97522083865341,7.042286171939743,8.30671904320269,7,7,0,1,1,1,
1570,"[[], [], [], [9], [], [], [2, 4], [6, 3], [0, 1], [], [8, 0]]","[2, 2, 0, 4, -4, 2, 2, None, 3, 3, -3]",38,7,,best_alone,w7dc578d,8.116715624819113,6.708084083853069,8.335191583433202,7,7,0,1,1,1,4.0
1574,"[[], [10, 6], [], [2, 0], [], [1, 9], [], [], [3, 2], [7], []]","[-2, 1, 4, 2, -1, None, -4, -3, -4, -2, 3]",54,8,5.0,best_second,w7dc578d,8.193400231952099,6.77078942390898,8.409162447202533,4,4,0,1,1,1,
1576,"[[9, 2], [], [], [], [7, 8], [], [], [1, 3], [6], [2, 10], []]","[-4, 3, -1, -3, None, -2, -2, -1, 2, 0, 2]",400,4,2.0,best_min,w7dc578d,8.659733878198349,6.736966958001855,8.796036315200814,2,2,0,1,1,1,
1577,"[[7, 6], [], [], [], [2], [], [], [6, 3], [], [10, 4], [5, 8]]","[-1, -4, -3, 0, -3, -1, -1, 1, -4, None, 0]",34,4,4.0,best_second,w7dc578d,9.25023393563786,7.582738488914411,9.423029465386534,-1,-1,0,1,1,1,
1580,"[[10, 3], [], [], [], [2, 1], [4, 7], [], [6], [], [0, 10], []]","[4, 3, 1, -1, -1, None, 2, 1, 1, 2, 0]",398,2,,best_alone,w7dc578d,7.451241684987676,6.461468176353717,7.766840537085513,3,3,0,1,1,1,2.0
1582,"[[], [7, 2], [], [6], [], [], [], [2, 0], [9, 4], [], [8, 3]]","[3, -4, -2, 4, -4, -3, 0, 1, 4, 4, None]",102,6,8.0,best_min,w7dc578d,8.402231172946555,6.416732282512326,8.53070154144103,8,8,0,1,1,1,
1584,"[[5, 9], [], [4, 8], [], [8, 3], [1, 10], [], [], [], [7], []]","[None, -1, -1, 1, -2, 0, -4, -3, 1, -3, -4]",170,4,4.0,best_second,w7dc578d,8.449128460502108,6.740519359606223,8.615408238913192,-1,-1,0,1,1,1,
1587,"[[], [], [], [4, 5], [5, 10], [], [0, 7], [], [2], [6, 8], []]","[-2, -1, -3, -4, 1, 0, 2, 1, -3, None, 4]",182,6,1.0,best_second,w7dc578d,8.270781013162672,7.214504414151143,8.569026340056254,3,3,0,1,1,1,
1589,"[[], [], [], [1, 2], [], [8, 4], [0], [], [], [5, 8], [3, 6]]","[3, 2, -2, 2, 0, 4, 3, 4, -3, -4, None]",214,4,,best_alone,w7dc578d,7.807103290125981,6.779921907472252,8.112827478751374,6,6,0,1,1,1,4.0
1592,"[[], [], [], [2, 6], [], [], [], [3, 2], [5, 0], [8, 10], [4]]","[4, -4, 1, -3, 4, -4, 4, -3, -4, None, 0]",60,8,,best_alone,w7dc578d,7.548028969935014,6.914730892718562,7.97349996402463,4,4,0,1,1,1,8.0
1594,"[[7, 4], [], [3], [], [], [0, 7], [], [], [9, 2], [6, 10], []]","[-4, -3, 0, 4, 3, 1, -3, 3, None, -3, 1]",178,8,,best_alone,w7dc578d,8.061486866871325,6.669498089857879,8.283241441385423,4,4,0,1,1,1,4.0
1597,"[[4], [], [8, 7], [10, 0], [], [], [], [], [7, 9], [], [5, 1]]","[-4, 4, 2, None, -3, -3, -3, -2, 4, 4, 4]",84,11,0.0,best_second,w7dc578d,7.697575346802343,7.091742115095153,8.132706489693264,8,8,0,1,1,1,
1598,"[[3, 6], [], [7, 4], [6, 9], [], [10], [], [], [2, 5], [], []]","[-4, -2, 3, -3, 4, -4, -3, 0, None, 0, -1]",18,8,1.0,best_second,w7dc578d,8.279443487712665,7.107425474110705,8.54907938027856,7,7,0,1,1,1,
1601,"[[2, 1], [], [1, 4], [], [], [9, 7], [], [], [3], [], [5, 8]]","[-3, 3, 1, 2, -4, -1, -1, 3, 3, 1, None]",240,4,,best_alone,w7dc578d,8.42222295382501,6.902742737158593,8.61993026886735,5,5,0,1,1,1,2.0
1607,"[[4, 5], [], [8, 9], [0, 7], [], [], [], [6], [9, 10], [], []]","[-2, -2, -2, None, 1, -3, 4, 4, 2, 2, -4]",198,11,,best_alone,w7dc578d,7.655390644826152,6.76619171466035,7.999342952713282,8,8,0,1,1,1,4.0
1608,"[[], [], [10, 4], [], [], [9], [], [8, 5], [3, 0], [], [4, 6]]","[-3, 1, 1, 3, -4, 2, -1, None, -1, 2, -3]",368,5,,best_alone,w7dc578d,8.159660737063376,7.546446273746024,8.592300663903043,4,4,0,1,1,1,6.0
1609,"[[3, 7], [], [], [7, 1], [5], [], [8, 4], [], [10, 2], [], []]","[-4, 1, -3, 3, 4, 3, None, 2, 3, 3, -1]",10,6,,best_alone,w7dc578d,8.064950891749143,6.668228248417403,8.285765420514329,7,7,0,1,1,1,2.0
1610,"[[], [6, 5], [], [], [3], [], [], [0, 10], [1, 4], [7, 0], []]","[1, -4, 2, 0, 4, -3, -1, -2, None, 3, 2]",260,10,,best_alone,w7dc578d,8.109826276018477,6.889591308354466,8.368229038276278,4,4,0,1,1,1,2.0
1611,"[[], [0], [], [4, 8], [], [], [], [10, 1], [], [3, 4], [6, 5]]","[-1, 4, -3, 2, -3, -4, 3, None, 2, 2, 3]",44,5,7.0,best_min,w7dc578d,7.961370201719511,6.4754327167040895,8.165079258805068,6,6,0,1,1,1,
1612,"[[3], [], [], [], [6, 0], [8, 9], [10, 2], [], [9, 7], [], []]","[0, 0, -4, 3, None, 2, -2, 1, -1, -1, 0]",274,7,,best_alone,w7dc578d,8.079308192051963,6.85751406254539,8.337348564497175,3,3,0,1,1,1,4.0
1614,"[[], [6, 5], [4, 0], [], [0, 10], [9], [3, 7], [], [], [], []]","[-2, None, 0, -4, 1, 1, 3, 3, -2, 0, 4]",12,6,0.0,best_min,w7dc578d,7.8808043446749005,6.831953565565856,8.180880941996389,6,6,0,1,1,1,
1615,"[[10, 6], [], [8, 7], [], [], [], [1], [], [], [2, 8], [5, 3]]","[None, 1, 1, 2, -1, -2, -1, 4, -4, -4, -4]",184,4,,best_alone,w7dc578d,8.54752839121231,7.015712420487229,8.743053050224676,0,0,0,1,1,1,4.0
1619,"[[10], [8, 9], [], [4, 0], [5, 2], [], [1, 8], [], [], [], []]","[2, -4, -4, None, -3, 2, 2, -2, -3, 0, 4]",168,10,,best_alone,w7dc578d,7.629975707027789,6.594413459749778,7.933438387627489,6,6,0,1,1,1,6.0
1620,"[[], [], [], [], [5, 6], [2, 3], [9], [], [7, 0], [], [8, 7]]","[2, 2, 1, 3, None, -1, 3, -3, 3, 2, 3]",248,4,,best_alone,w7dc578d,7.9017475185201445,6.643789733147672,8.151621646969751,5,5,0,1,1,1,2.0
1625,"[[], [], [], [9, 6], [], [7, 10], [], [8, 2], [], [6, 0], [1]]","[0, 2, -3, -2, 4, None, -2, -1, 3, -4, 2]",384,5,,best_alone,w7dc578d,8.205491613120236,6.685860947068359,8.403128235128264,4,4,0,1,1,1,6.0
1628,"[[10, 5], [], [], [7, 6], [], [8], [], [6, 9], [], [], [2, 4]]","[None, -1, 3, 0, 1, -3, 0, 0, -2, 4, 4]",166,7,3.0,best_second,w7dc578d,8.063692634269515,6.903747257584598,8.336150816120663,7,7,0,1,1,1,
1629,"[[], [], [], [6, 7], [3, 6], [9, 10], [], [], [], [0, 8], [1]]","[-2, -2, 1, 4, 0, None, -2, 3, 0, 2, -4]",382,5,2.0,best_second,w7dc578d,8.470520783217808,7.1284959456800365,8.70251025718999,2,2,0,1,1,1,
1631,"[[3, 9], [], [5, 7], [6, 1], [], [7, 10], [], [], [], [8], []]","[None, 2, 0, -2, 2, -3, 0, 1, 0, 4, 4]",4,5,,best_alone,w7dc578d,8.23190824356418,6.625392368007956,8.414495793177895,4,4,0,1,1,1,2.0
1637,"[[], [], [5, 7], [8, 9], [], [], [], [], [0, 4], [6], [2, 5]]","[4, 4, -3, None, -4, -4, -4, 4, 3, -3, 3]",74,11,7.0,best_second,w7dc578d,8.070593539949517,6.586171654854675,8.274611946209552,7,7,0,1,1,1,
1638,"[[], [9, 8], [], [6, 4], [5], [], [0, 2], [], [], [8, 10], []]","[2, -1, 4, None, 0, 2, -4, 4, -2, 4, 3]",344,3,,best_alone,w7dc578d,8.275631054578009,6.218600119691729,8.395703293828527,2,2,0,1,1,1,2.0
1640,"[[4, 3], [], [7, 5], [], [], [], [0, 8], [5, 1], [10], [], []]","[-3, 2, -2, 2, -4, -1, None, 3, 2, 2, 2]",124,8,,best_alone,w7dc578d,8.087025470667701,7.113956109566035,8.40737832540903,4,4,0,1,1,1,6.0
1643,"[[6, 5], [], [1, 9], [], [], [7], [8, 3], [], [], [], [2, 1]]","[None, 1, 1, 1, -3, 1, -4, -2, -1, -1, -4]",304,3,,best_alone,w7dc578d,8.698180525197056,6.363028103540465,8.790421306897867,-1,-1,0,1,1,1,2.0
1647,"[[9, 2], [8], [], [10, 4], [], [], [0, 1], [], [], [], [4, 7]]","[2, 2, -2, -2, -4, 0, None, -2, 0, -4, 3]",132,3,,best_alone,w7dc578d,8.722417141427496,6.566672429803241,8.831857935197904,2,2,0,1,1,1,2.0
1650,"[[1, 7], [], [6], [], [], [9, 3], [], [], [5, 9], [], [0, 2]]","[2, 3, -3, 2, 3, -2, 4, 4, -1, 2, None]",352,3,2.0,best_second,w7dc578d,7.853604813097837,6.9975959829819265,8.207401833376355,6,6,0,1,1,1,
1651,"[[], [], [], [], [], [2, 3], [8, 0], [9], [0, 1], [], [5, 7]]","[3, 2, 2, 0, 3, 2, -3, -4, 4, -4, None]",52,7,2.0,best_second,w7dc578d,7.8351837552667485,7.427144133408616,8.344742754417545,4,4,0,1,1,1,
1653,"[[], [7], [10, 0], [], [2, 1], [9, 6], [], [], [], [6, 3], []]","[-4, -3, 4, 0, None, -2, -2, 1, 2, -3, 3]",338,8,8.0,best_second,w7dc578d,7.824046010856293,6.391917113392602,8.037866234709618,7,7,0,1,1,1,
1654,"[[], [5, 8], [], [4, 6], [0, 9], [8, 2], [10], [], [], [], []]","[0, -4, 2, None, 2, 2, -4, 3, 4, 4, -4]",208,9,2.0,best_second,w7dc578d,8.19671240721307,7.033506484287697,8.468423027046809,6,6,0,1,1,1,
1655,"[[], [], [], [0, 10], [], [4, 1], [5, 9], [], [3, 0], [7], []]","[0, 4, -1, -4, 3, -2, None, 2, -2, -3, -1]",348,2,6.0,best_second,w7dc578d,8.163656176168432,6.910750787961935,8.414717399827001,2,2,0,1,1,1,
1656,"[[10, 7], [], [], [0, 10], [], [1, 2], [], [], [5, 9], [6], []]","[-3, 4, -4, 0, -2, 4, 0, -3, None, 2, 4]",318,7,8.0,best_min,w7dc578d,7.7195739892595805,6.9726062513017535,8.10711747075039,8,8,0,1,1,1,
1658,"[[10], [8, 2], [], [6, 5], [1, 0], [], [5, 7], [], [], [], []]","[2, -2, -1, 1, None, -2, 2, 3, 3, 1, 4]",366,7,,best_alone,w7dc578d,7.819636302367591,6.583409222158765,8.074337694089515,6,6,0,1,1,1,4.0
1660,"[[], [], [], [10, 8], [9, 2], [], [], [], [7], [2, 1], [5, 0]]","[-4, 1, -2, None, -3, -2, -1, 4, 3, -1, 0]",256,10,,best_alone,w7dc578d,7.843064016692054,6.556778356158042,8.086717920303904,7,7,0,1,1,1,2.0
1664,"[[], [], [], [5], [7, 1], [], [2, 0], [], [4, 7], [6, 3], []]","[-3, -3, 3, -3, 2, -3, 3, 1, -4, None, -2]",2,9,6.0,best_second,w7dc578d,8.05927622330565,6.508769136971681,8.251403065380554,6,6,0,1,1,1,
1665,"[[], [], [6, 7], [], [], [10, 1], [9, 3], [8], [], [], [1, 0]]","[1, 0, None, -3, 3, -2, 1, 3, 1, 1, 2]",282,4,,best_alone,w7dc578d,7.7314920292456835,6.937314081223682,8.104099056143582,4,4,0,1,1,1,4.0
1666,"[[2, 4], [], [4, 10], [1], [], [7, 8], [5, 3], [], [], [], []]","[2, 0, 2, 3, 3, 4, None, 0, -3, -4, 0]",386,2,7.0,best_min,w7dc578d,8.81314100828505,6.777646593635117,8.935771938669784,4,4,0,1,1,1,
1667,"[[], [0, 3], [], [], [1, 0], [], [7, 10], [9, 2], [], [], [8]]","[-4, -1, -4, -4, 4, 4, None, -3, 2, 2, 3]",342,9,,best_alone,w7dc578d,7.793586803371584,7.0326242610280065,8.176672771948455,5,5,0,1,1,1,6.0
1668,"[[], [], [], [9, 0], [], [], [4, 7], [], [6, 10], [0, 2], [1]]","[1, -3, 4, -2, 0, 1, 3, 4, None, 3, -2]",116,8,1.0,best_second,w7dc578d,7.664346632098617,7.069874128458572,8.10349427838097,7,7,0,1,1,1,
1670,"[[2, 6], [3, 9], [], [], [7], [], [], [], [0, 4], [], [1, 3]]","[0, -2, 4, -4, -3, -2, -4, -3, None, 1, -1]",78,9,4.0,best_second,w7dc578d,8.12740456269308,6.78332520060396,8.358900612421644,4,4,0,1,1,1,
1676,"[[], [], [], [2], [], [], [0, 1], [5, 4], [7, 3], [], [6, 0]]","[2, 0, 1, 1, -4, 3, 2, 0, None, -2, 2]",290,4,,best_min,w45a7a42,9.161780181360806,7.78155595923534,9.386056829718001,3,2,1,0,0,1,7.0
1677,"[[2, 7], [6], [], [9, 1], [0, 2], [], [], [], [], [8, 5], []]","[-1, 3, -4, None, -4, 1, -1, -2, 3, -4, 2]",110,4,,best_alone,w45a7a42,9.12467354521909,9.279773146691518,9.898324245579246,2,2,0,1,1,1,2.0
1678,"[[2, 7], [10], [], [], [0, 1], [], [9, 5], [], [], [5, 8], []]","[-3, 2, 1, -3, None, -3, 4, 3, -1, 2, 4]",372,7,6.0,best_alone,w45a7a42,8.708144074908246,8.346404870435956,9.236592743120248,6,-2,8,0,0,1,
1679,"[[], [], [], [10, 2], [6, 0], [4, 8], [], [], [9], [], [2, 7]]","[-3, 0, 0, 1, 1, None, 1, -4, 4, -1, 1]",328,3,4.0,best_alone,w45a7a42,8.13739583005665,8.30844552038576,8.919586920999915,3,2,1,0,0,1,
1682,"[[], [10, 7], [0], [9, 5], [1, 10], [], [3, 2], [], [], [], []]","[2, -2, 3, -3, 4, -4, None, 4, -3, -2, 2]",314,11,,best_alone,w45a7a42,8.19229373114764,8.33351070898294,8.95841146923022,5,5,0,1,1,1,2.0
1684,"[[6, 5], [0, 8], [4, 7], [], [], [], [], [], [3], [], [2, 4]]","[1, None, 1, -4, 0, -3, 4, 2, 0, -4, 0]",112,8,4.0,best_second,w45a7a42,10.208948146339551,8.100161446936607,10.32347995992483,5,5,0,1,1,1,
1688,"[[], [], [5, 1], [], [10, 0], [], [7], [], [4, 6], [2, 5], []]","[1, 3, 2, 3, 1, 0, -4, -4, None, 0, 3]",90,7,0.0,best_second,w45a7a42,8.445482343862237,8.847072312567807,9.359363643368622,4,4,0,1,1,1,
1689,"[[], [], [], [8, 7], [], [], [10, 0], [2], [9, 5], [], [0, 4]]","[3, -3, 1, None, -1, 2, -1, 2, 4, 1, -2]",250,2,,best_second,w45a7a42,8.792093929503284,7.8450244172414845,9.119758993744943,6,3,3,0,0,1,1.0
1690,"[[4, 1], [], [0, 4], [10, 5], [], [], [], [3, 9], [], [8], []]","[-1, -4, -4, 2, 3, 3, -3, None, 2, 2, -4]",254,4,,best_min,w45a7a42,8.978912601074274,7.190676034332207,9.133459327640225,5,4,1,0,0,1,7.0
1692,"[[], [2], [], [], [], [8, 1], [], [9, 0], [3, 6], [0, 10], []]","[0, -4, -3, -3, 0, None, 0, 0, 2, -4, -2]",96,6,2.0,best_second,w45a7a42,8.256866848974312,8.464003362902119,9.05881956433494,2,2,0,1,1,1,
1694,"[[2, 5], [8, 6], [], [], [3], [], [], [], [6, 10], [0, 4], []]","[-2, 3, -1, -4, -1, 1, -4, 2, 2, None, -2]",358,3,3.0,best_second,w45a7a42,9.030615441029493,8.12740456269308,9.370757093382087,-1,-3,2,0,1,1,
1698,"[[], [], [], [2], [5, 3], [8, 7], [1, 0], [], [], [], [6, 1]]","[3, 1, -4, 2, None, 2, -1, 4, 2, -4, -3]",306,5,2.0,best_second,w45a7a42,8.571113033405668,8.173575486634153,9.085003880664885,6,6,0,1,1,1,
1699,"[[7, 6], [], [], [8, 1], [], [], [5], [10, 4], [], [3, 8], []]","[None, -4, -4, -4, -1, 3, 3, -4, 4, 4, 3]",394,9,,best_alone,w45a7a42,8.263848131368906,7.818832443803404,8.758883680017025,6,6,0,1,1,1,4.0
1702,"[[], [5, 0], [], [], [], [0, 8], [10, 7], [9], [], [], [3, 4]]","[-1, -3, -4, 4, -4, -2, None, -2, 2, 0, 4]",36,9,8.0,best_second,w45a7a42,8.038834757787749,7.293697720601438,8.42704964156327,8,8,0,1,1,1,
1704,"[[9, 2], [], [], [5, 4], [], [], [3, 5], [], [1], [], [0, 8]]","[2, 1, -1, -2, -4, -2, 0, 0, -2, 1, None]",232,3,3.0,best_second,w45a7a42,8.148445666243237,7.988882253309227,8.764834214330834,3,1,2,0,1,1,
1711,"[[], [10, 5], [3, 9], [], [2, 3], [0], [], [], [], [], [6, 7]]","[-2, None, 4, -3, -2, -3, 0, 3, 2, 3, 3]",276,7,0.0,best_second,w45a7a42,7.996990405837649,8.483429561263428,8.962519832949534,6,6,0,1,1,1,
1713,"[[6, 2], [5, 4], [8], [1, 5], [], [], [7, 10], [], [], [], []]","[None, 2, -2, 3, -3, 0, -2, -3, 0, -1, -1]",64,2,,best_alone,w45a7a42,9.537627699020325,8.448914350662942,9.827739775097854,-2,-2,0,1,1,1,2.0
1715,"[[5, 3], [], [8, 10], [], [], [3, 7], [], [], [4, 6], [], [9]]","[-3, 1, None, 1, 3, -2, -1, 3, 3, -4, -4]",310,9,4.0,best_second,w45a7a42,7.379008127628304,7.200424892944957,7.9865049385539955,6,6,0,1,1,1,
1716,"[[1, 5], [], [], [6, 2], [0, 9], [], [], [], [3, 6], [10], []]","[0, -4, 4, 0, None, 4, 3, 3, -4, -4, -4]",192,10,4.0,best_second,w45a7a42,8.193953023563743,8.174984532943087,8.877521453852872,4,4,0,1,1,1,
1719,"[[8, 6], [], [0, 8], [], [10, 7], [], [], [9], [], [], [5, 3]]","[-3, -4, 3, -3, None, 1, -4, 4, -2, 2, 0]",100,7,,best_alone,w45a7a42,7.911324018963352,7.395107546562485,8.379079889286603,6,6,0,1,1,1,4.0
1721,"[[9], [2, 4], [4, 7], [], [], [], [], [], [10, 0], [], [5, 6]]","[-2, 3, -4, 4, -3, 1, -1, -2, None, 1, 2]",264,3,3.0,best_second,w45a7a42,8.105307515505151,7.1284959456800365,8.42463920980563,3,3,0,1,1,1,
1722,"[[6, 1], [8], [7, 4], [], [], [], [3, 9], [4, 5], [], [], []]","[None, 4, -3, 0, 4, 4, -1, -3, 3, 2, 3]",288,7,,best_alone,w45a7a42,8.117908942383155,7.237059026124737,8.464425125877582,7,7,0,1,1,1,2.0
1726,"[[5, 10], [8, 2], [], [], [], [4, 6], [], [1, 8], [], [], [9]]","[None, -3, 0, 4, -4, -3, -2, 0, -2, 2, -1]",378,7,,best_alone,w45a7a42,8.059908334578278,8.483222671845084,8.98682175033189,1,1,0,1,1,1,2.0
1727,"[[], [], [4, 10], [], [1, 6], [], [], [], [5, 3], [8, 5], [7]]","[4, -1, None, 1, 4, 3, -3, 2, -1, -2, 3]",128,3,7.0,best_alone,w45a7a42,8.03689677268507,8.118505067587098,8.771525284186463,5,3,2,0,0,1,
1728,"[[], [], [], [10, 5], [9, 8], [2], [], [], [], [8, 0], [7, 6]]","[-2, -2, 2, None, 2, 3, 1, -1, 4, 1, -1]",218,6,,best_alone,w45a7a42,7.9355873855892,7.130898830296347,8.304989580140361,5,5,0,1,1,1,2.0
1729,"[[], [], [1, 8], [4, 9], [], [2, 1], [3, 7], [10], [], [], []]","[2, -4, -4, -3, 4, 2, None, -4, 3, 3, 2]",320,2,,best_second,w45a7a42,9.939385443533112,7.9355873855892,10.06581896445358,1,-2,3,0,0,1,1.0
1730,"[[], [2, 0], [], [1, 2], [], [7, 6], [], [], [5, 10], [], [4]]","[2, 2, -1, 1, 0, -2, -2, -4, None, 0, 1]",118,6,,best_alone,w45a7a42,8.288031567776464,7.174724309836376,8.571870752706934,1,1,0,1,1,1,2.0
1732,"[[], [], [3], [], [8, 7], [4, 8], [10, 2], [], [], [], [0, 1]]","[0, -1, -4, 0, -1, 1, None, 2, -3, -4, 3]",194,4,4.0,best_second,w45a7a42,8.046869510959578,8.0519780789023,8.742414582525413,3,2,1,0,1,1,
1733,"[[7], [4, 2], [], [], [], [1, 0], [], [], [10, 3], [], [3, 9]]","[0, 4, 0, 2, 3, None, -1, -2, -1, 4, -1]",134,6,4.0,best_second,w45a7a42,8.205764725234456,7.283448228756631,8.54032360880509,7,7,0,1,1,1,
1734,"[[9, 8], [], [6, 1], [], [2, 10], [0, 9], [], [], [], [], [7]]","[-1, 0, 0, -4, None, 4, 2, 2, 1, 0, 1]",362,2,,best_alone,w45a7a42,8.878218658092226,7.219642040130735,9.052399183907607,3,3,0,1,1,1,2.0
1735,"[[], [0, 7], [], [], [10], [2, 9], [1, 0], [], [5, 4], [], []]","[-4, -1, 3, 0, -2, 3, 4, -2, None, -2, -3]",312,8,5.0,best_second,w45a7a42,8.348537825386098,7.091742115095153,8.59877317840866,6,6,0,1,1,1,
1736,"[[], [], [], [0], [], [10, 1], [7, 4], [], [6, 3], [5, 10], []]","[-4, -1, 0, -3, 3, -3, 1, -2, None, -4, -1]",220,8,,best_second,w45a7a42,7.739359202689098,8.475120414994329,8.866440619526173,4,-7,11,0,0,1,5.0
1740,"[[], [], [0, 4], [2, 5], [], [10], [], [1, 6], [7, 1], [], []]","[1, 3, 1, None, -3, 4, 0, 0, 4, -2, -1]",360,3,,best_alone,w45a7a42,8.19671240721307,7.780720886117918,8.70317470904168,3,3,0,1,1,1,4.0
1741,"[[3, 4], [], [8, 6], [], [], [9], [], [0, 5], [6, 1], [], []]","[-4, 0, -3, -1, -3, 4, -1, None, 0, 1, -1]",296,11,,best_alone,w45a7a42,7.587310506022615,8.016647877057803,8.517793011488205,5,5,0,1,1,1,2.0
1743,"[[10, 8], [], [9, 5], [], [2, 9], [], [], [], [7], [], [1, 3]]","[None, 4, 2, -4, 3, -4, -1, 4, 0, 1, -3]",270,7,,best_alone,w45a7a42,8.757154527656606,6.985641817639208,8.914088348841334,4,4,0,1,1,1,8.0
1744,"[[2, 1], [10], [3, 9], [], [], [], [8, 7], [], [7, 4], [], []]","[None, 4, -3, 0, -2, 0, 3, -1, 0, 4, 3]",104,8,,best_alone,w45a7a42,8.570354739530469,6.933423025730715,8.74798740166097,7,7,0,1,1,1,4.0
1746,"[[3, 2], [], [], [2, 4], [], [1, 10], [], [9], [5, 7], [], []]","[4, -1, -1, -3, -4, 2, -3, 4, None, -2, -3]",292,2,,best_alone,w45a7a42,8.335431477880796,7.977625098784593,8.865452825753623,2,2,0,1,1,1,2.0
1747,"[[2, 4], [], [4, 7], [5, 8], [], [1, 9], [], [], [10], [], []]","[4, -4, -4, None, 4, 0, 3, 3, -1, 4, 1]",156,6,4.0,best_min,w45a7a42,9.275378768155404,7.892078421248119,9.499046919474152,4,4,0,1,1,1,
1754,"[[8, 5], [], [], [], [10, 7], [], [], [6], [5, 2], [], [1, 3]]","[0, 2, 4, -4, None, -4, 4, 4, 0, -4, -2]",212,11,,best_alone,w45a7a42,7.945909598613133,7.027314514039776,8.281470857895167,8,8,0,1,1,1,6.0
1755,"[[], [8, 6], [10, 7], [1, 4], [0], [], [], [], [], [], [7, 5]]","[-1, 4, 0, None, -2, 1, -1, -3, 3, 4, -1]",150,7,5.0,best_second,w45a7a42,7.891330757661889,7.142036574706803,8.278174290943737,7,7,0,1,1,1,
1757,"[[], [8, 0], [9, 6], [10], [2, 3], [], [], [], [0, 7], [], []]","[0, 1, -3, -2, None, -4, 0, 2, 0, -4, 4]",286,7,3.0,best_alone,w45a7a42,8.253748343328501,8.240121298076472,8.939974177289633,2,-3,5,0,0,1,
1759,"[[], [], [], [8], [1, 0], [9, 2], [], [4, 1], [], [], [5, 3]]","[-1, -3, -1, -2, 3, 2, 4, -2, 1, 1, None]",46,3,3.0,best_second,w45a7a42,8.356554845453426,7.261927092702751,8.645058562414132,3,3,0,1,1,1,
1761,"[[], [], [], [6, 7], [], [], [4, 5], [2], [], [8, 1], [9, 8]]","[3, 0, 4, None, -2, -4, -2, 2, -2, -4, -3]",86,11,,best_alone,w45a7a42,8.093156697722637,7.204892510204673,8.43750042250699,6,6,0,1,1,1,2.0
1762,"[[10, 6], [], [3], [], [0, 10], [], [], [1, 5], [7, 2], [], []]","[-4, 0, -4, 0, 4, -1, 4, 3, None, -4, 3]",8,4,4.0,best_second,w45a7a42,8.39026849784257,8.635687085464028,9.213535262872702,3,2,1,0,1,1,
1763,"[[2, 8], [], [8, 7], [1], [6, 3], [], [10, 9], [], [], [], []]","[1, 2, -4, 4, None, -3, -1, 1, -1, -1, 3]",82,6,,best_alone,w45a7a42,8.173293438966228,7.122059881629142,8.472823243680297,6,6,0,1,1,1,4.0
1764,"[[9, 4], [0, 6], [7, 5], [], [], [], [10], [5, 3], [], [], []]","[-3, None, 2, 3, 4, 1, 3, 1, -3, 2, 2]",340,5,,best_alone,w45a7a42,8.019283792916793,7.118016204465333,8.35983738064003,5,5,0,1,1,1,2.0
1766,"[[], [7, 5], [], [], [], [], [10, 9], [5, 0], [], [3], [2, 4]]","[0, -2, -2, -3, -1, -4, None, -3, 2, -3, 2]",280,4,3.0,best_second,w45a7a42,8.153637486385284,7.947678571301567,8.748939631537715,1,1,0,1,1,1,
1767,"[[], [7, 3], [10, 0], [8], [], [2, 10], [], [4, 6], [], [], []]","[3, None, -3, 4, -4, 4, 4, -1, 4, -2, -1]",30,9,,best_alone,w45a7a42,8.190354403763262,7.089243155027514,8.477204183199875,8,8,0,1,1,1,8.0
1768,"[[7, 1], [], [4], [5, 10], [], [], [0, 7], [], [], [3, 2], []]","[2, 3, 0, 4, -1, -3, -3, 2, 0, None, 4]",272,8,0.0,best_second,w45a7a42,7.293017679772782,7.8399193600125825,8.296297112642506,8,8,0,1,1,1,
1770,"[[], [], [10], [4, 5], [], [], [9, 1], [6, 2], [3, 4], [], []]","[4, -4, 2, -3, 4, -2, -4, None, 2, 0, -3]",48,5,,best_alone,w45a7a42,7.87473912517181,8.192570471152173,8.739216115061744,-1,-1,0,1,1,1,4.0
1771,"[[9, 3], [], [], [6], [], [], [], [], [10, 7], [1, 5], [7, 4]]","[None, -2, 1, 3, 3, 0, 3, 1, 3, 1, 0]",392,6,,best_alone,w45a7a42,8.000684784514748,7.069023426578259,8.332548939252638,6,6,0,1,1,1,2.0
1772,"[[6, 8], [7, 4], [], [], [], [], [5, 10], [4, 2], [9], [], []]","[None, 3, -4, -2, 2, 0, -3, 2, 2, -1, -2]",120,5,,best_alone,w45a7a42,7.790282380703483,7.571988449377439,8.379997952238393,1,1,0,1,1,1,2.0
1773,"[[8, 1], [], [], [], [5, 9], [3, 6], [], [], [1, 10], [2], []]","[-4, 4, 4, 3, None, 2, 4, -1, -4, -3, 0]",158,3,2.0,best_second,w45a7a42,8.94819608331224,7.764296006450518,9.21512888870798,6,5,1,0,1,1,
1774,"[[9, 8], [4, 3], [], [], [3, 2], [], [], [], [6], [5, 7], []]","[None, 4, -3, -2, -3, 3, 4, -1, 4, 1, 3]",180,6,2.0,best_alone,w45a7a42,7.748028524432376,7.7989333100412175,8.46674164792014,8,4,4,0,0,1,
1776,"[[], [], [], [], [5, 1], [], [8, 0], [], [0, 7], [4, 10], [2]]","[-1, -4, -4, 4, 4, 3, 4, -4, -4, None, 0]",390,9,8.0,best_second,w45a7a42,7.747596838692886,6.777646593635117,8.068716192714781,7,7,0,1,1,1,
1779,"[[], [7], [], [], [2, 0], [8, 9], [5, 8], [], [], [], [4, 1]]","[-1, -3, -2, -4, 2, -3, -2, 1, -2, -4, None]",224,2,3.0,best_second,w45a7a42,8.911799556189525,8.008698182988528,9.251962046667002,1,1,0,1,1,1,
1780,"[[10, 9], [], [5, 1], [4], [], [], [0, 3], [], [2, 5], [], []]","[-1, 3, 0, -3, 4, 3, None, -1, 2, 1, -3]",144,3,2.0,best_alone,w45a7a42,8.619208116822968,8.066207568006263,9.073489189226986,1,0,1,0,0,1,
1781,"[[], [5], [], [], [10, 1], [], [], [8, 6], [6, 3], [], [9, 0]]","[-2, -1, -3, -1, None, -2, -4, 0, -3, -4, 3]",62,3,5.0,best_second,w45a7a42,9.20673387638207,8.146419323098003,9.504054216659682,1,1,0,1,1,1,
1786,"[[1, 3], [3, 9], [], [], [], [], [], [10, 8], [6], [], [2, 4]]","[-3, 1, 1, -3, 2, 1, 1, None, 2, 4, 4]",210,2,2.0,best_second,w45a7a42,7.930925372483388,6.814542897259958,8.213923595622742,6,6,0,1,1,1,
1787,"[[4], [], [], [8, 2], [], [], [1, 9], [3, 8], [], [], [6, 0]]","[-2, 1, 3, -4, 1, -3, 2, 2, 3, -1, None]",126,3,3.0,best_second,w45a7a42,8.628197749459149,8.189799618728228,9.125871215349733,3,3,0,1,1,1,
1788,"[[], [], [], [1], [5, 9], [9, 10], [], [6, 2], [7, 3], [], []]","[1, 0, 3, 2, 3, -1, 1, 3, None, -4, 2]",152,3,0.0,best_second,w45a7a42,7.8351837552667485,7.77485576666552,8.498418036089904,6,6,0,1,1,1,
1789,"[[], [3, 0], [7, 9], [0, 10], [5], [], [], [], [2, 4], [], []]","[3, 1, 4, 2, -2, -3, 3, 4, None, -1, -4]",58,9,5.0,best_second,w45a7a42,8.008032846969307,7.666690200080086,8.544808358449211,8,8,0,1,1,1,
1791,"[[2, 5], [8, 3], [], [], [0, 9], [], [], [1, 8], [], [10], []]","[3, -4, 0, 2, None, 4, 3, 3, -3, 0, -3]",278,7,1.0,best_second,w45a7a42,7.8434564043761155,8.222016437202196,8.743531633626967,7,7,0,1,1,1,
1792,"[[], [], [], [9], [], [], [2, 4], [6, 3], [0, 1], [], [8, 0]]","[2, 2, 0, 4, -4, 2, 2, None, 3, 3, -3]",38,7,,best_alone,w45a7a42,7.3796321526095525,6.993932975223189,7.898039690764619,7,7,0,1,1,1,4.0
1796,"[[], [10, 6], [], [2, 0], [], [1, 9], [], [], [3, 2], [7], []]","[-2, 1, 4, 2, -1, None, -4, -3, -4, -2, 3]",54,8,5.0,best_second,w45a7a42,8.337827262447915,7.991253929840198,8.872487182278038,4,4,0,1,1,1,
1798,"[[9, 2], [], [], [], [7, 8], [], [], [1, 3], [6], [2, 10], []]","[-4, 3, -1, -3, None, -2, -2, -1, 2, 0, 2]",400,4,2.0,best_min,w45a7a42,8.860641041773876,7.877397186353287,9.178333575841096,2,2,0,1,1,1,
1799,"[[7, 6], [], [], [], [2], [], [], [6, 3], [], [10, 4], [5, 8]]","[-1, -4, -3, 0, -3, -1, -1, 1, -4, None, 0]",34,4,4.0,best_second,w45a7a42,8.782629654920699,8.36474106822456,9.28841190739634,-1,-1,0,1,1,1,
1802,"[[10, 3], [], [], [], [2, 1], [4, 7], [], [6], [], [0, 10], []]","[4, 3, 1, -1, -1, None, 2, 1, 1, 2, 0]",398,2,,best_alone,w45a7a42,8.213923595622742,7.210079628170788,8.52595469708481,3,3,0,1,1,1,2.0
1804,"[[], [7, 2], [], [6], [], [], [], [2, 0], [9, 4], [], [8, 3]]","[3, -4, -2, 4, -4, -3, 0, 1, 4, 4, None]",102,6,8.0,best_min,w45a7a42,8.125630988477063,6.590301048196686,8.320448113956559,8,8,0,1,1,1,
1806,"[[5, 9], [], [4, 8], [], [8, 3], [1, 10], [], [], [], [7], []]","[None, -1, -1, 1, -2, 0, -4, -3, 1, -3, -4]",170,4,4.0,best_second,w45a7a42,9.003562174748238,8.335671314792846,9.417435838868785,-1,-4,3,0,1,1,
1809,"[[], [], [], [4, 5], [5, 10], [], [0, 7], [], [2], [6, 8], []]","[-2, -1, -3, -4, 1, 0, 2, 1, -3, None, 4]",182,6,1.0,best_second,w45a7a42,8.36730010184162,7.7314920292456835,8.792093929503284,3,3,0,1,1,1,
1811,"[[], [], [], [1, 2], [], [8, 4], [0], [], [], [5, 8], [3, 6]]","[3, 2, -2, 2, 0, 4, 3, 4, -3, -4, None]",214,4,,best_alone,w45a7a42,8.50207955360619,7.077498053569231,8.717518372649767,6,6,0,1,1,1,4.0
1814,"[[], [], [], [2, 6], [], [], [], [3, 2], [5, 0], [8, 10], [4]]","[4, -4, 1, -3, 4, -4, 4, -3, -4, None, 0]",60,8,,best_alone,w45a7a42,7.858640655620791,7.268920128193722,8.299534570332597,4,4,0,1,1,1,8.0
1816,"[[7, 4], [], [3], [], [], [0, 7], [], [], [9, 2], [6, 10], []]","[-4, -3, 0, 4, 3, 1, -3, 3, None, -3, 1]",178,8,,best_alone,w45a7a42,8.27308133366583,7.199678345691172,8.566935283311052,4,4,0,1,1,1,4.0
1819,"[[4], [], [8, 7], [10, 0], [], [], [], [], [7, 9], [], [5, 1]]","[-4, 4, 2, None, -3, -3, -3, -2, 4, 4, 4]",84,11,0.0,best_second,w45a7a42,7.599401333415815,7.3938782901077555,8.19478163844336,8,8,0,1,1,1,
1820,"[[3, 6], [], [7, 4], [6, 9], [], [10], [], [], [2, 5], [], []]","[-4, -2, 3, -3, 4, -4, -3, 0, None, 0, -1]",18,8,1.0,best_second,w45a7a42,8.063692634269515,7.304515946460155,8.44741429680832,7,7,0,1,1,1,
1823,"[[2, 1], [], [1, 4], [], [], [9, 7], [], [], [3], [], [5, 8]]","[-3, 3, 1, 2, -4, -1, -1, 3, 3, 1, None]",240,4,,best_alone,w45a7a42,8.253748343328501,6.955592608396297,8.494947582468917,5,5,0,1,1,1,2.0
1829,"[[4, 5], [], [8, 9], [0, 7], [], [], [], [6], [9, 10], [], []]","[-2, -2, -2, None, 1, -3, 4, 4, 2, 2, -4]",198,11,,best_alone,w45a7a42,7.832014180505469,6.741700694652055,8.121480374750751,8,8,0,1,1,1,4.0
1830,"[[], [], [10, 4], [], [], [9], [], [8, 5], [3, 0], [], [4, 6]]","[-3, 1, 1, 3, -4, 2, -1, None, -1, 2, -3]",368,5,2.0,best_alone,w45a7a42,8.701512750872865,7.478169694159785,8.959311617172437,4,2,2,0,0,1,
1831,"[[3, 7], [], [], [7, 1], [5], [], [8, 4], [], [10, 2], [], []]","[-4, 1, -3, 3, 4, 3, None, 2, 3, 3, -1]",10,6,,best_alone,w45a7a42,8.50207955360619,6.6758232216348485,8.651199471263972,7,7,0,1,1,1,2.0
1832,"[[], [6, 5], [], [], [3], [], [], [0, 10], [1, 4], [7, 0], []]","[1, -4, 2, 0, 4, -3, -1, -2, None, 3, 2]",260,10,,best_alone,w45a7a42,7.679251425953058,7.722234744709607,8.393894975071744,4,4,0,1,1,1,2.0
1833,"[[], [0], [], [4, 8], [], [], [], [10, 1], [], [3, 4], [6, 5]]","[-1, 4, -3, 2, -3, -4, 3, None, 2, 2, 3]",44,5,,best_min,w45a7a42,8.183397369998431,7.351158226430694,8.544419177669829,6,3,3,0,0,1,7.0
1834,"[[3], [], [], [], [6, 0], [8, 9], [10, 2], [], [9, 7], [], []]","[0, 0, -4, 3, None, 2, -2, 1, -1, -1, 0]",274,7,,best_alone,w45a7a42,8.219056661060597,6.961296045910167,8.469052816088302,3,3,0,1,1,1,4.0
1836,"[[], [6, 5], [4, 0], [], [0, 10], [9], [3, 7], [], [], [], []]","[-2, None, 0, -4, 1, 1, 3, 3, -2, 0, 4]",12,6,0.0,best_min,w45a7a42,7.659171367666058,7.203405521083095,8.149890544402423,6,6,0,1,1,1,
1837,"[[10, 6], [], [8, 7], [], [], [], [1], [], [], [2, 8], [5, 3]]","[None, 1, 1, 2, -1, -2, -1, 4, -4, -4, -4]",184,4,,best_alone,w45a7a42,8.300528606199737,7.972121128921656,8.8427489162961,0,0,0,1,1,1,4.0
1841,"[[10], [8, 9], [], [4, 0], [5, 2], [], [1, 8], [], [], [], []]","[2, -4, -4, None, -3, 2, 2, -2, -3, 0, 4]",168,10,,best_alone,w45a7a42,7.653020413804189,7.58629630715272,8.313116702819254,6,6,0,1,1,1,6.0
1842,"[[], [], [], [], [5, 6], [2, 3], [9], [], [7, 0], [], [8, 7]]","[2, 2, 1, 3, None, -1, 3, -3, 3, 2, 3]",248,4,4.0,best_alone,w45a7a42,7.257707677160043,7.821242083523558,8.271548374755515,5,0,5,0,0,1,
1847,"[[], [], [], [9, 6], [], [7, 10], [], [8, 2], [], [6, 0], [1]]","[0, 2, -3, -2, 4, None, -2, -1, 3, -4, 2]",384,5,,best_alone,w45a7a42,8.057694194815587,7.328437352895162,8.451053388911692,4,4,0,1,1,1,6.0
1850,"[[10, 5], [], [], [7, 6], [], [8], [], [6, 9], [], [], [2, 4]]","[None, -1, 3, 0, 1, -3, 0, 0, -2, 4, 4]",166,7,3.0,best_second,w45a7a42,7.533693709848633,7.239214973779806,8.090095783180958,7,7,0,1,1,1,
1851,"[[], [], [], [6, 7], [3, 6], [9, 10], [], [], [], [0, 8], [1]]","[-2, -2, 1, 4, 0, None, -2, 3, 0, 2, -4]",382,5,2.0,best_second,w45a7a42,8.34498036877057,7.434847875212,8.683046555502886,2,2,0,1,1,1,
1853,"[[3, 9], [], [5, 7], [6, 1], [], [7, 10], [], [], [], [8], []]","[None, 2, 0, -2, 2, -3, 0, 1, 0, 4, 4]",4,5,,best_alone,w45a7a42,7.906915488678587,7.475339236566737,8.4071550862073,4,4,0,1,1,1,2.0
1859,"[[], [], [5, 7], [8, 9], [], [], [], [], [0, 4], [6], [2, 5]]","[4, 4, -3, None, -4, -4, -4, 4, 3, -3, 3]",74,11,7.0,best_second,w45a7a42,8.054840221101026,6.630683385642372,8.270269111436624,7,7,0,1,1,1,
1860,"[[], [9, 8], [], [6, 4], [5], [], [0, 2], [], [], [8, 10], []]","[2, -1, 4, None, 0, 2, -4, 4, -2, 4, 3]",344,3,,best_alone,w45a7a42,7.866722285136729,6.714170529909472,8.140898460607852,2,2,0,1,1,1,2.0
1862,"[[4, 3], [], [7, 5], [], [], [], [0, 8], [5, 1], [10], [], []]","[-3, 2, -2, 2, -4, -1, None, 3, 2, 2, 2]",124,8,,best_alone,w45a7a42,7.557994958530806,7.164720378771857,8.073402968986406,4,4,0,1,1,1,6.0
1865,"[[6, 5], [], [1, 9], [], [], [7], [8, 3], [], [], [], [2, 1]]","[None, 1, 1, 1, -3, 1, -4, -2, -1, -1, -4]",304,3,,best_alone,w45a7a42,8.81045964216192,7.9291264873067995,9.156939595249067,-1,-1,0,1,1,1,2.0
1869,"[[9, 2], [8], [], [10, 4], [], [], [0, 1], [], [], [], [4, 7]]","[2, 2, -2, -2, -4, 0, None, -2, 0, -4, 3]",132,3,,best_alone,w45a7a42,9.566335084610051,7.138866999945524,9.650850821827149,2,2,0,1,1,1,2.0
1872,"[[1, 7], [], [6], [], [], [9, 3], [], [], [5, 9], [], [0, 2]]","[2, 3, -3, 2, 3, -2, 4, 4, -1, 2, None]",352,3,2.0,best_second,w45a7a42,8.298041661371565,7.009408932708637,8.541300266759471,6,5,1,0,1,1,
1873,"[[], [], [], [], [], [2, 3], [8, 0], [9], [0, 1], [], [5, 7]]","[3, 2, 2, 0, 3, 2, -3, -4, 4, -4, None]",52,7,2.0,best_second,w45a7a42,8.476162841858246,7.9402277651457025,8.936692688488204,4,4,0,1,1,1,
1875,"[[], [7], [10, 0], [], [2, 1], [9, 6], [], [], [], [6, 3], []]","[-4, -3, 4, 0, None, -2, -2, 1, 2, -3, 3]",338,8,8.0,best_second,w45a7a42,8.39479954320217,6.720220155135295,8.566364235422686,7,7,0,1,1,1,
1876,"[[], [5, 8], [], [4, 6], [0, 9], [8, 2], [10], [], [], [], []]","[0, -4, 2, None, 2, 2, -4, 3, 4, 4, -4]",208,9,2.0,best_second,w45a7a42,7.374629015218945,7.601402334583733,8.187299270155146,6,6,0,1,1,1,
1877,"[[], [], [], [0, 10], [], [4, 1], [5, 9], [], [3, 0], [7], []]","[0, 4, -1, -4, 3, -2, None, 2, -2, -3, -1]",348,2,6.0,best_second,w45a7a42,8.334231429734858,7.138866999945524,8.59840444684106,2,2,0,1,1,1,
1878,"[[10, 7], [], [], [0, 10], [], [1, 2], [], [], [5, 9], [6], []]","[-3, 4, -4, 0, -2, 4, 0, -3, None, 2, 4]",318,7,8.0,best_min,w45a7a42,8.067149039910104,6.771935555839602,8.308938252595778,8,8,0,1,1,1,
1880,"[[10], [8, 2], [], [6, 5], [1, 0], [], [5, 7], [], [], [], []]","[2, -2, -1, 1, None, -2, 2, 3, 3, 1, 4]",366,7,,best_alone,w45a7a42,7.62657020629066,6.930494765951627,8.03073492409854,6,6,0,1,1,1,4.0
1882,"[[], [], [], [10, 8], [9, 2], [], [], [], [7], [2, 1], [5, 0]]","[-4, 1, -2, None, -3, -2, -1, 4, 3, -1, 0]",256,10,,best_alone,w45a7a42,8.488176242345745,6.666956792429207,8.63799389156194,7,7,0,1,1,1,2.0
1886,"[[], [], [], [5], [7, 1], [], [2, 0], [], [4, 7], [6, 3], []]","[-3, -3, 3, -3, 2, -3, 3, 1, -4, None, -2]",2,9,6.0,best_second,w45a7a42,8.001689978099135,6.829793737512426,8.271292652979412,6,6,0,1,1,1,
1887,"[[], [], [6, 7], [], [], [10, 1], [9, 3], [8], [], [], [1, 0]]","[1, 0, None, -3, 3, -2, 1, 3, 1, 1, 2]",282,4,,best_alone,w45a7a42,8.150756470275551,7.3777589082278725,8.530109416682784,4,4,0,1,1,1,4.0
1888,"[[2, 4], [], [4, 10], [1], [], [7, 8], [5, 3], [], [], [], []]","[2, 0, 2, 3, 3, 4, None, 0, -3, -4, 0]",386,2,7.0,best_min,w45a7a42,7.6676260915849905,7.7651449029361315,8.410498452745275,4,4,0,1,1,1,
1889,"[[], [0, 3], [], [], [1, 0], [], [7, 10], [9, 2], [], [], [8]]","[-4, -1, -4, -4, 4, 4, None, -3, 2, 2, 3]",342,9,,best_alone,w45a7a42,7.52294091807237,7.1929342212158,8.064321960910803,5,5,0,1,1,1,6.0
1890,"[[], [], [], [9, 0], [], [], [4, 7], [], [6, 10], [0, 2], [1]]","[1, -3, 4, -2, 0, 1, 3, 4, None, 3, -2]",116,8,1.0,best_second,w45a7a42,8.412943170042439,7.53955882930103,8.76170676846664,7,3,4,0,1,1,
1892,"[[2, 6], [3, 9], [], [], [7], [], [], [], [0, 4], [], [1, 3]]","[0, -2, 4, -4, -3, -2, -4, -3, None, 1, -1]",78,9,4.0,best_second,w45a7a42,7.855544677915663,6.668228248417403,8.121480374750751,4,4,0,1,1,1,
1896,"[[9, 8], [], [7, 4], [2, 7], [], [], [], [], [1], [10, 6], []]","[None, -1, -1, 2, -2, 3, -2, -1, 0, 3, 1]",350,4,5.0,best_second,w45a7a42,7.693937325509271,8.012349639327793,8.558718938244736,4,4,0,1,1,1,
1897,"[[2, 1], [], [], [0, 2], [], [9], [4, 10], [6, 5], [], [], []]","[-3, 1, -2, 3, 4, 3, 0, None, 0, -2, 3]",26,2,3.0,best_second,w45a7a42,7.383989457978508,7.6984827878809465,8.246433786160365,4,4,0,1,1,1,
1898,"[[], [5, 2], [6], [], [], [10, 3], [], [8, 9], [9, 0], [], []]","[1, None, 1, -1, -1, -2, 3, -4, 3, 0, -3]",70,8,,best_alone,w45a7a42,8.129764445794171,6.704414354964107,8.34498036877057,4,4,0,1,1,1,2.0
1902,"[[9], [2, 0], [6, 8], [], [7, 3], [], [], [3, 5], [], [], []]","[0, None, 2, 2, 0, 0, -1, 0, -4, 0, 4]",42,2,,best_min,w45a7a42,9.136263168579866,7.738488122494645,9.357034751126987,1,0,1,0,0,1,3.0
1904,"[[], [], [10, 8], [2, 4], [6], [9, 7], [], [], [], [7, 0], []]","[4, -2, -3, None, -2, -2, 1, 4, 4, -1, -4]",302,5,,best_min,w45a7a42,9.010302809376448,7.135687347028144,9.152923101106232,1,-1,2,0,0,1,8.0
1906,"[[2], [], [], [], [6, 0], [], [10, 5], [9, 1], [7, 9], [], []]","[3, 0, 4, 2, None, 1, -4, -3, -1, 4, -1]",246,11,,best_alone,w45a7a42,7.655390644826152,7.3343293503005365,8.200562797008564,7,7,0,1,1,1,2.0
1909,"[[3, 8], [6, 7], [], [], [], [4], [7, 10], [], [], [0, 5], []]","[1, -1, -3, 1, 1, 0, 2, 3, -2, None, -3]",200,2,3.0,best_min,w45a7a42,8.656085190282857,8.457867725331424,9.254931255304058,2,2,0,1,1,1,
1912,"[[], [9, 0], [3, 10], [], [1, 9], [], [5], [], [2, 6], [], []]","[-3, -3, -4, -3, 4, 0, -3, 3, None, 3, 2]",234,3,,best_min,w45a7a42,8.387995252944556,7.546974117516527,8.746398334109042,-2,-3,1,0,0,1,5.0
1914,"[[], [], [], [5, 2], [6, 1], [], [], [8], [], [3, 5], [4, 7]]","[4, -3, 3, -1, -1, -4, -1, 4, 4, -4, None]",138,11,,best_alone,w45a7a42,7.8009820712577405,7.037027614686276,8.183118079394745,8,8,0,1,1,1,2.0
1916,"[[4, 1], [], [0, 10], [], [], [3, 8], [], [5, 3], [], [], [6]]","[2, 2, None, 1, 4, -1, 2, -1, 2, 3, -4]",174,5,0.0,best_second,w45a7a42,7.791109510610028,7.60887062919126,8.397057390176256,6,6,0,1,1,1,
1917,"[[], [], [10, 7], [], [0, 9], [3], [2, 5], [], [4, 0], [], []]","[4, -2, 3, -4, 1, -1, None, 4, -2, -2, 0]",316,8,1.0,best_second,w45a7a42,7.293017679772782,7.721348612617949,8.22282213081366,7,7,0,1,1,1,
1918,"[[10, 3], [], [], [], [9, 7], [0, 10], [], [1], [], [6, 2], []]","[3, -1, -2, 2, None, 1, 0, 4, 4, -4, 3]",230,8,,best_alone,w45a7a42,7.677863500678211,7.765569081097317,8.415603335654604,3,3,0,1,1,1,2.0
1920,"[[], [7, 6], [1, 5], [], [9, 3], [10], [], [], [4, 9], [], []]","[2, 2, None, 2, 1, 4, -4, 2, 2, 4, 1]",196,4,6.0,best_alone,w45a7a42,7.754481547470384,7.8636512654486515,8.503499864284235,5,4,1,0,0,1,
1921,"[[5], [], [4, 0], [], [7, 8], [], [3, 1], [], [], [], [6, 3]]","[2, -4, None, 2, 2, 4, -4, 1, 3, -4, 3]",364,2,1.0,best_alone,w0b001c4,8.313852267398207,6.767343125265391,8.50673873351238,6,5,1,0,0,1,
1923,"[[], [2, 4], [4, 6], [], [], [8, 3], [], [0], [], [5, 7], []]","[0, 2, 1, 0, 2, -3, 2, 2, 2, None, 1]",378,4,,best_alone,w0b001c4,8.119100837637486,7.995980474763759,8.752423403865594,2,2,0,1,1,1,2.0
1925,"[[], [], [5, 10], [0], [], [10, 9], [1, 8], [6, 3], [], [], []]","[3, -3, 3, 3, -1, 1, -2, None, 1, 1, 0]",246,9,,best_alone,w0b001c4,9.054154288786854,7.5071410797276075,9.247057954911346,6,6,0,1,1,1,4.0
1927,"[[], [8, 2], [0], [], [], [9, 7], [], [], [3, 10], [7, 6], []]","[1, None, 2, -3, 2, 3, -2, 1, -2, 0, -1]",236,7,,best_alone,w0b001c4,7.544332108053688,6.180016653652572,7.771488760117616,3,3,0,1,1,1,2.0
1929,"[[], [7, 9], [], [], [], [4, 3], [], [2, 6], [5, 4], [10], []]","[3, None, 1, -2, 4, -1, 4, 4, 4, -3, -2]",286,8,0.0,best_second,w0b001c4,7.3613754289773485,6.466144724237619,7.703459047867174,8,5,3,0,1,1,
1932,"[[], [4, 10], [0], [], [10, 7], [9, 2], [], [], [], [3, 8], []]","[4, -4, -2, 0, -1, None, 3, -3, 3, 0, 0]",298,2,3.0,best_min,w0b001c4,7.520776415062797,6.799055862058796,7.91644286012226,3,3,0,1,1,1,
1933,"[[4, 9], [10, 2], [], [6], [], [], [], [], [0, 3], [], [2, 5]]","[3, 0, 3, -3, -1, -1, -1, 0, None, -3, 3]",328,4,6.0,best_second,w0b001c4,7.631431664576906,7.688455356549944,8.353261499733874,2,2,0,1,1,1,
1935,"[[], [], [], [2, 1], [3, 5], [10], [], [9, 0], [], [0, 6], []]","[3, -4, -2, -3, None, 1, 0, -4, 3, -3, 3]",334,10,,best_alone,w0b001c4,7.412764017426563,6.2878585601617845,7.693481640835175,4,4,0,1,1,1,2.0
1936,"[[], [8], [], [7, 0], [9, 2], [3, 1], [], [], [], [], [4, 9]]","[-3, 4, 0, -2, -4, None, -1, -1, 2, 4, -3]",118,10,,best_alone,w0b001c4,7.947678571301567,6.736966958001855,8.208219383496834,6,6,0,1,1,1,2.0
1938,"[[], [10, 0], [], [], [1, 10], [9, 6], [], [5, 8], [2], [], []]","[-1, -4, -2, -1, -2, -2, 2, None, 1, -3, -3]",110,3,,best_min,w0b001c4,7.584264818389059,6.890609120147166,7.9892214088152755,0,-1,1,0,0,1,5.0
1939,"[[3, 7], [4], [0, 1], [], [], [], [9, 8], [], [], [], [6, 9]]","[-2, 3, None, -3, 4, 2, -1, -1, 0, 2, 2]",214,11,,best_alone,w0b001c4,7.696667081526462,6.677083461247136,8.004365564979574,7,7,0,1,1,1,2.0
1940,"[[], [10, 2], [], [7], [1, 3], [], [9, 8], [], [], [8, 5], []]","[4, 2, 0, 1, None, 2, 0, -3, -3, -1, -2]",218,3,2.0,best_second,w0b001c4,8.345217926676426,7.340186835320116,8.656955133791396,2,2,0,1,1,1,
1943,"[[], [], [], [], [6, 0], [], [], [1, 2], [4, 6], [7, 10], [3]]","[2, -1, 1, -1, 3, 3, 1, 2, -4, None, -2]",384,4,1.0,best_second,w0b001c4,7.691656822810546,7.456454555176209,8.273846932784508,3,3,0,1,1,1,
1944,"[[1, 6], [], [5, 9], [], [0, 1], [7, 10], [], [], [], [8], []]","[-3, 1, None, 1, -3, 4, -1, 1, -4, -3, 4]",196,9,0.0,best_second,w0b001c4,8.453827315794419,7.477604243197589,8.773384596776646,8,8,0,1,1,1,
1947,"[[10, 8], [], [9, 3], [7], [0, 10], [], [], [], [], [6, 5], []]","[3, 2, None, 1, -1, 2, -2, 4, 1, -2, -3]",150,7,,best_alone,w362e427,9.1235835080499,8.07215530818825,9.423191133804961,5,5,0,1,1,1,4.0
1949,"[[], [2, 9], [6, 8], [], [7, 0], [], [], [], [], [3], [4, 7]]","[-4, None, 1, -2, 0, 4, -3, -4, -1, 4, -4]",186,3,,best_alone,w362e427,8.651374372882257,8.393442383980062,9.2237500588861,2,2,0,1,1,1,2.0
1952,"[[6, 9], [], [], [1], [8, 3], [], [9, 2], [], [10, 5], [], []]","[-1, 0, -2, 3, None, -1, 2, -3, -2, -2, 1]",70,5,,best_alone,w362e427,7.62657020629066,7.907283609426348,8.469682208745185,3,3,0,1,1,1,2.0
1953,"[[10, 9], [], [], [2], [], [0, 3], [], [4, 6], [7, 4], [], []]","[-4, -1, 1, -1, -1, None, 2, -2, -4, 2, -2]",320,4,,best_alone,w362e427,9.111624399037025,7.872836175025724,9.365975663507632,0,0,0,1,1,1,4.0
1954,"[[], [10, 6], [], [], [], [1, 8], [], [9, 2], [3], [2, 0], []]","[-4, 0, 3, -3, -3, None, -4, 2, -3, -2, -1]",246,4,4.0,best_second,w362e427,9.027378610294804,8.98682175033189,9.700391696525697,-1,-1,0,1,1,1,
1956,"[[], [9, 3], [], [], [7], [10, 4], [], [], [1, 9], [], [6, 0]]","[0, 3, -3, -2, 2, None, 2, -1, -1, 3, -3]",132,3,,best_alone,w362e427,8.099250561796959,7.937374696163296,8.714567550836485,1,1,0,1,1,1,2.0
1961,"[[], [0, 3], [], [], [2, 6], [9], [], [], [1, 5], [], [4, 2]]","[-3, 1, -3, 4, 3, -4, 3, -1, None, -4, -3]",390,10,3.0,best_second,w362e427,7.764720544771477,7.913886714856082,8.535033109544568,5,5,0,1,1,1,
1963,"[[7, 10], [4], [], [2, 9], [], [0, 7], [3, 1], [], [], [], []]","[4, -4, -3, 2, -3, 1, None, -3, 3, 0, 1]",360,6,2.0,best_second,w362e427,8.029432840581242,8.163940954755008,8.791941988456118,2,2,0,1,1,1,
1969,"[[], [], [9, 1], [], [], [], [0, 8], [6, 10], [], [1, 4], [3]]","[3, -4, -4, -3, -4, 0, 2, None, -2, -1, -1]",194,7,4.0,best_second,w362e427,7.968319500012718,7.75491027202143,8.560252680876685,5,5,0,1,1,1,
1971,"[[], [], [0], [5, 6], [9, 1], [], [], [4, 2], [3, 5], [], []]","[3, 0, 4, -2, 3, 1, 3, None, -1, -2, -1]",102,5,3.0,best_alone,w362e427,7.4360278163518485,7.8808043446749005,8.375860015299592,7,1,6,0,0,1,
1972,"[[4, 3], [], [], [], [3, 1], [], [10], [9, 6], [], [5, 2], []]","[-3, 1, 4, 1, -3, -4, -2, None, -4, 2, -2]",184,9,2.0,best_second,w362e427,7.723120092266331,8.04044688130311,8.587278798982926,6,6,0,1,1,1,
1974,"[[5], [4, 0], [3, 10], [], [7, 6], [], [], [], [2, 3], [], []]","[1, None, -3, 4, -4, 4, 1, -3, -2, 4, -4]",140,10,,best_alone,w362e427,7.82803803212583,7.496097345175956,8.368693183097793,5,5,0,1,1,1,4.0
1976,"[[10, 3], [], [6, 4], [], [], [], [], [2, 9], [], [1], [3, 5]]","[0, 2, -4, -1, 4, 1, 2, None, -4, 0, 3]",230,3,,best_alone,w362e427,8.374476889214641,8.125335086714289,8.950662495933999,2,2,0,1,1,1,2.0
1978,"[[], [], [3, 7], [], [10, 1], [], [4, 10], [], [2, 9], [5], []]","[-2, 1, -3, 0, -1, 4, 2, 2, None, 4, 0]",300,10,,best_alone,w362e427,7.681560362559537,7.0326242610280065,8.101677747454572,8,8,0,1,1,1,2.0
1979,"[[1, 5], [10, 9], [], [], [], [4], [3, 7], [], [6, 3], [], []]","[None, -2, -3, 4, 4, 3, -1, 0, -1, 0, -4]",8,11,,best_alone,w362e427,7.761744984658913,7.151485463904735,8.19533366716287,7,7,0,1,1,1,4.0
1981,"[[], [2], [], [], [], [], [], [0, 6], [5, 3], [8, 5], [7, 1]]","[-4, 0, 4, 3, 0, -2, 0, -4, -3, -1, None]",138,10,,best_alone,w362e427,7.763021309018518,8.181720455128108,8.68710472813351,4,4,0,1,1,1,4.0
1983,"[[4], [8, 10], [1, 0], [], [], [3, 6], [], [], [], [5, 3], []]","[4, 0, None, 3, -1, -2, 2, -4, 0, 3, 2]",42,2,,best_alone,w362e427,7.673223121121708,7.572502985020384,8.317033476492403,3,3,0,1,1,1,2.0
1988,"[[3, 1], [], [10], [], [5, 2], [7, 8], [0, 3], [], [], [], []]","[2, -4, 4, 2, None, -2, 3, -1, 3, 3, 3]",56,8,,best_alone,w362e427,7.531016332077916,7.232733136177615,8.085794701281568,7,7,0,1,1,1,4.0
1992,"[[], [3], [], [], [6, 0], [10, 1], [0, 7], [], [], [], [8, 2]]","[4, 4, 2, -1, 0, None, 1, 0, 0, 3, 0]",74,2,,best_alone,w362e427,7.7882115578470765,7.584264818389059,8.384347278082808,3,3,0,1,1,1,2.0
1993,"[[10, 9], [], [], [], [], [], [2, 3], [], [6, 2], [7], [1, 4]]","[None, -3, 1, 2, 3, -4, 4, -3, 3, 0, 4]",282,8,1.0,best_second,w362e427,7.478169694159785,7.5688956634069955,8.217438537730187,7,7,0,1,1,1,
1994,"[[6, 9], [8, 7], [], [1, 8], [], [], [2, 5], [], [], [10], []]","[None, -1, 4, -4, -1, 0, 2, 2, -4, 0, -4]",84,7,2.0,best_second,w362e427,7.324489979348533,7.686621334944619,8.214735833382301,6,2,4,0,1,1,
1995,"[[], [0], [8, 6], [], [10, 1], [], [], [], [6, 5], [], [9, 7]]","[4, 4, -4, -4, None, -3, 4, -4, -4, -2, 0]",240,11,,best_alone,w362e427,7.937017489515454,7.020190708311925,8.27308133366583,8,8,0,1,1,1,2.0
1996,"[[9], [], [6, 5], [4, 0], [1, 10], [], [], [], [2, 6], [], []]","[3, -1, -2, None, -3, 1, -4, 2, 4, 4, 1]",142,10,,best_alone,w362e427,7.478734825567875,6.967909201801884,7.9483852851118995,7,7,0,1,1,1,2.0
1998,"[[], [], [], [8, 7], [1], [], [0, 10], [], [7, 2], [6, 4], []]","[-3, 0, 0, -3, -4, 0, 4, -3, -3, None, -4]",262,3,8.0,best_second,w362e427,8.164225652265827,8.170751423757533,8.860499167616016,1,1,0,1,1,1,
2001,"[[], [0, 4], [], [], [], [6, 3], [3, 10], [], [2], [1, 8], []]","[-3, 3, 3, -2, -1, -2, 2, 3, 3, None, 3]",316,5,4.0,best_alone,w362e427,8.463370384718731,7.944846711001996,8.930361883909434,6,0,6,0,0,1,
2003,"[[], [6, 10], [], [1, 5], [2, 0], [9], [], [4, 2], [], [], []]","[4, -2, 3, None, -1, 0, -4, -3, -2, -4, -1]",278,2,,best_min,w362e427,8.170751423757533,7.805882040228622,8.697846691109495,-3,-4,1,0,0,1,3.0
2007,"[[10, 5], [], [], [2], [], [], [4, 1], [6, 3], [], [], [5, 9]]","[2, 3, 0, 0, -1, -1, 3, None, -1, 3, -4]",392,5,0.0,best_second,w362e427,8.138272638530184,7.41457288135059,8.53346016388011,6,6,0,1,1,1,
2009,"[[8, 2], [5], [], [4, 6], [], [], [], [0, 1], [], [], [3, 4]]","[4, -4, 4, -2, 1, -3, 0, None, -3, 0, 2]",58,11,0.0,best_second,w362e427,8.545586265917455,7.409136443920128,8.823795148720528,8,8,0,1,1,1,
2010,"[[], [], [5, 4], [], [3], [1, 0], [8, 10], [], [], [6, 8], []]","[0, -2, None, 1, 4, -3, -2, -3, -4, 2, 0]",156,9,,best_alone,w362e427,7.906178840394815,7.149916836132109,8.290794347381354,5,5,0,1,1,1,2.0
2011,"[[], [6, 0], [], [], [2], [8, 9], [], [5, 4], [], [], [1, 6]]","[-1, -3, -2, -4, 1, 0, 2, None, -3, 3, -3]",306,5,,best_min,w362e427,8.0774471493312,7.433666540166168,8.499436469826978,3,-1,4,0,0,1,6.0
2012,"[[6, 8], [], [1, 7], [2, 4], [10], [], [], [], [], [0, 6], []]","[0, -2, 2, None, 0, -4, 3, 2, 4, -3, -4]",66,6,0.0,best_second,w362e427,8.366835309827675,7.3901814282264295,8.686260632531777,4,4,0,1,1,1,
2013,"[[], [], [3, 5], [7, 0], [], [1], [4, 8], [], [], [], [6, 4]]","[1, 3, None, -4, 1, 3, 3, -1, -1, -3, -1]",332,10,,best_alone,w362e427,7.858640655620791,6.8690144506657065,8.174421152646497,6,6,0,1,1,1,2.0
2014,"[[], [], [9, 7], [0], [2, 9], [], [], [], [6, 1], [], [8, 3]]","[2, 0, -3, 4, -4, 2, 2, 1, -4, -2, None]",362,9,,best_alone,w362e427,8.04076899436758,7.241366283322318,8.411832675758411,6,6,0,1,1,1,2.0
2018,"[[], [6, 5], [3, 8], [], [2, 3], [9], [7, 10], [], [], [], []]","[-2, None, -3, -3, -3, 1, -3, -2, 0, 3, 4]",10,6,,best_alone,w362e427,7.858640655620791,7.142827401161621,8.256347772918016,4,4,0,1,1,1,6.0
2022,"[[], [7, 3], [4], [], [], [], [], [3, 10], [9, 2], [0, 5], []]","[-4, 3, 2, -3, -2, -2, 0, 0, None, -3, -2]",224,6,,best_alone,w362e427,7.599401333415815,7.693481640835175,8.340456012916183,0,0,0,1,1,1,2.0
2023,"[[3], [4, 9], [], [], [9, 5], [], [], [8, 0], [10, 6], [], []]","[4, -2, 2, 3, 3, 0, 4, None, -4, 4, -4]",46,11,,best_alone,w362e427,7.4223737009868245,6.091309882077698,7.656337166430183,7,7,0,1,1,1,8.0
2024,"[[3, 4], [8, 5], [], [6, 9], [10], [], [], [], [5, 2], [], []]","[None, 2, 1, 2, 3, 4, -1, 4, 0, 1, 2]",378,3,,best_alone,w362e427,8.392763113038061,7.1808311990445555,8.653121708640482,5,5,0,1,1,1,2.0
2025,"[[1], [], [9, 0], [], [], [], [], [8, 5], [5, 3], [10, 6], []]","[3, 4, None, 0, 4, 1, -4, 0, 2, -2, 4]",172,9,,best_alone,w362e427,7.776535028185241,6.313548046277095,7.984462732262197,7,7,0,1,1,1,8.0
2026,"[[], [], [8, 5], [], [10, 6], [], [7], [], [5, 3], [], [1, 0]]","[2, -2, -3, -1, None, -4, 2, -2, 4, -4, -3]",54,3,5.0,best_alone,w362e427,8.345692873253865,7.776115477098742,8.793915423631677,0,-1,1,0,0,1,
2027,"[[10], [], [], [], [], [8, 1], [7, 0], [9, 3], [1, 4], [], []]","[-1, 2, 4, 1, 1, 1, None, 4, 4, -4, -1]",134,6,3.0,best_second,w362e427,7.756195343948118,7.696212639346407,8.419580362549237,5,5,0,1,1,1,
2029,"[[], [], [4, 3], [], [3, 7], [0], [], [], [10, 6], [8, 5], []]","[-3, -3, -4, 4, -2, 2, 3, -4, 4, None, -3]",86,7,1.0,best_second,w362e427,8.165647925297504,8.245384468120747,8.899321434159964,7,7,0,1,1,1,
2030,"[[3, 10], [], [], [], [2, 1], [4, 6], [8], [], [], [0, 3], []]","[2, 4, 3, 4, 3, None, -1, -1, 1, 3, 1]",30,4,1.0,best_second,w362e427,7.818832443803404,7.710653323501202,8.45914025996762,7,7,0,1,1,1,
2031,"[[], [7, 6], [0, 9], [2, 5], [], [8], [], [], [], [], [1, 7]]","[4, 1, 1, None, 3, -3, 3, 0, -3, -1, 0]",226,8,2.0,best_second,w362e427,8.01565761455734,7.285506548522786,8.408716715080153,5,5,0,1,1,1,
2032,"[[], [], [4, 9], [0], [], [8, 1], [], [5, 3], [], [], [2, 4]]","[3, 2, 3, -2, 4, 4, 2, None, 1, 4, -2]",288,3,2.0,best_second,w362e427,8.0774471493312,7.206377291472252,8.426830751335846,6,6,0,1,1,1,
2033,"[[8, 9], [2, 6], [], [], [1, 2], [], [], [0, 10], [], [], [5]]","[-3, 4, 3, -2, 4, 3, 2, None, 1, -3, 4]",164,11,,best_alone,w362e427,7.438971592395862,7.142827401161621,7.994632311431825,7,7,0,1,1,1,4.0
2037,"[[6, 7], [9, 10], [], [0, 6], [], [], [], [], [], [8, 2], [4]]","[2, None, -3, 4, 4, -3, 2, 1, 3, -4, 1]",158,9,,best_alone,w362e427,8.018954683155718,7.1846291527173145,8.37930948405285,5,5,0,1,1,1,6.0
2038,"[[3, 8], [], [], [8, 4], [], [], [7, 2], [], [], [6, 10], [5]]","[-3, -4, -4, 3, -1, 0, 4, 4, -2, None, 2]",124,7,8.0,best_min,w362e427,7.27931883541462,7.22256601882217,7.9441374911141125,8,8,0,1,1,1,
2040,"[[], [], [3, 6], [6, 1], [], [], [], [], [4], [10, 8], [0, 5]]","[-2, -2, 4, -1, 3, 0, -3, -1, 2, None, -3]",94,9,,best_alone,w362e427,8.071218539969864,7.175489713624222,8.413387022690648,5,5,0,1,1,1,2.0
2042,"[[6, 10], [5, 4], [0, 3], [7], [], [], [], [], [], [1, 5], []]","[4, -1, None, -3, -2, 2, -4, -1, -1, 4, -1]",72,5,5.0,best_second,w362e427,7.474204806496124,7.776115477098742,8.329416783939319,3,3,0,1,1,1,
2043,"[[], [3, 4], [], [0, 9], [10], [6, 8], [8, 7], [], [], [], []]","[-4, None, 0, -2, 4, -4, 1, -3, 4, 0, -2]",20,6,,best_alone,w362e427,7.932003152361385,7.319202458767849,8.36474106822456,2,2,0,1,1,1,4.0
2045,"[[], [], [9, 10], [1], [6, 7], [2, 3], [7, 0], [], [], [], []]","[-2, 4, -4, 4, 1, None, -4, 4, 2, 1, 3]",146,10,,best_alone,w362e427,7.91278922069068,6.9584483932976555,8.23827262463303,8,8,0,1,1,1,2.0
2046,"[[], [3, 9], [], [], [], [2], [1, 3], [8, 5], [10, 0], [], []]","[4, 4, -4, 0, 2, -2, -3, None, 3, 1, -3]",108,10,1.0,best_second,w362e427,7.347299700743164,7.532088143541722,8.136810863675535,7,7,0,1,1,1,
2048,"[[4, 6], [], [], [], [], [2], [], [9, 5], [0, 4], [10, 1], []]","[1, 2, 0, 3, 4, 4, 3, None, 1, 3, -3]",312,3,,best_min,w362e427,8.50815244676409,7.8628820346414905,8.929700114313448,5,4,1,0,0,1,5.0
2052,"[[], [5, 4], [], [7], [], [], [8, 0], [], [], [6, 3], [1, 5]]","[4, 1, -3, -1, 2, 4, 0, 0, -3, None, -1]",128,6,4.0,best_min,w362e427,8.176391596633794,7.736307096548285,8.67334187390617,4,4,0,1,1,1,
2055,"[[], [7, 9], [10], [5, 2], [1, 7], [6, 8], [], [], [], [], []]","[4, -4, 1, None, 3, -4, 0, -4, 2, 2, 4]",208,8,,best_alone,w362e427,7.943427767876373,7.167809184316444,8.321907968230423,5,5,0,1,1,1,2.0
2059,"[[4, 8], [3, 10], [], [10, 6], [2, 5], [], [], [], [9], [], []]","[None, -1, 4, 3, 0, 3, 3, 1, 4, -3, 0]",26,2,,best_second,w362e427,7.771488760117616,6.470799503782602,8.01201823915906,4,1,3,0,0,1,1.0
2061,"[[], [7, 8], [], [], [], [], [0, 3], [4, 5], [2], [], [6, 0]]","[2, None, -4, -2, 2, 0, 4, 2, -4, -4, 4]",18,7,2.0,best_second,w362e427,7.9247959139564355,6.834108738813839,8.214194414852562,4,4,0,1,1,1,
2062,"[[6, 2], [9], [], [7, 10], [], [3, 7], [], [], [0, 1], [], []]","[-4, 4, 0, -2, 4, 2, 4, 4, None, 3, 1]",314,9,,best_alone,w362e427,7.420578905410801,6.927557906278317,7.896924656268864,7,7,0,1,1,1,4.0
2063,"[[], [2, 0], [], [], [1, 2], [3, 6], [], [5, 8], [10], [], []]","[4, 2, 3, 1, 0, -1, -2, None, 1, 4, -2]",100,2,,best_min,w362e427,7.53422832627409,7.568379267836522,8.244334047856094,0,-1,1,0,0,1,3.0
2065,"[[], [], [7, 4], [10, 5], [9], [], [], [1, 8], [], [], [5, 6]]","[3, 4, None, 4, -4, 3, -4, -3, 3, -2, -1]",170,4,6.0,best_second,w362e427,8.344029572407047,6.309918278226516,8.46674164792014,1,1,0,1,1,1,
2066,"[[], [10, 4], [8, 9], [], [], [], [1, 10], [], [0, 5], [3], []]","[4, -3, None, -3, 4, -2, 2, 3, 4, -3, 3]",48,10,6.0,best_second,w362e427,7.1049654482698426,7.221105098182496,7.85748078694253,8,8,0,1,1,1,
2067,"[[3, 2], [], [7], [6, 8], [10, 5], [], [], [], [], [], [5, 1]]","[None, 1, 0, 4, 1, 4, -3, -1, 4, -3, 1]",268,8,0.0,best_second,w362e427,7.757478766584179,7.390798521735676,8.28374674710613,8,8,0,1,1,1,
2069,"[[], [], [10, 0], [9], [1, 5], [], [2, 3], [4, 1], [], [], []]","[4, 2, 4, -3, -4, 4, None, 4, 3, -2, 1]",322,8,0.0,best_second,w362e427,7.386470848829894,7.659642954564682,8.225235324101668,8,8,0,1,1,1,
2070,"[[10, 4], [], [3, 8], [], [5], [], [], [], [], [2, 3], [7, 1]]","[None, 0, -1, -3, 3, 4, 1, -2, -2, 4, 3]",252,5,3.0,best_alone,w362e427,7.618251097876696,8.406038142050075,8.780787468338929,7,3,4,0,0,1,
2071,"[[], [], [], [5, 10], [9, 8], [10, 6], [], [], [1], [7, 0], []]","[-1, -1, 1, -2, None, -4, -2, 2, -1, 1, -3]",16,4,2.0,best_second,w362e427,8.024862150286411,7.92443418488756,8.66888370465667,3,3,0,1,1,1,
2074,"[[6, 5], [], [], [], [1, 7], [10], [3, 9], [], [4, 1], [], []]","[None, 0, 1, -3, 4, 3, -4, 4, 3, 1, 3]",60,11,,best_alone,w362e427,7.602401335665818,6.966024187106113,8.026823576217629,6,6,0,1,1,1,4.0
2078,"[[], [], [9, 1], [], [], [], [10, 3], [5], [2, 7], [], [3, 0]]","[3, 4, 0, 4, 4, 3, -4, 4, None, -4, 4]",180,7,,best_alone,w362e427,7.701652362642225,6.486160788944089,7.96102146588337,7,7,0,1,1,1,8.0
2079,"[[], [3, 8], [], [], [], [9, 0], [1, 10], [5, 9], [], [], [2]]","[2, 1, -3, 4, 2, 4, None, 4, -2, 2, -4]",350,9,3.0,best_second,w362e427,8.09803475617607,7.427738840532894,8.51097389160232,5,5,0,1,1,1,
2085,"[[9, 6], [], [], [0, 7], [8, 1], [], [], [2], [], [], [4, 8]]","[1, 4, 0, None, -4, -2, 3, 3, 0, -2, -1]",356,3,2.0,best_min,w362e427,7.4882935151594285,7.487733761436444,8.180880941996389,4,4,0,1,1,1,
2086,"[[3], [], [], [], [], [1, 4], [], [8, 9], [9, 6], [], [5, 0]]","[1, 1, 4, -2, -2, -1, -1, 3, -3, -2, None]",34,2,,best_min,w362e427,7.803843303538773,7.306531398939504,8.278682162970904,0,-1,1,0,0,1,3.0
2087,"[[], [], [], [5, 1], [], [1, 2], [], [4, 0], [], [7, 10], [8]]","[3, 0, 0, 4, 1, 1, -3, -4, 4, None, 2]",318,8,,best_alone,w362e427,7.551186867296149,7.0613343669104385,8.028781162487146,6,6,0,1,1,1,2.0
2089,"[[], [], [], [], [], [8, 10], [0, 2], [], [1, 7], [6, 0], [4]]","[4, -4, -3, 0, 0, None, 3, -2, -2, -4, 1]",4,6,,best_alone,w362e427,7.755767170102998,7.783224016336037,8.46252579007393,1,1,0,1,1,1,2.0
2091,"[[8, 9], [], [6, 10], [2, 5], [], [4], [], [], [9, 1], [], []]","[-4, 2, 3, None, 4, 0, 4, 4, 4, -1, 3]",260,2,0.0,best_second,w362e427,7.813995675002791,7.298445101508147,8.281977058867758,7,7,0,1,1,1,
2092,"[[], [], [], [5, 4], [], [4, 9], [2, 0], [], [6, 10], [], [1]]","[-3, 2, -1, 4, -2, -1, -1, 2, None, 3, 3]",372,8,,best_alone,w362e427,7.8898337513942955,6.992096427415888,8.23137604557397,5,5,0,1,1,1,2.0
2093,"[[1, 4], [2, 7], [], [5, 10], [8], [], [3, 5], [], [], [], []]","[None, -2, 0, 4, 3, -4, 0, -4, -1, -1, 4]",98,6,,best_alone,w362e427,7.585281078639126,7.545389749611823,8.258422462458876,2,2,0,1,1,1,4.0
2094,"[[], [], [10, 0], [], [], [3, 7], [5, 3], [], [2, 9], [4], []]","[1, 3, 4, 1, -3, -4, 1, -3, None, -3, -2]",62,7,3.0,best_second,w362e427,7.674152921281675,7.636752112435779,8.348537825386098,5,5,0,1,1,1,
2098,"[[], [7, 3], [], [], [0], [1, 7], [9, 10], [], [6, 4], [], []]","[-2, 4, 2, -2, -2, 1, -4, -3, None, 2, 4]",148,3,,best_second,w362e427,8.32675881451173,7.755338812846502,8.774312958285378,0,-4,4,0,0,1,2.0
2100,"[[], [], [9, 0], [7, 5], [2, 9], [], [10], [], [3, 6], [], []]","[-3, -1, 1, 1, 1, 2, 3, -4, None, -1, 3]",2,6,1.0,best_alone,w362e427,7.315883504509785,7.78155595923534,8.268475388982598,6,3,3,0,0,1,
2103,"[[], [], [10, 5], [6, 7], [3, 6], [8], [], [], [], [], [9, 0]]","[2, -1, None, -2, -4, 3, 1, 1, 3, -4, -3]",374,10,,best_alone,w362e427,7.579678823090456,6.3835066348840055,7.8434564043761155,6,6,0,1,1,1,6.0
2104,"[[2, 3], [], [10, 4], [1], [], [8, 9], [], [], [9, 7], [], []]","[None, 3, -1, 1, -3, -3, 0, 0, -4, 3, -1]",256,7,,best_alone,w362e427,7.754052639035757,6.843749949006225,8.091933455979893,4,4,0,1,1,1,2.0
2105,"[[3, 6], [], [0, 3], [], [5, 8], [1, 9], [], [], [7], [], []]","[2, 1, -4, 0, None, -1, -4, -4, -2, -1, -1]",178,4,0.0,best_second,w362e427,9.291736010180177,6.598509028614515,9.357121103184378,0,0,0,1,1,1,
2107,"[[], [], [5, 10], [], [], [3, 8], [4, 0], [], [], [6, 4], [7]]","[3, 1, None, -4, 1, 0, -4, 3, 0, -2, 2]",144,7,,best_alone,w362e427,7.591357046698551,6.670766320845874,7.926241523170962,5,5,0,1,1,1,4.0
2109,"[[], [], [], [], [5, 0], [], [2], [4, 5], [9, 6], [3, 1], []]","[3, 4, -3, -3, 0, 1, -4, -4, None, 4, -2]",76,11,,best_second,w362e427,7.627544390488503,7.194436851100334,8.127109185346375,8,-7,15,0,0,1,7.0
2110,"[[10, 5], [], [1, 3], [], [0, 10], [], [2, 7], [9], [], [], []]","[-4, 2, -3, 0, 1, 2, None, 2, 0, 0, -2]",152,4,,best_alone,w362e427,7.636752112435779,7.3777589082278725,8.20849175174038,2,2,0,1,1,1,2.0
2111,"[[], [], [8, 7], [], [], [10, 0], [], [4], [1, 9], [], [0, 6]]","[3, -3, None, 0, 0, 1, 1, -2, -4, -1, 2]",52,4,3.0,best_alone,w362e427,8.358666283188,7.091742115095153,8.606668197843842,-2,-5,3,0,0,1,
2113,"[[], [8, 4], [], [], [0], [], [7, 2], [2, 5], [10, 9], [], []]","[-2, None, 1, -1, -1, 3, -2, -4, 4, -3, 4]",338,9,7.0,best_second,w362e427,7.170888478512505,6.884486652042782,7.7306140660637395,8,8,0,1,1,1,
2114,"[[], [], [], [8, 1], [2], [3, 4], [], [9, 0], [], [0, 10], []]","[-1, -3, 3, -4, 4, None, -3, 0, 3, 4, -1]",40,11,,best_alone,w362e427,7.8713112033234065,6.974478911025045,8.213110697596676,7,7,0,1,1,1,6.0
2117,"[[], [0], [], [], [], [10, 7], [5, 1], [], [3, 4], [8, 3], []]","[3, 0, -1, -3, -3, 0, None, 4, 4, 0, 1]",376,2,,best_min,w362e427,8.07153089355666,5.648974238161206,8.156223323194626,4,3,1,0,0,1,3.0
2120,"[[], [7, 8], [1, 7], [9, 4], [5], [], [], [], [], [10, 0], []]","[1, -1, -1, None, -2, 3, -1, -1, -4, 4, -1]",162,3,3.0,best_second,w362e427,7.316548177182977,7.566311014772463,8.142063283104145,5,5,0,1,1,1,
2126,"[[], [10, 3], [1, 7], [], [], [], [0, 4], [8], [], [6, 0], []]","[0, 2, None, -2, 4, -4, 4, 4, 4, -4, 2]",112,6,,best_alone,w362e427,8.133880887949205,6.82219739062049,8.37216741936598,8,8,0,1,1,1,4.0
2127,"[[], [2, 0], [0, 4], [6, 8], [], [], [], [5], [], [], [3, 7]]","[-4, 4, 3, -3, -4, 3, 1, 4, -3, 4, None]",354,11,,best_alone,w362e427,7.67693714581808,6.541029999189903,7.955074273262697,7,7,0,1,1,1,4.0
2129,"[[], [0, 4], [1, 9], [], [], [], [], [], [7, 5], [3], [8, 7]]","[0, -2, None, 4, -4, -4, 0, -1, 4, 3, 1]",334,11,,best_alone,w362e427,7.979681302387741,6.75110146893676,8.236155661683126,7,7,0,1,1,1,4.0
2130,"[[10, 7], [0, 10], [], [2, 9], [], [3, 6], [4], [], [], [], []]","[1, 0, -1, 3, -4, None, -4, 0, -2, 3, 3]",80,9,0.0,best_second,w362e427,7.317212408359839,6.4967749901858625,7.681560362559537,6,2,4,0,1,1,
2131,"[[], [], [3, 9], [8, 0], [], [7, 1], [], [], [], [6], [5, 7]]","[-2, 0, None, 2, 4, -1, 0, -4, 3, -2, -3]",264,6,4.0,best_second,w362e427,7.911690520708338,5.44673737166631,7.992944547318106,5,5,0,1,1,1,
2134,"[[], [], [10, 1], [], [], [7, 8], [], [9, 0], [3], [], [1, 4]]","[0, 4, 4, -1, -2, None, 2, -4, 4, 2, -1]",120,6,,best_alone,w362e427,7.637716432664798,7.6577552711348655,8.340694647925071,3,3,0,1,1,1,2.0
2137,"[[], [], [], [5], [], [], [0, 1], [2, 4], [], [6, 0], [7, 3]]","[-2, 3, -4, -4, -2, 4, 0, 0, -4, -1, None]",286,3,2.0,best_alone,w362e427,7.975564658495202,7.964850887447313,8.663196485536082,0,-4,4,0,0,1,
2144,"[[], [0], [], [], [7, 2], [], [], [], [10, 3], [4, 1], [3, 5]]","[4, 2, -4, 2, -2, -1, 2, -2, 1, None, 1]",290,11,,best_alone,w362e427,7.748891337255532,6.78897174299217,8.0727793331695,6,6,0,1,1,1,2.0
2146,"[[], [], [], [], [10], [], [8, 3], [2, 5], [3, 1], [7, 4], []]","[-1, -4, -2, 3, 3, 3, 1, 1, -4, None, 0]",216,3,,best_min,w362e427,7.64826303090192,7.384610383176974,8.217978203150732,4,3,1,0,0,1,5.0
2147,"[[7, 9], [], [], [], [], [], [2, 5], [3, 1], [6, 2], [10], []]","[None, 4, 1, 1, -2, 3, 2, 2, -3, 1, -2]",244,5,2.0,best_second,w362e427,7.969357742016347,7.80994708647679,8.58578598288185,6,6,0,1,1,1,
2148,"[[], [10, 2], [], [], [], [9, 8], [], [1, 10], [4], [6, 3], []]","[1, 1, -4, 4, -4, None, 2, 2, 2, 2, -2]",296,5,2.0,best_second,w362e427,8.420462002456466,7.27931883541462,8.69751274553952,6,6,0,1,1,1,
2150,"[[], [], [], [], [7, 2], [], [1, 5], [2, 0], [], [6, 10], [3]]","[-4, 2, -1, -2, -1, 3, 2, 1, 1, None, 2]",398,3,1.0,best_second,w362e427,7.6487397889562425,7.544861068658458,8.291045131081729,5,5,0,1,1,1,
2155,"[[4], [6, 5], [8, 9], [], [], [], [], [1, 0], [9, 3], [], []]","[4, -4, -4, -2, 3, 0, 4, None, -1, 4, 2]",234,9,,best_alone,w362e427,7.509883061154913,6.590301048196686,7.8450244172414845,7,7,0,1,1,1,4.0
2156,"[[], [], [3, 5], [5, 0], [], [], [], [6, 1], [9], [], [7, 8]]","[4, 2, 0, -4, -1, -2, -3, 3, -2, -4, None]",204,8,1.0,best_second,w362e427,7.353081920515432,7.255591274253665,7.998335395952982,5,5,0,1,1,1,
2160,"[[], [2, 7], [], [0], [9, 3], [], [], [], [], [6, 8], [1, 2]]","[1, 3, 3, 3, None, -4, -4, -2, -2, -2, 2]",348,9,,best_alone,w362e427,7.667158255319148,7.199678345691172,8.153349757998892,4,4,0,1,1,1,2.0
2161,"[[], [5, 4], [], [0], [], [], [10, 3], [], [1, 5], [], [7, 9]]","[1, 3, -1, -1, 1, -3, None, -2, -3, 2, -4]",210,4,6.0,best_alone,w362e427,8.494333897270156,7.206377291472252,8.737773460327283,0,-2,2,0,0,1,
2163,"[[], [7], [], [0, 9], [10, 8], [4, 10], [3, 1], [], [], [], []]","[-3, 2, -2, -3, 2, 1, None, 4, -1, 1, 3]",68,10,,best_alone,w362e427,7.594884387216519,6.665683717782408,7.927324360309794,6,6,0,1,1,1,4.0
2167,"[[], [9, 4], [], [], [7], [], [], [], [10, 5], [3, 0], [5, 2]]","[3, None, -1, 4, 0, 4, 2, 2, -2, 1, -2]",294,2,2.0,best_second,w362e427,7.427738840532894,6.4754327167040895,7.753623546559747,5,5,0,1,1,1,
2169,"[[], [], [5], [4, 8], [], [], [3, 2], [10, 1], [], [], [1, 9]]","[3, -1, -2, 2, -4, -2, None, 0, 4, -4, 3]",214,9,2.0,best_second,w362e427,7.0587581525186645,7.4798641311650265,7.984121958702927,6,6,0,1,1,1,
2171,"[[7, 9], [], [4], [1, 6], [], [], [], [9, 8], [], [], [3, 2]]","[4, -1, -3, 3, -1, -1, 3, 0, 4, 1, None]",110,7,0.0,best_second,w362e427,7.575584651557792,7.508238774678663,8.23536064375335,6,6,0,1,1,1,
2173,"[[5], [4, 0], [3, 9], [9, 10], [8, 7], [], [], [], [], [], []]","[4, None, 3, 1, 1, -2, -1, -1, -3, 4, 0]",220,3,,best_alone,w362e427,7.889459149404524,7.101675971619444,8.264105763728956,2,2,0,1,1,1,2.0
2176,"[[], [3, 0], [], [0, 9], [], [], [], [8, 10], [5, 2], [], [4]]","[-4, 3, 4, -2, -4, -3, 0, None, 3, -2, 0]",358,9,1.0,best_second,w362e427,7.832014180505469,7.344072850573066,8.310414994188292,7,7,0,1,1,1,
2177,"[[], [4, 3], [], [2], [8, 6], [9, 0], [], [], [], [0, 10], []]","[-2, None, -1, 3, -3, 1, 1, -4, -3, 1, 0]",366,6,,best_alone,w362e427,7.793586803371584,6.663132695990804,8.073091199693156,2,2,0,1,1,1,4.0
2178,"[[4], [], [1, 5], [], [], [], [7, 8], [], [], [6, 0], [2, 1]]","[-3, 0, -4, 3, -3, 4, 0, 4, -2, None, 0]",340,8,2.0,best_second,w362e427,8.102889134640868,6.598509028614515,8.30325712085294,4,4,0,1,1,1,
2180,"[[9, 8], [5], [], [6, 2], [0, 1], [], [], [], [], [], [3, 6]]","[2, 0, -3, -1, None, -3, 2, 1, 2, -1, -2]",276,5,0.0,best_second,w362e427,7.599401333415815,7.306531398939504,8.156510226079966,4,4,0,1,1,1,
2181,"[[9], [], [], [8, 6], [10, 0], [3, 8], [], [], [], [], [2, 1]]","[4, 2, 4, 2, None, -2, -4, 2, -1, 3, 2]",44,2,0.0,best_alone,w362e427,7.213768308118642,6.927557906278317,7.773594467360194,7,6,1,0,0,1,
2182,"[[], [], [], [4, 8], [8, 5], [], [9, 2], [1], [], [], [6, 7]]","[1, 4, 1, 1, -4, -1, 4, -2, -4, 0, None]",82,2,3.0,best_second,w362e427,7.814803429489359,7.701652362642225,8.452761331256848,5,5,0,1,1,1,
2185,"[[8, 7], [0, 6], [], [], [], [2, 9], [3], [], [], [], [5, 2]]","[1, None, 0, 4, 0, 4, -1, -4, -2, 3, 0]",344,5,5.0,best_alone,w362e427,7.870547844507712,7.591861714889934,8.433811582477187,3,-1,4,0,0,1,
2187,"[[4, 3], [], [1, 8], [], [3, 7], [6], [], [], [], [2, 5], []]","[1, 1, -3, 0, -2, 3, 4, -4, -3, None, 4]",136,11,,best_alone,w362e427,7.541152455136308,6.804614520062623,7.932003152361385,7,7,0,1,1,1,4.0
2188,"[[10, 3], [], [4, 6], [5], [], [], [], [2, 4], [], [], [9, 8]]","[None, 1, 2, 2, 0, -1, 2, 3, 2, -1, 0]",364,2,,best_min,w362e427,7.916078096302786,7.441906728051625,8.399760094524142,2,1,1,0,0,1,3.0
2192,"[[], [], [3], [], [], [4, 10], [9, 1], [], [5, 2], [1, 7], []]","[4, -2, 4, 0, -4, -4, 1, -2, None, -3, -2]",24,11,,best_alone,w362e427,7.416378479192928,6.447305862541214,7.737616282857904,4,4,0,1,1,1,2.0
2194,"[[4, 1], [], [7], [0, 2], [], [], [9, 5], [], [], [], [6, 9]]","[-2, -4, 4, None, 0, 4, -2, 3, -1, 3, -3]",308,11,,best_alone,w362e427,7.864419904994565,6.656726524178392,8.125630988477063,7,7,0,1,1,1,4.0
2195,"[[], [3, 7], [9, 5], [], [], [], [], [], [1, 10], [5, 0], [6]]","[-1, -4, 0, -4, -3, 1, 3, 4, None, -4, 3]",148,10,,best_alone,we76379b,8.416488487294606,8.23137604557397,9.021235862885396,6,6,0,1,1,1,8.0
2199,"[[], [3], [8, 1], [], [], [], [7, 0], [], [9, 5], [], [6, 7]]","[1, 2, None, 4, -2, -2, 3, -4, -3, 0, 1]",268,10,,best_alone,we76379b,8.228710798793688,6.955592608396297,8.475328987317539,6,6,0,1,1,1,2.0
2201,"[[5, 10], [8], [], [6, 4], [], [], [4, 2], [0, 1], [], [], []]","[4, -3, 2, 2, -2, -2, 2, None, -3, -2, 1]",352,7,3.0,best_second,we76379b,7.528331766707247,7.627544390488503,8.272059622210412,5,5,0,1,1,1,
2202,"[[2, 7], [6], [], [], [10, 1], [], [], [], [0, 2], [], [5, 9]]","[1, 1, -3, 1, None, -2, -4, 4, 0, 0, 3]",216,4,3.0,best_second,we76379b,7.510430556378006,7.675081857716334,8.289037098278483,3,3,0,1,1,1,
2204,"[[], [], [], [], [], [10, 7], [1, 8], [2], [], [6, 1], [4, 3]]","[4, -2, 4, -4, 4, None, -1, 3, 3, 4, -4]",108,11,,best_alone,we76379b,7.4821189235521155,7.326465613840322,8.100161446936607,7,7,0,1,1,1,8.0
2213,"[[], [4, 9], [1, 4], [], [], [6, 7], [3, 10], [8], [], [], []]","[4, -2, 3, -2, -1, None, 4, -4, 0, 2, 2]",226,7,2.0,best_second,we76379b,7.350516171833998,8.120588711740268,8.50086053679534,6,6,0,1,1,1,
2214,"[[7, 5], [], [], [6, 9], [], [10], [], [1, 2], [3, 6], [], []]","[None, 1, 4, 4, -1, 2, 0, 2, -4, 1, -3]",142,5,2.0,best_second,we76379b,9.203819154985917,7.8709295967551425,9.437794618877476,6,6,0,1,1,1,
2216,"[[], [], [], [8, 0], [7, 2], [3, 9], [], [], [], [6], [4, 7]]","[-4, -4, -3, 1, 0, None, -4, -3, 3, -3, 4]",192,9,5.0,best_second,we76379b,7.899524472032198,7.843064016692054,8.564649132572534,4,4,0,1,1,1,
2217,"[[7, 5], [4, 10], [], [], [10, 6], [2], [], [3, 9], [], [], []]","[None, -2, 4, -2, -1, 4, 0, -1, -2, 2, 1]",6,9,,best_alone,we76379b,7.4073177104694174,6.88653164253051,7.873217054862741,8,8,0,1,1,1,4.0
2221,"[[8, 1], [], [4], [], [], [], [9, 5], [0, 8], [], [], [6, 2]]","[-2, 1, -1, 3, 3, -2, -2, -4, 0, -4, None]",388,7,,best_alone,we76379b,8.255308811785596,7.195187320178708,8.55256033525353,2,2,0,1,1,1,2.0
2223,"[[6, 2], [], [8], [], [5, 10], [10, 9], [3, 1], [], [], [], []]","[None, -4, 0, 4, 4, -1, 2, 1, -4, 2, -3]",398,9,6.0,best_second,we76379b,7.743269700829004,6.827629234502853,8.07961802938984,6,6,0,1,1,1,
2224,"[[], [6, 8], [], [], [5, 10], [9, 0], [8, 7], [], [], [], [2]]","[-1, 2, 0, 4, None, -2, -4, 3, 3, 1, 3]",200,5,,best_alone,we76379b,7.281385663570283,8.23137604557397,8.558143177745192,3,3,0,1,1,1,2.0
2225,"[[6, 5], [10], [], [8, 4], [], [], [], [0, 1], [], [3, 8], []]","[0, -4, -4, -1, 2, 4, -4, None, 3, 1, -4]",180,10,4.0,best_second,we76379b,7.9229859587111955,7.3901814282264295,8.384575666801398,4,4,0,1,1,1,
2226,"[[], [], [], [10, 7], [], [3, 10], [8, 9], [], [2, 1], [4], []]","[0, -2, 1, 1, -2, 4, None, 2, 1, 3, 2]",122,2,,best_min,we76379b,7.374001859350161,7.508787170634276,8.136518252115291,2,1,1,0,0,1,3.0
2231,"[[], [], [7, 3], [4], [], [], [], [10, 1], [6, 0], [8, 6], []]","[-1, -3, None, -1, -2, 2, -2, 4, 1, 4, 4]",246,9,7.0,best_second,we76379b,9.271811694064283,6.529418838262225,9.334149657702469,8,8,0,1,1,1,
2232,"[[1, 5], [], [], [9, 7], [0, 8], [], [3, 9], [], [2], [], []]","[-1, -1, 1, 2, None, 1, -2, 3, 3, -2, -2]",74,5,,best_alone,we76379b,8.77647578934632,7.273786317844895,8.97727273946428,4,4,0,1,1,1,2.0
2233,"[[3, 2], [], [], [], [], [4], [10, 7], [], [0, 5], [], [7, 9]]","[-3, 4, -4, 0, -1, 4, 4, 0, None, -2, 1]",228,8,,best_alone,we76379b,7.599401333415815,7.366445148327599,8.182559264068663,3,3,0,1,1,1,4.0
2236,"[[], [], [10, 9], [2, 10], [8], [], [7, 4], [1, 5], [], [], []]","[-2, 4, 0, 3, 3, -4, None, -2, 2, -3, 0]",144,7,,best_alone,we76379b,7.841492924460013,6.988413181999592,8.196161139282903,5,5,0,1,1,1,8.0
2237,"[[], [], [9, 4], [], [0], [1, 10], [5, 1], [], [], [3, 7], []]","[-1, 1, None, 4, -3, -1, 0, -3, 2, 3, 2]",274,9,6.0,best_second,we76379b,7.959275960116396,7.43955930913332,8.425735580927402,7,7,0,1,1,1,
2238,"[[], [5, 10], [9, 0], [], [], [4, 8], [], [], [], [0, 3], [6]]","[-3, None, 4, 2, -2, 3, 2, 4, 4, 3, -3]",312,7,1.0,best_second,we76379b,7.743703258173754,7.765569081097317,8.447628728030327,7,7,0,1,1,1,
2239,"[[], [], [3, 10], [6, 8], [7, 1], [4, 7], [], [], [], [], [9]]","[0, -4, None, 0, -4, -3, 0, 2, -2, 4, 0]",82,5,,best_alone,we76379b,8.690305809124883,7.050989447068045,8.867568333206442,4,4,0,1,1,1,2.0
2241,"[[], [], [], [], [9, 0], [10, 7], [], [1], [], [0, 3], [6, 8]]","[-1, 4, 0, 1, 4, None, 4, 3, -2, -3, 0]",316,6,,best_alone,we76379b,7.734121303328305,6.16541785423142,7.9229859587111955,7,7,0,1,1,1,6.0
2245,"[[2, 7], [8, 4], [], [0, 2], [], [], [], [], [], [1, 10], [6]]","[2, -3, 2, -1, -4, 0, 4, 1, -2, None, 1]",282,11,,best_alone,we76379b,8.434463543817241,6.541029999189903,8.574518258035507,5,5,0,1,1,1,2.0
2246,"[[4], [], [8, 9], [1, 10], [], [3, 0], [], [], [9, 6], [], []]","[2, -4, 4, -4, 3, None, -1, 2, 3, 2, 0]",166,11,,best_alone,we76379b,8.327000740241713,6.508769136971681,8.477204183199875,5,5,0,1,1,1,4.0
2248,"[[], [], [], [], [2, 8], [3, 1], [], [4, 2], [], [5, 10], [6]]","[1, -2, 0, 0, 3, -4, 3, -3, 4, None, -4]",162,4,,best_alone,we76379b,8.78813593986372,6.816735880594968,8.918382504661613,-1,-1,0,1,1,1,2.0
2254,"[[], [0, 6], [9, 4], [], [], [1, 8], [], [2, 9], [3], [], []]","[3, 3, 0, -2, -4, None, -4, -3, -3, -3, -2]",18,9,7.0,best_second,we76379b,7.611842399580417,7.457609289715606,8.230577217146454,6,6,0,1,1,1,
2255,"[[], [3, 10], [], [6, 9], [2, 8], [4, 2], [], [], [], [], [7]]","[4, None, 2, 3, 3, -3, -3, -2, 4, 0, 4]",264,2,,best_min,we76379b,9.361601165816767,6.685860947068359,9.428109506952937,3,2,1,0,0,1,3.0
2258,"[[7], [9, 0], [], [], [], [], [10, 2], [], [], [8, 3], [2, 5]]","[-3, None, 0, 1, -4, 0, 1, 0, -4, 3, 3]",68,6,2.0,best_second,we76379b,7.498315870766981,7.218176838403407,8.060855752934316,4,4,0,1,1,1,
2259,"[[9, 6], [], [], [4, 10], [10, 7], [], [5], [], [], [8, 1], []]","[None, -3, 2, -3, 4, 4, 2, -2, 1, -3, -4]",374,10,,best_alone,we76379b,8.016977746762262,7.931644021454311,8.668196064952765,6,6,0,1,1,1,4.0
2264,"[[], [], [], [5, 8], [1], [], [], [10, 6], [], [3, 4], [6, 0]]","[3, -3, -4, -2, 3, 1, -1, -3, -3, None, 1]",222,3,,best_alone,we76379b,7.667158255319148,7.374629015218945,8.224431573221157,0,0,0,1,1,1,4.0
2265,"[[2, 6], [3, 9], [8, 10], [9, 4], [], [], [5], [], [], [], []]","[None, 1, 3, 4, -1, 4, -3, 2, 0, 1, 3]",62,4,0.0,best_second,we76379b,7.598900456871409,7.310550158534422,8.157943507105037,6,6,0,1,1,1,
2269,"[[], [9, 10], [7, 3], [5], [1, 9], [], [], [8, 6], [], [], []]","[0, 0, None, -1, -1, 0, -3, -1, -1, 3, 0]",328,2,2.0,best_alone,we76379b,8.781708985836179,7.61332497954064,9.052282067317908,-1,-2,1,0,0,1,
2270,"[[], [8, 9], [0, 10], [], [2, 0], [], [], [], [7, 5], [3], []]","[-1, None, 2, -3, -2, -4, 3, 4, 2, -3, 2]",130,10,6.0,best_second,we76379b,7.550661243105336,6.535241271013659,7.859413154693583,6,6,0,1,1,1,
2271,"[[], [8, 3], [], [10], [6, 7], [], [], [], [5, 2], [4, 6], []]","[2, None, 3, 0, 1, 0, 1, 4, 2, -2, -4]",182,6,1.0,best_second,we76379b,7.72356247227797,7.3702306418070815,8.255308811785596,5,5,0,1,1,1,
2272,"[[], [2, 9], [10, 3], [], [], [], [8, 4], [], [4, 0], [5], []]","[3, None, -3, 4, -2, 1, -1, -3, 1, 4, 0]",366,6,,best_alone,we76379b,8.448700194970936,6.891625897052253,8.639764743804417,5,5,0,1,1,1,4.0
2277,"[[], [], [0], [4, 7], [], [1, 9], [3, 2], [], [5, 1], [], []]","[4, 0, 3, 0, 4, -2, None, -2, 1, -4, -3]",350,6,,best_alone,we76379b,7.305188215393037,6.913737350659685,7.821242083523558,7,7,0,1,1,1,6.0
2279,"[[2, 4], [], [4, 1], [], [], [], [], [5, 6], [3], [], [7, 8]]","[3, 1, -4, -2, -4, 3, 4, 0, 1, -2, None]",54,3,4.0,best_second,we76379b,8.546363568716018,7.4770384723196965,8.84130362048157,4,4,0,1,1,1,
2280,"[[5, 10], [], [6, 1], [], [], [8, 3], [1, 9], [], [], [], [7]]","[None, 2, 1, -3, -4, 3, -4, -4, 4, -2, 2]",90,8,6.0,best_second,we76379b,8.328209491748732,6.520621127558696,8.479906606630221,7,7,0,1,1,1,
2281,"[[9], [6, 8], [], [5, 0], [], [7, 2], [8, 4], [], [], [], []]","[-4, -2, 4, None, 3, -4, -4, 3, -2, 1, 2]",334,2,8.0,best_second,we76379b,8.723068501163928,6.33327962813969,8.81060879571578,0,-1,1,0,1,1,
2283,"[[1, 9], [], [8], [], [7, 3], [], [4, 2], [], [], [], [0, 1]]","[-1, 1, -2, 4, 1, 4, None, -3, -2, 4, 0]",126,8,3.0,best_second,we76379b,8.015327309021718,7.053585727193677,8.338783971442197,5,5,0,1,1,1,
2286,"[[], [], [4], [0, 7], [], [6, 1], [], [], [], [5, 6], [3, 2]]","[0, -4, -2, 4, -4, 1, -3, 3, -2, 1, None]",100,8,1.0,best_second,we76379b,7.700747794511798,6.834108738813839,8.051340933292979,7,7,0,1,1,1,
2290,"[[], [], [6, 9], [], [], [], [3, 1], [8, 0], [0, 5], [4], []]","[1, 4, None, 1, -1, 3, 2, 3, 3, 2, 4]",32,4,2.0,best_second,we76379b,8.066521490469993,6.888572459565363,8.334711621820917,6,6,0,1,1,1,
2291,"[[1, 8], [], [0, 9], [], [], [6, 7], [7, 10], [], [], [3], []]","[-3, -3, None, 4, -4, 0, -4, 3, 3, 3, -1]",168,10,,best_alone,we76379b,7.799343398215921,6.320768294250582,8.004365564979574,7,7,0,1,1,1,6.0
2292,"[[], [], [0, 4], [1], [], [], [], [6, 5], [2, 3], [7, 6], []]","[-4, -2, 4, -4, 4, 2, -4, 4, None, -4, 1]",250,11,0.0,best_second,we76379b,7.52294091807237,7.471363088187097,8.190354403763262,8,8,0,1,1,1,
2293,"[[10], [7, 0], [], [6, 9], [], [], [9, 4], [8, 2], [], [], []]","[1, None, -1, 2, 2, 1, 4, 1, 3, -1, 4]",330,3,,best_alone,we76379b,8.591558273371545,6.478509642208569,8.705496819887738,5,5,0,1,1,1,4.0
2299,"[[], [], [], [5, 6], [], [4, 1], [2], [10, 0], [], [], [0, 9]]","[2, 3, 1, None, 4, -1, -3, 3, 3, 2, -3]",80,3,4.0,best_second,we76379b,8.134467570277561,7.552762084214147,8.57828829077605,3,3,0,1,1,1,
2300,"[[2, 4], [], [4, 1], [], [], [], [7, 3], [], [6, 10], [], [9]]","[-4, 1, 1, 1, -1, -2, -4, -1, None, -2, 1]",298,3,5.0,best_alone,we76379b,7.780720886117918,7.58018941794454,8.378390788535778,-1,-3,2,0,0,1,
2301,"[[], [9, 0], [], [], [], [3, 4], [], [5, 10], [1, 9], [], [2]]","[0, -4, 1, 4, -4, -1, 1, None, -3, 1, 4]",48,6,,best_alone,we76379b,7.344719054149673,7.570443252057373,8.156797046675651,5,5,0,1,1,1,8.0
2302,"[[7, 4], [6, 8], [], [], [], [0, 7], [3, 10], [], [2], [], []]","[-3, None, 2, -4, -3, 0, 4, 0, 4, 2, -2]",172,5,,best_alone,we76379b,8.31360713931756,6.400257445308821,8.451053388911692,6,6,0,1,1,1,2.0
2304,"[[7, 8], [], [], [], [], [3], [1, 4], [], [], [0, 7], [6, 5]]","[3, 4, 3, -1, -2, 2, -4, 4, -3, 0, None]",190,4,,best_alone,we76379b,8.452547997922707,7.401231264413014,8.752107198329362,1,1,0,1,1,1,6.0
2306,"[[], [0, 8], [1, 0], [], [], [], [4, 9], [6, 10], [], [], [5]]","[-3, 3, 2, 3, -1, -1, 0, None, 0, 2, 2]",256,2,,best_min,we76379b,8.696175846944678,7.095893221097532,8.879889967673464,2,1,1,0,0,1,3.0
2309,"[[], [10, 3], [], [2], [5, 0], [], [], [], [4, 5], [], [6, 7]]","[-2, None, -4, -4, -3, -3, 4, -4, 0, -3, 2]",78,11,6.0,best_second,we76379b,7.750614732770409,7.515344571180435,8.332789468417957,6,6,0,1,1,1,
2313,"[[], [], [5], [10, 6], [9, 1], [], [], [4, 2], [], [], [6, 8]]","[-1, -2, -4, 2, 3, -1, 4, None, 2, -4, -2]",368,4,5.0,best_second,we76379b,8.976135873302548,7.796880342783523,9.244161920451694,1,1,0,1,1,1,
2314,"[[9, 10], [], [0, 6], [4, 5], [5, 1], [], [7], [], [], [], []]","[-3, 2, None, -2, -1, -1, 4, 3, 1, 2, -4]",278,11,,best_alone,we76379b,7.513709247839705,6.406879986069314,7.7989333100412175,7,7,0,1,1,1,6.0
2315,"[[], [9, 6], [7, 10], [], [], [], [], [8, 0], [], [6, 3], [5]]","[3, -4, None, -2, -1, -2, -1, 4, -4, 3, -4]",290,10,1.0,best_second,we76379b,7.843848638152473,7.664346632098617,8.451053388911692,7,7,0,1,1,1,
2316,"[[1, 10], [3, 6], [], [], [], [8, 2], [], [], [2, 7], [], [9]]","[None, 2, -1, 3, -1, -3, -2, -2, 2, 0, -2]",378,6,4.0,best_second,we76379b,7.950149887652018,6.587550014824797,8.177796683277776,5,5,0,1,1,1,
2321,"[[4, 5], [0, 6], [9, 3], [], [], [], [10], [], [], [3, 8], []]","[-4, None, -1, 3, 0, -2, 2, -4, -4, 4, -2]",34,5,,best_alone,we76379b,7.668561108015897,7.866722285136729,8.465478755729558,0,0,0,1,1,1,2.0
2322,"[[], [8, 10], [6, 9], [], [], [], [0, 3], [], [10, 7], [4], []]","[-1, -1, None, 2, -3, 4, 2, -1, -3, 0, 2]",266,5,0.0,best_second,we76379b,7.778211474512493,6.985641817639208,8.151333337900434,4,4,0,1,1,1,
2324,"[[10, 1], [], [7, 3], [], [], [0, 10], [], [], [2, 9], [6], []]","[-2, -4, 2, -4, 3, 2, 0, -2, None, 2, 2]",336,3,,best_alone,we76379b,8.513385953073284,6.29156913955832,8.616133139271142,2,2,0,1,1,1,2.0
2326,"[[], [], [], [], [], [4], [], [8, 0], [0, 1], [3, 2], [9, 5]]","[4, -3, -2, 4, -3, 4, 2, 0, -1, 1, None]",318,5,3.0,best_min,we76379b,8.153349757998892,6.26530121273771,8.294049640102028,5,5,0,1,1,1,
2327,"[[], [], [6], [4, 0], [], [1, 10], [], [3, 4], [], [5, 2], []]","[-4, 0, 0, 0, 4, -1, 1, 4, -1, None, -2]",376,3,,best_alone,we76379b,8.384118837190895,7.47477218239787,8.722417141427496,1,1,0,1,1,1,2.0
2328,"[[], [], [], [10], [7, 3], [9, 8], [], [1, 6], [], [8, 2], []]","[3, -4, -4, 3, None, 3, 2, -3, 2, -3, 4]",230,11,,best_alone,we76379b,7.86480400332846,6.293419278846481,8.053251153549098,7,7,0,1,1,1,6.0
2329,"[[], [0, 6], [], [], [1, 5], [7], [], [], [], [10, 8], [8, 3]]","[4, 2, -4, 1, None, -4, -1, 1, 4, -3, -1]",174,7,3.0,best_second,we76379b,8.611775833902186,7.594381242551816,8.920255414908091,6,6,0,1,1,1,
2332,"[[], [], [7, 5], [1, 0], [], [10], [], [4, 8], [], [3, 1], []]","[0, -3, None, -2, -2, 1, -3, -4, 0, -2, 4]",176,10,,best_alone,we76379b,7.5766097669730375,6.3473892096560105,7.832807516524865,5,5,0,1,1,1,2.0
2334,"[[1], [], [10, 0], [], [5, 3], [], [], [], [4, 5], [], [7, 9]]","[4, 3, None, 3, -4, -4, 0, 4, 2, -4, -3]",354,10,1.0,best_alone,we76379b,7.591861714889934,7.787382026484701,8.387312270561717,7,1,6,0,0,1,
2336,"[[], [3, 2], [6], [0, 10], [], [], [], [8, 9], [9, 4], [], []]","[2, None, 2, -2, -3, 0, 4, -3, -2, -3, -2]",308,8,,best_alone,we76379b,7.814399633804487,5.799092654460527,7.939158817956797,6,6,0,1,1,1,4.0
2337,"[[], [10, 2], [9], [], [], [7, 4], [], [4, 0], [], [], [8, 3]]","[1, None, 0, -2, 2, 4, 1, -1, -1, -4, 4]",240,4,6.0,best_second,we76379b,8.707317560273212,7.509883061154913,8.971067438732089,3,2,1,0,1,1,
2338,"[[3, 8], [4, 9], [], [8, 5], [], [], [1, 10], [], [], [], [7]]","[4, -3, -4, -2, -3, 2, None, 4, 1, 3, 4]",202,11,,best_alone,we76379b,7.760467029213421,6.289715570908997,7.96693349840484,8,8,0,1,1,1,6.0
2339,"[[7, 9], [], [], [4, 5], [5, 2], [], [], [], [1], [], [0, 8]]","[2, 0, -1, -4, 0, -3, -2, -2, 2, -4, None]",324,3,,best_alone,we76379b,8.611411866655219,6.324358962381311,8.707978826622321,2,2,0,1,1,1,2.0
2349,"[[2, 8], [], [], [1], [5, 9], [9, 6], [], [0, 3], [], [], []]","[0, 1, 1, -3, 2, -1, -2, None, -4, 3, 4]",118,4,4.0,best_min,we76379b,7.8954360069429645,7.214504414151143,8.304742269640771,1,-4,5,0,1,1,
2350,"[[], [], [8, 6], [5, 10], [], [1, 7], [], [], [], [2, 8], [0]]","[2, -1, 0, None, 1, 1, 2, -3, 4, 1, 4]",104,7,,best_alone,we76379b,7.267525427828172,8.151044945685024,8.496786381638575,6,6,0,1,1,1,2.0
2352,"[[4, 2], [], [6], [], [3, 10], [7, 9], [], [9, 1], [], [], []]","[None, 2, -3, -1, 2, -4, -4, 3, -4, 0, 0]",360,5,2.0,best_second,we76379b,8.0702808933939,7.822044008185619,8.646816959209742,2,2,0,1,1,1,
2355,"[[4], [10, 0], [6, 3], [], [], [2, 6], [], [], [], [], [8, 9]]","[1, None, -2, 1, 2, 2, 3, -4, 0, 2, -2]",14,4,,best_alone,we76379b,8.126518168780708,7.236339342754344,8.470311205516108,3,3,0,1,1,1,2.0
2357,"[[], [], [7], [], [1, 3], [], [8, 0], [], [], [4, 1], [6, 2]]","[-1, 4, 3, -2, -4, 2, -2, 3, -3, 0, None]",98,10,,best_alone,we76379b,7.652070746116482,7.958227192322312,8.509765675587442,6,6,0,1,1,1,2.0
2361,"[[], [8, 5], [], [4, 2], [], [9], [], [], [6, 0], [], [3, 4]]","[-2, None, 1, 2, 4, -3, 4, -3, 1, -4, -3]",28,9,3.0,best_second,we76379b,7.355641102974254,7.255591274253665,7.99967857949945,5,5,0,1,1,1,
2364,"[[1, 10], [5, 8], [], [], [3, 9], [], [], [4, 3], [], [], [6]]","[None, 4, 0, 1, 2, 4, -3, -1, -3, 1, -4]",158,11,7.0,best_second,we76379b,7.542213463193402,7.822845290279774,8.385260520155411,8,8,0,1,1,1,
2365,"[[], [9, 4], [7, 6], [1, 10], [], [2, 7], [], [], [], [], [0]]","[-3, 3, 3, None, -4, -3, 4, 2, -4, 4, -2]",372,10,7.0,best_second,we76379b,8.18451375303372,7.623153068476903,8.635687085464028,7,7,0,1,1,1,
2367,"[[9, 10], [0, 9], [7], [], [6, 2], [], [5, 3], [], [], [], []]","[-4, 3, -4, 4, None, -4, -3, -1, 1, -2, 4]",292,7,7.0,best_min,we76379b,8.202756381655636,6.920671504248683,8.44741429680832,1,1,0,1,1,1,
2370,"[[], [], [0, 9], [], [2, 0], [6, 7], [3, 8], [10], [], [], []]","[1, 1, 4, -4, -4, None, 2, -4, 4, 1, 0]",390,9,2.0,best_second,we76379b,7.596894438144544,6.620073206530356,7.916078096302786,6,6,0,1,1,1,
2377,"[[], [2], [], [], [3, 5], [], [], [10, 0], [4, 3], [7, 1], []]","[1, 2, 1, 1, 3, 2, 1, -3, 1, None, -3]",262,7,,best_alone,we76379b,8.275376374836407,6.775366090936392,8.476579508530941,3,3,0,1,1,1,4.0
2380,"[[5], [], [9, 6], [2, 9], [], [], [], [], [1, 4], [], [8, 0]]","[4, -4, -2, -3, 4, 4, 2, -3, -3, 1, None]",154,11,,best_alone,we76379b,7.330405211844402,6.9726062513017535,7.860185057472165,8,8,0,1,1,1,8.0
2382,"[[], [7, 10], [], [], [5, 8], [6, 0], [], [10, 9], [3], [], []]","[3, 4, -3, 4, None, 3, 0, 3, -3, -3, -2]",52,4,0.0,best_second,we76379b,7.828436359157585,6.882437470997846,8.156223323194626,6,6,0,1,1,1,
2383,"[[], [], [4, 0], [], [], [], [5, 1], [], [7], [2, 8], [6, 5]]","[0, -1, 0, 1, -4, -3, 0, 3, 2, None, -2]",232,7,,best_alone,we76379b,7.959275960116396,6.628041376179533,8.193400231952099,5,5,0,1,1,1,4.0
2386,"[[], [], [8], [4, 6], [], [9, 2], [], [3, 4], [], [1, 0], []]","[4, 0, -2, 2, 0, None, 4, 0, -3, 3, 4]",244,8,1.0,best_second,we76379b,7.677400430514807,8.130353547431238,8.622273667866745,7,7,0,1,1,1,
2391,"[[], [], [4, 1], [0, 6], [1, 7], [10], [], [], [], [3, 5], []]","[4, -4, 2, 4, 4, -1, -3, -4, 0, None, -2]",252,9,7.0,best_second,we76379b,7.729295674310481,7.292337176173877,8.227375506834035,8,8,0,1,1,1,
2393,"[[], [], [10, 7], [], [3, 1], [9], [2, 10], [], [4, 5], [], []]","[4, 4, 4, -2, 4, -4, 2, 2, None, -4, 1]",302,11,,best_second,we76379b,7.482681828154652,7.827240901752812,8.36264243156764,8,-8,16,0,0,1,6.0
2396,"[[], [7], [], [], [8, 6], [2, 0], [], [], [6, 9], [], [5, 1]]","[-2, 2, -4, 4, 2, 2, 3, 2, -4, 1, None]",188,5,,best_alone,we76379b,8.074337694089515,6.522092798170152,8.266164436612492,4,4,0,1,1,1,2.0
2399,"[[6, 5], [], [], [], [], [], [5, 9], [2], [3, 4], [], [8, 7]]","[3, -4, 0, 4, -4, -4, 2, -2, 4, -4, None]",370,9,8.0,best_second,we76379b,7.604396348796338,7.342131730584722,8.174702882469461,8,8,0,1,1,1,
2401,"[[], [], [9], [5, 0], [], [0, 4], [7, 2], [1, 10], [], [], []]","[-2, -1, 4, -2, -1, 1, None, -4, 4, -1, 1]",258,7,,best_alone,we76379b,7.285506548522786,7.351799869057777,8.01201823915906,3,3,0,1,1,1,2.0
2402,"[[9, 8], [], [10, 4], [], [], [], [], [2, 10], [6], [1, 3], []]","[None, 2, -1, -3, 0, -1, -2, 4, -4, 1, -1]",92,7,4.0,best_second,we76379b,7.466227556215481,7.607878073278507,8.232440158470338,3,3,0,1,1,1,
2403,"[[], [], [], [], [], [7, 6], [3], [4, 0], [], [10, 1], [1, 8]]","[-4, 3, 0, 3, -2, None, 1, -4, 3, 3, -4]",164,11,,best_alone,we76379b,8.216088098632316,6.295266001439646,8.352554369474591,4,4,0,1,1,1,2.0
2404,"[[3], [], [7, 1], [], [], [8, 4], [], [], [4, 6], [], [2, 0]]","[4, -3, -2, 4, 1, 4, -4, 3, 1, 4, None]",236,10,,best_alone,we76379b,7.91644286012226,6.529418838262225,8.139148678884064,8,8,0,1,1,1,6.0
2405,"[[], [], [], [0, 1], [10, 9], [], [3, 0], [], [], [5], [7, 2]]","[3, 3, -1, -2, None, 2, 3, 4, 1, -1, 0]",10,4,,best_min,we76379b,8.20303024171486,6.654152520183219,8.395477432732141,4,1,3,0,0,1,5.0
2407,"[[], [], [], [6, 4], [7], [10, 1], [8, 9], [], [], [], [1, 2]]","[0, 1, 3, None, 4, -2, 0, 0, 1, -1, 1]",248,4,,best_alone,we76379b,8.395251520610994,6.3578422665081,8.517593111437565,4,4,0,1,1,1,2.0
2409,"[[], [2, 7], [8, 3], [], [], [], [9, 0], [10], [], [0, 5], []]","[4, None, -4, 1, -4, 1, -4, 4, 3, -1, 1]",84,7,,best_alone,we76379b,7.692113339595466,7.076653815443951,8.123854263105914,5,5,0,1,1,1,2.0
2410,"[[], [7, 5], [6, 8], [], [], [], [0, 10], [5, 9], [3], [], []]","[4, 2, None, 3, -1, -4, -4, 2, 2, -2, -4]",136,9,,best_alone,we76379b,7.1891677384203225,6.720220155135295,7.6746174973643635,5,5,0,1,1,1,8.0
2412,"[[10, 8], [], [], [1, 2], [], [], [4], [3, 6], [], [], [8, 9]]","[2, -4, 4, 2, -4, -3, 0, None, 1, 0, -2]",224,9,2.0,best_second,we76379b,7.766840537085513,6.635946555686647,8.046229101075378,6,6,0,1,1,1,
2414,"[[], [], [], [], [], [3, 4], [], [8, 10], [2, 0], [5, 3], [1]]","[-2, 0, -4, -3, 0, -3, -2, None, 2, -2, 2]",94,3,,best_alone,we76379b,8.326032685955077,6.57507584059962,8.48590890137647,2,2,0,1,1,1,2.0
2417,"[[3, 8], [], [], [1, 6], [2, 9], [], [], [], [7], [], [4, 2]]","[None, 4, 0, 1, -1, -4, -3, -4, -4, 4, 1]",76,10,4.0,best_second,we76379b,8.083328608786374,7.7279755421055585,8.61431990214696,5,5,0,1,1,1,
2419,"[[6, 7], [], [5, 3], [], [9], [], [7, 1], [], [], [], [2, 4]]","[-2, -3, 1, -4, -3, 4, -2, -1, 2, -4, None]",106,10,5.0,best_second,we76379b,7.498315870766981,7.462789157412447,8.173575486634153,5,5,0,1,1,1,
2420,"[[6, 3], [], [9, 5], [], [0, 10], [], [], [], [], [5, 8], [7]]","[4, -4, 3, -2, None, -1, 4, 1, -4, 3, -3]",296,8,6.0,best_second,we76379b,7.454719949364001,7.465082736399547,8.152774052744075,8,8,0,1,1,1,
2422,"[[], [], [10, 5], [], [], [6], [], [9, 3], [], [3, 0], [8, 1]]","[-3, -2, None, -1, 3, -1, -1, -2, -3, -4, 3]",396,2,5.0,best_second,we76379b,7.609366537954212,7.576097340623111,8.285765420514329,1,1,0,1,1,1,
2424,"[[], [6, 8], [], [], [10, 5], [], [2, 3], [], [0], [4, 10], []]","[2, None, 2, 0, -1, -1, -4, 0, 4, 3, -2]",40,9,,best_alone,we76379b,7.732369222284388,6.576469569048224,8.005700678662542,6,6,0,1,1,1,2.0
2426,"[[3, 7], [], [9, 10], [8, 1], [], [], [2, 9], [5], [], [], []]","[None, 4, 3, -2, 4, 2, -3, 4, -4, 2, 3]",120,8,,best_alone,we76379b,7.717796211013582,6.272877006546167,7.9291264873067995,6,6,0,1,1,1,8.0
2431,"[[8, 10], [], [], [], [9, 3], [], [4, 9], [], [2, 1], [], [5]]","[None, -3, 4, 3, 2, -4, -2, 0, 1, 0, -4]",176,10,4.0,best_second,w8a33730,8.138564737261632,7.429520842786462,8.53856321715243,5,5,0,1,1,1,
2432,"[[], [4, 7], [], [], [2, 6], [], [], [9], [0, 3], [], [8, 0]]","[1, None, 4, -3, 3, -1, -4, 1, 4, 2, 0]",382,6,7.0,best_min,w8a33730,8.87234697898303,6.603943824600473,8.970686268534983,7,7,0,1,1,1,
2433,"[[7, 5], [], [0, 4], [6, 8], [9], [], [], [], [], [], [3, 6]]","[-3, -2, None, 4, 2, -4, -2, 2, 0, 4, 1]",4,10,,best_alone,w8a33730,7.919719760924575,6.809039306042979,8.20412493257404,6,6,0,1,1,1,6.0
2434,"[[6, 3], [], [], [], [], [8, 7], [3, 1], [9], [2, 4], [], []]","[-3, 1, -2, -3, 2, None, -3, -4, 4, 0, 4]",130,7,2.0,best_second,w8a33730,7.41457288135059,8.031060180240619,8.46252579007393,6,6,0,1,1,1,
2435,"[[], [], [0], [], [1, 8], [], [4, 1], [10, 2], [], [], [3, 9]]","[2, 0, 1, 2, 0, 2, -1, None, 3, 0, 0]",68,2,,best_alone,w8a33730,8.186185994226083,7.9291264873067995,8.758883680017025,3,3,0,1,1,1,2.0
2436,"[[8, 7], [9, 2], [], [5], [], [], [1, 3], [], [], [], [0, 8]]","[3, -4, 0, 1, 2, 4, None, -4, -3, -2, -3]",274,10,,best_alone,w8a33730,7.741533589281827,6.679599185844383,8.038189179973203,5,5,0,1,1,1,2.0
2437,"[[], [], [9], [], [3, 0], [8, 2], [], [4, 3], [6, 10], [], []]","[-1, -3, -4, -2, -2, None, -3, 0, 4, 0, -4]",112,3,8.0,best_second,w8a33730,7.179307969504034,8.774312958285378,8.958925938694945,1,0,1,0,1,1,
2440,"[[4, 2], [], [], [7], [2, 10], [], [8, 3], [], [5, 9], [], []]","[2, 4, -4, 0, -2, -3, None, -1, 4, 4, -1]",74,8,0.0,best_second,w8a33730,7.227662498728654,8.182838710766026,8.50815244676409,8,8,0,1,1,1,
2441,"[[3], [], [], [], [1, 2], [], [5, 8], [4, 1], [], [], [6, 0]]","[4, 2, 1, 4, -2, -4, -2, -2, 2, -3, None]",206,11,4.0,best_alone,w8a33730,7.259116128097101,8.209308411646937,8.536014945656826,8,0,8,0,0,1,
2442,"[[], [], [], [8, 10], [6, 0], [4, 6], [], [], [9, 7], [], [1]]","[3, 4, -1, None, 2, -2, -4, 0, -1, -4, 4]",290,11,,best_alone,w8a33730,7.798112628829788,7.126890808898808,8.210668031162976,8,8,0,1,1,1,4.0
2443,"[[], [], [10, 0], [], [8], [6, 3], [3, 7], [], [], [2, 4], []]","[-2, 4, -3, 1, 4, 4, -1, 4, 1, None, -4]",300,11,,best_alone,w8a33730,7.839525581704679,8.374015421739909,8.835064935031076,5,5,0,1,1,1,2.0
2444,"[[], [10, 8], [], [], [0, 3], [4, 7], [], [2], [], [1, 10], []]","[-1, -1, -1, 1, 0, None, -3, -2, -4, 0, 2]",370,3,1.0,best_second,w8a33730,8.117610746466228,8.074337694089515,8.789203094473722,1,1,0,1,1,1,
2446,"[[], [6, 8], [3, 0], [], [], [], [5, 4], [], [10], [2, 3], []]","[4, None, -3, -3, 3, 0, 4, 1, -2, 4, -4]",174,8,1.0,best_second,w8a33730,7.036148493750536,7.598900456871409,8.049427057110695,7,7,0,1,1,1,
2447,"[[], [], [6, 4], [7, 10], [], [], [], [1, 8], [], [2, 6], [5]]","[-2, -3, -3, None, -1, -4, 0, 3, 4, -1, -2]",110,10,1.0,best_second,w8a33730,7.214504414151143,7.445417556701687,8.029432840581242,7,7,0,1,1,1,
2448,"[[4], [], [3, 6], [], [], [], [], [10, 0], [], [2, 3], [5, 8]]","[0, 2, 3, 0, -2, 3, -4, None, 0, 3, 4]",398,6,4.0,best_second,w8a33730,7.076653815443951,7.102499355774649,7.7823903355874595,7,7,0,1,1,1,
2449,"[[4, 8], [9], [], [0, 1], [], [], [], [6, 5], [], [], [7, 6]]","[4, -4, -3, None, -3, 0, -1, 3, 4, 3, 4]",128,8,0.0,best_second,w8a33730,6.976348070447749,7.752335163302292,8.130647968160583,8,8,0,1,1,1,
2453,"[[], [7, 8], [], [1, 7], [10], [6, 4], [0, 9], [], [], [], []]","[0, 3, -4, -3, 3, None, -3, -4, 0, -4, 1]",78,9,,best_alone,w8a33730,7.716015266642587,7.693937325509271,8.39795910349254,4,4,0,1,1,1,4.0
2454,"[[], [0], [], [], [5, 10], [], [4, 1], [8, 3], [3, 9], [], []]","[0, -1, 2, -1, 0, -3, None, 1, -4, 3, 4]",384,6,4.0,best_min,w8a33730,8.053887083618225,7.837948916025284,8.644706511715196,4,4,0,1,1,1,
2456,"[[], [5, 0], [1, 5], [9, 4], [6], [], [], [], [], [10, 8], []]","[-2, 3, -1, None, -2, 2, -4, 0, 0, 4, 3]",144,8,4.0,best_second,w8a33730,6.923628628138427,6.790097235513905,7.55171221535131,7,7,0,1,1,1,
2459,"[[10, 5], [], [], [], [], [4], [8, 9], [6, 8], [], [], [3, 2]]","[None, -4, 4, -1, -4, -1, 3, 3, -3, -3, -2]",250,6,,best_second,w8a33730,8.19478163844336,8.056109659545061,8.820847033377717,2,-5,7,0,0,1,5.0
2460,"[[], [3, 6], [], [6, 7], [0], [], [], [], [], [10, 4], [5, 8]]","[2, -1, 2, -3, 4, -4, 3, -1, -2, None, 4]",396,5,6.0,best_alone,w8a33730,7.2254814727822945,7.831617276352611,8.266678443305896,6,2,4,0,0,1,
2461,"[[], [], [], [10, 5], [], [8], [7, 9], [9, 1], [], [], [4, 0]]","[-4, -4, -4, None, -2, 1, -3, 0, 3, -4, -3]",358,10,,best_alone,w8a33730,7.742402021815782,7.014814351275545,8.13622555490846,4,4,0,1,1,1,2.0
2462,"[[], [], [4, 1], [], [1, 5], [], [9, 7], [8], [], [10, 0], []]","[2, -4, 4, 4, 2, -3, None, -4, -3, 3, 3]",116,7,1.0,best_second,w8a33730,7.268920128193722,6.752270376141742,7.736307096548285,6,6,0,1,1,1,
2465,"[[], [7, 4], [], [8, 5], [10], [], [], [6, 0], [5, 9], [], []]","[-2, None, 2, 4, 2, 3, 0, -3, 2, -4, 4]",104,10,,best_alone,w8a33730,7.469654172932128,6.834108738813839,7.894318063841624,6,6,0,1,1,1,2.0
2466,"[[], [0, 6], [3], [], [], [7, 10], [], [10, 4], [], [1, 2], []]","[-2, -4, 4, 0, 1, 2, -4, -1, 1, None, 2]",276,11,,best_alone,w8a33730,7.533158807455563,7.569411792450711,8.244334047856094,4,4,0,1,1,1,2.0
2469,"[[9], [], [5, 6], [2, 0], [7, 10], [], [], [10, 1], [], [], []]","[4, -2, -3, None, -4, 0, 2, 1, 1, 0, 3]",64,6,,best_alone,w8a33730,7.921898411023797,7.711548979629145,8.515191188745565,4,4,0,1,1,1,2.0
2470,"[[3, 1], [], [], [], [0, 3], [9, 8], [], [5, 10], [], [], [2]]","[3, 3, 2, 0, 1, -2, 2, None, 4, 3, -3]",72,2,6.0,best_second,w8a33730,7.927324360309794,6.805722553416985,8.20903626577507,2,1,1,0,1,1,
2472,"[[8], [], [4, 9], [], [9, 1], [], [7, 0], [5, 10], [], [], []]","[-1, 0, -4, 2, 1, 2, None, -4, -4, 3, -3]",140,4,,best_min,w8a33730,8.047509510981422,7.61332497954064,8.546751993657782,-2,-5,3,0,0,1,5.0
2474,"[[2, 1], [], [1, 10], [], [], [8, 3], [], [5, 9], [], [6], []]","[3, -1, 0, -2, -1, 4, -1, None, 3, -3, 0]",320,8,6.0,best_second,w8a33730,7.415175109613295,6.76619171466035,7.8351837552667485,7,7,0,1,1,1,
2475,"[[], [7, 5], [], [], [0, 2], [], [4, 10], [], [], [1, 7], [8]]","[1, 0, -3, 3, 3, 0, None, 2, -4, 4, 2]",222,5,6.0,best_second,w8a33730,8.563695025067657,6.708084083853069,8.708804795117285,4,4,0,1,1,1,
2476,"[[], [], [], [4], [], [1, 2], [], [6, 0], [], [7, 3], [5, 1]]","[-3, -3, 2, 4, 1, 0, 3, -2, 0, None, -2]",2,7,,best_alone,w8a33730,7.735433352499688,6.698268054115412,8.038512020976814,5,5,0,1,1,1,6.0
2477,"[[], [4, 5], [], [2], [5, 0], [], [], [], [10, 3], [], [9, 7]]","[-1, -3, 1, 0, 3, 2, 2, -2, None, 0, -2]",306,4,,best_alone,w8a33730,7.8387375595992825,7.227662498728654,8.272059622210412,1,1,0,1,1,1,2.0
2480,"[[], [4], [8, 5], [], [], [], [], [10, 1], [5, 6], [], [0, 9]]","[-3, 4, -2, -3, 2, 0, -4, None, 2, -1, -3]",178,11,,best_alone,w8a33730,7.952263308657046,6.541029999189903,8.170185652879642,6,6,0,1,1,1,2.0
2481,"[[2, 10], [9, 4], [], [1, 8], [], [], [], [0, 2], [5], [], []]","[4, -2, 2, None, -3, -2, -3, -3, 1, 4, 2]",198,5,,best_min,w8a33730,7.762170607138205,7.61332497954064,8.383433201236713,2,-1,3,0,0,1,7.0
2482,"[[5, 2], [], [], [], [], [], [3, 4], [6, 9], [], [8], [0, 5]]","[-2, 4, -2, 1, 3, 3, -4, None, 4, 2, 3]",120,8,,best_alone,w8a33730,8.03398273468322,5.971261839790462,8.153349757998892,6,6,0,1,1,1,2.0
2484,"[[], [], [7, 1], [], [3], [], [0, 8], [], [], [6, 4], [2, 7]]","[4, 2, 2, 3, 4, 4, 2, -3, -4, None, -4]",272,5,6.0,best_alone,w8a33730,8.353025845202325,6.577861357721047,8.50936261230105,7,6,1,0,0,1,
2489,"[[5, 4], [10], [8, 3], [], [], [4, 7], [], [], [], [2, 1], []]","[0, 4, -4, -3, 4, -3, -4, 2, -1, None, 1]",18,11,,best_alone,w8a33730,7.411556287811163,7.621195162809845,8.214735833382301,5,5,0,1,1,1,2.0
2490,"[[3], [7, 8], [1, 7], [], [], [], [], [], [], [6, 5], [9, 0]]","[-4, -3, -1, 1, -1, -3, 3, -2, -1, 4, None]",374,8,7.0,best_second,w8a33730,7.3702306418070815,7.025538314638521,7.905441649060286,7,7,0,1,1,1,
2493,"[[], [], [3, 4], [1, 9], [6], [7, 10], [], [], [5, 7], [], []]","[-4, 0, None, -3, 4, 2, 0, 4, 0, 2, 1]",134,6,,best_alone,w8a33730,7.427738840532894,7.450660796211539,8.132118772955806,4,4,0,1,1,1,2.0
2494,"[[], [8, 7], [], [], [], [6, 10], [10, 0], [9], [4, 3], [], []]","[-3, None, 0, 4, -4, 1, -2, -1, 1, -4, -3]",230,9,3.0,best_second,w8a33730,8.533263371593732,7.1284959456800365,8.752581469146884,5,5,0,1,1,1,
2495,"[[10, 2], [3], [], [], [5, 6], [], [], [], [4, 1], [0, 10], []]","[-3, -4, -4, -4, -2, 3, -2, 2, None, -4, 0]",162,7,0.0,best_second,w8a33730,8.289539484624141,6.740519359606223,8.481980435660493,1,1,0,1,1,1,
2500,"[[5, 2], [], [], [], [6], [], [], [], [9, 7], [7, 3], [0, 4]]","[-1, -3, -4, -1, 1, -2, 4, -1, -3, 0, None]",136,9,,best_alone,w8a33730,8.46863300080086,6.779921907472252,8.63799389156194,5,5,0,1,1,1,2.0
2504,"[[], [3], [], [], [], [8, 4], [], [6, 2], [], [7, 6], [5, 1]]","[3, -3, 4, 3, 1, 3, -3, 3, 4, -4, None]",168,5,2.0,best_second,w8a33730,7.064759027791802,6.748759547491679,7.611842399580417,7,7,0,1,1,1,
2505,"[[], [8, 3], [9, 4], [], [], [], [1, 8], [2, 10], [], [], [5]]","[1, -3, 2, 4, -1, 1, 2, None, 0, 1, -2]",34,3,3.0,best_second,w8a33730,8.119398589612294,8.084254106307318,8.794976431688772,3,3,0,1,1,1,
2508,"[[3, 6], [], [], [1, 10], [], [], [5], [], [9, 7], [7, 4], []]","[None, -1, 1, -4, 1, 4, -1, 1, 2, 3, -3]",98,9,,best_alone,w8a33730,8.049746290952193,7.164720378771857,8.395025557442029,3,3,0,1,1,1,2.0
2509,"[[4], [], [1, 6], [], [], [], [], [2, 1], [3, 5], [8, 0], []]","[3, -2, -3, 4, 3, -4, -1, 3, -1, None, 1]",334,7,,best_alone,w8a33730,7.703459047867174,7.372118028337787,8.244334047856094,6,6,0,1,1,1,8.0
2510,"[[], [2, 6], [], [4, 8], [5, 7], [], [], [], [0], [1, 2], []]","[2, 1, 0, None, -4, -4, -3, 2, 3, 4, -3]",190,10,,best_alone,w8a33730,7.742835955430749,8.060540046538641,8.607216694063826,5,5,0,1,1,1,6.0
2512,"[[], [], [], [4, 8], [9, 1], [], [0, 7], [], [5], [], [6, 0]]","[-2, -2, -2, None, 1, 0, 4, 2, -4, -3, 1]",326,2,3.0,best_second,w8a33730,7.666221925662725,8.5876516550648,8.92252495730139,-1,-1,0,1,1,1,
2513,"[[2], [], [], [7, 1], [6, 9], [4, 0], [], [1, 8], [], [], []]","[3, 1, 4, -1, -3, None, 2, 3, 3, -4, -1]",314,11,,best_alone,w8a33730,7.640603826393635,7.249215057114389,8.156797046675651,7,7,0,1,1,1,6.0
2517,"[[10], [7, 8], [], [1, 0], [], [], [9, 4], [], [], [4, 5], []]","[0, -4, 2, None, -4, 1, -3, 2, 4, 1, 1]",298,2,,best_alone,w8a33730,7.670428522190693,6.949856455000773,8.066521490469993,1,1,0,1,1,1,2.0
2519,"[[3, 7], [8], [0, 3], [], [10, 9], [], [4, 1], [], [], [], []]","[-4, 1, -1, -2, -4, 2, None, 2, 3, 2, 4]",208,5,,best_alone,w8a33730,8.2482674474469,6.8690144506657065,8.47261414801827,4,4,0,1,1,1,2.0
2523,"[[8, 7], [], [], [], [1, 2], [], [4, 1], [3], [9, 5], [], []]","[None, 0, 3, -4, 2, -2, -2, -2, 2, 3, -4]",150,8,4.0,best_second,w8a33730,7.101675971619444,6.104793232414985,7.415175109613295,5,5,0,1,1,1,
2525,"[[], [8, 3], [5], [], [10, 0], [], [4, 2], [], [], [1, 8], []]","[2, -3, -1, -3, 3, -1, None, 4, 1, 2, -3]",170,6,1.0,best_second,w8a33730,7.78155595923534,7.418780882750794,8.30943074214033,5,5,0,1,1,1,
2526,"[[10, 5], [2], [], [0, 10], [], [], [7, 1], [9, 4], [], [], []]","[1, -4, -3, 4, -2, 1, None, 1, 0, 4, 1]",354,9,3.0,best_second,w8a33730,7.620705086838262,6.536691597591305,7.911690520708338,5,5,0,1,1,1,
2527,"[[10, 7], [5], [0, 10], [], [], [], [3, 4], [], [], [6, 1], []]","[4, 1, -2, 1, 0, -1, 4, 1, -3, None, 1]",166,3,4.0,best_second,w8a33730,7.301147805856032,7.732369222284388,8.232706009860976,5,5,0,1,1,1,
2530,"[[], [6], [5, 1], [9, 8], [], [0, 7], [], [], [], [8, 4], []]","[2, -2, None, 3, 3, 1, -2, 1, 1, 1, -3]",366,4,0.0,best_second,w8a33730,7.748028524432376,7.282761179605593,8.235095497258358,3,3,0,1,1,1,
2534,"[[], [], [], [7, 8], [9, 1], [], [5], [], [], [1, 2], [3, 6]]","[-1, -3, 1, 3, -2, -2, -3, 4, 0, 3, None]",84,8,3.0,best_second,w8a33730,7.669961995473577,7.334981878871814,8.209308411646937,7,7,0,1,1,1,
2535,"[[], [], [7, 6], [2, 10], [], [], [], [], [9, 0], [0, 5], [4]]","[-3, -2, -4, None, 1, -4, 1, -1, 3, 2, -1]",220,4,,best_alone,w8a33730,7.944846711001996,7.853993087224244,8.593413217327647,0,0,0,1,1,1,2.0
2536,"[[4, 9], [10], [7, 1], [], [9, 3], [], [], [8, 5], [], [], []]","[0, 2, None, -4, 0, -4, -3, -4, 4, -1, 3]",124,9,,best_alone,w8a33730,7.830822995135316,6.601230118728877,8.087025470667701,5,5,0,1,1,1,8.0
2540,"[[10, 4], [], [3, 9], [5, 1], [], [], [0, 10], [], [], [7], []]","[0, 4, None, -4, -1, 2, -3, 1, 0, 0, 1]",336,2,,best_alone,w8a33730,8.384347278082808,7.091742115095153,8.626764827845529,1,1,0,1,1,1,2.0
2544,"[[], [5, 10], [], [1, 7], [0, 8], [], [], [2], [], [4, 0], []]","[0, 1, -2, None, -1, 4, -2, -2, 2, 2, -3]",118,8,4.0,best_second,w8a33730,7.333676395657684,6.787844982309579,7.790282380703483,5,5,0,1,1,1,
2546,"[[3, 2], [], [], [2, 6], [9, 7], [], [], [8], [], [1, 5], []]","[0, -2, 0, 3, None, -4, -1, 4, 1, -3, -3]",8,11,,best_alone,w8a33730,7.52131798019924,6.763884908562435,7.905441649060286,5,5,0,1,1,1,2.0
2549,"[[], [], [], [9, 2], [3, 8], [0, 10], [5, 0], [], [1], [], []]","[0, 3, -3, -1, None, 0, 3, -1, 1, -1, 1]",142,7,,best_alone,w8a33730,7.627057417018934,7.400009517162692,8.212839584676484,4,4,0,1,1,1,2.0
2551,"[[], [], [], [], [8, 6], [9, 3], [], [0], [6, 1], [], [5, 7]]","[-4, 3, 2, 2, 1, -4, -1, 1, 4, -1, None]",234,2,,best_min,w8a33730,7.57147364885127,8.096817470572319,8.561210076833012,-2,-3,1,0,0,1,3.0
2552,"[[], [3, 7], [], [], [10, 6], [1, 9], [], [], [], [8], [6, 2]]","[-3, -3, -3, -2, -3, None, -1, -4, -2, 1, 0]",248,5,,best_alone,w8a33730,7.494430215031565,7.427144133408616,8.154212694914229,-1,-1,0,1,1,1,2.0
2554,"[[], [], [0, 3], [], [6, 1], [], [], [2, 8], [10], [4, 6], []]","[-2, 3, 2, 0, -2, 1, 1, None, -4, -1, -2]",28,5,2.0,best_second,w8a33730,7.776115477098742,7.71333788887187,8.438149984075784,2,2,0,1,1,1,
2557,"[[2, 10], [0, 2], [], [], [5], [], [9, 4], [], [], [7, 8], []]","[-1, -2, -1, 1, -3, 0, None, -3, 2, -4, -3]",100,3,6.0,best_min,w8a33730,9.221675881639928,7.943782692458625,9.467382808295852,-2,-2,0,1,1,1,
2559,"[[3, 1], [], [6], [1, 8], [], [10, 7], [], [], [], [5, 2], []]","[1, -4, 4, 3, -4, -1, 4, -3, 2, None, -1]",380,11,,best_alone,w8a33730,7.711996507047669,6.9440872082295275,8.092851027538384,8,8,0,1,1,1,2.0
2560,"[[5, 2], [4, 7], [], [], [], [], [3], [], [], [0, 5], [1, 6]]","[0, -4, -4, 4, -2, -4, 1, 0, 1, -2, None]",378,10,,best_alone,w8a33730,7.658227526161352,7.079184394609668,8.102889134640868,5,5,0,1,1,1,2.0
2563,"[[4, 6], [5, 10], [7], [], [6, 9], [], [], [], [1, 2], [], []]","[-1, 3, -2, 3, -2, 0, 1, -3, None, 0, 4]",158,8,1.0,best_second,w8a33730,7.1631723908466425,7.195187320178708,7.872073979866873,7,7,0,1,1,1,
2564,"[[10, 7], [0, 5], [], [], [], [2], [], [], [6, 4], [8, 6], []]","[-4, None, 0, 2, 0, 4, -4, -4, 4, 4, -2]",322,11,,best_alone,w8a33730,7.628517626575055,7.684783943522785,8.349957272040324,4,4,0,1,1,1,2.0
2565,"[[5, 9], [3, 7], [], [7, 2], [], [4, 10], [], [], [], [6], []]","[None, 2, 3, 4, 1, 0, 0, 4, 2, 2, -1]",184,2,,best_alone,w8a33730,7.895063498091572,7.232010331664759,8.310414994188292,2,2,0,1,1,1,2.0
2566,"[[], [2, 4], [], [], [], [], [], [10, 3], [5], [1, 8], [3, 6]]","[1, -1, 0, -4, -2, 4, 4, 1, 1, None, 0]",132,7,,best_alone,w8a33730,7.4933172488621445,6.345636360828596,7.768533300926034,5,5,0,1,1,1,2.0
2572,"[[3, 4], [0, 8], [5, 10], [], [], [], [], [2, 5], [6], [], []]","[-1, None, -3, -2, -4, -4, 2, 2, 1, 3, -4]",10,7,,best_alone,w8a33730,7.609862200913555,7.221835825288449,8.12740456269308,3,3,0,1,1,1,2.0
2573,"[[], [], [8, 1], [9, 10], [5], [], [2, 4], [3, 9], [], [], []]","[-2, 0, -1, -3, 2, -1, None, -2, -2, 0, -2]",58,3,,best_alone,w8a33730,7.6487397889562425,6.318968113746434,7.883069351305753,1,1,0,1,1,1,2.0
2574,"[[2, 10], [], [1, 6], [], [], [], [], [], [4, 7], [8, 4], [5]]","[None, 0, -4, -4, -3, 3, 4, 0, -4, 4, 4]",40,9,,best_alone,w8a33730,8.08487062913819,6.926577033222725,8.35772841676521,7,7,0,1,1,1,4.0
2578,"[[2, 10], [9, 7], [], [1, 9], [0, 6], [], [5], [], [], [], []]","[-1, 4, 3, -1, None, -1, 0, -4, 3, -4, -4]",46,5,3.0,best_min,w8a33730,8.60758219114392,6.439350371100098,8.7157161275482,2,2,0,1,1,1,
2579,"[[], [], [], [], [8], [9, 3], [], [2, 0], [], [3, 6], [7, 4]]","[3, -1, -2, 0, -3, 2, 0, 1, -4, 1, None]",264,8,2.0,best_second,w8a33730,8.543835122362658,7.611842399580417,8.875706444628609,4,4,0,1,1,1,
2580,"[[], [], [8, 7], [], [6, 9], [], [9, 0], [5], [3, 10], [], []]","[3, -2, None, 0, -3, 2, -2, -1, -4, 0, -2]",282,6,,best_alone,w8a33730,8.558143177745192,6.285998094508865,8.656085190282857,1,1,0,1,1,1,2.0
2581,"[[], [2, 9], [], [], [1, 2], [], [7, 10], [8, 5], [], [], [0]]","[-2, -2, 3, -3, 4, 3, None, 0, -3, 3, 1]",254,5,3.0,best_min,w8a33730,8.24564690087386,6.943122422819428,8.48590890137647,3,3,0,1,1,1,
2583,"[[], [], [1, 9], [], [5], [], [7, 0], [], [2, 1], [], [6, 4]]","[3, -2, 3, 3, 3, 1, -2, -3, -2, -2, None]",96,6,,best_alone,w8a33730,7.351799869057777,6.269096283706261,7.643003635560718,4,4,0,1,1,1,6.0
2587,"[[4], [2, 7], [], [], [], [1, 2], [], [], [10, 0], [], [9, 6]]","[-3, -4, 0, 4, -2, 4, 2, -2, None, -1, 2]",48,6,0.0,best_second,w8a33730,7.644919344958857,6.747586526829315,7.9865049385539955,4,4,0,1,1,1,
2589,"[[7], [], [], [5, 1], [3, 0], [], [10, 9], [], [], [], [9, 8]]","[0, -2, 0, 1, None, 1, -3, 1, 3, 2, -4]",172,2,,best_min,w8a33730,8.154212694914229,6.259581464064923,8.294049640102028,2,1,1,0,0,1,3.0
2594,"[[], [], [6, 9], [10, 5], [], [7], [], [], [2, 6], [], [1, 4]]","[-3, -2, -4, None, 0, 4, 3, 0, -3, 3, -4]",364,9,,best_alone,w8a33730,7.704361167910312,8.133880887949205,8.634976227072622,4,4,0,1,1,1,2.0
2595,"[[10, 9], [4, 3], [], [], [], [], [1, 4], [], [], [2], [8, 5]]","[None, 4, 1, 2, 3, -3, -4, -3, 4, -4, 4]",188,9,7.0,best_second,w8a33730,7.029087564149662,6.634633357861686,7.543802867501509,8,8,0,1,1,1,
2596,"[[], [], [6, 9], [2, 6], [], [8, 10], [], [], [1, 7], [], [4]]","[0, -3, -2, -2, 1, None, 0, 1, -3, 2, 2]",218,7,,best_alone,w8a33730,8.268475388982598,6.0473721790462776,8.371242135931933,3,3,0,1,1,1,4.0
2597,"[[2, 10], [], [7, 4], [], [], [], [], [], [9, 6], [6, 5], [3]]","[None, 4, 0, 3, 1, 2, -2, 3, -4, -1, 3]",340,4,,best_alone,w8a33730,7.914617709040678,6.800170068302199,8.198089248956117,6,6,0,1,1,1,2.0
2598,"[[7, 5], [3], [], [], [10, 2], [], [4, 1], [5, 8], [], [], []]","[-1, -1, 4, -4, -2, -4, None, 1, 4, 1, -1]",212,6,6.0,best_second,w8a33730,8.992184362173012,7.575071699507561,9.209139651399664,2,2,0,1,1,1,
2600,"[[10, 7], [], [], [], [], [], [8, 4], [1], [4, 3], [], [2, 5]]","[None, 1, -4, 1, 1, -2, 1, 4, -3, -2, -3]",86,11,,best_alone,w8a33730,7.408530566894627,7.077498053569231,7.949444420250626,5,5,0,1,1,1,2.0
2602,"[[4, 6], [], [8, 1], [], [5, 10], [], [7], [], [], [2, 8], []]","[None, -4, 0, 4, 4, 4, -4, 0, -2, -3, -4]",164,10,8.0,best_second,w8a33730,7.777373602657861,6.814542897259958,8.100464891029363,8,8,0,1,1,1,
2603,"[[], [7], [], [], [], [0, 2], [9, 1], [], [5, 0], [10, 3], []]","[-3, 2, -4, 2, -4, -2, None, 1, -2, 4, 1]",268,2,2.0,best_second,w8a33730,6.773080375655535,7.535830462798367,7.918264686095274,6,6,0,1,1,1,
2605,"[[], [4, 2], [0], [], [7, 6], [10, 3], [], [], [5, 10], [], []]","[-4, None, 3, -2, -3, -4, -4, 4, -1, -2, -4]",12,5,1.0,best_min,w8a33730,8.9599540842681,5.894402834264851,9.005405040310642,1,1,0,1,1,1,
2610,"[[], [], [7, 10], [], [], [], [4, 5], [8, 0], [], [6, 4], [3]]","[-3, 4, None, 3, -2, 2, -2, -4, 3, 4, 4]",154,11,,best_alone,w8a33730,7.652070746116482,6.196444127794521,7.861341795599989,7,7,0,1,1,1,6.0
2612,"[[9, 1], [], [4, 7], [], [10, 3], [], [], [5], [0, 9], [], []]","[-1, -3, None, -1, 1, -3, -2, -3, 4, 3, -3]",286,4,2.0,best_second,w8a33730,8.763115329619787,7.731930721948486,9.067970030684455,0,0,0,1,1,1,
2614,"[[6, 9], [], [4, 1], [], [], [0, 10], [], [2, 4], [], [], [3]]","[-2, -2, -1, 0, 3, None, 1, 0, -2, -1, 3]",54,5,,best_alone,w8a33730,7.400620577371135,7.265429723253953,8.028129059431759,3,3,0,1,1,1,2.0
2616,"[[], [], [], [8, 4], [10], [], [5, 0], [6, 5], [9, 2], [], []]","[-4, -1, 1, None, -3, 3, -1, -4, 4, -4, -1]",394,7,3.0,best_second,w8a33730,7.1316985104669115,7.470793774195062,8.00836557031292,5,5,0,1,1,1,
2617,"[[1, 6], [6, 10], [3, 9], [4, 7], [], [], [], [], [], [5], []]","[2, 3, None, -2, 2, 4, -1, -2, -2, 2, 4]",202,8,0.0,best_alone,w8a33730,7.183111701743281,7.721348612617949,8.180880941996389,6,0,6,0,0,1,
2618,"[[], [], [], [6], [10, 3], [], [], [8, 2], [2, 9], [], [0, 5]]","[0, 2, 0, -1, None, -4, 3, 0, -3, 3, -4]",330,8,,best_alone,w8a33730,7.781973234434385,6.212606095751519,7.970740390007096,2,2,0,1,1,1,4.0
2624,"[[], [0, 10], [], [2], [8, 9], [1, 3], [4, 8], [], [], [], []]","[4, -1, 1, -3, 4, None, -3, 0, -2, 2, 3]",252,3,4.0,best_second,w8a33730,8.364508103750588,6.612041034833092,8.524168805152662,3,3,0,1,1,1,
2625,"[[], [], [], [], [10, 0], [], [3], [], [9, 6], [5, 7], [0, 1]]","[-4, 1, 4, 1, -3, -1, 4, -3, None, -4, -4]",302,11,,best_alone,w8a33730,7.465082736399547,7.231287004327615,8.047829357457841,5,5,0,1,1,1,2.0
2627,"[[], [9], [8, 10], [], [6, 3], [4, 6], [], [2, 1], [], [], []]","[-3, 2, -3, -4, 4, -2, -3, None, 0, 4, -2]",344,10,,best_alone,w8a33730,7.355641102974254,6.240275845170769,7.638679823876112,6,6,0,1,1,1,2.0
2632,"[[10, 4], [], [], [], [9], [7, 1], [5, 7], [], [], [], [3, 2]]","[None, -3, 3, 4, -4, 2, 3, -4, 0, -2, -3]",280,4,6.0,best_second,w8a33730,8.138856750696325,6.0473721790462776,8.255048902752295,1,1,0,1,1,1,
2636,"[[], [], [], [], [2, 1], [], [3], [4, 2], [], [10, 6], [8, 5]]","[-2, 2, -1, 1, 1, 2, -1, -3, 1, None, 1]",76,2,1.0,best_second,w8a33730,7.402451520818244,7.0664669701369585,7.941295570906532,3,3,0,1,1,1,
2638,"[[10], [], [], [9, 2], [], [6, 1], [1, 4], [3, 0], [], [], []]","[1, 0, -4, -3, 1, 2, 2, None, -1, -2, 3]",228,10,,best_alone,w8a33730,7.451241684987676,6.331501849893691,7.733245646529795,4,4,0,1,1,1,2.0
2639,"[[7, 4], [], [], [6, 10], [8], [], [10, 9], [1, 2], [], [], []]","[None, -2, 2, 4, -4, 1, 0, 4, 0, -2, 1]",312,7,2.0,best_second,w8a33730,7.015712420487229,7.1853870155804165,7.796880342783523,6,6,0,1,1,1,
2643,"[[], [], [1, 3], [], [2, 9], [], [5, 7], [], [6, 5], [0], []]","[4, -3, -4, 3, None, 3, 4, 3, -2, 3, 1]",400,11,,best_alone,w8a33730,7.895063498091572,6.678342114654332,8.154212694914229,7,7,0,1,1,1,6.0
2646,"[[4, 7], [5, 6], [], [8], [], [], [], [], [], [0, 3], [1, 5]]","[-1, -4, -2, 0, 4, -4, 2, 1, -4, None, -2]",186,5,2.0,best_second,w8a33730,8.538367426647644,6.586171654854675,8.670943791222156,3,3,0,1,1,1,
2647,"[[10, 2], [], [5], [9, 1], [], [], [], [], [], [1, 6], [4, 8]]","[None, 3, 0, -2, 4, -4, -1, -4, 1, -2, -1]",30,5,,best_second,w8a33730,7.73280753042202,7.766416898019656,8.442685139241176,3,-4,7,0,0,1,3.0
2649,"[[], [], [10, 1], [9, 6], [], [], [5], [], [], [4, 0], [1, 7]]","[-2, -3, -1, None, 4, -1, 2, 4, 1, -4, 1]",56,4,,best_alone,w8a33730,7.656810091480378,6.663132695990804,7.9714309977693505,1,1,0,1,1,1,6.0
2651,"[[], [], [], [4], [], [7, 1], [9, 8], [], [], [8, 2], [5, 3]]","[-1, 0, -4, -2, 0, -1, -1, -3, -3, -1, None]",82,2,1.0,best_min,w8a33730,7.771067086065406,7.400009517162692,8.295548516225763,-1,-1,0,1,1,1,
2656,"[[], [9, 0], [8], [], [], [10, 4], [], [1, 2], [], [], [4, 6]]","[0, -1, 0, 3, -3, -3, -4, None, 2, -4, 3]",16,5,,best_alone,w8a33730,7.430114138561801,6.576469569048224,7.784473235736469,2,2,0,1,1,1,4.0
2660,"[[], [], [], [8, 0], [9, 5], [10], [], [], [0, 1], [2, 6], []]","[-4, 3, 1, -2, None, 3, -3, 0, -3, -2, -3]",266,3,,best_alone,w8a33730,7.353081920515432,7.129297548929373,7.9402277651457025,0,0,0,1,1,1,4.0
2661,"[[], [], [6, 5], [], [], [], [5, 4], [9, 10], [], [0, 3], [8]]","[4, 0, 0, 0, 0, 3, 4, None, 1, 2, 3]",52,3,2.0,best_min,w8a33730,8.210939733379021,6.285998094508865,8.34687925374656,6,6,0,1,1,1,
2666,"[[], [], [1, 6], [], [2, 10], [9, 0], [], [], [], [0, 3], [7]]","[-1, 3, 4, 0, None, -1, -3, 1, -1, 1, -4]",180,8,7.0,best_second,w8a33730,7.814803429489359,6.76619171466035,8.114922974204593,7,7,0,1,1,1,
2667,"[[10, 3], [], [5, 7], [], [0, 10], [1, 9], [], [8], [], [], []]","[-1, 1, None, 0, -3, -2, 4, -1, -4, -1, -1]",350,3,1.0,best_second,w8a33730,8.38958706681109,5.805134968916488,8.462103225098279,-1,-1,0,1,1,1,
2668,"[[], [], [8, 5], [], [], [3], [7, 1], [], [10, 4], [6, 7], []]","[-4, 0, None, -1, 2, 2, 1, -1, 0, -2, -1]",316,2,,best_min,w8a33730,7.516433302915632,6.998509642250601,7.983440063006542,2,1,1,0,0,1,3.0
2669,"[[], [], [], [7, 4], [2], [], [], [5, 10], [9, 1], [1, 6], []]","[0, 2, 0, None, 1, 0, 3, -3, -1, 2, -4]",108,6,,best_alone,w8a33730,8.19891444498699,6.617402977974477,8.385716828627851,1,1,0,1,1,1,4.0
2671,"[[], [], [10, 5], [4, 9], [0, 6], [], [], [], [], [7], [5, 8]]","[-4, 4, -1, None, -2, -2, 2, 1, -1, 4, -1]",392,8,,best_alone,w8a33730,7.5251007461258,6.799055862058796,7.919356190660617,5,5,0,1,1,1,6.0
2673,"[[9, 10], [6, 5], [8], [1, 2], [], [], [], [], [], [10, 4], []]","[-1, 1, 0, None, -2, -3, 4, 3, -4, 4, 4]",194,8,4.0,best_second,w8a33730,8.266935347610456,6.603943824600473,8.440312147080279,5,5,0,1,1,1,
2675,"[[2, 1], [], [], [5], [], [], [], [4, 6], [7, 3], [], [0, 2]]","[2, -2, -4, 2, -4, 1, 2, -4, None, -4, 1]",270,8,,best_alone,w8a33730,7.616283561580385,6.520621127558696,7.904334842085095,3,3,0,1,1,1,6.0
2680,"[[5, 9], [10], [], [], [], [], [8, 2], [0, 1], [2, 4], [], []]","[-3, 4, -1, 4, 2, -2, 1, None, 1, 2, 4]",316,11,,best_alone,w37588de,7.4360278163518485,6.771935555839602,7.850882664809852,8,8,0,1,1,1,4.0
2685,"[[], [7, 6], [], [], [3, 2], [], [0], [5, 10], [4, 3], [], []]","[-3, None, 3, 0, 3, 0, -4, -1, 3, -4, 4]",386,7,5.0,best_second,w37588de,8.249313746260636,7.145984467714388,8.535622326884605,3,-1,4,0,1,1,
2686,"[[], [3], [], [], [8, 2], [0, 7], [], [], [2, 6], [5, 1], []]","[3, -4, 2, -2, -2, 3, 0, -3, 3, None, -1]",280,9,6.0,best_second,w37588de,7.9269635448629785,8.207401833376355,8.769973211858753,6,6,0,1,1,1,
2689,"[[], [], [], [6, 10], [], [4, 0], [2, 8], [5, 4], [], [], [1]]","[4, 0, -3, None, -4, 3, -4, -3, 2, -4, -3]",258,3,,best_min,w37588de,8.099857910737585,8.413830678421084,8.962135390066603,-2,-3,1,0,0,1,5.0
2690,"[[8, 6], [], [], [], [1, 9], [10], [], [4, 5], [6, 3], [], []]","[-2, -1, 4, -1, -4, 4, -4, None, 1, 1, -1]",34,7,,best_alone,w37588de,7.98139158158007,7.950149887652018,8.658866349732383,3,3,0,1,1,1,2.0
2693,"[[5, 9], [6], [], [0, 1], [7, 2], [], [], [2, 8], [], [], []]","[2, -2, 0, None, 0, -1, -1, -2, -4, 1, 0]",184,4,1.0,best_second,w37588de,7.642044402873258,8.11162807830774,8.597112814592112,3,3,0,1,1,1,
2694,"[[], [0], [10, 6], [], [8, 3], [4, 1], [], [], [], [], [6, 7]]","[4, 1, 4, 0, -4, None, 1, 2, -2, -1, 1]",380,10,,best_alone,w37588de,7.793174347189205,7.342131730584722,8.285765420514329,5,5,0,1,1,1,2.0
2695,"[[], [], [0, 3], [], [], [8, 1], [2, 0], [5, 10], [], [], [4]]","[-2, 1, -1, -2, 3, 1, 1, None, -3, -1, 2]",290,5,,best_alone,w37588de,8.574329382787047,7.720017940432244,8.928772900524256,5,5,0,1,1,1,4.0
2696,"[[], [5], [7, 9], [10, 6], [3, 10], [], [], [], [2, 1], [], []]","[4, 3, -2, 4, -4, 3, -2, -2, None, -4, -3]",388,11,,best_alone,w37588de,7.298445101508147,7.5416830998821105,8.12029131396856,6,6,0,1,1,1,2.0
2703,"[[], [], [5, 8], [], [], [8, 1], [10, 7], [4], [], [], [0, 3]]","[-1, 4, -2, 3, -1, 3, None, -3, -1, -2, 3]",30,7,0.0,best_second,w37588de,8.119100837637486,7.7886260656250315,8.660427359502146,6,6,0,1,1,1,
2704,"[[5], [], [], [], [], [], [8, 3], [6, 8], [], [1, 4], [9, 0]]","[-2, -2, -3, 3, 3, 2, -3, -3, 3, 4, None]",178,6,1.0,best_second,w37588de,7.895063498091572,8.077136638538455,8.68321597524069,7,7,0,1,1,1,
2705,"[[6, 3], [], [], [1], [], [10, 8], [2, 4], [], [], [], [8, 7]]","[None, 2, 2, -2, -2, -2, 0, 0, 3, -4, -1]",318,3,2.0,best_min,w37588de,8.239857411018601,8.16961956172385,8.898365606955357,2,2,0,1,1,1,
2707,"[[], [], [], [], [1, 2], [0, 7], [], [], [3], [4, 1], [5, 8]]","[0, -3, -3, 4, 0, -4, 0, 4, 2, 1, None]",200,8,,best_alone,w37588de,8.131236549696116,7.049254841255837,8.422882511944996,6,6,0,1,1,1,4.0
2709,"[[], [2], [], [], [9, 3], [10, 6], [], [4, 1], [], [], [6, 8]]","[-2, 2, 4, -4, -2, 1, 3, None, 2, -2, -2]",54,11,,best_alone,w37588de,7.502738210754851,7.463363045520021,8.17611034223734,6,6,0,1,1,1,2.0
2715,"[[], [], [4, 6], [5], [6, 1], [], [], [10, 3], [], [], [0, 9]]","[2, 1, 3, 3, -2, 1, 2, None, 4, -1, 3]",260,2,4.0,best_min,w37588de,7.947325027016463,8.363109176033522,8.869679374733515,5,5,0,1,1,1,
2717,"[[6, 1], [9], [4, 7], [], [7, 5], [], [3, 10], [], [], [], []]","[None, -4, -4, 3, -4, 0, 3, 4, -1, -2, -3]",304,9,6.0,best_second,w37588de,8.390949464841986,6.988413181999592,8.610683534503577,6,6,0,1,1,1,
2720,"[[], [], [], [2], [6, 5], [], [5, 0], [8, 3], [1, 9], [], []]","[-2, -2, 0, 4, -3, -4, 4, None, -4, -4, 3]",238,11,,best_alone,w37588de,8.07558263667172,7.895063498091572,8.682368589375223,4,4,0,1,1,1,2.0
2721,"[[6], [], [5, 7], [4, 8], [], [7, 10], [], [], [], [3, 0], []]","[4, 3, -2, 0, -4, 4, 4, -3, -2, None, -3]",230,11,,best_alone,w37588de,7.949444420250626,7.053585727193677,8.29154650988391,8,8,0,1,1,1,2.0
2722,"[[7, 3], [], [6, 4], [10], [], [2, 6], [], [9, 1], [], [], []]","[None, -3, 2, 2, -1, -1, -3, -2, 1, 1, 4]",268,9,,best_alone,w37588de,8.109525659752874,7.050989447068045,8.4071550862073,6,6,0,1,1,1,4.0
2723,"[[3, 8], [], [0, 3], [], [], [6, 7], [10, 1], [9], [], [], []]","[-2, -2, -1, 4, -1, None, -1, 1, -1, 4, 0]",294,7,,best_alone,w37588de,8.002359546252707,7.427738840532894,8.448700194970936,5,5,0,1,1,1,2.0
2726,"[[], [9, 4], [5, 8], [], [], [8, 6], [], [1, 10], [], [], [3]]","[-1, -3, 0, -4, 4, -3, -2, None, 0, 0, 3]",236,3,,best_min,w37588de,7.680637427560936,8.11102783819368,8.611775833902186,1,-1,2,0,0,1,4.0
2727,"[[], [5, 8], [], [2, 0], [], [8, 6], [], [], [], [7], [3, 9]]","[1, -4, 3, 0, 4, -4, 2, -4, -1, 3, None]",360,3,,best_second,w37588de,8.21986474191265,8.239593454305968,8.922791623969637,3,-1,4,0,0,1,2.0
2732,"[[], [], [1, 7], [6, 10], [3, 6], [9], [], [], [2, 5], [], []]","[-2, -4, 0, 0, 0, 4, 4, 4, None, 3, -1]",124,7,,best_alone,w37588de,7.913155185928068,7.138073034044347,8.291797105048733,7,7,0,1,1,1,8.0
2735,"[[2, 8], [9, 4], [], [], [], [0, 2], [10], [1, 6], [], [], []]","[1, -2, 1, 3, 4, -2, 4, None, -2, -2, 1]",148,6,,best_alone,w37588de,7.796057974316123,8.098946748943339,8.651898894268529,5,5,0,1,1,1,6.0
2738,"[[], [6, 7], [3, 8], [4, 0], [], [1, 6], [], [], [10], [], []]","[2, 4, None, 4, -2, -2, -2, 0, -3, 3, -1]",114,7,2.0,best_second,w37588de,7.633369649679584,7.595889917718538,8.307705966549513,6,6,0,1,1,1,
2741,"[[], [5, 4], [7], [], [], [4, 0], [], [], [10, 2], [], [3, 9]]","[-4, -3, 1, -1, 2, 3, -3, 3, None, -3, -4]",180,10,,best_alone,w37588de,7.604396348796338,7.268920128193722,8.14351740579748,4,4,0,1,1,1,2.0
2745,"[[], [10, 4], [], [7], [], [8, 3], [], [], [0, 2], [1, 10], []]","[-2, 3, 4, 0, 4, None, -4, 2, 0, -3, 0]",336,4,4.0,best_min,w37588de,7.959625305098116,7.591861714889934,8.485496104672983,4,4,0,1,1,1,
2747,"[[], [], [6, 9], [], [], [], [3, 10], [8, 1], [1, 5], [0], []]","[4, -2, None, 4, 3, -2, -3, 3, 1, 0, -4]",76,7,,best_alone,w37588de,7.7886260656250315,7.5745584842024805,8.38022733634308,4,4,0,1,1,1,8.0
2750,"[[7, 10], [6], [4, 8], [], [], [0, 1], [], [], [], [2, 4], []]","[3, -2, -1, 3, -3, None, 0, 3, -3, 3, -3]",206,7,6.0,best_second,w37588de,7.643003635560718,6.892641641172089,8.029432840581242,6,6,0,1,1,1,
2751,"[[3, 2], [], [1], [4, 5], [], [], [], [10, 9], [], [], [9, 6]]","[None, -3, -4, 3, 2, 4, -3, -4, -3, 0, 1]",370,8,1.0,best_second,w37588de,8.124446855715847,7.491087593534876,8.550047528287184,7,7,0,1,1,1,
2753,"[[], [6, 10], [5, 7], [], [], [7, 4], [9, 3], [], [], [], [0]]","[-4, None, 2, -4, -1, -1, 4, -3, 2, 3, 2]",20,8,8.0,best_second,w37588de,7.945201132412759,7.044905117129371,8.286017468404763,7,7,0,1,1,1,
2755,"[[], [2, 0], [], [], [1, 2], [], [7, 8], [], [], [6, 10], [3]]","[-2, 2, 1, 4, -3, 1, -1, -4, 0, None, 4]",10,11,,best_alone,w37588de,8.11312710422178,6.7580945044277305,8.342363500380579,8,8,0,1,1,1,4.0
2756,"[[], [3, 0], [8, 5], [], [6], [], [], [1, 3], [], [2, 4], []]","[-2, -4, 4, 0, 2, 1, 1, 1, -3, None, 0]",328,3,3.0,best_min,w37588de,7.436617265234227,7.790282380703483,8.321907968230423,5,5,0,1,1,1,
2758,"[[], [2, 6], [6, 10], [], [], [4, 0], [], [5, 9], [], [8], []]","[4, 4, -3, -3, -2, 4, -2, None, 1, -1, 1]",342,7,0.0,best_second,w37588de,8.076515327552329,7.288244401020124,8.451053388911692,8,8,0,1,1,1,
2760,"[[], [0, 7], [9, 5], [1, 8], [2, 9], [], [], [], [10], [], []]","[2, 4, -2, None, 2, 0, 4, -4, -1, -2, -3]",224,8,8.0,best_second,w37588de,7.595889917718538,7.682021510826875,8.332789468417957,6,6,0,1,1,1,
2761,"[[4, 9], [], [], [0, 4], [], [6], [], [], [1, 2], [], [8, 5]]","[1, 3, -1, 3, 0, 4, 1, -4, -4, -2, None]",50,8,,best_alone,w37588de,7.7306140660637395,7.4073177104694174,8.274866820685254,5,5,0,1,1,1,4.0
2763,"[[], [0, 7], [], [9, 10], [], [], [2], [], [1, 6], [10, 5], []]","[3, -3, 2, -1, 2, 4, -4, -1, None, 3, 3]",64,3,,best_min,w37588de,7.809135398120539,8.017637159908476,8.611775833902186,0,-2,2,0,0,1,4.0
2765,"[[], [], [5], [9, 1], [8, 10], [], [], [4, 2], [], [1, 0], []]","[1, -4, 0, -4, 2, -4, 0, None, 4, 0, -4]",24,9,6.0,best_second,w37588de,7.641084249174915,7.575071699507561,8.301521654940728,6,6,0,1,1,1,
2767,"[[], [0, 6], [1, 10], [], [], [], [], [8, 3], [3, 4], [], [9]]","[4, 3, None, -1, 0, 2, 0, 1, -2, -2, -3]",12,8,3.0,best_second,w37588de,7.744136627627991,6.516193076042964,8.000684784514748,7,7,0,1,1,1,
2768,"[[], [], [6, 5], [7, 8], [], [4], [10, 0], [8, 1], [], [], []]","[1, -3, None, -3, 0, -3, 3, -1, 4, 3, -4]",188,6,2.0,best_second,w37588de,7.720017940432244,7.8156105320351905,8.461891875631148,4,4,0,1,1,1,
2769,"[[], [8, 0], [], [], [], [10, 6], [3], [1, 8], [], [], [9, 2]]","[-4, -4, 1, 3, 3, None, 2, -2, 1, -1, -3]",154,8,,best_alone,w37588de,7.700747794511798,6.910750787961935,8.074649075066652,5,5,0,1,1,1,2.0
2770,"[[], [], [], [9, 4], [6], [7, 10], [], [10, 2], [], [1, 8], []]","[-2, 4, 4, None, -3, 3, -4, -4, -3, 4, -3]",346,11,7.0,best_second,w37588de,7.703459047867174,6.984716320118266,8.100161446936607,8,8,0,1,1,1,
2772,"[[], [], [], [8, 1], [], [], [3, 9], [10, 4], [], [5], [4, 0]]","[-1, -4, 0, -2, -2, 4, None, 1, 0, 1, 2]",338,9,,best_alone,w37588de,8.003028666384733,7.186901020411631,8.368925174747133,5,5,0,1,1,1,4.0
2774,"[[7, 9], [2, 4], [], [0, 7], [], [1, 6], [8], [], [], [], []]","[-1, 2, 2, 0, -2, None, 3, -4, 3, -2, -4]",378,4,,best_alone,w37588de,7.491645473605133,7.231287004327615,8.062747901086354,6,6,0,1,1,1,4.0
2776,"[[], [7, 3], [], [8], [], [10, 0], [], [4, 2], [], [], [0, 6]]","[-4, None, 4, 2, -2, 2, 3, 4, -4, 3, 3]",252,8,0.0,best_second,w37588de,9.053569596026234,7.621195162809845,9.267571005430455,8,8,0,1,1,1,
2777,"[[], [], [], [], [1, 2], [0, 10], [5, 0], [4, 8], [9], [], []]","[-3, 4, -2, 4, 0, 1, 0, None, -3, -3, -1]",232,8,2.0,best_second,w37588de,7.922261058353247,7.0166096838942185,8.261526448396468,4,4,0,1,1,1,
2778,"[[1, 10], [], [], [], [], [8, 9], [], [0, 1], [3, 4], [6], []]","[-2, -3, -2, 0, -2, None, -1, 0, -4, 0, -3]",88,4,,best_alone,w37588de,7.610852790395251,7.896924656268864,8.457018468380168,-1,-1,0,1,1,1,2.0
2779,"[[], [], [5], [8, 7], [], [], [3, 8], [], [], [10, 2], [4, 0]]","[-4, -4, 2, -3, 0, 1, -2, 2, -2, None, -3]",32,8,,best_alone,w37588de,7.5595594960077,7.933796874815411,8.457018468380168,3,3,0,1,1,1,4.0
2781,"[[4, 3], [], [], [], [], [10, 1], [], [5, 10], [0, 9], [6], []]","[-1, 3, -2, -4, 2, -2, 2, 1, None, 0, 4]",130,4,,best_alone,w37588de,7.823645930834953,7.8119734296220225,8.510772623613315,2,2,0,1,1,1,6.0
2783,"[[], [5, 0], [3], [], [10, 7], [], [1, 2], [], [], [], [7, 8]]","[3, -4, 3, 4, 3, -3, None, -3, -4, -2, 1]",306,11,,best_alone,w37588de,7.627544390488503,7.319202458767849,8.178077463849606,7,7,0,1,1,1,6.0
2784,"[[], [], [], [], [5, 0], [], [], [4, 5], [9, 10], [1, 6], [2]]","[0, 2, -1, 3, 4, -1, -2, -2, None, -3, 4]",374,6,,best_alone,w37588de,7.570443252057373,8.134760782418645,8.584851839890053,3,3,0,1,1,1,4.0
2788,"[[], [], [8, 5], [4, 1], [1, 7], [10], [], [], [0, 6], [], []]","[-1, 1, None, -4, 1, 3, -3, 0, 4, 3, 2]",298,3,,best_alone,w37588de,8.841737428600586,6.947937068614969,8.981807323377534,5,5,0,1,1,1,2.0
2790,"[[5, 6], [], [1, 4], [], [], [9, 10], [3], [2, 1], [], [], []]","[None, -2, -3, 3, 1, -4, 4, -2, -1, 2, 0]",242,10,,best_alone,w37588de,7.562161631225652,7.063903961472069,8.036573409707312,7,7,0,1,1,1,2.0
2793,"[[], [0, 7], [6], [8, 2], [], [], [], [], [4, 10], [1, 0], []]","[0, 1, 0, None, 2, 2, 1, 0, -4, 2, 4]",164,2,,best_alone,w37588de,8.081165777725433,6.981934677156389,8.368461137615837,1,1,0,1,1,1,2.0
2794,"[[], [], [], [], [], [7, 8], [], [0, 1], [6], [2, 4], [9, 2]]","[-4, -1, 1, 2, 4, None, 2, 1, -3, 1, -1]",134,2,2.0,best_min,w37588de,7.704811922932594,7.3901814282264295,8.252706676567644,0,0,0,1,1,1,
2795,"[[], [8, 10], [], [1, 8], [6, 2], [0], [], [], [], [4, 5], []]","[3, 0, -2, -3, -4, 0, -4, -2, -4, None, 4]",204,10,,best_alone,w37588de,7.707062655370473,7.831220214604293,8.464003362902119,3,3,0,1,1,1,2.0
2796,"[[], [6, 0], [], [1, 6], [5, 8], [], [], [4, 9], [], [10], []]","[1, 2, -1, -1, 0, 1, -1, None, -1, 4, 1]",196,5,,best_alone,w37588de,7.706162970199575,6.535241271013659,7.975908360165539,5,5,0,1,1,1,2.0
2797,"[[], [8], [9, 7], [10, 1], [], [], [], [], [], [7, 4], [0, 6]]","[3, -2, -4, None, 4, -1, -2, 3, 2, 3, -2]",4,3,0.0,best_min,w37588de,8.246695943718557,7.766840537085513,8.728264161496178,1,1,0,1,1,1,
2799,"[[8, 4], [2, 7], [7, 9], [], [6], [], [], [], [5, 3], [], []]","[None, -4, 2, -2, 0, 0, -1, -3, -4, -1, -1]",92,4,,best_alone,w37588de,7.80994708647679,7.952615111650999,8.576781982827894,-1,-1,0,1,1,1,2.0
2802,"[[], [], [], [], [1], [2, 9], [8, 0], [], [0, 7], [], [5, 4]]","[3, 0, -4, 0, 4, -4, 0, -1, 3, 2, None]",250,9,,best_alone,w37588de,8.08825472712243,8.043984431221554,8.759354748566208,4,4,0,1,1,1,6.0
2803,"[[], [], [], [5, 7], [1, 10], [7, 6], [], [], [4, 9], [2], []]","[3, 2, 4, 2, 0, 0, -4, -1, None, -1, -2]",18,3,2.0,best_alone,w37588de,8.302513718514156,7.877397186353287,8.80537513890967,3,2,1,0,0,1,
2806,"[[], [5, 0], [], [], [8, 10], [], [], [6], [10, 2], [1, 7], []]","[-4, -1, -1, -1, 1, 3, -1, 0, -4, None, 1]",40,5,,best_min,w37588de,7.803435056952168,7.285506548522786,8.27052509505507,2,-1,3,0,0,1,7.0
2808,"[[], [7], [8, 0], [], [9, 10], [4, 1], [], [], [0, 3], [], []]","[-3, 3, -3, -3, -3, None, 0, 4, -3, 4, 0]",112,8,,best_alone,w37588de,7.342131730584722,7.523481312573497,8.129764445794171,7,7,0,1,1,1,4.0
2810,"[[], [], [], [], [], [1], [7, 4], [4, 3], [], [10, 5], [2, 8]]","[0, 3, 2, 1, 3, 3, -2, 3, -2, None, 2]",72,4,,best_alone,w37588de,8.232971790593439,7.401231264413014,8.594154232552366,6,6,0,1,1,1,4.0
2812,"[[6, 9], [], [], [], [], [], [7, 1], [], [10, 3], [4], [3, 5]]","[None, -3, -3, -3, 1, 0, 1, 1, 4, 3, 0]",216,4,,best_alone,w37588de,7.4821189235521155,7.645875825184814,8.260234291607297,4,4,0,1,1,1,4.0
2814,"[[], [4, 7], [5], [8, 2], [7, 9], [], [], [], [0, 10], [], []]","[3, 3, -2, None, 2, -4, 1, -2, 2, 0, -2]",286,8,4.0,best_second,w37588de,7.802209316247118,7.644440761556566,8.419359831067474,5,5,0,1,1,1,
2815,"[[9, 1], [4], [], [], [], [], [7, 8], [8, 3], [], [5, 2], []]","[None, -4, 4, 1, 0, -4, -2, -2, 4, 4, -2]",70,10,0.0,best_second,w37588de,7.558516743045645,7.410347097821025,8.18004072349016,8,8,0,1,1,1,
2817,"[[4, 1], [], [3, 8], [7, 9], [1, 5], [], [], [], [6], [], []]","[-4, -4, None, 2, -1, -4, 0, 3, -4, -2, -4]",332,7,4.0,best_second,w37588de,7.793999089503996,7.430707082545968,8.321664807135,5,5,0,1,1,1,
2818,"[[], [5], [], [0, 4], [], [], [], [3, 0], [], [10, 1], [2, 6]]","[-4, 4, 2, -1, 3, -1, -2, 0, -2, None, -3]",376,6,,best_alone,w37588de,7.851661177889265,8.045267716607803,8.646113971483077,3,3,0,1,1,1,4.0
2822,"[[], [8, 3], [4, 9], [5], [9, 0], [], [], [], [10, 6], [], []]","[-3, None, -2, 2, 4, 1, -4, 0, -3, -2, -2]",324,9,,best_alone,w37588de,7.968665700466236,7.467942332285852,8.442254104751743,3,3,0,1,1,1,2.0
2825,"[[8, 4], [10, 9], [], [], [], [], [3], [0, 6], [], [], [9, 2]]","[2, 4, 4, -4, 0, -3, -4, None, 2, 2, 4]",302,7,2.0,best_second,w37588de,7.919356190660617,7.768110378525989,8.53954159508,4,4,0,1,1,1,
2826,"[[], [4], [], [], [], [3, 7], [5, 3], [], [9, 1], [0, 2], []]","[4, -4, 3, 1, 2, 2, -3, 0, None, -3, 4]",350,2,6.0,best_second,w37588de,7.760467029213421,7.928406026180535,8.540909718033554,1,1,0,1,1,1,
2827,"[[5, 8], [], [], [], [], [2, 1], [3, 4], [], [7], [6, 3], []]","[None, 2, -2, 4, 2, -3, 1, 3, 4, 2, 0]",240,10,,best_alone,w37588de,7.532088143541722,6.74993119378857,7.908387159290043,7,7,0,1,1,1,4.0
2828,"[[], [], [10, 7], [], [5, 3], [3, 1], [2, 8], [], [0], [], []]","[-2, 0, 1, 3, -4, 1, None, -2, -1, -4, 3]",202,6,3.0,best_second,w37588de,8.037220031133012,7.890956716138919,8.659733878198349,4,4,0,1,1,1,
2829,"[[7, 10], [], [5, 8], [], [2, 9], [], [0, 7], [], [], [1], []]","[-2, 4, -3, 2, None, 0, 4, 4, -2, 2, -4]",326,10,,best_alone,w37588de,7.91644286012226,7.459338895220295,8.406708458240965,6,6,0,1,1,1,2.0
2830,"[[], [0], [3, 8], [8, 7], [], [], [10, 5], [], [], [6, 1], []]","[4, 2, 0, -3, -1, -3, -2, 1, -4, None, 1]",84,9,,best_alone,w37588de,8.147867129923947,7.826842098158294,8.693161274238017,6,6,0,1,1,1,4.0
2833,"[[3], [10, 2], [], [], [5, 6], [6, 7], [], [], [], [1, 0], []]","[4, -4, -4, 2, 0, 4, -2, 3, 3, None, 4]",234,10,,best_alone,w37588de,8.055792450977771,7.400009517162692,8.473659189392508,6,6,0,1,1,1,8.0
2838,"[[2], [6, 8], [], [], [1, 6], [7, 0], [], [10, 9], [], [], []]","[1, 3, 1, 2, 1, None, -1, -3, 2, 2, -2]",192,5,,best_alone,w37588de,7.661997558901893,8.10258642539079,8.59932602095476,2,2,0,1,1,1,4.0
2839,"[[6, 2], [5], [], [7, 4], [], [], [], [], [], [0, 1], [3, 7]]","[-3, 2, -3, 2, 2, 2, -1, 2, 0, None, -3]",340,9,,best_alone,w37588de,7.627057417018934,7.96346006663897,8.502282578680484,4,4,0,1,1,1,2.0
2841,"[[8, 2], [], [9], [], [], [7, 6], [], [6, 3], [4, 1], [], []]","[None, 4, -3, 4, -2, 3, 1, 2, -1, -4, 1]",146,8,5.0,best_second,w37588de,8.250097752572845,7.912423121473704,8.788440957404593,3,3,0,1,1,1,
2843,"[[], [6, 9], [5], [], [1, 2], [], [], [10, 8], [], [], [8, 3]]","[3, -4, 0, 3, None, 4, -4, 4, -2, 4, 4]",212,8,,best_alone,w37588de,7.524021415206124,7.7195739892595805,8.319473692442186,4,4,0,1,1,1,8.0
2845,"[[], [5, 10], [], [6, 7], [3, 6], [8, 9], [], [], [], [], [2]]","[-2, None, -4, 1, -4, 3, -2, -1, -2, -1, 3]",66,2,4.0,best_second,w37588de,9.030615441029493,6.838405200847344,9.136370851776007,2,2,0,1,1,1,
2847,"[[], [2], [], [], [], [], [9, 3], [8, 1], [10, 4], [3, 0], []]","[-2, 0, 0, 3, -4, -1, -2, None, 2, 4, -1]",354,2,6.0,best_min,w37588de,8.204945165019206,7.684324067681155,8.671115273688494,1,1,0,1,1,1,
2849,"[[], [5, 6], [], [10, 8], [], [2, 9], [0], [], [], [], [8, 4]]","[1, None, 3, 3, -1, -2, 4, -1, 4, -3, 1]",282,7,,best_alone,w37588de,7.956827122090111,7.731930721948486,8.543640361431086,5,5,0,1,1,1,6.0
2850,"[[], [], [6, 1], [], [7, 8], [], [1, 0], [10, 9], [5], [], []]","[-1, 2, 4, 4, None, 4, 0, -4, 2, 2, -4]",194,11,,best_alone,w37588de,7.430114138561801,7.341483852363161,8.07961802938984,6,6,0,1,1,1,6.0
2851,"[[1], [], [5, 0], [], [], [4, 10], [7, 8], [8, 3], [], [], []]","[3, -3, None, 1, -3, 1, -4, -4, 1, -3, 1]",46,3,,best_min,w37588de,7.890956716138919,7.295735072749282,8.329899292995725,2,0,2,0,0,1,4.0
2852,"[[], [], [6, 1], [9, 8], [], [], [1, 4], [5], [], [], [3, 7]]","[-3, 3, -4, 0, 2, 1, 4, -1, 4, -4, None]",150,6,4.0,best_min,w37588de,9.706925073451831,7.282073658093465,9.791661737353872,4,4,0,1,1,1,
2854,"[[], [], [], [7, 9], [8, 6], [3, 7], [2], [], [1, 0], [], []]","[-4, -2, 4, 1, None, 2, 1, -4, -2, 4, 2]",28,10,,best_alone,w37588de,8.225770799348732,7.830822995135316,8.740656691541368,5,5,0,1,1,1,2.0
2855,"[[5, 4], [], [6, 3], [7], [], [], [8, 1], [], [], [0, 5], []]","[-3, 2, None, -4, 4, 4, 3, 1, -4, 4, 3]",58,7,1.0,best_second,w37588de,7.752335163302292,7.824445930877619,8.481980435660493,5,5,0,1,1,1,
2857,"[[], [8, 10], [], [4, 9], [9, 0], [], [], [], [7, 2], [], [6]]","[0, None, 4, 3, -3, 2, 0, -4, 3, -1, 3]",102,6,,best_min,w37588de,7.771910256435763,7.897296472595885,8.529516941105069,7,3,4,0,0,1,8.0
2858,"[[], [], [], [], [7, 8], [], [], [1, 2], [3], [5, 0], [9, 5]]","[3, -3, -1, 1, None, -1, 1, -2, 2, 2, 4]",292,7,,best_alone,w37588de,8.166500319155052,7.473637108496206,8.571870752706934,3,3,0,1,1,1,2.0
2859,"[[], [], [6], [10, 2], [], [4, 7], [], [], [], [5, 4], [1, 0]]","[2, 1, -3, None, -1, -1, 1, -4, 4, -2, -1]",214,2,3.0,best_second,w37588de,8.569975376855206,7.165493475060845,8.78935545220998,1,1,0,1,1,1,
2860,"[[8, 2], [7], [], [], [5, 3], [], [0, 8], [], [], [], [4, 1]]","[-1, 2, 4, 4, 2, 1, 1, -3, -4, -1, None]",110,5,,best_second,w37588de,7.914983005848394,7.7823903355874595,8.543835122362658,6,-1,7,0,0,1,3.0
2862,"[[], [], [3, 1], [], [6, 9], [], [0, 8], [], [], [5], [2, 3]]","[-4, -4, -4, -4, None, 4, 0, -1, -2, 4, -3]",86,11,,best_alone,w37588de,7.541152455136308,7.38770923908104,8.160232492367689,8,8,0,1,1,1,2.0
2863,"[[], [], [6, 5], [], [], [3], [9, 4], [8, 0], [], [], [7, 8]]","[3, 3, None, 3, -1, 1, -4, 4, 3, -3, -1]",108,10,,best_alone,w37588de,7.893945138235959,7.4770384723196965,8.399984990510696,4,4,0,1,1,1,2.0
2865,"[[], [8, 6], [9, 10], [], [2, 9], [], [3], [], [7, 5], [], []]","[0, None, 3, -2, -1, -4, -1, 4, -3, -3, 4]",396,6,,best_min,w37588de,7.60339933974067,7.651595573857601,8.320691571048448,1,-3,4,0,0,1,8.0
2866,"[[1, 6], [], [], [], [], [2, 10], [], [3], [0, 7], [5, 2], []]","[1, 2, -2, -2, -3, -1, -3, -4, None, -2, -1]",186,7,4.0,best_second,w37588de,8.27410200229233,7.277938572945662,8.588210678651519,3,-2,5,0,1,1,
2868,"[[1, 8], [3, 4], [9, 6], [], [], [], [], [], [5], [6, 7], []]","[None, 1, -3, -2, 4, 1, -4, -3, 2, 4, -1]",364,4,3.0,best_min,w37588de,8.287025025165063,7.970394907191429,8.834191318202071,5,5,0,1,1,1,
2870,"[[8, 9], [], [10, 3], [1], [], [], [], [], [9, 4], [], [6, 7]]","[-4, 0, None, -4, -4, 3, -2, 3, 3, -2, 4]",168,8,1.0,best_second,w37588de,8.230044310126116,7.454719949364001,8.608677881538416,7,7,0,1,1,1,
2871,"[[], [], [9, 0], [], [6, 5], [], [5, 3], [], [1], [], [2, 8]]","[0, -3, -1, -2, 1, -3, -1, -1, -4, 3, None]",198,6,1.0,best_second,w37588de,7.682482446534506,7.8252452914317745,8.449342524508063,2,2,0,1,1,1,
2872,"[[8, 3], [9, 7], [], [], [1, 5], [6], [], [], [], [], [0, 8]]","[3, -3, 1, -2, None, 4, 3, -1, 0, 1, 0]",358,10,,best_alone,w37588de,7.681560362559537,6.837332814685591,8.038834757787749,7,7,0,1,1,1,2.0
2874,"[[], [], [], [0, 8], [], [3, 0], [1], [], [], [10, 6], [2, 4]]","[3, -4, -1, 3, 3, -4, -1, -3, 3, None, 4]",42,8,1.0,best_second,w37588de,8.144679183447758,7.799343398215921,8.679822114864455,7,7,0,1,1,1,
2875,"[[], [4, 8], [3, 10], [10, 5], [6, 7], [], [], [], [9], [], []]","[4, None, 3, 1, -2, 2, -4, -2, 0, -3, -3]",244,2,,best_alone,w37588de,7.9672801789422,7.51425465281641,8.45914025996762,-3,-3,0,1,1,1,2.0
2876,"[[], [], [], [8, 5], [], [4], [], [2, 0], [10, 6], [7, 2], []]","[3, 1, 0, None, -3, 0, 4, -1, 3, -1, -4]",8,9,1.0,best_second,w37588de,7.96102146588337,7.565793282428515,8.475746001502063,7,7,0,1,1,1,
2877,"[[], [], [], [], [], [4], [1, 0], [], [2, 3], [8, 5], [6, 1]]","[-2, 0, -3, 0, -4, -3, -4, 3, 4, None, -2]",132,7,4.0,best_second,w37588de,7.566311014772463,7.524021415206124,8.23827262463303,4,4,0,1,1,1,
2880,"[[], [], [4], [6, 1], [], [3, 6], [], [], [9, 2], [7, 10], []]","[2, -1, 3, 1, 1, -3, 2, 1, None, 1, -3]",278,4,,best_alone,w37588de,8.249313746260636,7.469083884921234,8.626406276389554,4,4,0,1,1,1,4.0
2882,"[[9, 4], [6, 10], [1, 6], [5], [], [], [], [], [0, 3], [], []]","[3, -1, -3, 3, 4, 0, 0, 1, None, -4, 0]",272,6,1.0,best_min,w37588de,6.838405200847344,7.887208585813932,8.187299270155146,7,7,0,1,1,1,
2883,"[[], [], [], [], [8, 9], [7, 3], [], [3, 2], [0, 6], [1], []]","[3, 4, 4, -1, None, 1, -3, 2, -3, 4, 0]",352,11,,best_alone,w37588de,8.172164452111904,7.110696122978828,8.469052816088302,8,8,0,1,1,1,6.0
2884,"[[10, 1], [], [], [], [], [6, 8], [7, 4], [], [3], [], [1, 2]]","[4, 2, 3, -3, -4, None, 0, -1, -3, 0, -3]",166,4,4.0,best_second,w37588de,7.957177323459475,7.915348169263078,8.629449873761905,-1,-1,0,1,1,1,
2886,"[[], [], [3, 9], [], [2, 3], [], [1, 5], [6, 10], [], [], [0]]","[-4, 3, -3, 3, 0, -4, 4, None, -1, -2, 2]",104,8,8.0,best_second,w37588de,7.6838639802564295,7.325807502595773,8.213652703029998,7,7,0,1,1,1,
2888,"[[10], [3, 2], [], [], [6, 7], [4, 0], [], [], [1, 3], [], []]","[4, 3, 1, -1, -2, None, -1, -3, 3, 0, 3]",296,11,,best_alone,w37588de,7.6511201757027,6.782192056006791,8.001019961323651,7,7,0,1,1,1,2.0
2890,"[[], [9, 6], [], [], [10, 5], [], [8], [], [], [3, 2], [5, 7]]","[2, None, 0, 2, 4, -3, 3, 3, 4, -1, 1]",254,7,,best_alone,w37588de,7.591357046698551,6.990256500493881,8.028129059431759,7,7,0,1,1,1,2.0
2894,"[[8, 9], [], [6], [7, 1], [0, 2], [], [], [1, 5], [], [], []]","[-3, 2, 4, -2, None, 4, 1, 3, 0, 4, 0]",120,6,,best_alone,w37588de,7.522400231387125,7.502186486602924,8.205218426395412,5,5,0,1,1,1,4.0
2895,"[[], [], [6, 1], [], [2, 6], [10, 9], [], [], [], [8], [3, 7]]","[-4, -2, -4, 4, 4, None, -2, -4, -3, -3, 0]",210,9,4.0,best_second,w37588de,7.712890961490129,7.704811922932594,8.40178233990491,4,4,0,1,1,1,
2896,"[[], [8, 2], [], [], [6], [9, 3], [], [1, 4], [], [], [5, 9]]","[2, 2, 4, -4, 0, 2, -4, None, -4, 0, 0]",122,9,2.0,best_second,w37588de,7.583247524303362,7.824845691026857,8.404248432400102,6,6,0,1,1,1,
2899,"[[4], [], [10, 0], [1, 9], [], [], [3, 1], [], [], [], [8, 7]]","[3, 3, None, 0, -1, 0, 2, 0, 2, 3, -1]",320,2,,best_alone,w37588de,7.518607216815251,7.591357046698551,8.248529124800218,2,2,0,1,1,1,2.0
2900,"[[], [], [3, 0], [], [], [2, 9], [], [10, 1], [], [4], [1, 8]]","[-4, -1, 0, -2, 0, None, -1, -3, -3, 1, 1]",96,4,,best_alone,w37588de,7.86480400332846,7.639161171659173,8.45126704130007,1,1,0,1,1,1,2.0
2902,"[[2, 7], [], [], [5], [9, 1], [], [0, 2], [], [], [], [4, 3]]","[3, -2, -2, 2, -3, 3, 1, 3, -2, -4, None]",118,11,,best_alone,w37588de,8.17131687471973,7.72356247227797,8.6652683094816,5,5,0,1,1,1,2.0
2905,"[[], [10, 7], [], [], [8, 5], [2], [], [], [9, 6], [], [7, 3]]","[-2, 3, -2, 0, None, 0, 3, -3, 4, -2, 4]",160,7,1.0,best_second,w37588de,7.655390644826152,7.859413154693583,8.45553053102413,7,7,0,1,1,1,
2906,"[[], [6, 5], [10, 3], [8], [1, 6], [], [], [], [], [], [0, 9]]","[-1, -2, None, 3, -1, 3, 3, -2, 4, 1, 1]",140,6,,best_alone,w37588de,7.518607216815251,6.885509670034817,7.9441374911141125,7,7,0,1,1,1,2.0
2907,"[[4, 7], [3, 10], [], [], [], [1, 8], [0, 4], [], [2], [], []]","[2, -3, 3, 1, -1, None, -3, 3, 3, 0, -3]",172,10,,best_alone,w37588de,7.449498005382849,7.044032897274685,7.9599745280805365,6,6,0,1,1,1,4.0
2911,"[[8, 4], [9, 7], [], [], [5], [], [], [], [3, 2], [], [1, 9]]","[None, -3, 4, 0, -4, -3, 0, 4, 3, 2, -1]",106,9,1.0,best_second,w37588de,7.357556200910353,7.548028969935014,8.150179269682326,7,7,0,1,1,1,
2914,"[[], [9, 10], [], [], [], [3], [7, 5], [0, 8], [], [10, 4], []]","[3, -4, -4, -2, -1, -1, None, 1, -2, -3, 4]",282,6,3.0,best_second,w2f29c69,7.887959336599945,6.4457198193855785,8.099857910737585,4,4,0,1,1,1,
2915,"[[3, 1], [], [7, 9], [1, 5], [], [], [], [6, 8], [], [4], []]","[-1, 0, None, 0, -1, -3, 2, 3, 1, -3, 2]",18,5,2.0,best_second,w703ed49,8.448914350662942,7.888709524182014,8.9005490139363,5,5,0,1,1,1,
2917,"[[], [], [], [9, 10], [0, 7], [], [], [], [4, 0], [1, 5], [2]]","[-4, 2, 3, None, 0, 4, 2, 4, -3, -4, 4]",16,8,,best_alone,w703ed49,7.9966538754626075,6.871091294610546,8.277411998949004,7,7,0,1,1,1,2.0
2920,"[[], [], [7, 9], [4, 5], [], [], [3, 4], [1, 0], [], [10], []]","[-3, 1, None, -3, 0, -1, 2, 1, -1, -1, 4]",62,3,4.0,best_alone,w703ed49,7.853216388156072,7.4673710669175595,8.371704884667631,3,2,1,0,0,1,
2922,"[[], [], [3], [], [10, 2], [7, 1], [], [1, 8], [], [], [0, 6]]","[-4, 1, -3, -1, None, 3, -1, 2, 4, 0, 4]",190,5,5.0,best_second,w703ed49,8.688453800850768,7.331714969726466,8.917444732471514,3,3,0,1,1,1,
2923,"[[], [0, 5], [9], [8, 10], [], [], [3, 8], [1, 2], [], [], []]","[-4, 0, -4, -4, 1, 4, 2, None, -4, -4, -3]",84,10,4.0,best_second,w703ed49,8.612139668725192,6.952728644624869,8.786151054869737,4,-4,8,0,1,1,
2924,"[[], [], [], [2, 10], [7, 5], [], [1], [5, 9], [3, 6], [], []]","[-3, 4, 2, -3, 2, 3, 4, -4, None, -3, 0]",200,10,,best_alone,w703ed49,8.058643712215618,6.184148890937483,8.20111164444276,8,8,0,1,1,1,2.0
2925,"[[], [], [1, 4], [10, 9], [], [], [7], [], [2, 6], [], [9, 0]]","[-2, -4, -3, -2, 4, 0, 1, 3, None, 0, -1]",46,7,,best_alone,w703ed49,7.72356247227797,6.0088131854425955,7.888709524182014,4,4,0,1,1,1,8.0
2929,"[[7, 1], [], [0, 7], [], [10], [], [], [], [5, 6], [8, 4], []]","[1, 0, 2, -4, -3, 4, -2, -3, 4, None, 1]",166,8,6.0,best_second,w703ed49,7.86480400332846,7.207118856207756,8.281977058867758,8,8,0,1,1,1,
2933,"[[], [], [], [7, 2], [], [9, 8], [5, 10], [2, 4], [], [], [0]]","[-2, 1, -2, -1, 2, -1, None, 3, 2, 3, -3]",154,4,3.0,best_second,w703ed49,9.201299627324033,6.553933404025812,9.26964647787359,2,2,0,1,1,1,
2935,"[[], [], [4, 9], [], [9, 8], [10, 6], [0], [], [], [], [3, 7]]","[4, 0, 0, -3, 3, None, 3, 3, -2, -1, -4]",138,11,,best_alone,w703ed49,7.945555428253489,6.234410725718371,8.111328003286733,7,7,0,1,1,1,6.0
2937,"[[], [10, 9], [], [], [8], [7, 4], [], [0, 6], [], [], [9, 3]]","[-4, 1, 0, -3, 4, None, -2, -3, 0, 2, -2]",2,10,,best_alone,w703ed49,7.9208096792886,6.811244378601293,8.205491613120236,4,4,0,1,1,1,2.0
2939,"[[], [7, 6], [], [], [1, 9], [0, 8], [], [], [], [2], [5, 0]]","[-1, 1, 4, -3, None, -3, -1, 3, 4, 4, 4]",134,6,,best_alone,w703ed49,8.014335737299422,6.880384082186005,8.293049139768444,8,8,0,1,1,1,4.0
2942,"[[3, 8], [2, 5], [9, 4], [], [], [10], [], [0, 3], [], [], []]","[0, None, 3, -4, -2, 3, -3, 3, 0, 0, 2]",38,3,,best_alone,w703ed49,8.357493812658563,6.76619171466035,8.542665987389269,5,5,0,1,1,1,2.0
2944,"[[9, 1], [], [], [8, 6], [], [4], [], [], [6, 7], [], [0, 5]]","[3, -4, -3, -1, 2, 1, 4, 0, -3, 4, None]",136,6,7.0,best_min,w703ed49,7.978310969867722,7.1785454837637,8.34924780056679,7,7,0,1,1,1,
2947,"[[6], [], [], [], [5, 0], [1, 2], [], [9, 3], [7, 9], [], []]","[-3, 4, -2, -2, None, 4, 1, -4, -2, -2, 3]",186,8,6.0,best_second,w703ed49,7.32052696227274,5.966146739123692,7.549609165154532,8,8,0,1,1,1,
2949,"[[3, 4], [5, 8], [], [4, 7], [], [9, 2], [], [], [6], [], []]","[4, None, 4, -2, -2, 0, 1, -2, -1, -4, 3]",156,6,4.0,best_min,w703ed49,9.632990304838447,7.238496840894365,9.720225553665117,4,4,0,1,1,1,
2950,"[[6, 8], [], [], [], [9, 7], [], [5, 3], [], [10], [7, 1], []]","[None, 4, 3, 4, 3, -4, 0, -2, -4, -4, -4]",90,10,4.0,best_second,w703ed49,8.613775289262481,7.293697720601438,8.850374303939237,4,4,0,1,1,1,
2953,"[[], [], [], [2, 7], [3, 2], [9, 6], [0], [], [], [1, 8], []]","[2, -2, -4, -1, 3, None, -2, -2, 0, 4, -3]",128,3,4.0,best_second,w703ed49,9.040974526342444,7.992944547318106,9.34145634983372,4,4,0,1,1,1,
2955,"[[], [], [], [0], [], [10, 1], [4, 2], [6, 4], [], [5, 3], []]","[-1, 2, 4, 4, -1, -3, -2, 3, -3, None, -2]",96,6,,best_alone,w703ed49,7.395721608602045,7.946263643580541,8.401333305321703,3,3,0,1,1,1,4.0
2957,"[[], [], [3, 10], [10, 1], [], [8], [], [4, 0], [], [7, 5], []]","[-1, -3, -3, -4, -3, 1, -2, -4, 3, None, -1]",14,10,,best_alone,w703ed49,8.262558973010657,6.0112671744041615,8.36240897761537,4,4,0,1,1,1,2.0
2960,"[[5, 6], [], [], [], [], [6, 1], [], [3], [2, 10], [8, 7], []]","[4, 1, 3, 1, 0, 1, -1, -1, 3, None, 4]",150,4,1.0,best_second,w703ed49,7.65728279297819,6.8308742346461795,8.019941687677363,7,6,1,0,1,1,
2965,"[[], [], [1, 6], [], [3, 7], [0], [], [], [], [2, 5], [4, 3]]","[-4, 0, -3, 2, 0, 3, -2, -3, 3, None, -1]",20,3,,best_alone,w703ed49,7.755338812846502,7.861341795599989,8.502688505213357,-1,-1,0,1,1,1,2.0
2968,"[[9, 3], [], [], [], [], [], [10, 8], [], [2], [3, 7], [5, 4]]","[2, -3, -2, -2, 4, -3, None, -2, -2, -1, 1]",140,8,3.0,best_second,w703ed49,9.819997242037102,7.229113877793302,9.892224360257417,5,5,0,1,1,1,
2971,"[[], [], [], [], [2, 6], [10, 9], [], [0], [4, 7], [], [9, 3]]","[-1, 4, -4, -4, -1, 0, 3, 0, None, -4, 4]",144,5,4.0,best_min,w703ed49,8.402455513945814,6.980075940561763,8.61830469278465,2,2,0,1,1,1,
2972,"[[], [], [8, 10], [], [], [9, 3], [], [], [7, 1], [3, 6], [4]]","[-3, -4, None, 0, 3, -2, 1, 0, -1, -2, 4]",4,10,,best_alone,w703ed49,8.18004072349016,6.643789733147672,8.37470754311948,7,7,0,1,1,1,4.0
2973,"[[], [], [], [0, 2], [], [7, 8], [9], [8, 1], [], [], [3, 6]]","[4, 1, -2, -2, 1, -3, 4, -3, -4, 3, None]",106,8,,best_alone,w703ed49,7.766416898019656,6.45833828334479,8.005367067316664,7,7,0,1,1,1,6.0
2974,"[[8, 5], [], [], [1], [], [], [2, 4], [], [], [0, 8], [6, 3]]","[2, 2, 1, 4, -3, -3, 0, 0, 1, 3, None]",172,7,,best_alone,w703ed49,7.311218384419628,6.586171654854675,7.7057128238944275,6,6,0,1,1,1,4.0
2977,"[[3], [], [7, 8], [], [], [4, 1], [], [], [], [2, 7], [5, 0]]","[2, 1, -4, 3, -1, -3, -1, 0, 4, 2, None]",76,8,,best_alone,w703ed49,7.789868559054706,6.419994928147143,8.015987811027237,5,5,0,1,1,1,2.0
2980,"[[9, 8], [4, 2], [], [10], [2, 6], [0, 3], [], [], [], [], []]","[-3, 0, 3, 4, -4, None, 3, -4, -2, 2, 2]",132,9,,best_alone,w703ed49,7.524021415206124,6.380122536899766,7.80016307039296,6,6,0,1,1,1,4.0
2982,"[[6, 4], [], [], [8], [], [2, 10], [], [5, 3], [], [0, 6], []]","[-2, 4, -3, 2, -1, 2, -3, None, 4, -3, -1]",176,6,,best_alone,w703ed49,8.720623711420426,6.068425588244111,8.788593431293735,6,6,0,1,1,1,2.0
2984,"[[], [0], [7, 9], [8, 10], [], [], [3, 1], [9, 5], [], [], []]","[4, 3, -2, -4, 0, -3, None, 0, -4, 2, 4]",8,11,,best_alone,w703ed49,7.459914766241105,6.077642243349034,7.683403681053826,7,7,0,1,1,1,8.0
2987,"[[4, 10], [], [], [], [], [0, 7], [], [2], [1, 6], [8, 1], []]","[4, 1, -4, -1, -1, None, 1, -1, 1, -3, 3]",164,8,1.0,best_second,w703ed49,7.937374696163296,7.2513449833722134,8.34498036877057,7,7,0,1,1,1,
2990,"[[], [], [5, 4], [], [], [], [9, 10], [3], [2, 7], [10, 1], []]","[1, 4, 4, 3, 1, -1, 0, -2, None, -2, -2]",120,3,3.0,best_second,w703ed49,8.127699852817772,7.25063551189868,8.475328987317539,5,5,0,1,1,1,
2993,"[[], [], [0], [10, 2], [8, 9], [], [4, 8], [], [], [], [7, 1]]","[2, 0, 0, None, -4, 0, -2, -4, -2, 0, -1]",64,5,,best_alone,w703ed49,8.584290934948733,6.484635235635252,8.699681400989514,2,2,0,1,1,1,4.0
2997,"[[], [], [0], [], [], [], [], [4, 6], [5, 1], [7, 4], [8, 2]]","[-4, -3, -1, 1, -3, 0, -4, -1, 4, -1, None]",104,6,7.0,best_second,w703ed49,7.552762084214147,7.903965634032166,8.43663368355782,4,4,0,1,1,1,
2998,"[[7, 6], [], [], [], [9, 5], [3], [], [6, 2], [], [1, 10], []]","[4, 0, -3, 1, None, 3, -3, 1, 0, -3, -4]",42,9,,best_alone,w703ed49,7.575071699507561,6.597145701886651,7.893945138235959,4,4,0,1,1,1,4.0
3000,"[[], [], [4, 10], [], [], [3, 1], [2, 8], [5, 3], [9], [], []]","[1, 0, 4, 0, 3, 1, None, 0, -2, -3, -3]",94,9,7.0,best_second,w703ed49,7.546446273746024,7.329749689041512,8.136810863675535,7,7,0,1,1,1,
3002,"[[7, 4], [], [], [6, 1], [], [], [], [4, 2], [5], [3, 8], []]","[2, 2, 2, 0, -2, -4, 0, -3, 0, None, 2]",116,4,2.0,best_second,w703ed49,8.087332926473351,6.994849985833071,8.37632063253482,2,2,0,1,1,1,
3009,"[[5, 4], [0, 5], [9, 7], [2, 10], [], [], [], [], [], [], [8]]","[2, -4, 1, None, -2, 2, 3, 1, 1, -2, 0]",22,2,0.0,best_min,w703ed49,7.653494909661253,7.584773077612199,8.312626025674964,2,2,0,1,1,1,
3010,"[[], [], [], [0, 2], [], [9, 1], [4], [], [3, 6], [1, 7], []]","[-4, -4, 2, -2, 1, -4, 4, 2, None, 0, -4]",112,8,,best_alone,w703ed49,7.857093864902493,6.70073110954781,8.130353547431238,5,5,0,1,1,1,6.0
3012,"[[], [3, 7], [], [10, 6], [], [9, 2], [], [4], [5, 9], [], []]","[-2, None, -3, 4, -2, 3, 3, -4, -4, 3, -4]",152,10,1.0,best_second,w703ed49,8.372860820526316,7.587310506022615,8.748304912379623,7,7,0,1,1,1,
3013,"[[], [], [10, 3], [8], [], [0, 1], [], [], [], [5, 0], [7, 6]]","[0, -4, None, 4, -2, 2, 2, -4, -3, -3, -4]",108,6,,best_alone,w703ed49,7.424165281042028,7.325148957955576,8.068716192714781,1,1,0,1,1,1,6.0
3014,"[[], [0, 9], [], [10], [1, 0], [6, 3], [7, 8], [], [], [], []]","[2, 1, -1, 4, 0, None, -1, -4, -2, -3, 3]",30,11,1.0,best_alone,w703ed49,6.74993119378857,5.5053315359323625,7.002155954403621,7,-5,12,0,0,1,
3015,"[[5, 3], [], [0, 7], [], [1, 10], [], [], [8], [], [4, 1], []]","[2, 3, None, 4, 1, 3, -4, 0, 1, -3, 1]",122,3,2.0,best_second,w703ed49,6.5337888379333435,7.094234845924755,7.545389749611823,6,5,1,0,1,1,
3017,"[[], [], [4], [], [], [9, 6], [], [], [10, 2], [6, 3], [7, 0]]","[1, -4, 0, 4, -4, -4, -2, 4, None, 4, -1]",40,5,2.0,best_second,w703ed49,5.817111159963204,5.860786223465866,6.530877627725885,3,3,0,1,1,1,
3019,"[[], [], [10, 0], [], [7, 9], [], [], [5, 1], [], [6], [0, 8]]","[-1, 2, 0, -1, None, -4, -1, -3, 0, 4, 4]",56,7,5.0,best_alone,w703ed49,5.988961416889864,5.541263545158426,6.481577129276431,3,-7,10,0,0,1,
3023,"[[], [], [4, 8], [6, 7], [8, 9], [], [10, 0], [5], [], [], []]","[-2, 4, -1, None, 2, 3, 1, -3, 1, -1, -4]",194,2,3.0,best_alone,w703ed49,6.90875477931522,6.39024066706535,7.3752557780097545,0,-3,3,0,0,1,
3024,"[[], [10, 2], [], [5, 4], [], [4, 0], [7], [], [], [1, 6], []]","[-4, -4, 4, 3, -1, -2, -4, 1, 1, None, 3]",58,2,8.0,best_second,w703ed49,7.693481640835175,6.20050917404269,7.895808377083183,0,-1,1,0,1,1,
3026,"[[], [0, 7], [3, 9], [], [2, 3], [], [5], [], [1, 6], [], []]","[4, 0, -1, 1, -2, -1, -4, 3, None, -3, 3]",82,5,3.0,best_second,w703ed49,8.361240889642351,6.297109319933935,8.480529207044647,4,4,0,1,1,1,
3027,"[[], [], [9, 1], [], [3], [0, 8], [5, 4], [], [], [1, 7], []]","[3, 2, 3, -1, 3, -4, None, 4, 1, 0, -3]",180,4,,best_alone,w703ed49,7.676473646389156,6.828712071641685,8.03268487596762,2,2,0,1,1,1,2.0
3028,"[[4, 9], [], [10, 6], [], [9, 5], [], [1], [], [], [], [7, 3]]","[3, 2, None, 0, 4, 2, 1, 2, -4, 3, 0]",114,2,,best_alone,w703ed49,7.515889085215125,7.038783541388542,7.998335395952982,3,3,0,1,1,1,2.0
3029,"[[], [], [1, 6], [9, 0], [], [10], [], [], [2, 5], [0, 4], []]","[2, 4, 1, 2, 3, -3, -2, 1, None, 2, -4]",54,9,3.0,best_second,w703ed49,7.605392364814934,6.710523109452428,7.947678571301567,5,5,0,1,1,1,
3032,"[[], [], [], [], [], [1, 4], [9, 7], [10], [5, 1], [0, 3], []]","[-1, -1, -1, -3, -2, 3, None, 0, 4, -1, 3]",50,6,,best_alone,w703ed49,7.71244383427499,6.030685260261263,7.8826922062890254,3,3,0,1,1,1,2.0
3034,"[[], [6, 8], [], [], [], [7, 2], [4, 0], [], [10], [5, 7], []]","[4, None, 3, 0, 0, 4, -1, -3, 2, -2, 2]",174,3,,best_alone,w703ed49,8.298041661371565,6.1862086239004945,8.412054873292933,4,4,0,1,1,1,4.0
3035,"[[], [5], [], [7, 4], [], [], [9, 2], [], [], [2, 0], [3, 1]]","[3, 4, 4, -2, -2, 1, -4, 2, 3, 0, None]",12,7,,best_alone,w703ed49,7.704811922932594,7.321849713788356,8.224431573221157,5,5,0,1,1,1,4.0
3036,"[[], [], [10, 5], [], [6], [], [], [8, 4], [0, 9], [], [5, 3]]","[-1, 1, 0, 3, 4, 4, 2, None, 1, -3, -3]",44,7,,best_alone,w703ed49,7.430114138561801,6.35088571671474,7.722234744709607,6,6,0,1,1,1,2.0
3038,"[[4], [], [7, 0], [], [], [], [], [5, 3], [9, 10], [10, 6], []]","[1, 1, None, -1, -1, -3, 1, -2, -2, 4, 3]",72,4,,best_alone,w703ed49,7.69484807238461,6.2324480165505225,7.9028571912805825,0,0,0,1,1,1,2.0
3039,"[[], [], [8], [1, 5], [3, 1], [], [], [9, 0], [], [], [7, 2]]","[0, -1, 1, 2, 4, -3, 3, -4, 3, -4, None]",60,10,,best_alone,w703ed49,7.577633832602728,6.322565239927283,7.82803803212583,4,4,0,1,1,1,4.0
3040,"[[], [], [4, 9], [10, 5], [0, 1], [], [], [], [], [8], [5, 6]]","[4, -3, None, 1, 2, -2, -1, -2, -2, -1, 2]",188,8,5.0,best_second,w703ed49,7.803026643632217,5.963579343618447,7.950149887652018,6,6,0,1,1,1,
3043,"[[3, 5], [4, 9], [1, 8], [5, 7], [], [], [], [], [10], [], []]","[4, -1, None, -4, -1, -4, 1, -4, 1, 1, 2]",28,4,,best_alone,w703ed49,7.2019163175316265,5.966146739123692,7.456454555176209,3,3,0,1,1,1,2.0
3044,"[[3, 5], [0, 10], [8, 7], [], [], [], [], [], [], [2, 8], [6]]","[4, None, 1, -1, -1, 1, 3, 4, 1, 3, -2]",100,3,3.0,best_second,w703ed49,7.118826249062077,7.563200592358071,8.058327306580958,5,5,0,1,1,1,
3045,"[[], [], [], [6, 1], [9], [10, 2], [], [3, 4], [], [], [2, 8]]","[2, 4, -4, 0, -2, -2, -1, None, -2, -3, -4]",184,7,4.0,best_second,w703ed49,8.196436811235028,7.2520539518528135,8.524764456912555,4,4,0,1,1,1,
3047,"[[], [], [], [8, 5], [9, 1], [2], [], [4, 9], [6, 10], [], []]","[1, 0, 1, None, 3, 3, -4, -4, -2, 3, -2]",126,9,,best_alone,w703ed49,7.772752716468742,6.541029999189903,8.02845516411425,4,4,0,1,1,1,2.0
3048,"[[], [], [3, 8], [], [2, 5], [1], [7, 0], [], [], [6, 7], []]","[0, -4, 1, 4, None, 0, 2, 2, -3, -2, 3]",92,8,4.0,best_second,w703ed49,7.9561263512135,6.930494765951627,8.262300941787448,5,5,0,1,1,1,
3051,"[[], [6, 3], [10, 5], [], [], [], [], [2, 8], [4], [1, 6], []]","[2, 2, 4, -3, 3, 1, -3, None, -2, -2, -1]",74,3,3.0,best_second,w703ed49,7.102499355774649,7.221835825288449,7.8567067930958405,5,5,0,1,1,1,
3054,"[[], [6, 0], [10, 3], [], [], [2, 7], [0, 8], [9], [], [], []]","[-1, 2, 4, 1, 4, None, 2, -2, 0, -1, 4]",148,7,3.0,best_second,w703ed49,7.560601162768557,5.986452005284438,7.748460023899698,8,8,0,1,1,1,
3055,"[[], [5, 8], [], [0, 7], [3, 9], [8, 2], [], [], [], [10], []]","[3, 4, -1, -4, None, 3, 3, -1, -2, 0, 0]",86,3,3.0,best_alone,w703ed49,7.746732907753622,6.280395838960195,7.954021087278037,0,-1,1,0,0,1,
3056,"[[3, 5], [], [], [10, 8], [], [6], [], [1, 2], [], [7, 1], []]","[None, -2, 2, -1, 2, -2, -2, 2, 4, 3, 1]",158,5,5.0,best_second,w703ed49,8.041412909393047,7.092573715974679,8.368461137615837,3,3,0,1,1,1,
3059,"[[8], [2, 3], [], [], [6, 0], [], [9, 10], [1, 2], [], [], []]","[2, 2, 3, -1, None, 2, 0, 2, -1, -1, 2]",6,2,,best_min,w703ed49,7.2305631534092925,7.284134806195205,7.950502434808851,2,1,1,0,0,1,3.0
3064,"[[], [], [], [9, 1], [0, 7], [3, 9], [], [], [2], [], [4, 8]]","[-4, -4, 3, 0, -1, 2, 2, 2, 4, 3, None]",124,9,,best_alone,w703ed49,7.712890961490129,6.431331081933479,7.957527402230773,7,7,0,1,1,1,6.0
3068,"[[], [7, 4], [], [], [9], [2, 0], [], [3, 10], [5, 2], [], []]","[-4, None, 3, 3, -2, -2, -3, 1, 2, -3, -4]",142,8,5.0,best_second,w703ed49,8.073714641109857,7.623641946511572,8.566744970245486,4,4,0,1,1,1,
3069,"[[9, 4], [], [5, 10], [], [1], [], [2, 5], [], [], [3, 7], []]","[None, 2, -1, -4, 3, 3, -2, 2, -2, -4, -1]",80,10,,best_alone,w703ed49,7.602900462204755,6.169610732491456,7.816416983691801,5,5,0,1,1,1,6.0
3070,"[[], [4], [5, 8], [2, 5], [], [], [7, 0], [], [], [6, 1], []]","[-3, 1, 3, -4, -2, 2, -2, 4, -3, None, -4]",182,5,,best_min,w703ed49,7.587817219993426,7.261927092702751,8.130942302231876,2,-1,3,0,0,1,7.0
3071,"[[5, 9], [], [0, 4], [8, 6], [7], [], [], [], [], [], [3, 8]]","[-1, 3, None, 2, -2, -3, -1, 0, 2, 0, -1]",66,2,,best_min,w703ed49,8.403800504061147,6.5638555265321274,8.551014739891748,-1,-2,1,0,0,1,3.0
3072,"[[], [], [], [6, 8], [], [0], [8, 1], [9, 5], [], [4, 10], []]","[-2, 0, -2, 4, 0, 4, 4, None, 0, -1, -4]",130,5,,best_alone,w703ed49,7.467942332285852,7.463363045520021,8.158516244806831,2,2,0,1,1,1,4.0
3075,"[[1, 4], [4, 5], [6, 7], [], [], [], [9, 3], [8], [], [], []]","[-4, 1, None, -4, 2, 1, -3, 1, 4, -2, 4]",118,11,,best_alone,w703ed49,7.763021309018518,6.9363427358340495,8.125630988477063,5,5,0,1,1,1,2.0
3076,"[[9, 5], [], [8, 10], [], [], [], [], [], [3, 7], [5, 1], [4]]","[-1, 0, None, -2, 2, -3, 2, 1, 4, -3, 2]",48,2,3.0,best_min,w703ed49,6.955592608396297,7.451241684987676,7.926602599181384,5,5,0,1,1,1,
3078,"[[], [], [8, 5], [], [], [], [], [0, 1], [5, 4], [6], [7, 9]]","[-3, 3, 4, 2, 0, -2, -3, 4, 3, 0, None]",24,8,1.0,best_second,w703ed49,6.901737206656573,7.273092595999523,7.797291273547473,7,7,0,1,1,1,
3081,"[[], [5, 10], [], [2], [6, 3], [10, 8], [0, 9], [], [], [], []]","[-3, -4, -4, -2, None, -2, -1, 4, 3, 4, 0]",102,8,5.0,best_second,w703ed49,8.035278911144667,6.878326468291324,8.30844552038576,3,3,0,1,1,1,
3083,"[[], [], [9, 0], [7], [10, 3], [], [], [], [], [0, 6], [8, 1]]","[3, -1, -2, 4, None, 3, -3, -2, -3, -4, 0]",32,4,,best_alone,w703ed49,7.560080465021827,6.673297967767653,7.904703913873747,2,2,0,1,1,1,2.0
3084,"[[6, 3], [], [], [8], [2, 9], [4, 2], [10, 1], [], [], [], []]","[None, 0, 2, 4, -4, -3, -2, 3, -2, 0, -4]",170,6,,best_alone,w703ed49,7.486613313139955,7.57095858316901,8.222553638396958,2,2,0,1,1,1,4.0
3085,"[[3, 8], [7], [], [8, 4], [], [], [], [], [], [10, 1], [6, 5]]","[-3, 1, 4, 3, 0, -1, -3, 3, -1, None, -2]",68,8,,best_alone,w703ed49,7.48605261786314,7.105786129481272,8.006700845440367,4,4,0,1,1,1,2.0
3086,"[[], [], [0, 1], [], [9, 7], [4, 10], [2, 0], [], [], [], [3]]","[4, 2, -4, -3, 3, None, -3, 4, 4, -3, -3]",88,10,1.0,best_second,w703ed49,7.170888478512505,6.8617113404807295,7.720905251936778,7,7,0,1,1,1,
3087,"[[], [7, 8], [3, 0], [0, 5], [], [], [10], [], [], [1, 6], []]","[-2, 4, -2, 2, -3, 4, 3, 4, 3, None, -2]",146,4,1.0,best_second,w703ed49,7.829232537543593,6.838405200847344,8.144679183447758,8,8,0,1,1,1,
3089,"[[10, 5], [], [], [4, 2], [2, 8], [], [9], [0, 6], [], [], []]","[2, -1, 4, -1, -3, 4, -4, None, -3, 0, -4]",70,9,2.0,best_second,w703ed49,7.633369649679584,6.768493211648629,7.984462732262197,6,6,0,1,1,1,
3090,"[[], [10, 9], [], [2], [8, 3], [], [], [], [0, 6], [], [9, 7]]","[-3, -1, 4, 3, None, -3, -1, 3, -2, 2, 3]",78,11,,best_alone,w703ed49,7.498315870766981,6.298949246855942,7.761319180947988,7,7,0,1,1,1,2.0
3093,"[[], [2, 4], [4, 10], [6, 5], [], [8], [9, 0], [], [], [], []]","[-4, -4, 4, None, 3, 0, 4, -2, -2, 4, 3]",168,9,8.0,best_second,w703ed49,7.356918242356021,6.642486801367256,7.75491027202143,8,8,0,1,1,1,
3094,"[[1], [], [], [5, 0], [], [10, 4], [], [], [9, 7], [7, 6], []]","[-4, 2, -2, None, -1, -3, 1, 0, -2, 4, 3]",198,3,2.0,best_min,w703ed49,7.969703583278656,6.553933404025812,8.186742787113518,0,0,0,1,1,1,
3097,"[[], [], [0], [], [], [9, 8], [10, 4], [5, 2], [], [], [4, 3]]","[-1, 4, 3, -2, 0, -4, 1, None, -4, -2, -3]",34,9,,best_alone,w703ed49,7.198931240688173,6.4457198193855785,7.584264818389059,2,2,0,1,1,1,2.0
3098,"[[10, 1], [], [6, 4], [], [9], [], [3, 5], [], [], [], [1, 8]]","[-1, -1, None, 4, 1, -1, 3, -3, -1, -1, -2]",10,6,4.0,best_second,w703ed49,6.870053411798126,6.553933404025812,7.416979621381154,7,7,0,1,1,1,
3099,"[[10], [], [9, 1], [5, 0], [], [8, 4], [], [], [], [1, 7], []]","[-2, -1, 3, None, -3, 2, -3, 0, 2, 2, -1]",98,6,5.0,best_second,w703ed49,7.607878073278507,6.156978985585555,7.8180279385307285,4,4,0,1,1,1,
3100,"[[], [], [1, 9], [4, 0], [0, 10], [], [], [5], [2, 7], [], []]","[-3, -2, -3, -2, 4, 4, 0, 4, None, 2, 4]",26,11,,best_alone,w703ed49,7.486613313139955,5.90536184805457,7.673223121121708,8,8,0,1,1,1,4.0
3101,"[[], [2, 0], [], [], [1, 2], [8, 6], [7], [], [9, 10], [], []]","[-2, 2, -3, 3, -1, None, 2, 1, -3, -2, -4]",196,9,,best_alone,w703ed49,7.918264686095274,5.634789603169249,8.0149968943483,3,3,0,1,1,1,2.0
3102,"[[], [], [], [8, 5], [], [4], [2, 10], [], [7, 0], [6, 2], []]","[4, 2, -3, None, -4, -2, -2, -3, 3, -3, -2]",52,10,1.0,best_second,w703ed49,7.199678345691172,6.837332814685591,7.727535110475448,7,7,0,1,1,1,
3103,"[[8, 4], [5], [], [], [], [], [2, 7], [], [4, 3], [6, 1], []]","[4, 0, 2, -2, 3, 2, -4, 4, -1, None, 1]",162,3,,best_alone,w703ed49,8.099250561796959,5.693732138802699,8.185350223178686,2,2,0,1,1,1,2.0
3107,"[[], [], [], [7, 10], [8, 1], [3, 7], [0], [], [], [4, 6], []]","[4, 3, -3, 0, 2, -4, 2, 4, 1, None, 3]",192,2,1.0,best_alone,w703ed49,7.7266536648476425,6.903747257584598,8.09040229659332,6,5,1,0,0,1,
3108,"[[4, 9], [], [0, 8], [7, 5], [], [], [], [5, 1], [10], [], []]","[2, 1, None, -1, -2, -2, 1, 2, -3, 4, -3]",110,9,2.0,best_second,w703ed49,7.621195162809845,7.68937110752969,8.348774539791274,6,6,0,1,1,1,
3110,"[[], [6, 8], [], [10, 9], [], [], [8, 4], [], [], [0], [7, 2]]","[-3, 2, 4, None, -3, -1, 3, -2, -3, -4, 3]",178,10,1.0,best_second,w703ed49,7.0630481633881725,7.23561914106675,7.845807502637805,7,7,0,1,1,1,
3112,"[[2], [], [], [], [], [9, 0], [1, 7], [], [6, 1], [10, 3], []]","[4, -3, 3, -4, -4, None, -3, -3, 3, 2, 4]",36,5,6.0,best_alone,w703ed49,6.914730892718562,6.961296045910167,7.630946580890459,7,6,1,0,0,1,
3114,"[[2, 8], [], [8, 1], [], [], [6], [], [3, 4], [], [7, 5], []]","[1, 4, 0, 4, -4, -4, -3, -1, 3, None, -4]",160,9,3.0,best_second,w703ed49,8.159088654667912,6.5652649700353605,8.343791731996841,3,3,0,1,1,1,
3115,"[[], [3, 7], [], [], [], [1, 10], [9, 0], [], [], [0, 4], [8]]","[4, -4, 3, 0, -2, None, 1, -4, 3, 3, 2]",268,11,,best_alone,w703ed49,7.532088143541722,6.045005314036012,7.735433352499688,5,5,0,1,1,1,4.0
3116,"[[], [7, 5], [], [6, 4], [], [], [], [], [3, 10], [1, 7], [0]]","[1, 4, 0, 4, 2, -1, -2, -1, None, 2, 3]",342,3,2.0,best_min,w703ed49,8.037543185118697,7.350516171833998,8.444837529224097,6,6,0,1,1,1,
3120,"[[], [6, 10], [4, 3], [], [], [], [5, 0], [], [2, 4], [], [7]]","[4, None, 4, -4, 2, -2, 4, -4, 1, -2, -2]",370,10,0.0,best_second,w703ed49,6.784457062637643,6.837332814685591,7.503840746698951,8,8,0,1,1,1,
3121,"[[], [7], [4, 6], [], [], [3, 8], [], [], [], [5, 3], [2, 1]]","[-1, 2, -3, -4, -2, 3, 0, -2, 2, 2, None]",292,4,,best_alone,w703ed49,7.316548177182977,7.321849713788356,8.01201823915906,0,0,0,1,1,1,2.0
3122,"[[2, 6], [], [10, 5], [], [9, 3], [], [1], [], [4, 9], [], []]","[None, 4, 4, -4, 0, 3, -2, 3, -2, 3, -4]",254,6,1.0,best_min,w703ed49,7.482681828154652,6.903747257584598,7.927324360309794,7,7,0,1,1,1,
3124,"[[], [0, 10], [], [1, 0], [], [6], [], [], [7, 4], [8, 5], []]","[0, 3, -4, -3, 4, -4, 2, 2, 2, None, -2]",294,5,2.0,best_second,w703ed49,7.6324011266014535,7.037905963447183,8.07153089355666,6,6,0,1,1,1,
3126,"[[], [8], [3, 10], [], [0, 7], [4, 1], [2, 3], [], [], [], []]","[0, 3, -3, 2, 0, None, -4, 2, 4, -1, -3]",322,6,,best_alone,w703ed49,7.416979621381154,6.464588303689961,7.742835955430749,7,7,0,1,1,1,2.0
3130,"[[6, 2], [], [], [], [], [], [], [5], [0, 7], [10, 3], [3, 4]]","[4, -2, -2, 1, -4, 4, 0, 1, None, -4, 4]",214,2,6.0,best_alone,w703ed49,7.311218384419628,7.584773077612199,8.150179269682326,5,2,3,0,0,1,
3132,"[[], [7, 0], [9, 10], [5], [2, 3], [], [], [], [1, 7], [], []]","[-3, 2, -3, 3, None, -1, 0, -1, -4, -2, 2]",274,5,,best_alone,w703ed49,8.22362717580548,5.886104031450156,8.315566483564277,2,2,0,1,1,1,4.0
3134,"[[9, 3], [10, 2], [], [8], [], [1, 10], [], [], [], [6, 4], []]","[None, 3, -1, -3, 3, 1, -2, 2, -3, 4, 3]",224,9,1.0,best_second,w703ed49,7.906178840394815,6.811244378601293,8.194505509765643,7,7,0,1,1,1,
3136,"[[], [], [], [0, 1], [6, 2], [3, 0], [], [], [], [8], [4, 9]]","[2, 1, 2, 2, -3, -2, -4, -3, -1, 4, None]",312,7,,best_alone,w703ed49,7.583756300707112,5.693732138802699,7.724004656676065,3,3,0,1,1,1,6.0
3137,"[[], [6, 5], [], [], [], [2], [3, 0], [8, 4], [4, 10], [], []]","[2, None, 2, -4, 0, 1, -4, -2, -2, -1, 3]",290,8,,best_alone,w703ed49,7.869019376499023,6.311734809152914,8.059908334578278,3,3,0,1,1,1,6.0
3139,"[[5, 9], [], [3, 8], [], [0, 7], [], [], [1], [], [], [2, 3]]","[3, -4, 1, 3, None, -1, 3, -4, -1, 3, 2]",296,9,0.0,best_second,w703ed49,7.579167967396076,7.0664669701369585,8.048149101665203,6,6,0,1,1,1,
3141,"[[1], [], [6, 5], [], [7, 9], [], [5, 3], [], [4, 0], [], []]","[3, 4, 0, 2, 0, -2, -2, -2, None, -4, 0]",220,10,,best_alone,w703ed49,8.51699317141357,5.983936280687191,8.593227877692236,7,7,0,1,1,1,2.0
3144,"[[], [], [6, 9], [1], [8, 0], [], [], [2, 3], [], [], [4, 8]]","[-2, 0, -3, -3, 4, -1, 3, None, -1, 2, -3]",222,2,5.0,best_second,w703ed49,8.295049140435111,6.926577033222725,8.52158353971753,0,-1,1,0,1,1,
3150,"[[6, 7], [5, 10], [1, 3], [4], [], [], [], [], [0, 6], [], []]","[4, -1, None, -4, -2, 3, -1, -3, 4, 2, -1]",356,6,0.0,best_second,w703ed49,7.779048644925556,6.629363253437449,8.053887083618225,2,2,0,1,1,1,
3151,"[[], [], [], [5, 10], [8, 9], [], [3, 5], [], [1, 7], [2], []]","[-2, 2, -3, 1, None, 3, 3, 0, -2, -1, 3]",226,3,2.0,best_second,w703ed49,7.8724551500639794,6.234410725718371,8.049746290952193,0,0,0,1,1,1,
3152,"[[8, 6], [], [], [1], [10, 3], [0, 8], [], [], [], [], [2, 7]]","[-1, 2, -1, 3, None, 4, 1, -3, 1, -3, -4]",234,11,,best_alone,w703ed49,7.826443135456014,5.765191102784844,7.945909598613133,5,5,0,1,1,1,2.0
3153,"[[5, 9], [3, 7], [], [8, 10], [], [9, 2], [], [4], [], [], []]","[0, None, 3, 4, -4, 0, 1, -3, 4, -1, -3]",394,11,7.0,best_second,w703ed49,7.4073177104694174,5.883322388488279,7.60389796852188,8,8,0,1,1,1,
3159,"[[], [4, 0], [], [2], [], [8, 9], [5, 8], [1, 3], [], [], []]","[4, 3, -3, -4, -2, 2, -3, None, 2, 2, 3]",256,10,1.0,best_second,w703ed49,7.4318919168078,7.257002707092073,8.041091003708633,7,7,0,1,1,1,
3161,"[[10, 5], [9], [0, 1], [], [], [], [4, 8], [6, 4], [], [], []]","[2, 2, None, 0, 2, 4, -2, 4, 3, -1, 1]",280,4,,best_second,w703ed49,8.104099056143582,6.759255270663693,8.335431477880796,6,1,5,0,0,1,3.0
3164,"[[], [], [0, 10], [], [3], [2, 4], [], [], [9, 6], [6, 7], []]","[-4, 4, 2, -2, -2, None, -3, 3, -4, 0, 4]",152,9,2.0,best_second,w4a506ad,8.947676062499688,7.0587581525186645,9.08839870117094,6,6,0,1,1,1,
3167,"[[8, 2], [0, 8], [], [], [10], [], [], [5, 3], [], [7, 4], []]","[1, -2, 1, -4, -1, 2, -1, -2, 3, None, -3]",38,5,,best_min,w4a506ad,8.975503722070926,8.132412674500905,9.333354147871326,0,-4,4,0,0,1,6.0
3170,"[[8, 6], [0, 5], [], [], [7, 3], [10], [], [], [], [4, 7], []]","[-3, None, 4, 1, -1, 0, -1, -4, -3, -2, 4]",170,9,,best_alone,w4a506ad,7.786967002614872,6.810142450115136,8.106212902619964,4,4,0,1,1,1,2.0
3172,"[[5, 4], [10, 7], [], [], [8], [9, 3], [1, 10], [], [], [], []]","[None, 3, -1, -4, 3, -2, 3, -4, 2, 4, 3]",48,7,,best_alone,w4a506ad,7.935229539816907,8.31752199628717,8.837536046107566,5,5,0,1,1,1,8.0
3175,"[[6, 4], [], [], [], [], [2], [], [0, 6], [9, 5], [10, 1], []]","[3, -3, -4, 2, -2, 3, -2, -3, None, 4, 2]",140,6,7.0,best_second,w4a506ad,8.873187904050106,7.939871576361883,9.204724633190546,6,6,0,1,1,1,
3176,"[[], [4, 0], [], [6], [], [1, 3], [], [], [], [2, 7], [9, 2]]","[-4, -1, -3, 4, 0, None, -2, -3, -1, 0, -3]",70,5,,best_alone,w4a506ad,7.643003635560718,8.135346948906706,8.612139668725192,2,2,0,1,1,1,4.0
3177,"[[], [6, 3], [], [], [9, 5], [10], [3, 8], [], [], [0, 2], []]","[4, 2, 0, 0, None, 3, 0, -4, 0, 2, 1]",110,3,2.0,best_min,w4a506ad,8.74623928838306,7.824046010856293,9.080914824535725,6,6,0,1,1,1,
3178,"[[9, 6], [], [0, 8], [], [3, 10], [4, 3], [], [], [1], [], []]","[-2, 4, None, -2, -3, 1, -4, 1, 3, 0, 4]",144,11,,best_alone,w4a506ad,8.005367067316664,7.2115567333138015,8.37816098272068,7,7,0,1,1,1,4.0
3179,"[[], [], [3], [], [], [0, 4], [], [6, 1], [7, 6], [], [5, 2]]","[-3, 1, 2, 3, 1, 1, -2, 1, -2, 1, None]",96,5,,best_alone,w4a506ad,7.609366537954212,6.912742820493176,8.013343181386672,5,5,0,1,1,1,4.0
3184,"[[], [5, 6], [8, 4], [], [3], [], [], [], [7, 10], [1, 5], []]","[3, 1, None, 3, -1, 2, -3, 0, 4, 4, 2]",78,3,2.0,best_second,w4a506ad,7.71244383427499,7.509335266016592,8.308938252595778,6,6,0,1,1,1,
3185,"[[9, 8], [], [], [], [], [], [7, 5], [5, 3], [4], [1, 2], []]","[None, 4, -1, 3, 2, 2, 2, 3, -1, 0, 4]",80,4,,best_min,w4a506ad,8.099554282376364,7.833203948641058,8.668196064952765,4,1,3,0,0,1,5.0
3188,"[[], [7, 10], [8, 9], [], [1, 6], [2, 8], [0], [], [], [], []]","[0, -3, 4, 1, None, -4, 4, -4, -1, 2, -2]",52,10,,best_alone,w4a506ad,7.677400430514807,7.7102051944325325,8.386856689688234,4,4,0,1,1,1,2.0
3189,"[[2, 8], [10, 9], [8, 3], [], [1, 5], [7], [], [], [], [], []]","[-3, -2, 1, 3, None, 0, 4, 4, 0, -4, 0]",130,8,,best_alone,w4a506ad,7.711101251840158,7.041411663794811,8.12415060330663,4,4,0,1,1,1,4.0
3190,"[[5], [], [1, 3], [], [], [], [], [9, 0], [2, 1], [4, 10], []]","[4, 3, 4, -2, -4, 1, -4, None, -4, -2, 2]",58,8,,best_alone,w4a506ad,7.746732907753622,6.916715020353609,8.108322290173241,5,5,0,1,1,1,6.0
3192,"[[8, 3], [6], [], [], [], [0, 1], [], [9, 10], [], [10, 2], []]","[-2, 3, -1, -4, 4, None, 3, -3, -2, -4, 2]",174,11,,best_alone,w4a506ad,7.533158807455563,6.846943139585379,7.940583827104244,6,6,0,1,1,1,2.0
3193,"[[9, 5], [], [4, 3], [], [], [1], [], [], [], [8, 7], [2, 4]]","[None, 4, -3, 3, -4, -1, 4, 0, -4, -4, 3]",24,9,,best_alone,w4a506ad,7.8528278122817445,6.453624998892692,8.073091199693156,3,3,0,1,1,1,4.0
3194,"[[10, 2], [8, 5], [], [1, 8], [0, 7], [], [], [6], [], [], []]","[2, 3, -4, 4, None, 0, 0, 0, 1, 4, -1]",12,2,6.0,best_min,w4a506ad,7.618251097876696,7.737616282857904,8.372629740224884,1,1,0,1,1,1,
3198,"[[8, 4], [5, 3], [], [9], [], [6, 7], [], [], [4, 10], [], []]","[0, None, -4, 3, -1, -1, 1, 3, 2, 2, 0]",114,4,,best_alone,w4a506ad,7.602401335665818,6.8762646118907655,7.9966538754626075,5,5,0,1,1,1,2.0
3200,"[[], [], [7, 9], [], [], [8, 6], [], [4, 3], [6, 10], [0], []]","[1, -3, None, -4, 1, -3, -3, 0, 3, -3, 2]",128,4,4.0,best_min,w4a506ad,7.614312146452001,7.295735072749282,8.160518247477505,1,1,0,1,1,1,
3204,"[[], [], [], [], [8, 1], [], [3, 0], [2], [1, 5], [], [6, 7]]","[0, 0, 0, -3, 1, -2, -1, -2, 4, -2, None]",182,2,1.0,best_min,w4a506ad,7.779466967458324,8.569785641535407,8.943767262734637,-1,-1,0,1,1,1,
3206,"[[9, 1], [], [3, 6], [], [], [8], [], [2, 5], [], [1, 4], []]","[3, -4, 0, -2, -2, 1, -4, None, 0, -4, -4]",34,4,,best_alone,w4a506ad,8.224967478914584,7.873597789685539,8.757626411267408,1,1,0,1,1,1,2.0
3208,"[[7, 2], [], [], [4, 5], [6, 9], [1], [], [], [], [], [0, 7]]","[-2, -4, -2, None, 0, -3, -3, 3, 1, -1, -1]",132,4,1.0,best_second,w4a506ad,7.792348924113037,7.944492163932159,8.564267598802166,-1,-1,0,1,1,1,
3209,"[[2], [], [], [], [], [6, 7], [7, 1], [], [4, 9], [], [8, 0]]","[0, 2, -2, 2, 4, 4, 2, -1, 0, 2, None]",164,4,2.0,best_second,w4a506ad,8.504715669905126,6.5337888379333435,8.634976227072622,4,4,0,1,1,1,
3212,"[[], [2], [], [], [], [], [9, 7], [], [10, 1], [7, 4], [5, 3]]","[1, 2, 4, 4, 2, 0, 4, 1, None, 2, -4]",188,8,,best_alone,w4a506ad,8.11522197256233,6.100318952020064,8.240121298076472,6,6,0,1,1,1,4.0
3214,"[[], [0, 4], [], [9, 2], [], [1, 7], [], [8], [], [2, 10], []]","[-1, 3, -1, 4, -3, None, -1, -3, -1, -4, 4]",116,4,6.0,best_second,w4a506ad,7.932003152361385,7.710653323501202,8.520388082312756,2,2,0,1,1,1,
3220,"[[2], [], [], [6, 10], [], [1, 9], [10, 8], [5, 0], [], [], []]","[3, 1, 3, -1, -4, -3, 2, None, -4, -1, 1]",196,9,,best_alone,w4a506ad,7.609366537954212,7.30854279753919,8.163086375583216,6,6,0,1,1,1,2.0
3221,"[[5, 10], [], [], [], [9, 2], [1, 8], [], [4, 9], [], [], [3]]","[None, -1, -4, 0, 0, -4, 4, -2, 4, 0, -1]",194,3,,best_min,w4a506ad,7.833600223661104,7.252762418053187,8.277666160851503,0,-1,1,0,0,1,5.0
3225,"[[], [10], [3, 0], [0, 4], [], [], [], [], [5, 7], [8, 1], []]","[4, 1, 4, -2, -3, -2, 2, -4, -3, None, 3]",102,10,,best_alone,w4a506ad,7.631916513071252,7.068172000388042,8.082093278178382,4,4,0,1,1,1,2.0
3226,"[[5, 2], [7, 10], [], [4], [], [], [1, 3], [], [0, 5], [], []]","[0, 4, 2, 4, 1, -3, None, 3, -4, 2, 4]",46,2,0.0,best_second,w4a506ad,8.060855752934316,6.520621127558696,8.254788926148725,8,7,1,0,1,1,
3227,"[[4, 10], [], [6, 5], [], [7, 9], [], [5, 3], [], [], [], [1]]","[None, 2, -1, 3, -3, 0, -4, -4, 0, 2, 2]",120,8,,best_alone,w4a506ad,8.51819269174932,5.659482215759621,8.57376254290413,4,4,0,1,1,1,6.0
3228,"[[], [4], [], [8, 0], [], [10, 9], [5, 1], [], [0, 7], [], []]","[-2, 4, 2, 3, 2, -3, None, -1, 3, -2, 2]",98,9,,best_alone,w4a506ad,9.537267195753865,6.54965074223381,9.586376669393536,6,6,0,1,1,1,4.0
3230,"[[], [], [4], [], [], [7, 2], [0, 1], [9, 10], [6, 0], [], []]","[-3, -4, 3, -3, -4, None, -1, 3, -4, -2, -1]",124,2,4.0,best_second,w4a506ad,8.172164452111904,7.450079569807499,8.567886305731756,2,2,0,1,1,1,
3232,"[[], [0, 6], [7, 8], [], [], [3], [], [], [], [2, 5], [1, 0]]","[2, 3, 2, -3, 3, 0, 2, -1, 2, None, 4]",200,5,0.0,best_second,w4a506ad,8.320934968883408,7.611347717403621,8.720786883485731,4,4,0,1,1,1,
3241,"[[], [], [0, 10], [1, 8], [5], [], [3, 1], [2, 4], [], [], []]","[3, 0, -4, 4, 4, 1, 2, None, -4, 4, -1]",176,8,,best_alone,w4a506ad,8.438582790834326,5.703782474656201,8.50126704086598,5,5,0,1,1,1,4.0
3242,"[[1, 7], [7, 5], [4], [8, 2], [], [], [], [], [10, 6], [], []]","[2, 4, 2, None, -1, -4, -2, 4, -3, -2, 0]",18,5,,best_alone,w4a506ad,7.902487437162855,6.843749949006225,8.200013648175434,1,1,0,1,1,1,2.0
3245,"[[], [], [], [4, 2], [2, 10], [], [5], [8, 6], [9, 1], [], []]","[4, 3, -3, 0, 1, 3, 4, None, -3, 1, 3]",192,8,,best_alone,w4a506ad,7.954021087278037,7.149131598557407,8.32336569443608,7,7,0,1,1,1,2.0
3246,"[[1, 5], [5, 8], [], [10, 9], [3, 6], [], [2], [], [], [], []]","[-4, 3, -3, -4, None, 4, 2, -2, 4, 4, -3]",94,4,,best_min,w4a506ad,7.986164860332727,8.116417072794205,8.746398334109042,0,-1,1,0,0,1,7.0
3251,"[[], [6, 0], [], [1, 6], [], [], [], [8, 9], [10, 2], [5], []]","[4, -2, 1, 2, -1, 3, 3, None, 3, -3, 4]",184,5,2.0,best_second,w4a506ad,8.36380888451688,7.214504414151143,8.638879709672835,7,7,0,1,1,1,
3252,"[[], [3, 5], [], [5, 2], [8, 10], [], [0], [], [], [4, 6], []]","[-4, -1, 4, -1, 2, 3, -4, 1, 2, None, 0]",154,7,2.0,best_second,w4a506ad,7.8434564043761155,6.833031732786201,8.153637486385284,4,4,0,1,1,1,
3254,"[[], [], [3, 7], [], [], [1, 0], [5, 8], [], [4], [], [2, 3]]","[-4, -1, -3, -4, -1, 3, None, 0, -2, 4, -1]",156,4,7.0,best_second,w4a506ad,7.89655270164304,7.010311867307228,8.24143968982973,2,2,0,1,1,1,
3255,"[[10, 7], [], [5], [], [3, 6], [], [], [], [4, 2], [], [7, 1]]","[-1, -4, -4, 4, 1, -3, -2, 2, None, 3, 1]",162,9,,best_second,w4a506ad,7.465082736399547,8.169336395928386,8.570923513837204,5,-7,12,0,0,1,6.0
3258,"[[], [], [], [7, 8], [], [9, 4], [5, 9], [1, 10], [0], [], []]","[3, 1, -1, None, 0, 3, 3, -3, 4, 1, -1]",30,10,,best_alone,w4a506ad,7.284134806195205,6.536691597591305,7.671360923190644,7,7,0,1,1,1,2.0
3260,"[[4, 7], [2], [], [], [7, 5], [], [10, 1], [], [], [], [9, 3]]","[-1, 1, 3, -3, -3, 4, None, -2, -3, -1, -4]",40,10,,best_alone,w4a506ad,7.315218389752975,6.853299093186078,7.803435056952168,4,4,0,1,1,1,2.0
3261,"[[], [5, 10], [], [2, 6], [3, 9], [], [], [1, 5], [], [0], []]","[-2, 3, 1, 1, None, -2, -3, 2, 2, -4, 0]",74,6,4.0,best_second,w4a506ad,8.013012110368916,7.57353126274595,8.510168576479273,2,2,0,1,1,1,
3263,"[[], [], [6], [4, 7], [7, 9], [], [], [], [10, 2], [], [5, 0]]","[-2, 0, 3, -3, 2, 4, 2, -4, None, -4, 0]",54,4,,best_alone,w4a506ad,7.501082124259871,6.682108597449809,7.865955413933501,5,5,0,1,1,1,6.0
3264,"[[7, 6], [], [3, 8], [8, 10], [0, 9], [], [], [], [], [5], []]","[1, 2, 4, 3, None, 0, -1, -4, -2, -1, 3]",104,2,2.0,best_min,w4a506ad,8.034306936339489,7.362010551259734,8.446556111816797,0,0,0,1,1,1,
3266,"[[4], [2, 6], [6, 3], [], [], [], [], [8, 0], [9, 10], [], []]","[4, 3, -3, -3, -2, 4, -3, None, 2, -1, -3]",22,2,,best_alone,w4a506ad,7.914252278742441,7.118826249062077,8.286521373681236,2,2,0,1,1,1,2.0
3267,"[[], [], [10, 9], [8, 4], [1], [], [2, 10], [], [0, 7], [], []]","[-2, -4, 2, None, -1, -1, -3, 4, 3, 2, -4]",88,9,1.0,best_second,w4a506ad,7.591861714889934,7.053585727193677,8.051340933292979,7,7,0,1,1,1,
3268,"[[], [9, 5], [], [8], [], [], [10, 3], [1, 9], [], [], [2, 0]]","[-1, -4, 4, -2, -4, -4, None, 4, -3, -2, 4]",32,9,5.0,best_second,w4a506ad,7.546446273746024,6.396929655216146,7.821242083523558,8,8,0,1,1,1,
3269,"[[8], [4, 2], [], [7, 6], [], [], [], [], [], [1, 4], [3, 0]]","[1, -4, -3, -4, 2, 0, -4, -2, 3, -4, None]",4,11,,best_alone,w4a506ad,7.5781454724194655,6.42648845745769,7.85243908535751,4,4,0,1,1,1,2.0
3272,"[[8], [], [4, 1], [9, 7], [1, 6], [3, 0], [], [], [], [], []]","[-3, 2, 2, 3, 1, None, -3, 0, -2, 4, 2]",92,8,3.0,best_second,w4a506ad,7.516977224604321,6.293419278846481,7.774435510302958,7,7,0,1,1,1,
3273,"[[], [], [], [], [0], [], [5, 1], [10, 2], [7, 10], [6, 4], []]","[-4, 4, 2, 0, -2, -4, 2, 0, -1, None, 0]",150,10,2.0,best_second,w4a506ad,8.11102783819368,7.0431599159883405,8.406261630708956,6,6,0,1,1,1,
3275,"[[], [], [0, 9], [], [5], [], [7, 1], [1, 10], [2, 4], [], []]","[-4, 0, -2, 2, 4, 2, 1, -2, None, 4, 3]",82,8,,best_alone,w4a506ad,7.254177846456518,6.763884908562435,7.7314920292456835,6,6,0,1,1,1,8.0
3277,"[[], [], [5], [9, 2], [], [], [8, 0], [], [0, 1], [4, 10], []]","[-4, 0, 0, None, -1, -3, 1, 2, -4, 2, 2]",106,5,0.0,best_second,w4a506ad,8.440959885416648,7.218909707619059,8.69901462316851,4,4,0,1,1,1,
3278,"[[8, 4], [0, 8], [3, 6], [7, 10], [], [], [9], [], [], [], []]","[-3, -2, None, -4, -4, 1, 4, 4, -1, 3, -2]",28,10,,best_alone,w4a506ad,7.422971251049421,6.725033642166843,7.826443135456014,7,7,0,1,1,1,6.0
3283,"[[6], [10, 2], [], [4, 9], [9, 8], [], [], [1, 0], [], [], []]","[0, -1, 2, 3, -3, 1, 0, None, 0, -1, -1]",36,2,,best_min,w4a506ad,8.201660190808681,6.704414354964107,8.403352374992478,1,0,1,0,0,1,3.0
3286,"[[6, 2], [], [4], [9, 1], [], [3, 9], [7, 8], [], [], [], []]","[None, -1, 3, 0, 0, -4, 1, -2, 3, -3, 2]",186,3,,best_min,w4a506ad,7.396335293800807,7.076653815443951,7.942006808489857,4,3,1,0,0,1,5.0
3287,"[[3, 4], [], [], [7, 1], [9], [], [8, 2], [], [], [], [6, 8]]","[None, -3, -4, 4, -2, -4, 0, 3, 1, -3, -1]",8,9,7.0,best_second,w4a506ad,7.53955882930103,6.625392368007956,7.876258882303226,7,7,0,1,1,1,
3289,"[[], [], [1, 9], [], [0, 3], [], [], [5], [2, 7], [], [4, 0]]","[-2, 1, 0, 3, -4, -4, -2, 4, None, -2, 4]",50,2,,best_min,w4a506ad,7.3453648404168685,7.645397699428634,8.19946419761216,1,0,1,0,0,1,3.0
3294,"[[], [], [4, 1], [], [1, 8], [6, 7], [10, 9], [0], [], [], []]","[-4, -1, 1, 2, -3, None, 1, -3, 2, 3, -2]",142,8,2.0,best_second,w4a506ad,7.784057002639929,6.6758232216348485,8.069029328774958,4,4,0,1,1,1,
3295,"[[], [6, 9], [10, 4], [], [7], [1, 6], [], [], [], [], [0, 8]]","[-2, 2, None, 1, -4, 2, 3, 1, -3, 2, 2]",60,2,5.0,best_second,w4a506ad,8.315566483564277,7.65728279297819,8.732627099660395,0,0,0,1,1,1,
3296,"[[], [2, 10], [], [], [0, 8], [4, 0], [1, 9], [], [], [7], []]","[-4, 3, 2, -1, -2, 2, None, 3, 2, -2, -4]",56,5,7.0,best_min,w4a506ad,7.528869256642251,6.643789733147672,7.873978379604501,5,5,0,1,1,1,
3297,"[[], [], [9, 0], [10, 6], [3, 8], [], [], [], [5], [0, 7], []]","[0, -4, -3, 3, None, -3, -2, 4, -4, -2, 3]",66,9,5.0,best_second,w4a506ad,7.726212650507529,6.2878585601617845,7.938802248154481,6,6,0,1,1,1,
3298,"[[], [10], [6, 8], [0, 4], [], [], [], [2, 1], [], [3, 0], []]","[-4, -3, 2, -1, 2, -4, 2, None, 3, 1, 3]",44,3,1.0,best_second,w4a506ad,7.92588031673756,6.4599044543775355,8.133293861222633,5,4,1,0,1,1,
3300,"[[], [], [], [7, 0], [2], [], [5, 1], [0, 10], [], [6, 4], []]","[-3, -2, 4, 3, -4, 2, 4, -1, 3, None, 0]",62,5,6.0,best_second,w4a506ad,7.554334823725747,7.129297548929373,8.057060681965766,6,6,0,1,1,1,
3303,"[[], [], [5, 6], [7], [10, 3], [6, 8], [], [], [], [], [1, 0]]","[3, 2, -3, 2, None, 2, -3, -2, 0, -4, 2]",72,3,1.0,best_second,w4a506ad,8.439231649946525,7.193685818395111,8.691986481789401,5,5,0,1,1,1,
3305,"[[8, 5], [], [], [], [], [], [9, 4], [0, 10], [], [4, 1], [3]]","[4, 4, -3, -3, 2, 3, -1, None, -2, -4, -3]",168,9,1.0,best_second,w4a506ad,7.619233416226806,7.341483852363161,8.182838710766026,7,7,0,1,1,1,
3306,"[[10, 2], [9], [], [], [], [8, 3], [0, 1], [], [3, 7], [], []]","[-1, 1, -2, 4, 0, -3, None, 4, 3, 4, 0]",14,7,,best_alone,w4a506ad,8.253748343328501,6.388561405545629,8.397508348470257,5,5,0,1,1,1,2.0
3307,"[[1, 4], [10, 2], [], [8, 6], [9], [], [], [], [6, 7], [], []]","[None, 2, 1, -1, -3, 1, -1, -3, -4, -3, -2]",20,6,1.0,best_second,w4a506ad,7.6004023345004,7.29641326877392,8.152774052744075,3,3,0,1,1,1,
3308,"[[], [7, 2], [], [], [0, 5], [], [], [2, 3], [], [4, 10], [6]]","[2, 4, -1, -4, 1, -1, -1, 1, -4, None, -1]",108,4,2.0,best_second,w4a506ad,8.180880941996389,6.642486801367256,8.375168691386818,3,3,0,1,1,1,
3310,"[[], [], [5], [], [], [], [0, 4], [], [9, 1], [1, 7], [6, 2]]","[-4, -3, 2, -3, -2, 2, 2, 3, -1, 2, None]",190,5,,best_alone,w4a506ad,7.839131648274334,6.322565239927283,8.037220031133012,4,4,0,1,1,1,2.0
3311,"[[], [], [5, 1], [], [8], [1, 6], [], [], [], [10, 4], [0, 7]]","[-1, 2, 4, 3, 3, 4, -3, 1, 3, None, -4]",10,10,,best_alone,w4a506ad,7.507690077819904,6.570882962339584,7.837948916025284,6,6,0,1,1,1,2.0
3312,"[[], [4, 0], [3, 9], [], [], [], [5], [1, 4], [], [], [2, 6]]","[-4, -2, 2, -3, 1, -3, -4, 3, 2, 3, None]",198,9,1.0,best_second,w4a506ad,7.877017895622398,6.641182169740591,8.131824785007195,5,5,0,1,1,1,
3315,"[[7, 3], [0, 4], [], [], [2], [6, 10], [], [], [5, 6], [], []]","[3, None, -3, -4, -2, 2, -4, 3, 2, -1, -1]",100,9,7.0,best_second,w4a506ad,7.417580402414544,6.3835066348840055,7.721348612617949,6,6,0,1,1,1,
3319,"[[3, 1], [], [0, 10], [], [8, 9], [], [], [], [9, 5], [], [7]]","[2, -2, None, -1, -3, 1, -4, -3, -4, -1, 1]",6,2,4.0,best_second,w4a506ad,8.27410200229233,7.217443431696532,8.572249397164315,1,1,0,1,1,1,
3321,"[[10, 2], [0, 10], [], [], [7, 5], [8], [], [6, 9], [], [], []]","[1, 3, 3, 1, None, 4, -1, -2, 3, -3, 0]",134,11,,best_alone,w4a506ad,7.962763930168115,6.740519359606223,8.220672170297252,7,7,0,1,1,1,2.0
3322,"[[8, 2], [6, 5], [], [1, 6], [0, 9], [], [], [], [], [7], []]","[-3, 2, 1, -4, None, 2, -2, 4, -3, 2, -2]",84,10,,best_alone,w4a506ad,7.420578905410801,6.598509028614515,7.784473235736469,6,6,0,1,1,1,4.0
3323,"[[], [], [], [1, 9], [6, 5], [], [], [4, 6], [3, 10], [], [0]]","[-1, -3, -4, -2, 0, 0, -3, -1, None, -1, 1]",160,4,,best_alone,w4a506ad,7.73718007783463,6.768493211648629,8.058643712215618,0,0,0,1,1,1,2.0
3326,"[[7], [10, 0], [], [6, 9], [], [], [9, 8], [], [], [], [4, 5]]","[4, None, 1, 0, -4, 2, 4, 3, 4, -2, -1]",68,9,,best_alone,w4a506ad,7.311886164077165,5.971261839790462,7.543802867501509,7,7,0,1,1,1,6.0
3328,"[[8, 9], [], [], [], [6, 10], [0, 8], [3, 7], [], [], [], [2]]","[3, 0, -4, -2, None, -2, 1, 3, 1, -1, -3]",172,8,2.0,best_second,w4a506ad,7.776535028185241,7.37650812632622,8.289288323000317,4,4,0,1,1,1,
3329,"[[4], [], [], [6, 0], [], [], [1, 8], [], [], [10, 7], [7, 2]]","[2, -4, -1, None, 2, 0, -2, 3, 0, 3, -1]",146,8,,best_alone,w4a506ad,7.2115567333138015,6.617402977974477,7.650644551436897,4,4,0,1,1,1,4.0
3337,"[[3], [10, 7], [1, 10], [], [], [], [], [], [5, 6], [8, 0], []]","[4, -1, -4, 1, 2, 2, -4, 1, 2, None, 3]",2,4,,best_alone,w4a506ad,7.70210434005105,6.206575926724928,7.903965634032166,5,5,0,1,1,1,6.0
3338,"[[], [], [1, 4], [8, 9], [], [3, 6], [0], [2, 1], [], [], []]","[3, -2, 0, -3, -1, None, 4, 4, 1, -1, 0]",76,10,,best_alone,w4a506ad,7.2950564164626295,6.102558594613569,7.5595594960077,7,7,0,1,1,1,2.0
3339,"[[5], [8, 3], [], [], [2, 10], [], [], [], [3, 6], [4, 0], []]","[2, 1, -3, -1, -2, 4, 3, -2, 0, None, -1]",122,10,,best_alone,w4a506ad,7.599901959208498,5.8805329864007,7.764296006450518,6,6,0,1,1,1,2.0
3341,"[[], [3, 9], [], [], [10, 0], [1, 6], [8], [], [], [], [0, 7]]","[3, -4, -3, -1, 4, None, 4, 1, 2, 1, 2]",178,10,,best_alone,w4a506ad,7.1785454837637,6.324358962381311,7.532623618788788,6,6,0,1,1,1,2.0
3342,"[[9, 1], [], [], [0, 9], [], [], [10, 7], [5], [], [], [4, 2]]","[2, -1, -4, 0, 4, 4, None, 3, -3, 2, -2]",148,9,,best_alone,w4a506ad,7.353081920515432,6.152732694704104,7.615791072035833,7,7,0,1,1,1,8.0
3344,"[[], [0, 10], [5, 9], [4], [], [9, 7], [1, 3], [], [], [], []]","[2, -2, 1, -1, -3, -1, None, 3, 0, 3, -4]",42,5,,best_min,w4a506ad,8.11102783819368,6.5722825426940075,8.305236829492591,0,-4,4,0,0,1,6.0
3345,"[[], [], [10], [4, 9], [9, 1], [8, 2], [], [], [0, 7], [], []]","[0, 3, 2, -3, -3, None, 0, 4, -4, 4, 4]",166,8,,best_alone,w4a506ad,7.954723334497909,6.476972362889683,8.159946655578548,6,6,0,1,1,1,4.0
3346,"[[6, 7], [8, 2], [], [], [], [], [4, 10], [9], [2, 3], [], []]","[None, -2, 0, 0, 1, 1, 0, -2, -2, -1, 2]",90,3,2.0,best_second,w4a506ad,7.441906728051625,7.054449658132941,7.959625305098116,2,1,1,0,1,1,
3347,"[[3, 8], [], [10, 1], [4, 5], [], [], [], [], [9], [], [1, 6]]","[None, -2, 3, 3, -2, 3, 4, -4, -3, -2, 4]",136,8,0.0,best_second,w4a506ad,8.0702808933939,7.084226422097916,8.387084506069217,6,6,0,1,1,1,
3351,"[[3], [9, 7], [], [], [1, 0], [], [2, 10], [], [6, 2], [], []]","[-4, -1, 4, 4, None, -1, -3, 2, 4, -1, 3]",118,2,3.0,best_min,w4a506ad,7.511524648390865,7.374001859350161,8.137980454452139,1,1,0,1,1,1,
3352,"[[6, 5], [], [4, 8], [], [], [], [], [1], [], [2, 7], [0, 6]]","[-2, 2, -3, 3, -1, -2, -2, 3, -3, None, 1]",86,10,,best_alone,w4a506ad,7.774435510302958,6.874198495453294,8.11522197256233,5,5,0,1,1,1,2.0
3353,"[[5, 4], [], [], [], [10], [2, 8], [], [6, 1], [], [7, 6], []]","[None, -4, 0, -2, 0, -2, 0, -1, 2, 3, 1]",26,2,,best_alone,w4a506ad,7.355001921105257,6.45833828334479,7.696667081526462,1,1,0,1,1,1,2.0
3355,"[[3, 9], [6, 8], [], [2, 5], [], [], [], [], [], [7], [1, 6]]","[None, 1, -1, 2, -2, -4, 2, 0, 3, 0, -3]",180,2,6.0,best_min,w4a506ad,8.31752199628717,7.215975002651466,8.604287898267172,1,1,0,1,1,1,
3356,"[[], [5, 0], [], [2], [], [0, 10], [], [9, 4], [7, 3], [], []]","[-2, -1, 4, 3, 0, 0, -4, 3, None, -2, 4]",138,5,3.0,best_alone,w4a506ad,7.408530566894627,7.138073034044347,7.97522083865341,7,3,4,0,0,1,
3357,"[[], [], [], [], [0, 3], [1], [4, 0], [10, 5], [], [], [8, 2]]","[-1, 4, -1, -2, 1, 0, -4, None, -3, -4, -3]",158,9,,best_alone,w4a506ad,7.600902459542082,5.955837369464831,7.776954403322441,4,4,0,1,1,1,2.0
3358,"[[], [], [1, 4], [], [], [], [5], [], [7, 0], [2, 6], [8, 7]]","[-3, 0, -2, -2, -4, 3, 4, 0, 3, None, 0]",16,11,,best_alone,w4a506ad,7.717796211013582,5.549076084895219,7.825644732219989,7,7,0,1,1,1,4.0
3359,"[[6, 3], [10, 9], [], [], [], [0, 6], [], [], [], [4], [8, 7]]","[-2, None, 3, 0, 4, -1, 2, -3, -1, -1, -4]",64,9,,best_alone,w4a506ad,7.740229524763181,5.572154032177765,7.848153086199526,3,3,0,1,1,1,2.0
3360,"[[], [4, 8], [], [2, 0], [], [], [1, 7], [10], [], [3, 2], []]","[2, 4, 2, -1, -1, -1, None, -4, -3, 0, -3]",126,6,7.0,best_second,w4a506ad,7.190676034332207,6.992096427415888,7.789040401657477,3,3,0,1,1,1,
3361,"[[], [], [0, 4], [], [], [], [5, 3], [1], [6, 7], [], [2, 0]]","[2, -1, -1, 0, -4, -2, -1, 2, None, 4, -3]",112,3,,best_alone,w4a506ad,7.413970290190445,6.274762021241939,7.691200097522863,1,1,0,1,1,1,2.0
3363,"[[3, 1], [8], [], [2, 5], [], [], [10, 9], [], [], [], [9, 4]]","[None, -4, 0, -1, -4, 4, 4, 3, -3, 4, 2]",208,7,5.0,best_second,w4a506ad,7.908754738783246,7.080867896690782,8.271036865792954,3,3,0,1,1,1,
3366,"[[], [7, 8], [6, 5], [2, 6], [], [], [], [10, 4], [0], [], []]","[-2, None, 4, 4, 4, -2, 1, -1, 2, 1, -1]",330,4,5.0,best_min,w4a506ad,8.579980179515003,6.747586526829315,8.728264161496178,3,3,0,1,1,1,
3368,"[[], [], [], [8, 7], [], [1, 4], [], [6], [9, 2], [], [5, 1]]","[-3, -2, 2, None, -1, 0, 1, 2, -4, -4, 1]",362,8,,best_alone,w4a506ad,7.59337419312129,5.783825182329737,7.744569809354496,3,3,0,1,1,1,6.0
3369,"[[], [], [], [], [], [3, 9], [2, 4], [5, 8], [0], [], [6, 2]]","[3, 2, 1, -4, -2, -3, 4, None, 1, 4, -1]",318,7,,best_alone,w4a506ad,8.21851757748959,5.921578419643815,8.314097335405807,4,4,0,1,1,1,8.0
3373,"[[3], [], [], [], [], [8, 1], [10, 4], [6, 0], [1, 9], [], []]","[0, -4, 2, 3, 1, 2, -3, None, 2, 1, -1]",368,6,,best_alone,w4a506ad,7.399398083331354,6.006353159601733,7.620705086838262,3,3,0,1,1,1,2.0
3375,"[[10, 5], [8], [], [2, 6], [3, 2], [], [], [0, 1], [], [], []]","[2, 4, 0, 4, 2, 2, -4, None, 3, 4, 4]",246,2,,best_alone,w4a506ad,7.254177846456518,5.978885764901121,7.4999765409521215,7,7,0,1,1,1,2.0
3376,"[[], [], [], [], [10, 7], [8, 6], [], [0], [6, 3], [], [1, 2]]","[-1, -4, 2, -4, None, -3, 2, 4, 0, -2, -3]",392,7,,best_alone,w4a506ad,7.1693500166706,6.51471269087253,7.587310506022615,3,3,0,1,1,1,6.0
3377,"[[7, 9], [], [], [], [], [6, 3], [3, 1], [10, 2], [], [4], []]","[None, -2, -2, -4, -3, -2, 4, 3, -1, -2, 3]",286,8,5.0,best_second,w4a506ad,7.724004656676065,7.112327444710912,8.15708378502887,6,6,0,1,1,1,
3378,"[[], [8, 0], [], [1, 8], [10, 5], [6], [], [], [], [], [2, 7]]","[-4, 4, 0, 3, None, 4, -2, -4, -3, 4, -1]",262,5,,best_alone,w4a506ad,8.077136638538455,5.998936561946683,8.19478163844336,2,2,0,1,1,1,4.0
3379,"[[], [], [], [], [6, 9], [], [2, 0], [10, 8], [], [1], [8, 3]]","[-4, 0, -1, -2, None, -1, 2, 0, 4, 0, -4]",298,2,6.0,best_min,w4a506ad,7.664815785285735,7.900636613018005,8.482601746646619,1,1,0,1,1,1,
3380,"[[], [6], [], [5, 2], [10, 9], [], [], [4, 10], [3, 1], [], []]","[1, -3, 0, 3, -2, 4, -2, 3, None, 1, -4]",244,8,3.0,best_second,w4a506ad,7.909489492673759,6.670766320845874,8.163656176168432,7,7,0,1,1,1,
3381,"[[], [], [], [], [10], [2, 0], [], [8, 6], [6, 3], [5, 4], []]","[-4, -1, 2, 4, 4, -3, -1, 1, 0, None, 2]",316,10,,best_alone,w4a506ad,7.22256601882217,6.759255270663693,7.7102051944325325,6,6,0,1,1,1,6.0
3382,"[[], [8, 4], [], [0, 2], [], [1, 8], [9], [], [], [], [3, 6]]","[1, 4, -4, 4, 4, 0, 0, 4, 4, 4, None]",214,3,8.0,best_min,w4a506ad,7.440146680662688,7.928045600874777,8.406485069431815,5,5,0,1,1,1,
3384,"[[9, 7], [], [3, 1], [], [], [], [], [4], [2, 3], [5, 10], []]","[None, -1, -2, 1, 4, -2, 3, 1, -2, -4, 0]",360,10,,best_alone,w4a506ad,7.437206366871293,6.3818160174060985,7.735433352499688,5,5,0,1,1,1,2.0
3387,"[[], [], [0, 9], [1], [], [], [2, 0], [8, 3], [5, 4], [], []]","[4, -2, 2, 1, -4, -2, -4, None, -3, 1, -1]",264,5,,best_alone,w4a506ad,7.4133673356952405,6.8638033914529535,7.868636894184167,-1,-1,0,1,1,1,2.0
3388,"[[], [], [7, 8], [], [9, 10], [], [], [8, 6], [], [3, 5], [0]]","[-4, -4, 2, 4, None, -4, -1, 0, 1, 3, -3]",396,11,7.0,best_second,w4a506ad,8.101374671228582,6.834108738813839,8.34924780056679,7,7,0,1,1,1,
3389,"[[3, 5], [4, 8], [9], [], [8, 10], [], [], [0, 2], [], [], []]","[4, -2, -1, 1, 3, 3, 1, None, 2, -4, -1]",384,7,1.0,best_second,w4a506ad,7.217443431696532,7.6638772587034705,8.158229916959494,7,5,2,0,1,1,
3390,"[[], [6], [7, 0], [10, 5], [3, 1], [], [], [0, 8], [], [], []]","[-1, 2, 2, 1, None, 2, -3, 2, 4, 0, -4]",292,5,1.0,best_min,w4a506ad,8.167919362957816,7.920446505142607,8.744806737401898,3,3,0,1,1,1,
3392,"[[2, 5], [], [5, 6], [4, 7], [1, 9], [], [], [10], [], [], []]","[3, -3, -2, None, 4, 1, 2, -4, 3, 4, -3]",366,11,0.0,best_second,w4a506ad,7.099201743553092,7.313220387090301,7.904703913873747,8,8,0,1,1,1,
3395,"[[], [3], [9, 7], [], [0, 6], [4, 0], [], [], [], [], [2, 1]]","[-4, 2, -4, 3, 1, -4, -3, -4, -1, 0, None]",210,11,,best_alone,w4a506ad,8.454679286026995,6.652863029353347,8.607216694063826,5,5,0,1,1,1,4.0
3396,"[[], [], [0, 1], [9], [], [2, 3], [], [], [10, 4], [], [4, 7]]","[4, -4, -1, 3, 4, None, 4, 0, -2, 3, -4]",326,7,,best_alone,w4a506ad,7.547501682814967,6.208590026096629,7.779885115070522,6,6,0,1,1,1,8.0
3397,"[[4, 8], [], [5, 7], [2, 6], [], [], [1], [], [], [0, 4], []]","[-2, 3, -4, None, 4, 2, -2, 4, -3, -1, 2]",334,2,,best_alone,w4a506ad,7.782807262839695,6.887552571664617,8.125039097367745,1,1,0,1,1,1,2.0
3398,"[[], [7, 6], [], [10, 4], [2], [], [], [], [], [1, 7], [8, 5]]","[2, 3, 1, None, 0, -2, 4, -3, 0, -4, -2]",240,4,,best_alone,w4a506ad,7.717351272185329,5.831882477283517,7.8582541821860294,1,1,0,1,1,1,2.0
3399,"[[], [], [], [], [2], [6, 4], [1, 10], [8, 0], [0, 9], [], []]","[4, -4, 2, 2, 3, None, -3, -3, 3, 1, -2]",268,11,,best_alone,w4a506ad,7.213031659834869,6.57507584059962,7.636752112435779,5,5,0,1,1,1,2.0
3402,"[[5, 8], [], [], [10, 9], [3, 10], [7, 1], [], [], [6], [], []]","[None, 0, 4, -4, 1, -1, -3, -2, -2, 0, 1]",280,3,1.0,best_second,w4a506ad,7.8898337513942955,7.387090235656757,8.36264243156764,-1,-1,0,1,1,1,
3403,"[[9, 3], [], [0, 7], [], [], [6, 8], [], [1], [], [], [5, 6]]","[-3, 2, None, 2, 0, -4, 0, 2, -2, -4, 2]",230,8,,best_alone,w4a506ad,7.348587530927593,6.802394763324311,7.8050670442584895,4,4,0,1,1,1,6.0
3405,"[[10, 6], [], [8, 5], [], [], [4], [], [], [9, 3], [], [6, 1]]","[-1, -1, None, 4, -3, 2, -1, 4, -1, -4, 1]",222,6,5.0,best_min,w4a506ad,8.826294231241318,6.879355804460439,8.9595686535445,3,3,0,1,1,1,
3407,"[[6, 4], [], [8], [9, 2], [], [], [], [0, 6], [], [1, 5], []]","[4, 1, -4, None, 4, -3, -4, -4, -3, -2, -4]",14,5,1.0,best_second,w04d2b7f,10.201256085188918,6.872128101338986,10.236417809461043,-1,-1,0,1,1,1,
3409,"[[], [10], [3, 8], [8, 7], [9, 0], [], [4, 1], [], [], [], []]","[3, 0, -1, 1, -2, 3, None, -4, -4, -3, 4]",152,6,,best_alone,w04d2b7f,8.08487062913819,8.27614021955846,8.878079256126433,4,4,0,1,1,1,6.0
3411,"[[], [7], [9, 3], [], [10, 6], [], [], [], [2, 1], [], [6, 5]]","[-4, 2, 4, -4, -1, 1, 4, 0, None, 4, 2]",186,7,8.0,best_min,w04d2b7f,9.407222080101466,8.58615939588096,9.7717830615387,8,8,0,1,1,1,
3414,"[[], [9, 4], [10, 0], [7], [], [], [2, 3], [], [1, 9], [], []]","[1, 3, 4, -3, -1, 3, None, 1, -4, 3, 0]",28,4,3.0,best_second,w04d2b7f,7.984462732262197,8.938531648680692,9.264260213965613,5,5,0,1,1,1,
3415,"[[], [], [6, 4], [5, 9], [0], [9, 10], [7, 1], [], [], [], []]","[1, 2, None, 1, 2, -1, 4, 1, 0, 2, -1]",34,2,2.0,best_second,w04d2b7f,9.375091807576673,9.010669176847115,9.902487052202543,6,6,0,1,1,1,
3417,"[[3, 10], [8, 7], [], [2, 6], [1, 8], [], [], [], [], [], [9]]","[None, 2, 3, -4, 4, 3, -1, -3, -3, 4, 4]",24,11,,best_alone,w04d2b7f,8.252967195000798,7.736743682453495,8.720786883485731,8,8,0,1,1,1,4.0
3418,"[[], [], [], [10, 0], [1, 2], [3, 10], [4, 8], [], [9], [], []]","[2, -4, 0, -1, -4, 3, None, -1, -1, 2, -1]",100,7,,best_alone,w04d2b7f,8.197538739721185,8.03268487596762,8.811503250158239,1,1,0,1,1,1,4.0
3419,"[[9, 4], [], [], [], [10], [], [], [2, 1], [7, 2], [5, 3], []]","[None, -3, -4, -4, 0, -1, -3, -4, 3, 2, 0]",22,2,6.0,best_min,w04d2b7f,8.194229304819817,7.824046010856293,8.71915396346254,1,1,0,1,1,1,
3420,"[[], [10, 9], [], [], [], [8], [4, 3], [6, 5], [], [], [9, 0]]","[-1, -3, -3, -2, 4, -3, 4, None, 3, 0, -2]",168,7,6.0,best_second,w04d2b7f,8.175547596021026,8.48879371689454,9.03741453682259,8,8,0,1,1,1,
3423,"[[6, 8], [], [10, 5], [], [], [9], [8, 3], [], [], [], [1, 4]]","[-4, -2, None, 4, -4, -1, 4, 3, 3, 3, -3]",198,8,,best_alone,w04d2b7f,8.451694209183541,8.105005537547246,8.98632143762602,2,2,0,1,1,1,2.0
3424,"[[], [], [1, 0], [], [5, 3], [], [4, 5], [9], [2, 7], [], []]","[0, 2, -4, 0, 3, 2, -4, 4, None, -1, -1]",112,6,,best_alone,w04d2b7f,8.746716349694486,7.32317071794347,8.962391701743003,3,3,0,1,1,1,2.0
3425,"[[9, 1], [], [0, 5], [], [], [6], [], [], [10, 3], [], [3, 7]]","[-4, 3, None, -2, -1, 2, -1, 2, -4, 1, 1]",38,3,,best_alone,w04d2b7f,8.157657015196474,7.506591780070841,8.57715877258367,1,1,0,1,1,1,2.0
3427,"[[], [], [], [8, 9], [0], [7, 4], [], [6, 2], [9, 1], [], []]","[-4, 3, -1, 3, -3, None, 1, 0, -3, 0, -4]",122,5,1.0,best_second,w04d2b7f,9.789982851739307,5.793013608384144,9.808132371719273,1,1,0,1,1,1,
3428,"[[], [], [], [10, 9], [3, 8], [], [2, 0], [6, 2], [5], [], []]","[-4, 1, -4, -3, None, 4, -2, -3, 3, -2, 0]",120,11,,best_alone,w04d2b7f,9.030735122676456,6.641182169740591,9.118334726180159,7,7,0,1,1,1,2.0
3429,"[[], [3, 2], [], [], [], [1, 7], [8, 9], [10], [9, 4], [], []]","[4, -3, -1, 1, 0, None, 2, 4, -2, 1, 3]",102,10,,best_alone,w04d2b7f,8.269500767180615,7.88193748927207,8.787372988731876,7,7,0,1,1,1,2.0
3430,"[[], [], [9, 7], [8], [5, 1], [1, 0], [2, 3], [], [], [], []]","[-4, -2, -3, 3, 4, 2, None, -1, 3, 1, -2]",190,9,,best_alone,w04d2b7f,8.712101863715663,6.55250788703459,8.82114223633189,6,6,0,1,1,1,2.0
3434,"[[], [], [6], [], [], [9, 10], [], [0, 1], [7, 2], [10, 3], []]","[1, 2, -2, 4, 1, -1, 3, 4, None, 3, 2]",42,3,2.0,best_second,w04d2b7f,8.21527695893663,7.933796874815411,8.777401286867264,6,6,0,1,1,1,
3435,"[[], [9, 8], [5, 7], [], [], [4, 6], [], [0], [], [8, 10], []]","[-2, -4, None, 0, -3, 3, 0, 4, -2, 4, -4]",2,2,3.0,best_min,w04d2b7f,9.828063329889286,7.3613754289773485,9.909469624213676,3,3,0,1,1,1,
3440,"[[], [], [10, 8], [], [], [], [7, 3], [3, 4], [0], [], [5, 1]]","[-1, 3, None, -2, -4, 2, -2, 0, -1, 1, -2]",164,2,5.0,best_second,w04d2b7f,9.992825387888322,8.08271113423758,10.130862140378152,1,1,0,1,1,1,
3446,"[[6, 3], [0, 7], [8, 10], [], [], [], [], [5], [10, 4], [], []]","[-2, None, -1, -4, 1, -3, 2, -1, -3, -4, 3]",194,5,2.0,best_min,w04d2b7f,9.736310733068628,7.610852790395251,9.84903136674007,0,0,0,1,1,1,
3456,"[[], [], [], [4, 5], [0, 7], [2], [], [], [9, 6], [6, 10], []]","[1, 4, -3, None, -2, -4, 0, -3, -1, 4, 2]",188,5,1.0,best_second,w04d2b7f,9.3487971151232,7.498315870766981,9.494691904331509,-1,-1,0,1,1,1,
3458,"[[2, 8], [4, 7], [8, 5], [1, 6], [], [], [9], [], [], [], []]","[3, -1, -2, None, -2, 3, 2, -4, -4, -4, -3]",172,2,,best_alone,w04d2b7f,10.716482302801335,8.011355109161284,10.781182975650898,-2,-2,0,1,1,1,2.0
3461,"[[], [], [5, 6], [], [], [1, 10], [4], [], [9, 3], [3, 7], []]","[-3, 0, None, 1, -4, -2, -2, -4, 3, -1, -2]",92,3,0.0,best_second,w04d2b7f,9.915959454031448,8.278174290943737,10.093570577723847,-2,-2,0,1,1,1,
3462,"[[], [], [], [1], [10, 2], [0, 6], [], [], [5, 0], [4, 3], []]","[2, 4, -2, 0, 0, 1, -2, 1, -2, None, 0]",108,5,,best_alone,w04d2b7f,8.980675603671708,6.93828448401696,9.102532419341877,4,4,0,1,1,1,2.0
3463,"[[], [], [], [], [], [], [7, 9], [3, 1], [2, 4], [5], [8, 2]]","[2, -2, 4, 4, 1, 3, None, -4, 2, 4, 3]",146,10,,best_alone,w04d2b7f,9.078749951588586,6.825460036255307,9.178540059426386,7,7,0,1,1,1,6.0
3466,"[[], [2, 3], [], [], [8], [10, 9], [1, 4], [], [], [], [9, 0]]","[-4, 4, 4, -3, -4, -2, None, 3, -3, -3, 4]",68,11,7.0,best_second,w04d2b7f,8.143226750367443,6.7464121285733745,8.364042011922061,8,8,0,1,1,1,
3467,"[[], [], [6, 7], [5], [], [], [7, 4], [], [0, 1], [], [8, 3]]","[-4, 0, 2, 3, 4, 3, -2, 4, -3, 3, None]",174,11,,best_alone,w04d2b7f,8.7662383802531,6.825460036255307,8.900276348631271,6,6,0,1,1,1,4.0
3469,"[[6, 10], [8, 3], [1, 7], [], [], [], [10, 9], [4], [], [], []]","[4, -2, None, -4, 3, -3, 3, 2, 4, 0, 0]",148,7,,best_alone,w04d2b7f,8.61974977974133,7.15851399732932,8.828201089171515,5,5,0,1,1,1,8.0
3471,"[[], [4, 8], [10, 3], [], [], [6], [], [2, 5], [], [1, 4], []]","[0, -1, 1, -4, -2, -3, -4, None, 4, -2, 3]",32,9,5.0,best_second,w04d2b7f,8.462737005620179,6.838405200847344,8.64241515616962,4,4,0,1,1,1,
3472,"[[], [6, 10], [], [7, 8], [], [], [2, 9], [8, 5], [], [], [4]]","[4, None, 1, -1, -1, 2, -2, 2, 4, 2, -4]",16,3,4.0,best_second,w04d2b7f,8.979668554241181,8.102283624480075,9.327323087461798,0,0,0,1,1,1,
3473,"[[], [6, 3], [], [], [], [], [], [2, 0], [7, 9], [5], [1, 6]]","[1, 0, 4, -2, 4, -1, 3, 4, None, -2, -1]",160,7,3.0,best_second,w04d2b7f,8.25088114470065,7.148345743900068,8.537387898701756,8,8,0,1,1,1,
3474,"[[], [4, 8], [5, 6], [], [8, 0], [], [], [], [], [2, 10], [3]]","[1, 4, 3, -3, 3, 0, 4, -2, -2, None, -2]",140,8,1.0,best_second,w04d2b7f,8.028781162487146,7.623153068476903,8.53934599605737,7,7,0,1,1,1,
3476,"[[10, 2], [], [8], [], [6, 7], [], [7, 5], [], [], [], [3, 9]]","[None, -2, 1, -4, -1, 4, -1, 3, 0, -2, -2]",46,6,,best_alone,w04d2b7f,8.700181192753353,7.333676395657684,8.927181388251988,1,1,0,1,1,1,2.0
3480,"[[10, 8], [], [6, 7], [0, 10], [5], [], [], [], [], [2, 4], []]","[1, 3, 4, 2, -2, -4, -2, 4, 0, None, -2]",74,10,0.0,best_second,w04d2b7f,7.7752758464868625,7.682482446534506,8.422882511944996,8,8,0,1,1,1,
3481,"[[6, 1], [], [], [0, 8], [5, 10], [10, 7], [], [], [9], [], []]","[2, -2, 1, None, -3, 4, 3, 4, -2, 0, -2]",158,6,4.0,best_second,w04d2b7f,8.517593111437565,6.688354713946762,8.66630261400408,5,5,0,1,1,1,
3487,"[[1, 8], [], [3, 6], [], [], [4], [], [], [], [2, 3], [0, 5]]","[-3, -1, -1, 4, -4, -1, -4, 4, -4, -4, None]",54,2,1.0,best_min,w04d2b7f,9.903487552536127,7.344072850573066,9.97794546345414,-4,-4,0,1,1,1,
3489,"[[7], [], [], [9, 1], [3, 9], [], [2, 10], [], [6, 0], [], []]","[3, 4, -2, -1, -3, -3, 1, 3, None, -4, 0]",134,6,,best_alone,w04d2b7f,8.589327789175437,6.429719478039137,8.698347400458186,6,6,0,1,1,1,2.0
3493,"[[2, 3], [6, 8], [7, 5], [10], [], [], [8, 4], [], [], [], []]","[None, -3, -3, 1, 4, -4, 2, -2, 3, -4, 3]",180,10,,best_alone,w04d2b7f,8.6020856584342,6.628041376179533,8.731981938347694,4,4,0,1,1,1,2.0
3495,"[[], [7], [8, 1], [], [], [0, 6], [], [], [9, 4], [], [5, 0]]","[4, 3, None, 3, 2, -1, 4, 2, -4, -4, -2]",94,10,,best_alone,w04d2b7f,8.786914938491025,6.45833828334479,8.879750798513125,5,5,0,1,1,1,6.0
3497,"[[], [10, 7], [], [], [9, 0], [4, 9], [], [6], [], [], [3, 8]]","[3, None, 3, -2, 0, -2, 2, 1, 2, -3, -1]",110,4,,best_alone,w04d2b7f,9.069928218259436,6.368187186350493,9.134754385019587,3,3,0,1,1,1,4.0
3502,"[[], [10, 5], [], [9, 8], [], [2], [], [], [], [8, 0], [6, 4]]","[2, None, 3, 0, 4, 4, 0, -4, 0, -4, -4]",138,9,,best_alone,w04d2b7f,8.497602541651235,6.716594773520979,8.653121708640482,7,7,0,1,1,1,4.0
3503,"[[], [], [0], [], [], [9, 1], [], [6, 4], [], [1, 8], [7, 2]]","[3, -4, 4, -3, -2, -1, 4, -4, 2, -3, None]",82,10,,best_alone,w04d2b7f,8.478452363099807,6.4216222678065185,8.598588829620232,7,7,0,1,1,1,6.0
3504,"[[3, 1], [], [], [], [6, 5], [9], [7, 10], [], [0, 3], [], []]","[-4, -4, 4, -2, None, 1, -2, -2, 0, 4, -4]",26,10,,best_alone,w04d2b7f,8.34212526333359,6.652863029353347,8.511376306094673,5,5,0,1,1,1,2.0
3505,"[[], [], [], [2, 9], [8, 6], [], [1], [], [5, 0], [], [3, 2]]","[-2, 4, 2, -4, None, 0, 1, -4, -1, -3, 2]",156,7,,best_alone,w04d2b7f,8.604287898267172,6.1463292576688975,8.686260632531777,5,5,0,1,1,1,2.0
3507,"[[], [6, 9], [5, 10], [2, 4], [7], [], [], [], [1, 6], [], []]","[0, 0, -3, None, 3, 2, 2, 3, 2, -4, -2]",30,9,,best_alone,w04d2b7f,8.270781013162672,6.415096959171596,8.415824697027949,6,6,0,1,1,1,4.0
3509,"[[], [9], [7, 1], [10, 0], [], [], [], [5, 8], [], [], [0, 4]]","[1, 0, None, -2, 1, 0, 1, 3, -3, -2, 0]",10,4,6.0,best_second,w04d2b7f,9.156412029950626,7.360739903058278,9.309914176872276,3,3,0,1,1,1,
3511,"[[1, 8], [6, 3], [7, 10], [], [], [], [], [10, 5], [4], [], []]","[None, -4, -4, 3, 4, 1, 1, -2, 2, 4, 1]",96,8,,best_alone,w04d2b7f,8.499436469826978,6.976348070447749,8.696510239189895,6,6,0,1,1,1,2.0
3512,"[[], [3], [], [], [5, 2], [2, 9], [0, 10], [6, 1], [], [], []]","[-2, 1, 3, 2, -4, 1, -1, None, 2, -1, 2]",76,4,3.0,best_alone,w04d2b7f,9.33264649636015,7.717796211013582,9.513994213937663,3,1,2,0,0,1,
3514,"[[], [], [10], [0, 7], [1, 9], [], [3, 0], [], [4, 2], [], []]","[4, -2, -2, 1, 4, 1, -2, 0, None, 4, -4]",6,10,0.0,best_second,w04d2b7f,8.350429973538136,7.290292882446597,8.647694999480397,8,8,0,1,1,1,
3515,"[[7, 9], [6, 8], [], [], [], [], [8, 10], [4, 2], [], [5], []]","[None, -1, 3, -2, 0, 0, -2, 3, 3, 1, 1]",48,4,0.0,best_second,w04d2b7f,7.873597789685539,8.188966863648874,8.736649954872453,6,6,0,1,1,1,
3516,"[[], [], [5, 1], [0, 8], [], [], [4], [2, 5], [], [], [3, 6]]","[4, -1, -1, 4, -1, 1, 2, 4, -1, -1, None]",66,6,5.0,best_second,w04d2b7f,8.51418868239594,6.650279048587422,8.65817178467581,8,8,0,1,1,1,
3517,"[[4, 3], [7], [], [], [3, 10], [8, 9], [5, 1], [], [], [], []]","[-3, 3, 4, -4, 4, -4, None, 4, 4, -4, 1]",62,11,,best_alone,w04d2b7f,8.235095497258358,6.942156705699469,8.477412321404394,7,7,0,1,1,1,8.0
3520,"[[], [0, 4], [10], [5, 7], [], [], [1, 2], [], [3, 5], [], []]","[0, -1, 4, 2, 2, 1, None, 1, 0, 4, 3]",56,7,,best_alone,w04d2b7f,8.128880142125638,6.345636360828596,8.283999304248525,7,7,0,1,1,1,2.0
3522,"[[9, 4], [], [0, 7], [8, 6], [], [], [], [10], [6, 1], [], []]","[2, 4, None, 4, -2, 4, -4, -4, -3, 1, -4]",126,7,4.0,best_second,w04d2b7f,8.247220052745229,7.942717540573791,8.799510901368869,3,3,0,1,1,1,
3525,"[[7, 6], [5, 3], [], [8], [], [4, 9], [], [6, 2], [], [], []]","[4, None, 1, 4, 4, -4, 0, -3, 3, -2, 2]",36,10,,best_alone,w04d2b7f,8.318986125392058,6.253828811575473,8.438149984075784,7,7,0,1,1,1,6.0
3527,"[[], [], [4, 7], [1, 10], [], [3, 1], [], [], [2, 9], [0], []]","[-2, -1, 0, 2, 4, -3, -1, 3, None, 3, 0]",90,2,3.0,best_second,w04d2b7f,8.816260208734581,8.266164436612492,9.271623600393081,4,4,0,1,1,1,
3528,"[[], [], [6, 3], [], [], [], [3, 4], [], [5], [10, 8], [0, 1]]","[0, -1, 3, 3, 3, 0, -3, -3, -4, None, 3]",114,4,4.0,best_second,w04d2b7f,8.580355766373879,6.522092798170152,8.700347734514084,3,3,0,1,1,1,
3529,"[[], [], [6, 9], [4], [], [8, 3], [], [], [7, 0], [], [2, 6]]","[-3, 0, 1, -1, -2, None, 3, 4, 4, 1, 2]",20,9,7.0,best_second,w04d2b7f,8.044947049617722,6.990256500493881,8.343553835005116,8,8,0,1,1,1,
3531,"[[], [], [], [], [5, 3], [3, 6], [], [1], [2, 10], [8, 7], []]","[-3, -4, 0, 0, 2, 1, 1, 2, 4, None, 1]",72,4,3.0,best_second,w04d2b7f,8.845633256340188,8.620651899784468,9.432523462195268,5,5,0,1,1,1,
3534,"[[6, 7], [4, 2], [5], [], [8, 3], [], [], [], [], [], [0, 6]]","[-4, None, -4, 3, 4, -3, 1, 3, -3, -1, -1]",142,10,1.0,best_second,w04d2b7f,8.114324709155339,7.398174092970465,8.51197962436335,7,7,0,1,1,1,
3535,"[[], [8], [4, 1], [], [3, 9], [], [7, 10], [10, 0], [], [], []]","[4, -1, None, -2, -3, 1, -3, -1, 3, -4, -2]",150,8,,best_alone,w04d2b7f,8.57866451350434,7.097548850614793,8.783396232190894,2,2,0,1,1,1,2.0
3538,"[[], [0, 5], [], [], [1, 0], [], [10], [], [7, 2], [8, 6], []]","[4, 3, -3, 4, 2, 3, 4, 1, -2, None, 4]",136,11,,best_alone,w04d2b7f,8.081475040137052,6.089044875446846,8.20903626577507,8,8,0,1,1,1,4.0
3539,"[[8, 10], [5], [], [0, 1], [6, 9], [], [9, 2], [], [], [], []]","[-3, 3, 0, None, 1, 2, -3, 2, -4, -1, -2]",70,11,,best_alone,w04d2b7f,8.437933510430605,7.607381425639791,8.799510901368869,5,5,0,1,1,1,2.0
3540,"[[], [8, 6], [0], [1, 2], [], [7, 4], [], [4, 10], [], [], []]","[4, -2, 2, None, 3, -1, 0, 1, -2, 1, -4]",182,9,,best_alone,w04d2b7f,8.68929604801586,6.156978985585555,8.765614549914716,6,6,0,1,1,1,2.0
3541,"[[], [], [], [6], [], [], [], [4, 0], [9, 1], [1, 5], [7, 3]]","[-4, 3, -3, 2, -2, -4, 1, -2, -4, -4, None]",84,8,,best_alone,w04d2b7f,8.408939605975984,7.294377299288821,8.692490133273228,3,3,0,1,1,1,2.0
3542,"[[], [7, 9], [], [4, 2], [], [], [3, 4], [], [1, 10], [], [5]]","[3, -4, -1, 2, -4, 2, 2, -1, None, -3, 3]",124,11,,best_alone,w04d2b7f,8.159946655578548,6.815639990074331,8.391403185357937,5,5,0,1,1,1,2.0
3544,"[[5, 7], [6], [], [], [8, 1], [], [], [], [3, 2], [0, 5], []]","[-4, 3, -4, 4, None, -4, -4, -1, -3, -3, -4]",154,5,1.0,best_min,w04d2b7f,10.210420629580021,7.057897937411857,10.25224120572685,1,1,0,1,1,1,
3546,"[[], [], [], [8], [], [4, 9], [0, 2], [6, 3], [], [], [5, 4]]","[2, -2, -3, -4, 1, 4, 1, None, -2, -4, -4]",130,7,4.0,best_second,w04d2b7f,8.351138607086154,6.538139823767669,8.50207955360619,3,3,0,1,1,1,
3548,"[[5, 4], [], [10, 1], [7], [], [], [2, 10], [], [0, 3], [], []]","[1, -2, -4, 3, 3, -2, -3, 0, None, 2, 0]",184,3,2.0,best_min,w04d2b7f,8.634442751466478,7.743269700829004,8.978029932837154,4,4,0,1,1,1,
3549,"[[], [10, 7], [], [5, 6], [], [6, 8], [], [9], [], [], [4, 0]]","[-4, None, 3, -2, -2, 2, -4, 1, -4, 4, -1]",60,9,,best_alone,w04d2b7f,8.772920092626466,6.492239835020471,8.870101048785726,5,5,0,1,1,1,2.0
3552,"[[], [], [6, 10], [1], [], [2, 6], [], [8, 3], [0, 9], [], []]","[3, -3, 1, -2, 4, 1, -2, None, 2, -3, 2]",50,8,5.0,best_second,w04d2b7f,8.134467570277561,6.311734809152914,8.283999304248525,5,5,0,1,1,1,
3553,"[[9, 3], [], [], [], [10, 1], [2], [], [], [0, 5], [], [1, 7]]","[-4, 0, 1, 2, -1, -1, -1, 4, None, -2, -2]",44,4,,best_alone,w04d2b7f,8.877521453852872,6.558197802812268,8.971194463184466,0,0,0,1,1,1,4.0
3556,"[[], [], [10], [], [3, 8], [9, 2], [4, 3], [], [], [0, 7], []]","[2, -4, 3, -1, 2, None, 2, 4, -1, -2, 3]",192,5,,best_alone,w04d2b7f,9.441213969352303,6.248042874508429,9.481359383531423,6,6,0,1,1,1,2.0
3558,"[[], [], [4, 7], [9, 0], [5, 6], [], [], [10], [], [0, 1], []]","[3, -2, None, -3, -1, 3, -3, 2, 3, -2, -2]",118,4,2.0,best_min,w04d2b7f,9.181735114965848,6.902742737158593,9.279119887371008,2,2,0,1,1,1,
3561,"[[], [], [], [], [], [10, 4], [8, 0], [1], [], [6, 7], [4, 2]]","[3, 3, -4, 2, -4, 2, 3, 1, -3, None, 0]",104,4,0.0,best_min,w04d2b7f,8.450625947144125,7.311886164077165,8.728264161496178,6,6,0,1,1,1,
3565,"[[], [], [10, 1], [6, 7], [], [], [4, 8], [9], [], [], [1, 0]]","[4, -1, 1, None, 2, 0, -3, 4, -4, 3, 2]",86,11,,best_alone,w04d2b7f,8.224699561967235,6.210600077024654,8.34972083747249,7,7,0,1,1,1,6.0
3566,"[[], [6, 10], [4, 0], [8], [], [1, 6], [], [2, 3], [], [], []]","[-3, 3, -2, 4, 3, 0, 4, None, 1, 1, 4]",196,7,,best_alone,w04d2b7f,8.121777419161074,7.199678345691172,8.45638105201948,5,5,0,1,1,1,6.0
3571,"[[], [8], [9, 1], [7, 4], [], [3, 7], [], [], [], [10, 0], []]","[-2, 1, None, 0, -3, -2, 3, -1, -4, -3, 2]",176,3,1.0,best_min,w04d2b7f,8.525756422076725,7.424761761823209,8.81269461292015,-1,-1,0,1,1,1,
3573,"[[6], [], [7, 1], [], [], [9, 3], [], [1, 10], [5, 0], [], []]","[3, 0, 1, 3, 4, -2, 1, 4, None, -3, -1]",128,6,,best_alone,w04d2b7f,9.129672468908728,6.81783057145415,9.224046019032295,4,4,0,1,1,1,6.0
3574,"[[7, 4], [], [3, 6], [8, 1], [], [], [9], [], [], [], [0, 7]]","[1, 1, None, -4, -2, 4, -1, 2, -1, 1, -1]",58,4,,best_alone,w04d2b7f,9.010547069270189,6.63200177739563,9.099073559547596,0,0,0,1,1,1,2.0
3575,"[[], [8, 10], [], [6, 5], [3, 7], [], [], [0], [10, 2], [], []]","[-2, 3, 3, 0, None, 3, -3, 1, 2, 1, -3]",52,5,3.0,best_min,w04d2b7f,8.947285869349132,7.32317071794347,9.127067452782361,3,3,0,1,1,1,
3577,"[[], [0, 3], [1, 0], [], [], [], [10, 9], [], [], [7], [5, 8]]","[-2, -2, -2, 3, 0, -1, None, 4, -3, 1, -4]",18,11,,best_alone,w04d2b7f,8.55371796609861,6.424869023905387,8.66595796468135,5,5,0,1,1,1,2.0
3578,"[[], [], [0, 6], [], [3], [7, 8], [], [], [], [2, 0], [5, 4]]","[-1, 3, 2, 1, 0, 2, 2, 3, 4, -1, None]",80,3,2.0,best_second,w04d2b7f,8.47595444339964,7.850103545175582,8.904222737368716,6,6,0,1,1,1,
3579,"[[6, 7], [], [1], [5, 2], [], [8, 9], [], [], [], [], [0, 6]]","[4, -2, 1, None, -2, -3, -3, 3, -2, -4, 2]",78,5,,best_alone,w04d2b7f,8.776167099731275,6.601230118728877,8.883640232503671,-1,-1,0,1,1,1,2.0
3580,"[[], [], [8], [7, 1], [3, 2], [], [0, 5], [], [], [], [6, 0]]","[-3, 4, 2, -3, None, -3, 1, -3, -4, 1, -4]",178,5,7.0,best_min,w04d2b7f,9.809671256331843,6.903747257584598,9.862873869650832,1,1,0,1,1,1,
3581,"[[], [6, 2], [8], [], [7, 3], [], [10, 5], [], [], [4, 7], []]","[0, None, 1, 0, 2, -1, -1, 4, 2, -4, 3]",64,3,,best_alone,w04d2b7f,8.295548516225763,6.416732282512326,8.43750042250699,3,3,0,1,1,1,4.0
3585,"[[5, 10], [6, 2], [], [4], [], [], [2, 9], [0, 3], [], [], []]","[-3, 3, 2, 2, 4, 0, -2, None, -3, 0, -2]",144,10,,best_alone,w04d2b7f,8.121183242078827,6.255750041753367,8.264878262801748,6,6,0,1,1,1,2.0
3586,"[[7, 9], [8, 5], [1, 10], [], [0, 7], [], [], [], [], [], [6]]","[-3, -4, None, 1, 4, -4, -1, 2, -2, -1, 3]",200,9,,best_alone,w04d2b7f,8.127699852817772,7.847762537473608,8.690474003558045,2,2,0,1,1,1,2.0
3587,"[[], [8, 2], [], [], [9, 10], [], [], [], [2, 0], [7, 5], [3]]","[4, -3, 4, -3, None, 4, -2, -4, 0, -1, 2]",166,6,5.0,best_min,w04d2b7f,9.262932822095353,6.966967138613983,9.358760377094457,3,3,0,1,1,1,
3588,"[[], [], [7, 3], [], [2, 7], [8], [9, 5], [], [], [1, 10], []]","[1, -3, -4, -4, -1, -1, None, 0, -1, 3, -2]",88,2,5.0,best_second,w04d2b7f,8.887928819003305,7.57147364885127,9.125326997649227,1,1,0,1,1,1,
3590,"[[], [6, 9], [], [5, 2], [], [2, 4], [], [0], [1, 7], [], []]","[-1, -3, 2, 0, 1, -4, -3, 3, None, 1, 4]",162,6,,best_alone,w04d2b7f,8.644882552557126,6.363028103540465,8.741935464094144,2,2,0,1,1,1,4.0
3591,"[[5, 7], [10], [8, 1], [], [], [], [0, 5], [], [4, 3], [], []]","[0, -1, None, 0, -4, -4, -1, 1, -4, -3, 4]",132,9,,best_alone,w04d2b7f,8.808219665118408,6.246106765481563,8.882391706295845,3,3,0,1,1,1,4.0
3593,"[[], [], [3, 6], [1, 5], [], [], [0], [8, 10], [10, 4], [], []]","[3, 2, None, -2, -1, -2, -2, 4, 3, -3, -3]",116,3,,best_alone,w04d2b7f,8.85865296954849,6.171700597410916,8.924390132369162,1,1,0,1,1,1,4.0
3594,"[[], [], [7, 5], [2, 7], [], [], [8, 9], [], [10, 0], [4], []]","[2, -4, -3, 4, 4, 0, None, -1, -1, 4, -2]",8,9,,best_alone,w04d2b7f,8.35936910622267,6.406879986069314,8.491875383431948,8,8,0,1,1,1,4.0
3595,"[[], [10, 2], [6], [], [9, 5], [], [], [], [4, 9], [], [3, 7]]","[0, None, 0, 4, 3, 2, -2, -4, -1, 0, 4]",40,9,8.0,best_second,w04d2b7f,9.90802723257816,6.8308742346461795,9.953039331365376,8,8,0,1,1,1,
3596,"[[], [7, 4], [0, 5], [2, 0], [9], [], [], [10, 6], [], [], []]","[-4, None, 0, -1, -3, -1, 1, 2, 3, -4, 4]",4,8,1.0,best_second,w04d2b7f,8.270269111436624,7.145196134997172,8.551208070003515,6,6,0,1,1,1,
3597,"[[], [], [1], [10, 2], [6, 7], [], [7, 8], [], [], [], [9, 5]]","[-4, 3, 4, None, -2, -3, 3, -3, 0, -1, -2]",170,11,,best_alone,w04d2b7f,8.601534339849989,6.171700597410916,8.685753832960156,7,7,0,1,1,1,2.0
3600,"[[6, 8], [0, 6], [5], [10, 7], [3, 2], [], [], [], [], [], []]","[-3, -4, -4, 3, None, -2, -3, 4, 0, -3, -1]",12,9,1.0,best_second,w04d2b7f,7.995643604287271,7.3271232922592935,8.409162447202533,7,7,0,1,1,1,
3602,"[[], [], [], [], [2, 0], [], [7, 9], [10, 1], [4, 2], [3], []]","[-3, 2, 0, -1, 1, -3, None, 0, 4, -2, 1]",106,3,2.0,best_second,w04d2b7f,8.674880467251832,8.059908334578278,9.106977858981029,2,2,0,1,1,1,
3604,"[[8, 4], [5], [6, 7], [], [], [], [], [], [], [0, 1], [2, 6]]","[4, 0, 4, 4, 4, -1, -4, -1, -3, None, -1]",98,8,0.0,best_second,w04d2b7f,7.932362154339751,7.448333860897476,8.412277021466677,8,8,0,1,1,1,
3607,"[[], [], [], [1], [], [], [], [8, 3], [5, 6], [10, 2], [2, 0]]","[3, -1, 2, 4, 2, 2, 0, None, -4, 3, -2]",278,6,,best_alone,w04d2b7f,9.17118365677499,6.957497370876951,9.274816391160547,3,3,0,1,1,1,2.0
3611,"[[], [4, 7], [], [5], [], [], [8, 10], [], [10, 0], [1, 3], []]","[0, 2, 2, 1, 1, -2, -4, 4, 2, None, 1]",310,5,2.0,best_second,w04d2b7f,8.594709633844065,7.472500744737558,8.876404915006939,6,6,0,1,1,1,
3616,"[[], [], [5, 9], [2, 5], [7, 0], [], [4, 8], [], [10], [], []]","[-4, 2, 3, 3, 4, -3, None, 2, -1, 2, -3]",398,8,8.0,best_second,w04d2b7f,7.962763930168115,7.207118856207756,8.347590407030056,6,6,0,1,1,1,
3617,"[[1, 3], [], [0, 6], [], [], [], [4], [10, 5], [], [], [5, 8]]","[-2, -1, None, 3, 3, 2, -1, -3, -3, -4, 1]",274,3,,best_alone,w04d2b7f,9.074062353683555,7.333676395657684,9.235618179160452,2,2,0,1,1,1,4.0
3618,"[[], [5], [8, 9], [2, 8], [], [], [], [10, 1], [], [], [0, 6]]","[4, -4, -3, -1, 0, -1, 1, None, 2, -3, 4]",206,8,3.0,best_second,w04d2b7f,7.848543482456679,6.386879319362644,8.056743774975315,8,8,0,1,1,1,
3623,"[[10, 6], [], [], [], [], [8, 9], [], [], [2, 7], [3], [6, 1]]","[4, 4, 3, 1, -4, None, -1, 1, -4, 4, -1]",226,7,,best_alone,w04d2b7f,8.141189793457691,7.098375638590787,8.442900586834382,5,5,0,1,1,1,2.0
3624,"[[4, 7], [], [1, 10], [], [], [], [2, 1], [], [0, 9], [5], []]","[-4, 3, 2, 4, 0, 3, -2, -4, None, 2, 2]",388,11,,best_alone,w04d2b7f,8.582044163735855,6.660575149839686,8.718500048121273,5,5,0,1,1,1,4.0
3626,"[[], [], [0], [], [8, 2], [], [], [10, 3], [5, 9], [], [3, 6]]","[4, -2, 4, 0, None, -3, 3, 1, -3, 3, -1]",392,11,,best_alone,w04d2b7f,8.158229916959494,6.251903883165888,8.296546520300614,8,8,0,1,1,1,6.0
3629,"[[10], [3, 6], [1, 0], [], [5, 8], [], [], [], [], [4, 5], []]","[1, 4, None, 1, 2, 2, -1, -2, 1, 3, -4]",302,5,5.0,best_second,w04d2b7f,8.773384596776646,6.855408798609927,8.910315776326016,5,5,0,1,1,1,
3631,"[[10, 3], [], [], [], [2], [0, 4], [9, 1], [], [], [1, 8], []]","[2, -3, -3, 2, 0, None, 2, 0, -2, 1, -1]",316,5,0.0,best_second,w04d2b7f,8.661812881026181,7.650168700845001,8.97182934353085,4,4,0,1,1,1,
3632,"[[], [], [], [2, 0], [], [1, 6], [], [10], [5, 1], [3, 7], []]","[0, -4, 3, 4, 3, 1, 0, -2, -3, None, -4]",382,8,4.0,best_second,w04d2b7f,7.979338895262328,6.99576615630485,8.296795865770052,7,7,0,1,1,1,
3633,"[[], [3, 2], [], [], [1, 3], [], [], [8, 9], [0, 5], [10], []]","[-4, -4, 2, 2, 1, 4, -1, None, -3, 4, 4]",228,11,,best_alone,w04d2b7f,8.503499864284235,5.971261839790462,8.579792333172758,8,8,0,1,1,1,8.0
3634,"[[], [], [1, 3], [], [], [6, 8], [], [5, 9], [], [0], [2, 1]]","[-4, 2, 1, -1, -2, 2, 4, None, 1, -3, -1]",332,8,1.0,best_second,w04d2b7f,8.258163361537617,7.339537695407675,8.59378379357795,6,6,0,1,1,1,
3635,"[[8], [], [], [4, 0], [1, 2], [], [10, 7], [], [], [6, 10], []]","[4, -2, 0, None, -3, 3, 4, 2, 1, 1, 1]",246,9,,best_alone,w04d2b7f,8.271036865792954,6.690842277418563,8.45807992692373,5,5,0,1,1,1,2.0
3638,"[[], [], [5, 6], [8], [7, 3], [6, 10], [], [1, 0], [], [], []]","[-3, 3, 4, 3, None, 0, 4, -3, -2, -4, -2]",184,4,,best_alone,wce032b7,9.683651026979414,6.4599044543775355,9.722624930978418,1,1,0,1,1,1,6.0
3639,"[[1, 3], [4, 10], [], [8], [], [6, 2], [2, 9], [], [], [], []]","[None, -1, 4, 0, 4, 3, -3, 4, -4, -4, 1]",172,5,2.0,best_second,wce032b7,8.433594167539923,6.306275286948015,8.545974992841689,3,3,0,1,1,1,
3642,"[[], [], [], [], [], [1, 2], [5, 1], [0], [], [4, 8], [9, 7]]","[2, -3, -3, 1, 1, -3, -1, -3, -3, 4, None]",88,5,7.0,best_second,wce032b7,8.60813018640834,7.614312146452001,8.922924930641834,5,5,0,1,1,1,
3644,"[[], [], [1, 4], [], [], [10], [8, 3], [], [3, 7], [2, 5], []]","[-1, 4, 3, -2, 0, -3, 2, -2, 0, None, -2]",156,8,3.0,best_second,wce032b7,8.598035579260339,6.70073110954781,8.73761303680885,7,7,0,1,1,1,
3646,"[[], [], [10, 8], [], [7, 1], [], [], [1, 5], [0], [], [9, 6]]","[3, -4, None, -1, 0, -2, -4, -1, 4, 0, -1]",38,10,,best_alone,wce032b7,8.161945799468691,7.3277805384216315,8.522379718103537,7,7,0,1,1,1,4.0
3649,"[[], [], [3, 7], [1, 4], [], [], [0, 5], [9], [6, 0], [], []]","[-2, 1, None, -3, 3, 2, -4, 1, 2, 4, -1]",86,6,,best_alone,wce032b7,8.644002038279933,6.248042874508429,8.731013415269564,5,5,0,1,1,1,2.0
3650,"[[], [10, 5], [0, 6], [], [2, 0], [3], [], [], [], [], [8, 7]]","[1, None, 0, -2, -4, 0, -2, -4, 4, -4, 4]",36,9,8.0,best_second,wce032b7,7.556950572012899,6.104793232414985,7.766840537085513,8,8,0,1,1,1,
3653,"[[1, 4], [], [], [0, 1], [], [2], [], [10, 5], [], [], [9, 6]]","[-2, -2, -2, 2, -4, -2, -4, None, 3, 4, 4]",20,10,8.0,best_second,wce032b7,7.659171367666058,6.309918278226516,7.889459149404524,8,8,0,1,1,1,
3654,"[[4, 6], [], [], [], [], [10, 9], [], [], [0, 4], [2], [7, 1]]","[2, -4, 4, 4, -4, None, -3, 0, -3, 1, -2]",62,9,,best_alone,wce032b7,8.251142139090751,7.0604763659998016,8.516392871245468,5,5,0,1,1,1,4.0
3655,"[[], [2, 7], [10, 8], [6, 0], [], [], [], [5], [], [3, 6], []]","[2, None, 2, -2, 0, -2, 3, -4, 0, -1, -2]",154,5,2.0,best_second,wce032b7,7.786967002614872,8.631771096123673,8.989070065043654,2,2,0,1,1,1,
3656,"[[], [], [9, 0], [], [], [8], [3, 7], [], [], [0, 1], [6, 5]]","[0, -1, 0, -4, -2, -1, -2, -2, 3, 1, None]",142,7,,best_alone,wce032b7,8.953769294549454,6.519147287940395,9.037652264150466,2,2,0,1,1,1,2.0
3657,"[[], [4, 9], [7, 10], [1, 6], [], [], [5], [], [2, 7], [], []]","[4, 4, 0, None, -3, 1, -2, 2, 4, 2, -1]",22,6,2.0,best_second,wce032b7,8.56483984488359,7.4067107301776405,8.837826364007704,6,6,0,1,1,1,
3659,"[[1, 2], [2, 4], [], [8], [], [], [], [], [], [7, 6], [9, 3]]","[3, 3, -4, -1, -4, 4, -3, 4, -2, 2, None]",14,8,5.0,best_second,wce032b7,8.212839584676484,6.242223265455165,8.343077871169381,6,6,0,1,1,1,
3660,"[[4], [], [], [5, 8], [], [8, 1], [], [], [], [10, 0], [7, 2]]","[3, 4, 2, 2, 4, -2, 0, -4, 4, None, -3]",32,11,,best_alone,wce032b7,7.68017564043659,6.625392368007956,7.9786537290827315,7,7,0,1,1,1,6.0
3664,"[[], [6, 0], [9], [8, 7], [], [1, 2], [], [], [7, 4], [], []]","[4, 4, -3, 1, 2, None, 1, -2, 1, -4, 3]",180,9,0.0,best_second,wce032b7,7.441906728051625,6.852242569051878,7.8826922062890254,8,8,0,1,1,1,
3666,"[[10, 6], [], [], [], [5, 8], [1, 7], [], [], [3], [0, 10], []]","[-4, 3, 2, 4, None, -3, 4, -3, 4, 0, -2]",40,11,,best_alone,wce032b7,7.440146680662688,6.33327962813969,7.725330037917134,8,8,0,1,1,1,6.0
3668,"[[6, 10], [], [], [], [3, 5], [], [8, 1], [], [], [4, 3], [2]]","[None, 4, -4, -3, -3, 2, 0, -3, -4, -4, -4]",68,10,4.0,best_second,wce032b7,8.241966560231802,6.97166860472579,8.48920515487607,4,4,0,1,1,1,
3669,"[[1, 4], [4, 9], [3, 6], [], [], [2, 7], [], [8], [], [], []]","[3, -1, -3, -2, 4, None, 2, 3, -1, 1, 2]",186,5,,best_alone,wce032b7,8.819665349340653,5.69035945432406,8.862341963516347,2,2,0,1,1,1,4.0
3670,"[[], [], [0, 4], [7, 6], [], [], [], [], [3, 9], [5], [2, 0]]","[0, 3, 3, 4, -4, 1, 0, -1, None, 0, 3]",200,2,4.0,best_second,wce032b7,8.373322820996535,7.1131421087070885,8.622813673279921,4,4,0,1,1,1,
3672,"[[], [], [], [], [6, 7], [9, 1], [], [], [0], [1, 3], [4, 8]]","[-3, -2, -4, -3, 2, 3, 4, -1, 0, -4, None]",34,7,3.0,best_second,wce032b7,8.269756947532983,6.131226489483141,8.38091517312361,6,6,0,1,1,1,
3673,"[[2, 7], [], [6, 3], [], [5, 9], [9, 8], [], [10], [], [], []]","[None, -2, 0, 4, -2, -4, -3, -1, -3, 1, -4]",194,8,4.0,best_second,wce032b7,8.900003608959596,6.4425401664681985,8.98205864280585,4,-3,7,0,1,1,
3674,"[[2], [4, 0], [], [], [3, 5], [], [9, 8], [6, 9], [], [], []]","[4, None, 4, -4, -3, 4, 2, 3, 0, -3, -2]",126,11,,best_alone,wce032b7,8.13593277200489,7.118016204465333,8.444192298531746,8,8,0,1,1,1,8.0
3675,"[[], [], [], [4, 5], [], [], [10, 9], [], [3, 4], [7], [2, 1]]","[-1, -2, -4, -4, 2, -4, None, 2, -3, 0, -2]",80,7,,best_alone,wce032b7,8.743691110543022,6.342121418721152,8.830250570199246,2,2,0,1,1,1,2.0
3677,"[[], [], [], [], [5, 1], [], [2, 8], [6, 2], [], [4, 10], [0]]","[3, 0, -4, 1, -3, -2, -4, -2, 4, None, 2]",112,9,,best_alone,wce032b7,7.958926493050111,6.354370040797351,8.14177220465645,5,5,0,1,1,1,2.0
3679,"[[], [], [9, 4], [], [10], [], [8, 1], [], [1, 3], [0, 7], []]","[4, -1, None, 4, -3, -1, 2, -4, -1, 0, -3]",102,9,4.0,best_second,wce032b7,9.165761328578215,7.586803535162581,9.353141170607854,4,4,0,1,1,1,
3682,"[[8, 1], [], [10, 5], [0, 6], [], [], [9], [2, 10], [], [], []]","[-1, -2, 2, None, 2, 1, 2, -3, 0, 1, 0]",198,5,,best_alone,wce032b7,8.114025442356757,7.161622002939187,8.44009614103127,3,3,0,1,1,1,2.0
3684,"[[], [10, 6], [0, 9], [8], [2, 3], [], [], [], [], [], [6, 5]]","[-1, 4, -4, 4, None, 4, 1, -1, 1, -3, 1]",160,11,,best_alone,wce032b7,8.5422759717837,6.285998094508865,8.641709066113805,5,5,0,1,1,1,2.0
3685,"[[4, 7], [2, 9], [], [0, 5], [], [6], [], [], [], [], [1, 2]]","[-1, -3, 3, None, -1, -4, -2, 2, 1, 3, -4]",116,5,3.0,best_second,wce032b7,8.586346050104554,7.047517221357296,8.780633799494984,1,1,0,1,1,1,
3687,"[[], [], [8, 1], [5], [9, 3], [], [], [], [], [7, 6], [2, 8]]","[-2, -2, 1, 0, None, 1, 2, 0, 2, -2, 0]",64,2,4.0,best_alone,wce032b7,8.613956859848546,7.0967213784947605,8.812099108957339,1,0,1,0,0,1,
3688,"[[], [3], [8, 1], [], [], [], [10, 9], [6, 10], [4, 0], [], []]","[2, 2, None, -3, -4, 2, -4, -1, 1, 1, 4]",6,5,1.0,best_min,wce032b7,8.818778169037008,7.351799869057777,9.026177120302856,3,3,0,1,1,1,
3690,"[[], [2, 8], [8, 6], [4, 5], [0, 10], [7], [], [], [], [], []]","[0, -4, 3, None, -4, 3, 3, -2, 2, 4, -2]",174,6,,best_alone,wce032b7,8.696677393390033,7.086737934510577,8.878776071707552,1,1,0,1,1,1,2.0
3693,"[[], [], [4], [8, 9], [], [], [0, 10], [6, 2], [9, 1], [], []]","[1, 2, 4, -4, 0, -3, -4, None, -2, -4, -1]",134,8,,best_alone,wce032b7,8.453614209773367,6.406879986069314,8.574895901544526,4,4,0,1,1,1,2.0
3694,"[[], [], [], [7, 4], [], [8, 0], [2], [], [], [3, 6], [5, 8]]","[1, 2, 3, 3, 3, 0, 1, -1, 4, None, 3]",148,3,0.0,best_min,wce032b7,8.41803561988302,6.752270376141742,8.591001118560957,6,6,0,1,1,1,
3695,"[[10, 7], [4, 5], [], [], [2, 9], [8], [], [], [], [], [7, 6]]","[-2, None, 1, -3, 0, 4, 2, 3, 2, -3, -1]",192,7,,best_alone,wce032b7,8.410720946905721,6.220590170099739,8.516593011344204,6,6,0,1,1,1,4.0
3696,"[[], [], [4], [5, 2], [], [0, 1], [], [8, 10], [10, 9], [], []]","[-3, 1, 0, None, 4, -3, 4, 4, 3, 3, -3]",96,8,4.0,best_alone,wce032b7,8.353968130313271,7.680637427560936,8.765926513729443,4,-2,6,0,0,1,
3697,"[[], [], [4, 0], [], [], [9, 10], [], [2, 4], [], [8, 3], [6]]","[4, 2, 4, 0, -1, None, -3, 2, 3, -1, -4]",2,6,1.0,best_second,wce032b7,8.879889967673464,6.375024819828097,8.958282810497332,2,2,0,1,1,1,
3698,"[[], [], [10, 5], [], [], [], [1, 4], [3], [6, 7], [], [5, 0]]","[-1, 0, -3, 3, -4, 3, -1, 4, None, 4, -4]",54,10,,best_alone,wce032b7,7.952966790923131,6.218600119691729,8.11522197256233,7,7,0,1,1,1,4.0
3701,"[[5, 9], [4, 7], [1, 6], [], [], [], [10], [], [0, 5], [], []]","[1, -4, None, -1, 0, 4, 2, -4, -2, 4, -3]",110,5,,best_alone,wce032b7,8.583355393669907,6.558197802812268,8.707152175339402,-1,-1,0,1,1,1,4.0
3703,"[[9, 8], [], [1, 5], [], [3], [], [], [2, 4], [], [8, 10], []]","[4, -1, -4, 1, 4, -3, 1, None, -1, -4, 1]",128,11,,best_alone,wce032b7,7.416378479192928,6.829793737512426,7.8582541821860294,5,5,0,1,1,1,2.0
3704,"[[], [2, 6], [7, 9], [], [], [8, 0], [3], [], [0, 10], [], []]","[-3, None, 3, 0, -2, -4, 0, -1, -3, 3, 1]",72,5,0.0,best_second,wce032b7,8.429672593886743,6.792344427470809,8.607216694063826,6,6,0,1,1,1,
3708,"[[8, 4], [], [9, 5], [], [], [3], [], [], [4, 7], [6, 10], []]","[-1, 3, None, -2, 2, -4, -2, -1, -1, 4, 4]",16,10,0.0,best_second,wce032b7,7.719129840906732,6.927557906278317,8.092545263891298,8,8,0,1,1,1,
3709,"[[], [3, 9], [], [], [0], [6, 2], [], [5, 4], [], [], [1, 3]]","[1, 4, 0, 4, -1, 4, 3, None, 0, -1, 0]",138,5,4.0,best_second,wce032b7,7.425357887027151,7.650168700845001,8.236950048061455,7,7,0,1,1,1,
3710,"[[], [7, 10], [8, 0], [], [3], [1, 4], [], [], [0, 6], [], []]","[0, -4, -3, 4, 2, None, 1, -1, -4, 1, 1]",158,10,,best_alone,wce032b7,7.8724551500639794,6.104793232414985,8.029758520440822,6,6,0,1,1,1,2.0
3713,"[[7, 3], [], [5, 8], [1], [], [], [], [4, 6], [], [2, 5], []]","[None, -1, -1, 2, 1, 0, 3, -4, 3, -3, -3]",52,3,,best_alone,wce032b7,9.889135046311727,7.145984467714388,9.951467865054695,1,1,0,1,1,1,2.0
3714,"[[2, 6], [0, 7], [], [10, 8], [3, 10], [], [], [9], [], [], []]","[-3, None, 0, -3, -3, -1, 2, 4, 0, 4, -4]",56,10,,best_alone,wce032b7,7.418780882750794,6.22455842927536,7.682943169878292,8,8,0,1,1,1,2.0
3715,"[[10], [9, 5], [], [7, 2], [3, 0], [], [], [], [], [5, 8], []]","[-4, 3, -2, 2, None, -4, 2, 3, -1, 2, -4]",84,9,4.0,best_second,wce032b7,8.677269139262872,6.456769655572163,8.780172651227646,5,5,0,1,1,1,
3716,"[[9, 1], [4], [], [10, 2], [], [], [], [], [], [8, 7], [2, 6]]","[None, -2, 1, -4, 4, -4, -3, -4, 0, -4, -1]",94,8,,best_alone,wce032b7,8.493924564476883,6.006353159601733,8.573573524852344,2,2,0,1,1,1,4.0
3718,"[[], [], [], [], [0, 2], [3], [], [], [1, 6], [4, 0], [8, 5]]","[-3, 0, 1, 4, -4, 0, -4, -2, -2, 4, None]",140,8,,best_alone,wce032b7,8.874447967219979,6.616065185132817,8.973731569708402,4,4,0,1,1,1,4.0
3719,"[[], [], [6, 7], [5, 10], [], [1, 4], [7, 0], [], [], [], [9]]","[1, -2, -2, None, 0, -2, 4, -4, -2, 4, 0]",132,7,,best_alone,wce032b7,8.6031873845831,5.929589143389895,8.669742589876522,4,4,0,1,1,1,2.0
3720,"[[6, 3], [], [], [], [8, 2], [], [], [4, 8], [], [1], [0, 9]]","[-4, 2, 2, 4, 1, 1, 2, -4, -3, 0, None]",8,3,,best_alone,wce032b7,8.793915423631677,5.971261839790462,8.851520271691063,2,2,0,1,1,1,2.0
3727,"[[9, 8], [10], [7, 4], [], [], [0, 1], [], [4, 3], [], [], []]","[1, 2, -1, 4, -2, None, 4, -1, 4, -2, 1]",92,4,,best_min,wce032b7,7.239214973779806,7.1693500166706,7.897668150726906,5,3,2,0,0,1,6.0
3728,"[[], [8, 6], [4], [], [], [], [], [1, 8], [], [3, 5], [9, 2]]","[3, 4, -2, -2, 3, 0, 3, -3, 3, -3, None]",114,5,,best_alone,wce032b7,8.54188580400661,6.161207321695076,8.6301646700754,1,1,0,1,1,1,2.0
3731,"[[7, 9], [5], [], [2, 4], [], [], [], [9, 6], [], [], [3, 1]]","[-3, 1, -2, -1, 2, 2, 4, 4, -1, -3, None]",190,4,,best_alone,wce032b7,8.118207049405783,6.124683390894205,8.24564690087386,3,3,0,1,1,1,4.0
3732,"[[3], [6, 2], [], [], [5, 0], [8, 10], [2, 9], [], [], [], []]","[3, -4, -1, 0, None, 4, -4, 2, 0, 0, -3]",50,2,7.0,best_min,wce032b7,8.75573753930647,6.39024066706535,8.845345196421732,4,4,0,1,1,1,
3733,"[[3, 8], [2], [], [], [], [], [5, 4], [], [], [0, 3], [6, 1]]","[-3, 1, -4, 2, -4, -1, 3, 4, 0, 4, None]",100,4,7.0,best_second,wce032b7,8.77986510086385,7.558516743045645,9.038127549330515,2,2,0,1,1,1,
3734,"[[], [6, 8], [], [], [9, 2], [], [7, 0], [], [10], [2, 3], []]","[2, None, -4, -4, 4, -4, 2, 4, -4, -3, 2]",78,5,0.0,best_second,wce032b7,8.520985989654934,7.204892510204673,8.758412389457677,6,6,0,1,1,1,
3735,"[[6, 8], [], [1, 7], [0, 6], [2, 9], [], [], [], [], [5], []]","[4, 2, 0, -2, None, 0, -2, 1, -3, -1, 3]",42,2,1.0,best_second,wce032b7,8.84893999503012,6.453624998892692,8.936035096566041,2,2,0,1,1,1,
3737,"[[7], [], [1, 5], [], [], [], [], [], [2, 1], [3, 6], [9, 0]]","[-3, 4, -4, 3, 2, 2, -4, -2, 1, 1, None]",30,8,5.0,best_second,wce032b7,8.283999304248525,6.663132695990804,8.464214266625351,4,4,0,1,1,1,
3738,"[[9, 2], [7, 6], [3], [], [], [], [], [6, 5], [], [4, 10], []]","[None, 4, -2, -3, 0, 3, -1, 3, 2, 3, 4]",58,8,1.0,best_second,wce032b7,8.419359831067474,6.827629234502853,8.6044711995233,7,7,0,1,1,1,
3741,"[[4, 10], [8, 9], [0, 4], [], [], [], [], [], [7, 5], [6], []]","[-1, None, -3, 2, 4, 1, -1, 4, 4, -4, -2]",44,8,3.0,best_second,wce032b7,7.333023014386481,6.320768294250582,7.642524134232902,8,8,0,1,1,1,
3744,"[[], [0, 4], [1, 0], [], [], [], [7, 10], [5, 8], [], [], [9]]","[-1, 4, -1, -4, -3, -3, None, 2, 3, -1, -2]",146,7,1.0,best_second,wce032b7,7.638679823876112,7.0184017990692,8.068716192714781,5,5,0,1,1,1,
3746,"[[7], [5, 2], [], [8, 10], [1, 5], [], [], [], [], [3, 0], []]","[3, 2, -3, -1, 0, 3, 3, 2, -1, None, -3]",66,8,,best_alone,wce032b7,7.9966538754626075,6.023447592961033,8.126518168780708,5,5,0,1,1,1,2.0
3747,"[[], [], [], [], [], [7, 10], [3, 2], [9, 0], [6, 3], [], [1]]","[-4, 3, 2, 2, 0, None, -3, -4, -3, 0, 1]",176,10,,best_alone,wce032b7,7.827639546366423,6.180016653652572,8.003363058629947,4,4,0,1,1,1,4.0
3748,"[[10, 2], [3], [], [], [6, 5], [], [], [4, 1], [], [], [2, 8]]","[2, 3, 3, 3, -4, -1, 3, None, -4, 4, 2]",144,9,,best_alone,wce032b7,7.381501894506707,7.3895639536776345,8.07837810362652,6,6,0,1,1,1,4.0
3750,"[[9, 8], [], [1, 7], [0, 9], [2, 6], [], [5], [], [], [], []]","[-2, 2, -3, -3, None, 1, 4, -4, 2, -4, 3]",162,9,,best_alone,wce032b7,7.604396348796338,6.674561391814426,7.936660155225427,5,5,0,1,1,1,6.0
3752,"[[5, 8], [6, 10], [1, 7], [], [], [8, 3], [], [4], [], [], []]","[-4, -2, None, 2, 4, 0, 1, 4, 2, -3, -3]",90,11,,best_alone,wce032b7,9.01201137703641,6.455198563340122,9.086589564540008,8,8,0,1,1,1,4.0
3753,"[[8, 1], [], [], [], [3, 10], [0, 6], [9], [4, 3], [], [], []]","[3, -3, -2, 0, 1, None, -4, 1, 3, -4, 2]",60,10,6.0,best_second,wce032b7,8.20303024171486,6.97354301952014,8.459352191726389,6,6,0,1,1,1,
3758,"[[], [], [10], [], [1, 5], [], [0, 8], [4, 2], [], [6, 0], []]","[2, 0, 1, -3, -4, -4, 2, None, -4, 1, 4]",118,11,,best_alone,wce032b7,8.189522110748092,6.448889394146858,8.350902451694811,5,5,0,1,1,1,4.0
3759,"[[], [], [], [], [6, 3], [], [3, 10], [1], [9, 7], [0, 2], []]","[-3, -1, -2, -3, -1, -3, -3, -1, None, 3, -3]",196,2,5.0,best_second,wce032b7,9.023408202624545,7.4999765409521215,9.220488703027998,1,1,0,1,1,1,
3760,"[[], [], [8, 5], [10, 7], [], [], [], [6], [5, 1], [], [4, 0]]","[0, 3, -4, None, 4, -1, -1, 3, 2, -4, -4]",166,4,,best_alone,wce032b7,9.218804450388312,6.664409020350408,9.293577970546238,2,2,0,1,1,1,4.0
3761,"[[], [4, 6], [], [0], [6, 8], [10, 3], [], [], [], [], [7, 9]]","[2, 1, 4, 2, -4, None, -3, -4, 4, 2, -3]",12,8,,best_alone,wce032b7,8.347827345782498,6.5652649700353605,8.503094267036737,4,4,0,1,1,1,6.0
3764,"[[], [], [], [], [5, 3], [], [0], [2, 10], [4, 5], [7, 6], []]","[-1, -2, 1, -2, 2, 0, 3, -4, 1, None, -3]",170,7,,best_alone,wce032b7,8.57602797713713,6.244166900663736,8.668539943910762,2,2,0,1,1,1,4.0
3770,"[[], [2], [], [], [], [], [9, 1], [8, 0], [0, 10], [3, 4], []]","[3, 1, 0, 3, -4, -2, None, 3, 0, 3, 2]",46,6,7.0,best_min,wce032b7,8.459775920546287,6.391917113392602,8.57866451350434,6,6,0,1,1,1,
3772,"[[5], [], [], [4, 0], [1, 2], [], [7, 9], [], [], [], [6, 7]]","[1, 4, 2, None, -4, 3, 3, -2, 2, -4, -4]",136,5,,best_alone,wce032b7,8.153925132007862,6.269096283706261,8.295049140435111,4,4,0,1,1,1,2.0
3774,"[[], [], [0, 1], [], [6, 7], [4, 10], [], [], [], [2, 0], [3]]","[-1, 1, -3, -4, 1, None, 4, 2, 3, 0, 1]",70,5,1.0,best_second,wce032b7,8.70996000607173,6.226536669287466,8.789964651132264,5,5,0,1,1,1,
3775,"[[8, 6], [4, 10], [], [0, 8], [5, 2], [], [], [], [], [], [7]]","[-4, None, 2, -1, 4, -1, -3, -3, -4, -4, 0]",168,6,2.0,best_second,wce032b7,8.096208271650035,7.215239978730097,8.442685139241176,6,6,0,1,1,1,
3779,"[[], [], [5, 1], [6, 10], [], [], [10, 0], [4], [], [2, 7], []]","[1, 3, -4, -3, -1, -3, -2, 3, 0, None, 4]",150,6,,best_alone,wce032b7,9.016998311898762,6.253828811575473,9.078065332666364,2,2,0,1,1,1,6.0
3785,"[[], [], [], [7, 2], [], [1], [], [2, 0], [9, 5], [6, 10], []]","[-3, -1, 4, -4, -4, 3, 1, 3, None, -4, -3]",106,7,,best_alone,wce032b7,8.193123721512068,6.126869184114185,8.312135107648412,2,2,0,1,1,1,4.0
3786,"[[10, 8], [6, 7], [], [], [], [], [7, 5], [], [4], [], [2, 9]]","[None, 1, -3, -2, -4, -3, 4, -2, 0, 4, 3]",4,9,1.0,best_second,wce032b7,7.16703787691222,5.771441123130016,7.38770923908104,7,0,7,0,1,1,
3787,"[[3, 1], [], [0, 3], [], [], [], [10, 9], [], [], [7], [4, 8]]","[1, 4, -3, -3, 2, 0, None, 4, -2, 3, -4]",10,11,,best_alone,wce032b7,7.242797922793756,6.369900982828227,7.591357046698551,7,7,0,1,1,1,4.0
3789,"[[3, 9], [], [], [], [10, 2], [7], [0, 5], [], [], [], [2, 1]]","[-3, -1, -2, -2, -1, -2, None, 4, -3, -4, 1]",28,8,,best_alone,wce032b7,8.240121298076472,6.0088131854425955,8.341886969516187,2,2,0,1,1,1,2.0
3790,"[[], [10, 2], [3], [], [], [], [], [8, 4], [4, 5], [], [0, 9]]","[-3, None, -1, -2, 0, 0, -2, 3, -3, 2, 4]",178,7,2.0,best_second,wce032b7,7.7279755421055585,7.1444071803211395,8.17103418920548,6,6,0,1,1,1,
3792,"[[], [], [8, 6], [], [0], [9, 4], [], [], [], [7, 3], [2, 8]]","[3, -2, -1, 0, -3, None, -4, 1, 3, 4, -2]",130,3,4.0,best_second,wce032b7,8.404248432400102,7.136483208590247,8.652073673610056,5,5,0,1,1,1,
3793,"[[], [], [], [], [], [], [7, 8], [0, 3], [4], [1, 5], [9, 1]]","[0, 0, -3, 2, 4, -3, None, -3, -1, -2, -1]",26,5,,best_alone,wce032b7,8.501876487304344,5.976350909297934,8.57866451350434,3,3,0,1,1,1,2.0
3794,"[[], [], [6], [], [5, 8], [8, 3], [], [9, 0], [], [], [7, 2]]","[-3, -1, 3, 3, 4, 3, -1, 0, -1, 1, None]",98,3,3.0,best_alone,wce032b7,8.793156870913819,7.168579897264035,8.972844314437571,2,1,1,0,0,1,
3800,"[[], [2, 5], [10, 0], [], [], [3], [], [8, 4], [4, 6], [], []]","[0, None, -2, 2, -4, 2, 2, -4, -2, 2, -4]",188,8,,best_alone,wce032b7,8.09712193091871,6.206575926724928,8.237479288613633,4,4,0,1,1,1,4.0
3801,"[[2, 9], [], [4, 3], [], [], [], [], [8, 1], [], [6], [7, 8]]","[None, 3, 3, 1, -3, 3, -4, 4, -3, -4, 3]",18,8,2.0,best_second,wce032b7,8.933400396056303,6.75343791859778,9.040382074165626,4,4,0,1,1,1,
3804,"[[], [], [5], [8, 0], [], [], [], [6, 1], [], [7, 2], [3, 8]]","[-4, -3, 4, -2, 0, -1, 4, 4, -4, None, 2]",120,6,7.0,best_min,wce032b7,8.28828304520769,6.831953565565856,8.497602541651235,8,8,0,1,1,1,
3807,"[[], [4, 6], [7, 3], [0], [6, 9], [], [], [5, 10], [], [], []]","[-1, 3, None, -3, -3, -1, -1, -1, 0, -1, 4]",82,6,5.0,best_second,wce032b7,8.441175704992322,7.138073034044347,8.681350777582521,3,3,0,1,1,1,
3809,"[[6, 7], [], [9, 10], [0, 6], [], [], [], [], [], [8, 1], [5]]","[-2, -3, None, -1, -1, -2, 0, -3, 0, 3, 0]",24,4,6.0,best_second,wce032b7,8.11162807830774,6.776506992372183,8.34498036877057,3,3,0,1,1,1,
3814,"[[], [], [], [4, 7], [1, 0], [], [], [8], [], [5, 2], [9, 5]]","[-2, 0, 4, None, 2, 4, -2, 0, 3, -3, 1]",152,2,,best_alone,wce032b7,8.659907293615413,6.306275286948015,8.750524669117937,3,3,0,1,1,1,2.0
3815,"[[], [0, 7], [], [], [2, 3], [4, 2], [], [], [6], [1, 8], []]","[1, 3, -3, -1, 2, 0, 0, 3, 2, None, -3]",124,3,0.0,best_second,wce032b7,8.621192781434722,7.0630481633881725,8.812099108957339,6,6,0,1,1,1,
3816,"[[7, 9], [6, 5], [1, 4], [], [3], [], [], [9, 10], [], [], []]","[2, 3, None, -2, 0, -3, 0, -2, -3, -3, 3]",76,4,6.0,best_second,wce032b7,8.03947991910045,6.352629396319567,8.20903626577507,3,3,0,1,1,1,
3818,"[[10, 5], [0, 10], [], [8], [9, 3], [], [], [], [], [6, 7], []]","[0, -2, 3, 4, None, 2, -4, 2, 0, -4, -3]",122,9,,best_alone,wce032b7,7.312553498102598,7.234898420314831,7.9672801789422,4,4,0,1,1,1,6.0
3821,"[[3, 9], [0, 3], [], [], [], [], [8], [10, 6], [], [], [5, 4]]","[-2, 2, 4, 3, -1, -3, 2, None, 1, -4, -2]",48,7,,best_alone,wce032b7,7.956476798036782,6.0844994130751715,8.099250561796959,3,3,0,1,1,1,2.0
3827,"[[6, 7], [5, 2], [8], [], [], [4, 9], [7, 10], [], [], [], []]","[-2, None, 4, 3, 3, -3, -1, 0, 3, -1, -1]",74,9,,best_alone,wce032b7,7.817222785508166,6.335054251498058,8.021584533455107,7,7,0,1,1,1,4.0
3828,"[[10, 9], [8], [], [6, 4], [], [3, 1], [], [], [], [], [9, 7]]","[-1, -2, 4, 1, 4, None, -3, -1, -2, -4, -1]",104,8,3.0,best_second,wce032b7,7.760893195851024,6.921658184151129,8.11969625295725,5,5,0,1,1,1,
3831,"[[], [8], [7, 0], [], [6, 3], [4, 1], [], [], [], [2, 7], []]","[-3, 3, -2, -1, 3, None, -2, 2, -4, 1, 3]",182,2,4.0,best_second,wce032b7,8.709630081951284,7.736307096548285,9.030016817844901,2,2,0,1,1,1,
3833,"[[7, 6], [5, 8], [], [], [2], [8, 3], [], [], [], [0, 4], []]","[0, 1, 2, 3, 0, -4, 4, -2, -1, None, -2]",108,4,4.0,best_min,wce032b7,9.040500592684284,6.744059186311348,9.136263168579866,4,4,0,1,1,1,
3834,"[[], [], [4], [8, 5], [], [], [7, 2], [10, 0], [5, 9], [], []]","[3, 0, 1, 0, -2, 3, None, 0, -4, 1, -3]",164,5,,best_min,wce032b7,7.449498005382849,6.818924065275521,7.875879159496309,3,-1,4,0,0,1,6.0
3838,"[[], [], [4, 6], [2, 4], [], [10, 7], [], [0], [], [], [1, 8]]","[3, -2, 3, 2, 3, None, -4, 3, 0, -4, -2]",398,9,,best_alone,wce032b7,7.498869733976931,6.1092475827643655,7.720905251936778,6,6,0,1,1,1,2.0
3840,"[[5, 4], [], [], [0, 5], [], [], [], [9, 10], [], [2, 1], [6]]","[-3, 4, -2, 4, 0, -3, -3, None, -4, 3, -4]",240,10,,best_second,wce032b7,7.4673710669175595,8.326032685955077,8.679141958402255,7,-7,14,0,0,1,6.0
3842,"[[5, 3], [], [], [], [], [3, 1], [], [], [2], [10, 8], [6, 4]]","[-1, 3, -1, 1, -2, 2, 0, 4, 2, None, -3]",390,5,,best_alone,wce032b7,8.255568653283746,6.480044561926653,8.411832675758411,1,1,0,1,1,1,2.0
3845,"[[], [], [], [], [], [], [8, 2], [5, 3], [2, 1], [0], [7, 9]]","[4, 2, 3, -1, -4, -3, -4, -3, -2, 0, None]",316,9,,best_alone,wce032b7,8.36474106822456,6.285998094508865,8.482394685873542,4,4,0,1,1,1,2.0
3846,"[[], [9], [7, 10], [], [6, 0], [2, 1], [0, 3], [], [], [], []]","[-1, -3, 2, 1, -4, None, 3, -1, -1, -2, 2]",210,6,0.0,best_second,wce032b7,8.251924713801357,6.860663671448286,8.473868066677865,4,4,0,1,1,1,
3848,"[[], [3, 9], [6, 8], [], [], [], [4, 5], [], [7], [], [1, 3]]","[-3, -1, None, 1, -4, -2, -3, 1, 4, -4, 0]",300,11,,best_alone,wce032b7,7.765569081097317,6.131226489483141,7.943427767876373,5,5,0,1,1,1,2.0
3849,"[[], [], [], [8, 7], [], [10, 9], [], [], [7, 1], [4], [6, 2]]","[0, -3, -4, -3, 2, None, 2, 0, -1, 0, -1]",330,4,,best_alone,wce032b7,9.171911345356401,6.05443934626937,9.21512888870798,2,2,0,1,1,1,6.0
3850,"[[], [8], [], [5, 9], [], [9, 0], [10, 1], [], [], [], [2, 4]]","[4, -4, -4, -2, -1, 2, None, -1, -2, -4, -4]",304,2,3.0,best_min,wce032b7,9.085117227222105,6.849066282633457,9.18655984331078,-5,-5,0,1,1,1,
3853,"[[], [4, 2], [8], [10, 6], [5, 0], [], [], [], [], [3, 10], []]","[-2, None, 4, 1, -3, 2, -1, 4, -1, 1, 1]",376,6,,best_alone,wce032b7,8.340694647925071,6.148468295917647,8.446341450444287,3,3,0,1,1,1,4.0
3854,"[[8, 3], [], [], [], [10], [], [0, 4], [9, 5], [], [5, 2], []]","[-4, 4, -3, 2, 4, 4, None, 1, -4, 1, 2]",312,11,,best_alone,wce032b7,7.86480400332846,6.302618975744904,8.054840221101026,6,6,0,1,1,1,6.0
3855,"[[], [10, 0], [], [2, 8], [6], [3, 2], [], [1, 4], [], [], []]","[4, -4, 3, 4, 0, 4, 1, None, 2, -3, 2]",338,2,8.0,best_alone,wce032b7,8.293799608846818,6.720220155135295,8.481980435660493,1,0,1,0,0,1,
3856,"[[2, 3], [], [1, 8], [7], [], [], [], [], [], [10, 4], [4, 6]]","[None, 0, 2, 4, 0, -2, 4, 3, -4, -3, -1]",264,7,,best_alone,wce032b7,8.133000218583613,6.025865973825315,8.247482004285693,7,7,0,1,1,1,4.0
3859,"[[], [6], [], [4, 1], [2, 0], [], [], [9, 8], [], [8, 5], []]","[-4, -4, 3, None, 3, 2, -3, 0, -3, -4, -3]",344,10,7.0,best_second,wce032b7,7.6577552711348655,6.398594934535208,7.907283609426348,6,6,0,1,1,1,
3862,"[[4], [8, 9], [], [], [], [10, 0], [], [], [9, 3], [], [7, 2]]","[1, 0, -4, 2, 0, None, 1, 3, -3, -2, 3]",276,6,7.0,best_min,wce032b7,7.029087564149662,6.597145701886651,7.528869256642251,6,6,0,1,1,1,
3863,"[[2], [10, 0], [], [], [8, 7], [], [], [], [7, 6], [], [3, 9]]","[-4, None, -4, 2, -3, -1, -3, 2, 4, 4, -4]",92,5,8.0,best_second,wc312caf,9.155884186180124,8.531687637566689,9.584796293210003,0,0,0,1,1,1,
3865,"[[2, 4], [], [4, 10], [], [], [], [3, 1], [], [5], [6, 8], []]","[2, 2, 0, 0, 0, -4, 0, 2, 0, None, -1]",72,4,2.0,best_second,wc312caf,8.418918622147897,7.142036574706803,8.664750755773852,2,2,0,1,1,1,
3866,"[[], [6, 10], [5, 3], [], [2, 5], [], [0, 7], [], [], [], [8]]","[2, None, 2, 1, 0, -4, 4, 0, 1, -1, -1]",194,4,4.0,best_second,wc312caf,8.572627898304338,7.7886260656250315,8.948585921534317,6,6,0,1,1,1,
3870,"[[9, 2], [0, 10], [], [6, 8], [], [], [], [3, 6], [], [], [5]]","[0, None, -2, -3, -4, 4, 2, 0, 3, -4, -4]",62,3,,best_alone,wc312caf,8.990939806940807,7.00033446027523,9.118882761487347,0,0,0,1,1,1,2.0
3874,"[[], [], [], [], [2], [6, 0], [], [5, 6], [10, 4], [], [3, 1]]","[1, -4, -3, 4, -3, 4, -3, 3, None, 3, 2]",32,10,6.0,best_second,wc312caf,8.3059782109673,6.80128303447162,8.506334448081363,6,6,0,1,1,1,
3876,"[[4, 8], [7], [0, 1], [], [], [3, 10], [], [], [], [5, 3], []]","[4, -2, None, -2, 4, 1, 1, -2, -4, -2, -1]",90,10,8.0,best_second,wc312caf,8.047509510981422,7.1569563646156364,8.391176350832751,8,8,0,1,1,1,
3881,"[[1, 3], [5, 9], [4, 6], [10], [], [], [], [2, 4], [], [], []]","[None, 4, -3, 0, -3, -3, 4, -3, -3, 3, -3]",184,8,1.0,best_second,wc312caf,7.528331766707247,7.776115477098742,8.352790135124629,7,7,0,1,1,1,
3884,"[[], [], [], [9, 10], [], [], [1, 7], [], [6, 1], [0, 5], [4]]","[4, -4, 0, None, -2, 0, -2, -3, -4, 3, -3]",74,8,3.0,best_second,wc312caf,7.516433302915632,6.7190131543852605,7.887959336599945,7,7,0,1,1,1,
3886,"[[], [], [4, 7], [6, 9], [], [], [0, 1], [], [2, 4], [5], []]","[4, 2, 4, None, 2, -2, 0, -3, 2, 0, -2]",190,4,2.0,best_second,wc312caf,8.48920515487607,7.380879035564116,8.774312958285378,4,4,0,1,1,1,
3888,"[[10, 2], [7, 6], [], [], [], [], [], [], [1, 9], [5], [2, 3]]","[2, -1, -1, -3, 4, -3, 0, 4, None, 0, 4]",176,5,1.0,best_second,wc312caf,8.837390855544697,7.853216388156072,9.154827662045925,3,3,0,1,1,1,
3893,"[[], [], [], [], [], [3, 0], [10], [4, 1], [5, 3], [7, 6], []]","[-2, 3, 2, 2, -1, -2, 0, 3, 4, None, 0]",8,5,0.0,best_second,wc312caf,8.278174290943737,7.7057128238944275,8.72534492491121,6,6,0,1,1,1,
3895,"[[9, 8], [], [3, 10], [10, 4], [], [], [], [], [5], [1, 7], []]","[None, -4, -1, -2, 2, 4, 3, -2, 3, -1, -1]",52,11,,best_alone,wc312caf,9.049467146388098,7.116394144093465,9.184509611941662,7,7,0,1,1,1,2.0
3896,"[[4, 7], [10], [3, 1], [6, 5], [7, 9], [], [], [], [], [], []]","[-4, 1, None, -1, 3, -1, 1, -1, -1, 0, 1]",146,3,,best_alone,wc312caf,8.819813136232225,7.56164174558878,9.069813136839205,2,2,0,1,1,1,2.0
3904,"[[], [], [], [10], [2, 7], [6, 1], [], [], [4, 2], [5, 3], []]","[4, 4, 2, -4, 4, 3, 3, 3, 3, None, 2]",66,5,1.0,best_second,wc312caf,9.054972284742487,8.661985936317778,9.570738376715038,7,7,0,1,1,1,
3905,"[[4, 6], [7, 9], [8], [1, 2], [6, 5], [], [], [], [], [], []]","[-4, 1, -2, None, 4, -3, 2, -4, 1, 3, -2]",200,6,2.0,best_min,wc312caf,8.663542087751376,6.93828448401696,8.827321452697849,4,4,0,1,1,1,
3906,"[[], [], [], [10, 9], [], [7, 1], [5, 7], [], [], [8], [2, 0]]","[-3, 1, -1, None, 2, 0, 0, -2, 3, 0, -1]",116,6,,best_alone,wc312caf,8.570923513837204,6.946975992135418,8.75068303478459,3,3,0,1,1,1,2.0
3910,"[[7, 9], [], [], [], [2], [6, 3], [], [9, 1], [5, 4], [], []]","[-2, -1, -4, -4, -3, 3, 4, 3, None, 2, -4]",20,11,7.0,best_second,wc312caf,8.262300941787448,7.793586803371584,8.748146169621927,7,7,0,1,1,1,
3911,"[[10, 4], [3, 7], [], [6, 8], [], [], [], [5], [], [], [4, 9]]","[0, None, 0, -3, -4, 3, 3, 4, -1, 1, 2]",140,9,,best_alone,wc312caf,8.873187904050106,7.468513271496337,9.092569836241674,7,7,0,1,1,1,4.0
3912,"[[], [], [1], [10, 8], [], [], [9, 4], [6, 2], [], [], [8, 0]]","[-3, -3, -3, 3, -1, -1, 2, None, 1, -2, -2]",162,4,3.0,best_second,wc312caf,8.331586243630753,7.094234845924755,8.58615939588096,1,0,1,0,1,1,
3913,"[[10], [], [], [], [7, 9], [8, 0], [4, 7], [], [1, 3], [], []]","[3, 2, 4, -2, 0, None, 2, 3, -1, 0, 3]",80,7,,best_alone,wc312caf,8.121777419161074,6.754604099487962,8.348537825386098,6,6,0,1,1,1,4.0
3914,"[[5, 3], [4, 10], [], [], [2, 9], [3, 6], [], [], [], [], [7]]","[2, None, -2, -1, -4, -2, 4, 0, -4, 0, 4]",6,9,,best_alone,wc312caf,8.080237416216702,6.439350371100098,8.25712628599743,4,4,0,1,1,1,2.0
3918,"[[], [], [10, 1], [6, 9], [], [], [4, 8], [], [], [0], [1, 7]]","[-3, 3, 2, None, 1, -2, 0, -2, 4, -4, 4]",4,7,4.0,best_second,wc312caf,8.403352374992478,7.6746174973643635,8.796943893541739,4,4,0,1,1,1,
3919,"[[], [6, 3], [1, 6], [], [10], [9, 7], [], [], [5, 4], [], []]","[-4, 4, -4, 0, -2, 1, -3, -4, None, 3, -3]",48,8,5.0,best_second,wc312caf,9.147932911847565,7.160845906664298,9.276315360899714,4,4,0,1,1,1,
3920,"[[6, 2], [], [3], [], [], [], [5, 10], [9, 1], [], [1, 8], []]","[None, 2, 2, 4, 3, 3, -2, 4, 2, 4, -1]",98,7,,best_alone,wc312caf,8.986946789406764,6.705639094860003,9.084096645401932,6,6,0,1,1,1,4.0
3922,"[[], [2, 0], [], [5], [1, 3], [], [], [6, 10], [], [7, 6], []]","[-4, -3, 2, 2, None, 4, 4, 2, -4, 3, -3]",198,10,,best_alone,wc312caf,8.108322290173241,6.669498089857879,8.320934968883408,6,6,0,1,1,1,6.0
3924,"[[], [3], [5, 1], [], [6, 9], [8, 0], [], [], [], [], [4, 6]]","[2, 1, None, 0, 2, 4, 0, 1, -1, 3, -1]",102,4,2.0,best_second,wc312caf,7.947325027016463,7.9247959139564355,8.629092283913646,6,3,3,0,1,1,
3925,"[[], [], [1], [10, 6], [9, 7], [3, 2], [], [], [], [7, 8], []]","[1, -2, 3, -4, -3, None, -2, -3, -1, 1, 0]",168,6,,best_alone,wc312caf,8.454253391642364,6.340359303727752,8.568076401730806,1,1,0,1,1,1,2.0
3926,"[[], [7, 4], [5, 6], [], [10], [6, 9], [], [8, 3], [], [], []]","[0, None, 0, -2, 3, -1, -3, 0, 4, -2, 2]",186,4,,best_alone,wc312caf,7.9102237070973445,6.7357800142423265,8.179199798423085,5,5,0,1,1,1,6.0
3927,"[[2, 5], [], [], [], [0, 2], [], [], [8, 10], [3, 9], [], [1]]","[4, -1, -4, -1, -4, 1, -4, None, -1, 4, -3]",40,6,5.0,best_second,wc312caf,8.230044310126116,6.704414354964107,8.426611813184998,3,-2,5,0,1,1,
3928,"[[], [5, 6], [3, 4], [], [], [], [], [], [1, 10], [2, 3], [7]]","[-3, 1, 4, 2, 0, 1, 4, -4, None, 4, 0]",56,6,3.0,best_second,wc312caf,8.387539983189367,8.016647877057803,8.912203841620542,5,5,0,1,1,1,
3930,"[[8, 5], [3, 2], [6], [7, 4], [], [], [], [], [], [0, 8], []]","[-2, None, 4, -4, 3, -2, 4, 1, -4, -1, 1]",178,10,,best_alone,wc312caf,7.939158817956797,6.761572768804055,8.207401833376355,8,8,0,1,1,1,2.0
3931,"[[6, 4], [], [5, 8], [0, 6], [], [], [], [], [], [2, 10], [1]]","[-4, 2, -1, -3, 2, 1, 4, 4, -3, None, -4]",182,3,,best_min,wc312caf,8.60813018640834,7.214504414151143,8.829665432675236,0,-2,2,0,0,1,4.0
3932,"[[], [3, 5], [8, 0], [10, 9], [], [7], [2, 8], [], [], [], []]","[-2, None, -3, -4, -1, 4, 4, 0, 2, 2, -4]",156,9,,best_alone,wc312caf,8.270013062273787,6.4425401664681985,8.418918622147897,4,4,0,1,1,1,6.0
3936,"[[1], [], [5, 0], [], [], [9, 4], [8, 10], [], [10, 7], [], []]","[1, 3, None, -4, 2, -4, 4, 3, -4, 4, 4]",124,5,,best_alone,wc312caf,8.464635940677562,5.953243334287785,8.542470998600507,4,4,0,1,1,1,2.0
3937,"[[], [], [10, 0], [7, 5], [3, 6], [], [9], [], [], [], [0, 8]]","[3, -2, 0, -4, None, 4, -1, -1, -2, 0, -4]",100,3,,best_min,wc312caf,8.743053050224676,8.207946941048617,9.203919804173259,0,-1,1,0,0,1,5.0
3939,"[[5, 4], [], [], [], [], [], [3], [], [7, 2], [0, 5], [8, 6]]","[4, -4, -2, -3, 2, 0, 4, 4, 1, 3, None]",122,5,3.0,best_min,wc312caf,8.557759153162898,7.450079569807499,8.843037724962368,5,5,0,1,1,1,
3941,"[[5, 3], [6, 8], [], [], [], [3, 10], [9, 2], [], [4], [], []]","[-2, None, 0, -3, 3, 3, 1, 0, 3, -2, -2]",152,6,,best_alone,wc312caf,8.532672762264623,7.499423290592229,8.83695515733143,6,6,0,1,1,1,2.0
3944,"[[1, 7], [3, 10], [], [], [], [], [4, 2], [8], [], [6, 4], []]","[None, 4, 2, -2, 3, 0, -4, -4, -2, 3, 4]",112,10,0.0,best_second,wc312caf,8.461046030793236,7.186901020411631,8.707482917859368,8,8,0,1,1,1,
3945,"[[], [8, 10], [], [7, 4], [], [1, 6], [0], [], [], [3, 7], []]","[4, -3, 4, -2, 3, None, 4, -2, 1, -3, -1]",28,11,,best_alone,wc312caf,8.153637486385284,7.388946097618437,8.535622326884605,8,8,0,1,1,1,2.0
3948,"[[], [2, 0], [], [6], [1, 2], [], [], [9, 3], [], [10, 8], []]","[3, 1, 1, -2, -3, -1, -4, None, 4, 2, -4]",46,10,2.0,best_second,wc312caf,8.495765244002618,7.2449415463370075,8.74735207762435,6,6,0,1,1,1,
3953,"[[10, 3], [], [6, 5], [], [0, 10], [1], [7, 9], [], [], [], []]","[-2, 4, None, -3, -1, 4, -3, -3, -3, 3, -3]",142,11,,best_alone,wc312caf,8.172729104865471,7.322510433997395,8.528330935826693,8,8,0,1,1,1,6.0
3961,"[[], [], [7], [5, 2], [], [0, 4], [8, 1], [], [], [6, 8], []]","[0, 4, -2, None, -4, -4, 0, 4, -2, 4, -4]",114,8,,best_alone,wc312caf,8.496582237512113,7.0085051820822795,8.700014623251844,2,2,0,1,1,1,4.0
3963,"[[9, 4], [5, 2], [7], [0, 9], [], [6, 8], [], [], [], [], []]","[-1, None, -3, -3, 1, 3, 0, -2, 4, 0, -2]",160,8,1.0,best_second,wc312caf,8.008698182988528,7.007600613951853,8.321421586897877,7,7,0,1,1,1,
3964,"[[], [], [], [0, 1], [], [4, 2], [9], [5, 6], [], [], [3, 0]]","[3, -1, -1, 0, -3, -2, 3, None, 3, 1, 2]",42,8,,best_alone,wc312caf,8.403352374992478,7.142827401161621,8.65277248565806,4,4,0,1,1,1,2.0
3965,"[[9, 2], [], [], [], [6, 10], [0, 9], [1, 7], [], [], [], [8]]","[0, -3, 3, 4, None, 0, -4, -1, 0, 1, -1]",106,5,3.0,best_alone,wc312caf,8.693328989123106,8.336390480591552,9.2237500588861,-1,-5,4,0,0,1,
3966,"[[10, 4], [], [], [6, 5], [], [], [5, 9], [2], [0, 7], [], []]","[1, 0, 3, -1, 0, -2, 1, 3, None, 1, -2]",166,6,,best_alone,wc312caf,8.170468578330674,6.8617113404807295,8.409385238781931,6,6,0,1,1,1,2.0
3967,"[[4, 6], [8], [0, 4], [7, 1], [], [], [], [9, 10], [], [], []]","[0, 1, 3, None, 2, 0, 2, 4, 0, -1, 2]",144,4,2.0,best_second,wc312caf,7.960672608388117,7.554334823725747,8.470939806898775,6,3,3,0,1,1,
3968,"[[8, 9], [6], [4, 1], [], [7, 10], [], [], [], [9, 3], [], []]","[2, 0, None, 0, -4, 1, 2, 1, 1, 4, -1]",108,6,3.0,best_alone,wc312caf,8.55275336681479,7.882314918980268,8.965717788984849,2,-3,5,0,0,1,
3969,"[[], [10, 9], [], [2, 4], [], [3, 6], [0], [], [], [], [9, 7]]","[-1, -1, 3, -4, 1, None, 3, 1, -1, -1, 4]",94,4,,best_alone,wc312caf,8.64979915596426,6.448889394146858,8.75463404743127,2,2,0,1,1,1,2.0
3971,"[[], [8, 6], [], [10, 7], [], [], [], [0], [6, 5], [], [4, 9]]","[-4, 2, 3, None, 2, 4, -3, 1, 3, -2, -3]",88,3,1.0,best_min,wc312caf,9.529521111487334,8.282483003730562,9.782054112252597,-1,-1,0,1,1,1,
3972,"[[3], [9, 8], [], [], [], [4, 7], [1, 0], [], [], [], [5, 4]]","[-1, 2, 4, 3, 0, -1, None, 1, 3, -2, -1]",14,4,,best_min,wc312caf,8.59637398929068,6.919683849847411,8.767640577257792,5,2,3,0,0,1,5.0
3973,"[[4, 3], [7, 9], [], [], [], [], [2], [], [1, 7], [], [0, 6]]","[-3, 2, 3, 0, -2, -2, 2, 2, 3, 2, None]",154,9,,best_alone,wc312caf,8.377701212597637,7.401231264413014,8.697178688412645,5,5,0,1,1,1,2.0
3974,"[[], [9], [6, 8], [], [], [7, 1], [8, 3], [10, 0], [], [], []]","[-3, -4, 1, -1, 4, None, -4, 1, 0, -4, 4]",150,10,4.0,best_second,wc312caf,8.20111164444276,7.303170051236799,8.542665987389269,5,5,0,1,1,1,
3975,"[[], [0], [], [], [], [], [4, 2], [9, 1], [6, 4], [10, 5], []]","[4, 4, 2, 4, 2, -2, -4, None, 0, -3, 2]",138,11,,best_alone,wc312caf,8.043984431221554,6.642486801367256,8.263848131368906,8,8,0,1,1,1,4.0
3977,"[[], [8, 4], [], [], [3], [], [9, 5], [], [10, 7], [5, 2], []]","[1, None, 2, -4, -1, -2, 4, 4, -2, -2, -1]",30,6,6.0,best_second,wc312caf,8.905715578794089,7.595889917718538,9.14452103093889,2,2,0,1,1,1,
3979,"[[10, 9], [], [], [8, 2], [0, 6], [], [7], [], [2, 1], [], []]","[3, -2, 2, -4, None, -4, 3, -4, -4, -1, -2]",170,2,4.0,best_second,wc312caf,8.578852571802965,7.649692623711514,8.911529941736557,2,2,0,1,1,1,
3980,"[[], [], [], [1, 0], [9, 7], [], [], [5], [], [8, 2], [3, 1]]","[2, 0, 0, -3, None, 3, 0, 4, -2, -2, 4]",10,10,,best_alone,wc312caf,7.959275960116396,6.806829360392176,8.233503140233994,7,7,0,1,1,1,2.0
3982,"[[], [], [], [], [], [3, 2], [8, 1], [], [1, 4], [5, 10], [7]]","[3, 0, -3, 4, 3, 3, 3, -4, 3, None, 2]",158,8,6.0,best_second,wc312caf,7.9291264873067995,7.5678626054638825,8.457655478700042,7,7,0,1,1,1,
3984,"[[], [], [0, 4], [], [], [3], [7, 1], [1, 10], [2, 5], [], []]","[-4, 0, 0, 3, 0, 2, -2, 2, None, 1, 1]",172,7,,best_alone,wc312caf,7.900266036767701,6.809039306042979,8.189522110748092,5,5,0,1,1,1,4.0
3985,"[[], [8, 9], [7, 5], [1, 8], [], [0], [], [10, 6], [], [], []]","[4, -1, None, -4, 1, 4, 0, -3, 1, 3, 2]",2,10,,best_alone,wc312caf,8.084562415235304,6.511745329644728,8.272826003650401,8,8,0,1,1,1,2.0
3988,"[[6, 3], [], [5], [], [7, 1], [], [], [], [], [0, 2], [4, 7]]","[-2, -4, 4, 2, 4, 0, 0, 4, -3, None, 1]",126,5,,best_alone,wc312caf,8.038834757787749,7.398174092970465,8.461891875631148,4,4,0,1,1,1,2.0
3989,"[[6, 8], [], [3, 10], [5, 7], [], [], [8, 9], [], [], [], [1]]","[1, -2, None, -2, -1, 4, -1, -3, 2, -4, 1]",18,5,1.0,best_min,wc312caf,8.733110697638708,7.195187320178708,8.92757950384347,2,2,0,1,1,1,
3991,"[[], [8, 0], [1, 8], [], [7, 3], [10], [], [], [], [4, 5], []]","[2, 1, 1, -4, -4, 3, -2, -2, 3, None, 0]",16,10,,best_alone,wc312caf,8.036249942132116,7.183111701743281,8.390949464841986,3,3,0,1,1,1,2.0
3992,"[[8, 7], [10], [6, 4], [], [], [2, 1], [], [], [7, 3], [], []]","[3, 1, -2, 3, -2, None, -4, -4, 4, -3, -2]",130,4,,best_alone,wc312caf,8.651549243915316,6.298949246855942,8.742254901886351,-1,-1,0,1,1,1,2.0
3997,"[[], [4, 2], [], [7, 0], [], [], [], [], [3, 7], [1, 10], [5]]","[4, 4, -3, -2, -1, 2, -1, 0, -3, None, 2]",96,2,7.0,best_alone,wc312caf,8.01829613851552,7.365180126021012,8.437067146936952,4,3,1,0,0,1,
3998,"[[6, 9], [], [], [], [], [10, 7], [8, 3], [], [], [4], [7, 1]]","[None, 1, 1, 4, -4, 4, -3, -4, 0, 3, 4]",120,3,,best_min,wc312caf,8.786303878282583,6.593044534142437,8.891924140154542,1,-1,2,0,0,1,4.0
3999,"[[], [], [], [6, 1], [3, 9], [], [], [], [10, 7], [5], [7, 2]]","[0, 1, 0, 3, None, 0, -4, 3, -3, -3, -1]",58,6,2.0,best_second,wc312caf,8.389359819906353,7.921898411023797,8.875706444628609,4,4,0,1,1,1,
4001,"[[], [7, 0], [3, 8], [], [2, 3], [], [10], [], [], [1, 6], []]","[-2, 0, 3, 3, 3, 3, -4, -4, 0, None, 4]",64,3,,best_alone,wc312caf,8.841881989497114,6.4216222678065185,8.926915889777044,0,0,0,1,1,1,2.0
4003,"[[7, 9], [], [], [], [], [2, 1], [4], [], [5, 2], [], [0, 6]]","[-2, -4, -3, 1, 2, 2, 4, -1, 2, -3, None]",86,10,,best_alone,wc312caf,8.026170194946426,7.438383530044308,8.46779284112111,6,6,0,1,1,1,2.0
4009,"[[], [5, 6], [], [], [0, 10], [6, 3], [], [4, 9], [], [8], []]","[0, 1, 4, 0, -3, 0, 1, None, 1, 2, -4]",36,8,,best_alone,wc312caf,8.703838719690246,6.57507584059962,8.816111895794005,3,3,0,1,1,1,4.0
4013,"[[], [], [4, 0], [], [], [6], [], [], [2, 5], [7, 1], [9, 7]]","[4, 0, -3, -1, 2, 3, 2, 1, None, 0, 1]",22,5,,best_alone,wc312caf,7.9936199948277435,6.028278520230699,8.124446855715847,5,5,0,1,1,1,2.0
4014,"[[], [], [7, 0], [], [], [], [9, 3], [0, 5], [4], [], [6, 8]]","[-3, 4, -1, -4, -4, -4, -3, 0, -1, -1, None]",148,2,,best_min,wc312caf,8.473659189392508,6.030685260261263,8.556798446008598,-4,-5,1,0,0,1,3.0
4015,"[[5, 1], [], [], [2, 7], [], [1, 9], [4], [], [3, 6], [], []]","[-1, 1, -2, 0, 4, 2, 4, -4, None, -4, -4]",34,11,,best_alone,wc312caf,7.974188669286012,6.302618975744904,8.146129510025405,8,8,0,1,1,1,2.0
4017,"[[], [0], [], [], [], [10, 7], [5, 1], [], [4, 2], [8, 4], []]","[1, -1, -2, 1, 0, 1, None, 2, 4, -4, 1]",128,2,1.0,best_second,wc312caf,8.643473357326567,7.96032362914884,9.052164937010307,3,3,0,1,1,1,
4019,"[[], [], [3, 5], [5, 7], [0, 1], [], [], [], [4, 9], [10], []]","[-4, -2, -2, -4, -1, 3, 2, 2, None, 4, 3]",50,11,,best_alone,wc312caf,7.847762537473608,6.126869184114185,8.01201823915906,7,7,0,1,1,1,2.0
4020,"[[8, 10], [], [], [], [], [7, 6], [], [6, 3], [9, 4], [], [1]]","[None, -4, -4, -3, 0, -2, -3, -2, -1, 2, 1]",84,3,1.0,best_second,wc312caf,8.764834214330834,7.682021510826875,9.056373008678756,1,1,0,1,1,1,
4023,"[[4, 2], [], [], [7, 10], [], [], [0, 4], [5, 8], [], [], [1]]","[-1, 1, -4, None, 0, -3, -2, -2, -1, 3, 3]",78,8,,best_alone,wc312caf,8.0805469658245,8.527539483470381,9.021839764105511,4,4,0,1,1,1,2.0
4024,"[[9], [10, 7], [], [5, 2], [], [], [3, 0], [], [1, 10], [], []]","[2, -3, 1, -3, 0, -3, None, -4, 4, 4, -3]",118,10,,best_alone,wc312caf,9.330609204367127,6.922643891475888,9.416703923250376,6,6,0,1,1,1,4.0
4026,"[[], [4, 2], [], [0, 8], [2, 5], [], [10], [], [], [3, 6], []]","[1, 1, -1, 1, -2, 1, 3, 4, -2, None, -2]",38,2,,best_min,wc312caf,7.974188669286012,6.7650389767805414,8.235095497258358,2,1,1,0,0,1,3.0
4027,"[[], [], [], [5, 8], [], [7, 9], [10, 1], [], [4], [], [1, 2]]","[-3, -4, -4, None, -1, -3, -2, -2, 3, 2, -1]",174,5,,best_alone,wc312caf,10.226693609806864,9.203517146628057,10.533748180040883,2,2,0,1,1,1,4.0
4028,"[[], [3, 0], [], [], [1, 5], [6], [], [2, 9], [7, 2], [], []]","[-3, 4, 0, -1, None, 2, 2, -1, 0, -1, 3]",192,2,,best_alone,wc312caf,8.641179171197228,6.198478716492308,8.724369949208368,4,4,0,1,1,1,2.0
4030,"[[], [], [9], [], [3, 5], [], [], [4, 2], [0, 6], [], [8, 0]]","[-4, 3, 0, 0, -2, -4, -4, None, -4, 3, 3]",82,7,,best_alone,wc312caf,8.544029845369797,6.845879875264049,8.711937268208748,3,3,0,1,1,1,4.0
4031,"[[], [9, 4], [0], [8, 7], [], [], [], [], [], [4, 5], [3, 2]]","[4, 0, 4, -3, -2, -2, -4, 0, 2, 4, None]",188,10,,best_alone,wc312caf,8.151909872940905,6.403574197934815,8.312135107648412,8,8,0,1,1,1,2.0
4032,"[[], [2], [], [10, 5], [], [], [0, 4], [3, 10], [6, 1], [], []]","[-4, 0, -3, -1, -2, 1, -2, -2, None, 3, 1]",24,2,0.0,best_alone,wc312caf,8.349957272040324,8.026170194946426,8.894121641382213,-3,-4,1,0,0,1,
4033,"[[], [4, 10], [1, 4], [], [], [3], [], [8, 6], [], [7, 5], []]","[-1, -4, 2, -2, -3, -1, 2, 2, 1, None, 1]",104,4,0.0,best_second,wc312caf,8.333991247194975,7.676473646389156,8.751316246773454,4,4,0,1,1,1,
4034,"[[], [], [10, 8], [9, 0], [], [], [], [], [1], [0, 6], [4, 5]]","[-3, 4, None, 0, -1, 1, -2, 2, 2, -4, -4]",68,10,,best_alone,wc312caf,8.448057452581375,6.951772164398911,8.649974302650056,6,6,0,1,1,1,2.0
4035,"[[2, 9], [6, 8], [], [0, 2], [], [], [4, 10], [], [5], [], []]","[4, None, -1, 0, 2, 4, 0, 0, -1, -1, -2]",136,3,,best_alone,wc312caf,8.493310250952906,6.450470422144177,8.615045591583742,3,3,0,1,1,1,4.0
4036,"[[2], [], [], [], [6, 1], [], [], [9, 0], [], [5, 3], [4, 6]]","[-3, 2, -3, -1, 3, 4, -4, None, 1, 1, 0]",132,8,,best_second,wc312caf,8.329658067569394,6.504288173536645,8.47886807709457,5,-6,11,0,0,1,5.0
4037,"[[5, 4], [], [], [], [], [4, 6], [], [1], [9, 7], [2, 3], []]","[2, -1, 1, 2, 4, 2, 1, -4, None, -2, 4]",26,3,4.0,best_second,wc312caf,8.719317375506371,7.84971375760487,9.069237530998182,0,0,0,1,1,1,
4038,"[[], [], [], [7, 0], [3, 5], [2], [1, 10], [], [], [6, 1], []]","[-3, 4, 2, -1, None, 2, 3, 3, 3, -3, 1]",164,5,,best_alone,wc312caf,8.094378444972959,7.172424577124845,8.429017500512511,4,4,0,1,1,1,6.0
4039,"[[], [9, 8], [7], [], [3, 10], [4, 2], [], [], [], [8, 0], []]","[-3, -1, 1, 1, -1, None, -4, 2, -1, -3, 3]",12,2,,best_alone,wc312caf,7.930565854233965,6.385194398997725,8.12355783506165,3,3,0,1,1,1,2.0
4044,"[[], [], [4, 10], [8], [10, 7], [9, 3], [], [], [], [1, 6], []]","[2, -3, -1, 4, 2, None, -1, -1, -2, 1, -2]",70,3,,best_alone,wc312caf,7.917536353943631,6.437751649736402,8.122371243406553,2,2,0,1,1,1,2.0
4045,"[[], [], [], [], [6, 1], [], [1, 3], [], [5], [0, 2], [9, 8]]","[-1, -1, 1, -2, -4, -1, 4, -4, 3, -3, None]",44,5,,best_alone,wc312caf,7.807510042216193,7.15851399732932,8.227642707904428,2,2,0,1,1,1,2.0
4049,"[[], [], [], [], [8], [3, 1], [0, 9], [6, 4], [], [], [5, 3]]","[4, -2, 3, 2, 0, 4, 0, None, -2, 2, 4]",76,4,2.0,best_second,wc312caf,8.412277021466677,7.0326242610280065,8.636574948436317,4,4,0,1,1,1,
4053,"[[], [6, 2], [7], [9, 0], [], [], [5, 10], [], [3, 9], [], []]","[3, None, 0, 4, -1, -3, -3, -4, -4, -3, 2]",54,4,5.0,best_min,wc312caf,8.550627967502475,7.301147805856032,8.802522498284421,-1,-1,0,1,1,1,
4054,"[[], [0, 7], [], [1, 0], [], [], [], [], [10, 9], [4], [6, 5]]","[-4, -4, -4, -4, 0, -4, 2, 0, None, 2, -2]",60,5,,best_alone,wc312caf,8.27614021955846,7.1204443723924875,8.549660381553739,2,2,0,1,1,1,6.0
4056,"[[], [9, 10], [7, 6], [], [], [], [], [6, 0], [], [8, 3], [4]]","[-4, None, 1, 4, -1, 3, 0, 1, -1, 1, -3]",180,7,3.0,best_second,wc312caf,8.449556542700426,6.901737206656573,8.642238680390461,5,5,0,1,1,1,
4060,"[[8], [], [4, 5], [], [5, 9], [], [], [3, 6], [], [], [7, 0]]","[1, 2, -3, 4, 1, -4, 2, -4, 3, -3, None]",110,5,6.0,best_alone,wc312caf,8.302513718514156,6.888572459565363,8.519989278718239,4,0,4,0,0,1,
4061,"[[], [10, 2], [], [4], [], [], [], [0, 6], [7, 0], [1, 3], []]","[-3, -4, 2, 3, 2, 2, -1, -4, 3, None, -4]",134,10,,best_alone,wc312caf,8.178077463849606,6.54534966033442,8.356319965828153,5,5,0,1,1,1,6.0
4062,"[[], [], [5, 6], [], [], [6, 1], [], [8, 9], [10, 4], [3], []]","[-3, 4, -3, 2, -4, 3, 3, None, 0, 4, 4]",196,6,,best_alone,wc312caf,7.804659297056102,7.773594467360194,8.482187582217422,6,6,0,1,1,1,8.0
4063,"[[4, 7], [], [5, 10], [2, 9], [], [], [], [], [0, 4], [1], []]","[0, -2, 4, None, -2, -4, -3, 4, -1, -2, 4]",228,10,0.0,best_second,wc312caf,7.893572073504902,7.218176838403407,8.304742269640771,8,8,0,1,1,1,
4065,"[[], [], [3, 10], [], [], [6, 9], [0, 8], [2, 3], [], [4], []]","[-2, 2, -2, -3, 0, None, -4, -2, -4, 3, -1]",338,10,,best_alone,wc312caf,7.755767170102998,7.484368643286131,8.322151070212902,3,3,0,1,1,1,2.0
4066,"[[6, 7], [5], [4, 3], [], [3, 10], [], [], [], [], [0, 1], []]","[-3, 4, -3, -4, 3, 2, -3, -1, -3, None, 3]",302,11,,best_alone,wc312caf,7.591861714889934,6.860663671448286,7.984462732262197,6,6,0,1,1,1,2.0
4068,"[[3, 6], [], [], [10, 9], [], [], [5], [8, 1], [1, 2], [], []]","[None, -2, 4, 4, 4, 2, -2, 0, -2, 0, -2]",364,3,4.0,best_second,wc312caf,8.387084506069217,8.687779491991773,9.241742135115715,4,4,0,1,1,1,
4069,"[[7, 2], [0, 7], [], [6, 4], [], [3, 9], [], [], [], [10], []]","[-4, -2, 4, -4, -4, None, 2, 3, 3, 2, 4]",342,11,,best_alone,wc312caf,8.444407421690585,6.803505257608338,8.621373010325902,6,6,0,1,1,1,6.0
4070,"[[], [], [], [], [9, 8], [4, 9], [0], [10, 6], [], [], [3, 1]]","[2, -4, 4, 4, -3, 3, 3, None, 0, -2, -2]",278,7,,best_alone,wc312caf,8.679822114864455,7.334981878871814,8.911260254572031,5,5,0,1,1,1,8.0
4071,"[[7], [10, 0], [8, 5], [], [], [], [], [], [5, 6], [], [3, 4]]","[4, None, 2, -4, -2, -1, -3, 3, -1, -4, -1]",298,11,,best_alone,wc312caf,8.643825842349603,6.302618975744904,8.735525185733225,7,7,0,1,1,1,2.0
4072,"[[9, 2], [8, 3], [], [], [], [], [0, 7], [5], [3, 10], [], []]","[-4, 1, 3, 0, -2, 4, None, 4, -1, -1, 3]",300,11,,best_alone,wc312caf,8.211482916445066,6.434546518787453,8.367532416861831,8,8,0,1,1,1,4.0
4075,"[[3, 6], [5, 2], [], [8, 4], [], [2, 9], [10], [], [], [], []]","[None, -1, 3, -2, -4, -1, 4, -2, -2, -4, -3]",234,6,,best_alone,wc312caf,7.932721027481949,6.48768401848461,8.144098463338523,1,1,0,1,1,1,2.0
4081,"[[], [4, 8], [3, 10], [], [8, 5], [], [2, 9], [], [], [7], []]","[3, 1, -1, 0, -2, -2, None, -4, -4, -3, 3]",280,6,4.0,best_second,wc312caf,8.445911989411274,6.450470422144177,8.573195381531523,2,-1,3,0,1,1,
4082,"[[], [], [], [], [3, 6], [4, 8], [], [9, 1], [2], [], [7, 9]]","[0, 3, 1, 3, 4, None, 0, -2, -1, -4, 0]",318,5,4.0,best_second,wc312caf,7.60688453121963,6.539585955617669,7.902117546276448,7,7,0,1,1,1,
4084,"[[], [], [10, 8], [], [6, 9], [], [9, 0], [], [5], [], [7, 1]]","[4, -4, None, 1, -1, 2, -1, -2, 3, -4, -3]",366,11,,best_alone,wc312caf,7.971085753505608,7.269616749608169,8.373553741214627,5,5,0,1,1,1,2.0
4086,"[[10, 1], [], [], [], [], [6, 4], [4, 3], [0, 9], [], [8], []]","[-3, 0, -3, -2, -2, -1, -2, None, 3, 2, -2]",378,9,,best_alone,wc312caf,7.9966538754626075,6.786716950605081,8.257385655730436,5,5,0,1,1,1,2.0
4087,"[[], [], [], [7, 6], [1], [], [], [6, 9], [10, 4], [], [5, 0]]","[-3, -4, 1, -4, -4, 3, 0, 3, None, -1, 3]",336,10,6.0,best_second,wc312caf,8.03398273468322,7.807510042216193,8.620110725422924,6,6,0,1,1,1,
4088,"[[9, 1], [], [], [4, 7], [6, 10], [], [], [5], [], [1, 2], []]","[1, 1, 3, None, -4, 4, -4, -1, -1, 4, 0]",388,9,,best_alone,wc312caf,8.523175263093785,7.71333788887187,8.891098830616636,3,3,0,1,1,1,4.0
4090,"[[], [3, 10], [], [9, 5], [8, 7], [], [], [], [7, 0], [], [2]]","[-4, None, 2, -2, 1, -3, -2, 2, -4, -1, 4]",262,10,,best_alone,wc312caf,8.09376775793108,6.946975992135418,8.369388996647842,6,6,0,1,1,1,2.0
4093,"[[9, 6], [], [], [4, 10], [], [], [1], [3, 4], [], [5, 2], []]","[None, -1, -1, 2, -1, 2, -2, -2, 1, 4, -4]",354,6,5.0,best_second,wc312caf,8.07527154629746,7.516433302915632,8.527341522468053,6,6,0,1,1,1,
4094,"[[], [10, 9], [5, 7], [], [], [4, 3], [], [6], [], [], [9, 0]]","[2, 1, None, -3, -1, -1, 3, 1, -1, -2, -3]",226,7,,best_alone,wc312caf,8.629092283913646,6.424869023905387,8.733594061863055,4,4,0,1,1,1,2.0
4098,"[[], [], [5], [6, 2], [], [], [1, 4], [], [], [8, 7], [9, 8]]","[4, 4, 0, None, 0, -4, 2, -3, 2, -4, -2]",306,7,2.0,best_second,wc312caf,7.997326822998097,7.333023014386481,8.412277021466677,6,6,0,1,1,1,
4099,"[[10, 1], [], [], [], [3, 8], [], [2], [0, 6], [], [4, 3], []]","[-1, 4, -1, -3, 1, 2, -3, None, -4, -4, -1]",290,6,5.0,best_second,wc312caf,8.220941168281389,7.57147364885127,8.641002477142523,3,3,0,1,1,1,
4102,"[[4, 6], [5], [0, 1], [], [], [], [], [3, 10], [], [7, 3], []]","[-4, 2, None, 4, 0, -3, -4, 4, 4, -2, 4]",344,5,,best_alone,wc312caf,8.703008637464448,6.93828448401696,8.860924729719041,-1,-1,0,1,1,1,4.0
4103,"[[], [], [], [9, 5], [], [7], [10, 0], [], [6, 10], [1, 2], []]","[3, -3, 1, None, -4, -1, -2, 4, 0, -4, -4]",334,8,,best_alone,wc312caf,8.498621805830803,6.690842277418563,8.650324504019421,3,3,0,1,1,1,4.0
4104,"[[1, 9], [8, 2], [], [], [7, 6], [4, 7], [], [], [], [3], []]","[None, -4, 2, 1, 4, 4, 1, 0, -4, 2, -4]",276,8,,best_alone,wc312caf,8.60940767540405,6.483107351457199,8.721928343047091,3,3,0,1,1,1,6.0
4106,"[[], [], [], [5, 0], [], [0, 8], [7], [], [], [10, 6], [1, 2]]","[0, 0, -2, 2, 2, -2, 3, 2, 4, None, 3]",268,3,,best_alone,wc312caf,8.554874258383926,6.539585955617669,8.679822114864455,5,5,0,1,1,1,2.0
4109,"[[], [], [4], [6, 1], [], [3, 6], [], [9, 2], [], [0, 10], []]","[4, -2, -1, 0, -1, -1, -1, None, -1, 4, -2]",330,8,6.0,best_second,wc312caf,7.696667081526462,7.109062135687172,8.138272638530184,8,8,0,1,1,1,
4110,"[[5, 2], [3, 4], [], [], [], [2, 9], [], [1, 8], [10], [], []]","[-4, 0, 0, 0, 3, -1, 3, None, -2, -2, 4]",18,2,3.0,best_min,wb6a7f71,8.99850761180784,8.806723554725636,9.60028566842631,3,3,0,1,1,1,
4111,"[[8, 6], [], [], [], [1], [2, 3], [], [], [], [0, 8], [5, 4]]","[-1, 4, 3, -3, 1, -4, 3, 4, -2, 4, None]",192,9,,best_alone,wb6a7f71,8.851090687664982,8.198089248956117,9.270023374137356,5,5,0,1,1,1,6.0
4112,"[[], [7, 3], [], [9], [], [], [0, 10], [2, 4], [6, 0], [], []]","[-1, None, -1, -1, 3, -2, -2, -2, 3, 3, 3]",20,3,,best_alone,wb6a7f71,8.197263371414337,6.833031732786201,8.42463920980563,2,2,0,1,1,1,4.0
4113,"[[], [], [], [0, 1], [7], [2, 8], [5, 4], [], [], [], [3, 0]]","[-4, -1, 1, -2, 4, 0, None, 0, -1, 4, -3]",164,4,,best_alone,wb6a7f71,9.226410552153677,5.83773044716594,9.259511415982631,4,4,0,1,1,1,2.0
4114,"[[5, 6], [], [], [], [], [6, 3], [], [4], [9, 7], [10, 2], []]","[-2, 1, 3, -2, 0, -3, -4, 2, None, 2, 2]",98,2,1.0,best_second,wb6a7f71,8.801619971147346,6.839476438228843,8.933004591578547,5,4,1,0,1,1,
4115,"[[6, 8], [2, 9], [4, 5], [], [], [], [], [], [], [3], [0, 6]]","[4, None, -4, 2, -2, 0, 2, 3, 1, 4, -3]",52,11,,best_alone,wb6a7f71,8.447843113281444,6.595780513961311,8.593413217327647,6,6,0,1,1,1,2.0
4116,"[[9], [3, 4], [], [], [], [8, 2], [], [], [2, 7], [], [1, 0]]","[2, -1, 3, -2, 0, 4, -3, 0, -2, 1, None]",80,5,1.0,best_alone,wb6a7f71,8.862908295118627,7.8898337513942955,9.1833801903934,3,-1,4,0,0,1,
4117,"[[], [5, 7], [], [4, 2], [2, 8], [9, 0], [], [10], [], [], []]","[4, None, -1, 4, 3, -4, -1, 4, 2, 0, 3]",136,9,8.0,best_alone,wb6a7f71,7.403061091090091,7.243512974665482,8.019283792916793,7,-4,11,0,0,1,
4119,"[[], [], [0, 7], [], [3, 1], [], [2, 10], [], [4, 3], [], [5]]","[1, 3, -4, -2, -2, -1, None, -3, -4, -1, 3]",12,7,,best_alone,wb6a7f71,9.185432736269998,7.815207062189088,9.411728991487363,2,2,0,1,1,1,4.0
4120,"[[], [3, 4], [0, 9], [], [], [2, 10], [], [], [1, 3], [], [6]]","[0, 2, -3, -1, 2, None, 0, -3, -3, 2, 4]",6,6,5.0,best_alone,wb6a7f71,8.526549286340263,7.738488122494645,8.901230352110781,4,-1,5,0,0,1,
4121,"[[], [0], [4, 8], [2, 1], [], [9, 10], [], [5, 9], [], [], []]","[1, -4, 0, None, 0, 3, -4, 1, -1, -2, 1]",194,2,1.0,best_second,wb6a7f71,8.761550139129644,8.01829613851552,9.150484204822817,0,-1,1,0,1,1,
4125,"[[], [7, 0], [], [], [9, 8], [], [1, 7], [], [10], [3, 2], []]","[3, 4, -1, 1, None, -1, 3, 2, 1, 4, -4]",16,5,5.0,best_second,wb6a7f71,10.063861683597258,8.475746001502063,10.249733300984321,5,5,0,1,1,1,
4126,"[[5, 7], [9, 2], [], [0, 6], [], [], [10], [], [1, 9], [], []]","[4, 4, 0, None, 2, -1, -2, 1, -4, -1, 3]",8,3,3.0,best_second,wb6a7f71,8.907341595412507,8.976514972315112,9.635608107380527,5,5,0,1,1,1,
4129,"[[], [], [0, 4], [], [], [6, 8], [8, 7], [], [], [2, 10], [3]]","[0, 2, -4, 2, -2, -2, 3, 4, -3, None, 3]",78,10,,best_alone,wb6a7f71,8.43511508038063,7.677863500678211,8.819517540604888,5,5,0,1,1,1,2.0
4130,"[[4, 9], [], [0, 5], [10, 8], [], [7], [3, 10], [], [], [], []]","[-2, 0, None, -2, 0, 3, -4, 4, 3, -4, 0]",64,11,,best_alone,wb6a7f71,8.669914278433902,7.466799475018602,8.932344569113823,7,7,0,1,1,1,4.0
4132,"[[3, 5], [], [], [1, 2], [10, 9], [7], [4, 10], [], [], [], []]","[None, -2, 4, 4, -4, -4, -2, -4, -3, -1, -2]",26,11,0.0,best_second,wb6a7f71,8.317033476492403,7.696212639346407,8.747034264178168,8,8,0,1,1,1,
4136,"[[], [9, 6], [], [], [], [], [4], [], [2, 7], [5, 3], [8, 2]]","[-4, None, 2, -3, 2, 1, -3, 4, 4, 4, 4]",200,5,7.0,best_second,wb6a7f71,7.829630389150193,7.992268643270744,8.607216694063826,5,5,0,1,1,1,
4139,"[[3, 6], [7, 9], [], [5, 4], [], [], [8], [9, 2], [], [], []]","[None, 3, -3, -4, -1, 3, 0, -3, 0, -2, 2]",110,3,,best_alone,wb6a7f71,8.098946748943339,8.04237800517328,8.764053269347762,0,0,0,1,1,1,4.0
4142,"[[], [7, 9], [4, 6], [], [], [2, 4], [], [3, 10], [], [0], []]","[-3, None, 3, 4, 3, 0, 4, 2, 1, -2, -3]",84,9,5.0,best_second,wb6a7f71,7.962763930168115,8.09376775793108,8.723394022000136,6,6,0,1,1,1,
4143,"[[7], [], [1, 4], [9, 5], [], [], [], [], [2, 0], [5, 10], []]","[-4, -2, 4, 3, 0, -1, -4, -4, None, 2, 4]",178,7,4.0,best_second,wb6a7f71,7.851271997109883,7.776954403322441,8.507748732588238,4,4,0,1,1,1,
4146,"[[], [4, 7], [], [10, 0], [], [1, 9], [], [], [], [2], [0, 8]]","[1, -3, 2, 4, 2, None, -2, -4, 2, 4, 4]",104,10,,best_alone,wb6a7f71,8.185628891147607,7.7989333100412175,8.703838719690246,6,6,0,1,1,1,6.0
4147,"[[1, 3], [7, 9], [], [6], [], [2, 4], [], [], [5, 2], [], []]","[None, 1, 0, -1, 4, -4, -4, -4, 3, 4, 0]",150,9,3.0,best_second,wb6a7f71,7.985824666418917,7.92443418488756,8.648572269472618,5,5,0,1,1,1,
4152,"[[7, 9], [0, 10], [], [6, 4], [], [], [4, 2], [], [], [], [8]]","[-4, None, -3, 4, 0, 1, -1, 2, 2, -2, 1]",188,7,,best_alone,wb6a7f71,8.302761580704049,6.1355648910817395,8.410943391573527,3,3,0,1,1,1,4.0
4153,"[[], [], [], [6, 2], [], [], [2, 1], [9, 10], [], [5, 0], [4]]","[-1, -3, 0, 2, -4, -4, 2, None, -3, -2, 0]",182,2,,best_min,wb6a7f71,7.598900456871409,7.887959336599945,8.446770727119691,-3,-4,1,0,0,1,3.0
4155,"[[], [6], [10, 0], [], [], [7, 1], [], [4, 3], [], [], [0, 9]]","[-1, -3, 2, -1, -3, None, -3, 1, -2, 0, -4]",100,4,2.0,best_second,wb6a7f71,8.866581653303996,6.906754778648553,8.998260393017953,0,0,0,1,1,1,
4156,"[[], [9, 7], [], [6, 4], [], [0], [4, 8], [], [], [], [1, 5]]","[2, 1, 1, 1, -4, -3, 1, -1, 4, -4, None]",46,2,2.0,best_min,wb6a7f71,8.452121194672523,7.255591274253665,8.716044050161402,0,0,0,1,1,1,
4158,"[[1, 2], [3, 9], [5], [], [], [], [10, 8], [], [], [], [8, 7]]","[None, -2, -1, 2, 1, -1, -4, -3, -2, 3, -1]",168,2,5.0,best_second,wb6a7f71,8.787372988731876,7.355641102974254,9.00146947994869,1,1,0,1,1,1,
4159,"[[], [5], [7, 1], [], [], [], [], [4, 3], [0, 9], [], [8, 0]]","[2, -1, None, -3, -1, 0, 2, -1, -1, -4, 3]",36,2,,best_alone,wb6a7f71,8.790877754224164,6.450470422144177,8.882669291308037,-1,-1,0,1,1,1,2.0
4161,"[[], [9], [7, 1], [], [], [3, 6], [], [0, 8], [], [], [5, 3]]","[1, 4, None, 3, -4, -3, 1, -4, -1, 1, 2]",126,9,,best_alone,wb6a7f71,7.704361167910312,7.793999089503996,8.44311598801992,5,5,0,1,1,1,2.0
4162,"[[7, 4], [], [10, 3], [1], [], [], [], [4, 8], [], [], [6, 9]]","[-3, 3, None, 3, 2, 2, 1, 1, -4, -3, 1]",88,6,,best_alone,wb6a7f71,8.58578598288185,6.692083742506628,8.725832056527565,6,6,0,1,1,1,4.0
4163,"[[], [], [], [10, 4], [], [0, 1], [], [], [2], [5, 8], [4, 6]]","[-3, 4, -4, 0, -4, -1, -1, -4, -2, None, -1]",102,8,5.0,best_second,wb6a7f71,8.730528801739363,7.582738488914411,9.006018574902562,3,3,0,1,1,1,
4166,"[[8, 1], [], [5], [9, 4], [], [], [3, 2], [], [], [], [0, 8]]","[-1, 4, 0, 0, 2, -2, None, -1, 3, 4, 0]",142,4,2.0,best_second,wb6a7f71,8.38091517312361,6.444131256700441,8.51539156946961,4,4,0,1,1,1,
4169,"[[], [], [], [4, 10], [1, 8], [7, 6], [], [6, 2], [], [], [0]]","[4, -4, 1, None, -4, 1, -4, 2, 0, -3, 0]",198,10,,best_alone,wb6a7f71,7.8628820346414905,6.740519359606223,8.14438886554762,4,4,0,1,1,1,4.0
4170,"[[5, 3], [], [9, 6], [1], [], [8, 10], [], [2, 9], [], [], []]","[None, 1, 3, -2, 0, 2, 4, -4, 1, -4, -1]",32,3,3.0,best_second,wb6a7f71,8.791941988456118,7.85748078694253,9.123147160273804,3,3,0,1,1,1,
4173,"[[], [7, 6], [], [10, 9], [], [], [0], [8, 2], [], [], [9, 4]]","[3, None, -3, 3, 0, -2, 4, -4, 3, 0, -3]",114,11,,best_alone,wb6a7f71,7.780720886117918,6.7580945044277305,8.087640287778983,7,7,0,1,1,1,6.0
4174,"[[], [10], [8, 1], [], [6, 3], [], [3, 9], [], [7, 0], [], []]","[4, -3, None, 3, -2, 2, 2, -2, 2, 4, -3]",66,9,2.0,best_second,wb6a7f71,8.26565016558033,7.122059881629142,8.542080906924017,6,6,0,1,1,1,
4175,"[[], [0, 9], [7, 5], [2, 10], [], [], [1, 0], [], [], [], [8]]","[0, 0, -4, None, 0, 4, 4, -4, 3, 2, 4]",48,11,,best_alone,wb6a7f71,7.62413058566129,6.553933404025812,7.91862865334224,7,7,0,1,1,1,8.0
4176,"[[], [], [], [], [1, 8], [4, 7], [10, 0], [3], [], [], [0, 2]]","[1, -3, 3, -1, -3, None, 4, -1, 4, 3, -4]",124,5,,best_min,wb6a7f71,7.966239776559468,7.351158226430694,8.398184404834035,1,-2,3,0,0,1,7.0
4178,"[[2, 9], [], [], [7], [10, 1], [], [0, 3], [], [], [], [1, 8]]","[4, -3, -3, -3, 4, 4, None, -4, 2, 0, 2]",42,7,4.0,best_second,wb6a7f71,8.635687085464028,6.934397209928558,8.803123730829213,4,4,0,1,1,1,
4179,"[[1, 4], [], [6], [], [], [], [], [], [9, 5], [5, 3], [0, 2]]","[-3, -4, 4, 2, -2, 3, 1, -1, 2, -4, None]",138,11,,best_alone,wb6a7f71,7.639161171659173,7.109062135687172,8.101677747454572,5,5,0,1,1,1,2.0
4180,"[[5, 1], [], [], [0, 5], [2, 6], [], [], [], [], [4, 10], [8]]","[-4, 1, 2, 0, -3, 3, -4, -3, 4, None, 2]",62,10,,best_alone,wb6a7f71,7.990915463091325,5.971261839790462,8.11522197256233,6,6,0,1,1,1,6.0
4182,"[[], [9, 3], [4, 6], [], [6, 5], [], [], [1, 8], [10], [], []]","[4, 0, -3, 4, 0, 1, -2, None, -1, -4, 1]",24,6,4.0,best_min,wb6a7f71,8.768418726857403,6.670766320845874,8.88405606174246,4,4,0,1,1,1,
4187,"[[], [8, 0], [], [], [1, 8], [7], [10, 5], [], [], [], [2, 9]]","[3, 3, -2, 1, -4, -3, None, -3, 0, 1, 2]",2,6,1.0,best_second,wb6a7f71,8.460622839927844,7.081708586105575,8.685077700412423,3,3,0,1,1,1,
4189,"[[10, 9], [], [], [2], [], [], [8, 3], [], [7, 4], [], [9, 1]]","[-4, 3, 1, 3, 2, 2, None, -2, 4, 0, -2]",120,3,2.0,best_min,wb6a7f71,8.138564737261632,7.380879035564116,8.522777569710138,6,6,0,1,1,1,
4190,"[[2, 9], [], [], [1], [], [7, 4], [], [], [5, 7], [], [0, 3]]","[-3, 4, 1, 2, 0, -2, 2, -4, 1, -3, None]",196,10,,best_alone,wb6a7f71,7.569411792450711,6.683360945766275,7.914252278742441,6,6,0,1,1,1,4.0
4193,"[[], [], [0, 6], [10], [8, 3], [], [], [], [5, 1], [2, 0], []]","[-2, 3, 2, 0, None, -3, 0, -3, -2, -4, 4]",10,6,,best_alone,wb6a7f71,8.477204183199875,6.400257445308821,8.595079730073309,4,4,0,1,1,1,6.0
4195,"[[3, 10], [], [], [1, 5], [], [], [7, 2], [], [6, 7], [], [4]]","[None, -3, -3, 3, 3, -1, 3, 4, -4, 3, 3]",56,5,4.0,best_alone,wb6a7f71,7.352441100243583,7.6746174973643635,8.21932609390609,6,2,4,0,0,1,
4196,"[[9, 7], [], [], [6, 1], [3, 6], [], [], [10], [], [8, 2], []]","[None, -4, -4, -1, 3, -1, -3, 1, 4, -2, 2]",58,5,,best_alone,wb6a7f71,7.7226775164680035,7.428333194190806,8.279189777195002,3,3,0,1,1,1,8.0
4197,"[[], [], [], [1, 9], [0], [], [3, 4], [2, 8], [], [], [7, 2]]","[-1, 3, -1, 4, -3, 0, None, 1, 3, -2, 1]",160,8,6.0,best_second,wb6a7f71,7.41457288135059,7.217443431696532,8.013674142832684,7,7,0,1,1,1,
4200,"[[6, 8], [9, 10], [], [], [0, 5], [3], [], [1, 9], [], [], []]","[3, -3, 3, 3, None, 1, -3, -4, 3, 3, 1]",130,4,0.0,best_min,wb6a7f71,7.029972911706386,7.217443431696532,7.820840879907344,6,6,0,1,1,1,
4201,"[[5, 8], [], [], [0, 4], [6], [], [], [10, 1], [], [], [1, 9]]","[-4, -4, -3, None, -1, -2, 0, 2, 0, -2, 4]",76,4,,best_alone,wb6a7f71,7.709756864454164,7.254177846456518,8.200562797008564,-1,-1,0,1,1,1,2.0
4202,"[[], [4], [3, 6], [6, 5], [], [], [], [], [10, 0], [8, 1], []]","[4, -2, -3, -1, -4, 4, -3, 4, 4, None, -2]",166,10,0.0,best_second,wb6a7f71,7.114769448366464,6.947937068614969,7.727535110475448,8,8,0,1,1,1,
4203,"[[4], [7, 0], [], [], [], [], [10, 2], [8, 9], [], [], [2, 3]]","[-3, None, 2, -3, -2, -4, 3, 1, -4, -3, 2]",146,2,4.0,best_second,wb6a7f71,7.592366128519796,7.738923757439457,8.361240889642351,-2,-2,0,1,1,1,
4204,"[[], [10, 7], [], [9, 5], [], [], [3, 9], [0], [], [], [4, 8]]","[4, None, 2, -2, 0, -3, 0, 0, -4, -1, -2]",38,8,,best_alone,wb6a7f71,7.699842407396986,6.626717749249025,7.9936199948277435,4,4,0,1,1,1,4.0
4205,"[[], [], [], [2, 4], [], [9, 6], [0], [], [], [8, 7], [3, 2]]","[-3, -1, -2, 1, -4, None, -2, -2, 3, 3, 4]",50,8,5.0,best_second,wb6a7f71,7.77863014732581,6.2766434893416445,7.979338895262328,6,6,0,1,1,1,
4207,"[[8, 5], [], [], [], [], [], [4], [1, 3], [], [7, 6], [0, 8]]","[-2, 4, -4, 3, -2, -4, -4, -3, -3, None, 3]",132,4,6.0,best_second,wb6a7f71,8.333991247194975,7.870547844507712,8.821879862683842,1,1,0,1,1,1,
4209,"[[], [8, 10], [3, 0], [], [], [], [2, 7], [9], [10, 4], [], []]","[-4, 4, -1, 2, 3, -2, None, -3, -4, -4, -3]",70,7,3.0,best_second,wb6a7f71,7.982416346827733,7.496097345175956,8.461469042643877,1,1,0,1,1,1,
4213,"[[], [4, 0], [], [], [], [8], [2, 7], [], [], [1, 5], [6, 2]]","[3, 2, 1, -2, -3, -4, 4, 1, -3, None, 1]",134,9,1.0,best_second,wb6a7f71,7.970049304976135,7.199678345691172,8.350193650720067,5,5,0,1,1,1,
4215,"[[], [10, 2], [0], [6, 7], [], [], [], [], [3, 6], [], [9, 5]]","[-1, None, -2, -3, -2, -1, -3, 3, 3, 2, 4]",148,6,5.0,best_second,wb6a7f71,7.2305631534092925,7.489970898834801,8.061486866871325,6,6,0,1,1,1,
4221,"[[], [7, 8], [0, 5], [], [], [], [2, 0], [10, 9], [4], [], []]","[2, None, 2, 1, 4, 0, 4, 3, 0, 3, 4]",176,2,0.0,best_second,wb6a7f71,7.329749689041512,6.792344427470809,7.789454566086673,7,7,0,1,1,1,
4223,"[[5, 6], [10, 9], [3], [], [], [6, 4], [], [], [1, 2], [], []]","[-2, 3, -4, -3, -4, 3, 3, 0, None, 4, 2]",4,8,1.0,best_second,wb6a7f71,7.1444071803211395,7.244227515603351,7.888334500738654,7,7,0,1,1,1,
4224,"[[6, 1], [], [], [], [8], [10, 7], [1, 3], [], [], [5, 4], []]","[4, 0, 3, -3, -1, 4, -2, 3, -4, None, -1]",162,8,1.0,best_second,wb6a7f71,7.652545692693921,6.957497370876951,8.057060681965766,7,7,0,1,1,1,
4228,"[[7, 1], [], [], [], [9], [10, 6], [], [1, 3], [5, 4], [], []]","[-4, -2, 2, 0, 0, 1, 4, 2, None, -4, 1]",174,6,3.0,best_second,wb6a7f71,8.365905077202456,6.590301048196686,8.522180732927277,5,5,0,1,1,1,
4229,"[[], [2, 8], [8, 4], [6], [], [7, 3], [], [9, 10], [], [], []]","[-4, 4, 2, 3, -4, None, -1, -4, 1, 4, 0]",170,4,,best_alone,wb6a7f71,7.274479558773871,7.342131730584722,8.001689978099135,2,2,0,1,1,1,4.0
4234,"[[7, 1], [], [], [], [5, 2], [], [0, 7], [], [], [4, 10], [8]]","[3, 0, -4, 4, -4, 0, 3, -1, 0, None, 3]",144,9,,best_alone,wb6a7f71,7.408530566894627,6.490723534502507,7.744136627627991,3,3,0,1,1,1,4.0
4237,"[[4, 9], [], [1, 8], [], [], [2, 1], [], [6], [], [], [0, 7]]","[4, 3, -2, -4, -2, -2, 0, -4, -1, 2, None]",54,7,2.0,best_second,wb6a7f71,7.54274354536855,7.642524134232902,8.286773231131251,6,6,0,1,1,1,
4242,"[[3, 9], [4], [5, 1], [9, 6], [], [7, 8], [], [], [], [], []]","[2, -2, None, 2, -1, 3, -1, -4, 2, 1, -2]",30,7,1.0,best_second,wb6a7f71,7.851271997109883,7.0613343669104385,8.225235324101668,5,5,0,1,1,1,
4243,"[[], [], [], [], [9, 6], [0, 3], [10], [], [5, 0], [7, 1], []]","[-2, -2, -3, -3, None, 3, -4, 1, 2, 4, 0]",118,6,6.0,best_second,wb6a7f71,7.0664669701369585,7.625595072132454,8.0774471493312,5,5,0,1,1,1,
4244,"[[], [0, 7], [8], [], [5, 6], [], [], [], [], [1, 0], [4, 2]]","[-2, -2, 2, 4, -2, 2, -4, -1, 0, -1, None]",82,5,,best_alone,wb6a7f71,7.538494999413465,6.902742737158593,7.96311205897929,2,2,0,1,1,1,6.0
4247,"[[], [7, 8], [], [4], [], [], [5, 2], [], [], [1, 7], [6, 3]]","[-4, -2, 4, 2, -3, -4, -1, -2, -2, -3, None]",108,6,,best_min,wb6a7f71,7.4798641311650265,6.966024187106113,7.9483852851118995,3,-1,4,0,0,1,8.0
4248,"[[], [], [], [9, 2], [3, 7], [], [], [5], [1, 6], [], [8, 1]]","[-2, 0, -2, 2, None, 0, 2, -4, 2, 3, 1]",96,7,4.0,best_second,wb6a7f71,7.860185057472165,6.855408798609927,8.17188200612782,5,5,0,1,1,1,
4253,"[[2, 8], [], [5, 10], [], [], [], [9, 1], [6, 9], [4], [], []]","[None, 0, -1, -2, 0, -3, -3, -2, -2, -4, 0]",128,2,1.0,best_min,wb6a7f71,8.388222810119277,7.282761179605593,8.674025985443025,-1,-1,0,1,1,1,
4254,"[[], [], [], [1, 8], [6, 9], [3, 1], [0, 10], [], [], [7], []]","[4, -3, -3, 3, None, 3, -4, -1, 3, 3, 0]",116,4,,best_alone,wb6a7f71,7.365180126021012,7.913886714856082,8.3696208269491,2,2,0,1,1,1,4.0
4260,"[[], [], [4, 0], [], [], [3, 7], [8], [], [], [5, 3], [2, 6]]","[4, 0, 0, 3, -2, 2, 0, 3, 2, 1, None]",156,4,,best_min,wb6a7f71,8.79936008317991,7.545389749611823,9.050288983827956,4,2,2,0,0,1,6.0
4263,"[[], [6, 7], [10], [9, 2], [], [1, 6], [], [], [], [4, 0], []]","[-1, 3, -1, None, -4, -1, 2, 4, 1, 1, 0]",158,2,2.0,best_min,wb6a7f71,8.22282213081366,7.020190708311925,8.48528964240323,0,0,0,1,1,1,
4269,"[[7, 4], [], [], [9, 8], [2], [3, 9], [], [1, 6], [], [], []]","[None, 4, 3, -4, 2, -4, -4, -4, 4, -4, 0]",40,9,,best_alone,wb6a7f71,8.295049140435111,6.408528791059498,8.435983135990694,5,5,0,1,1,1,8.0
4271,"[[], [], [6, 3], [], [2, 6], [9, 7], [], [1], [], [8, 10], []]","[2, -3, 3, -2, -4, None, 0, 2, -2, -1, -4]",190,3,,best_alone,wb6a7f71,8.637462023807181,7.026426808699635,8.81936971001847,-1,-1,0,1,1,1,2.0
4272,"[[7, 8], [], [], [], [2, 1], [9], [0, 5], [], [], [], [4, 2]]","[4, -1, -4, -2, 2, -2, None, 3, 2, -4, -2]",68,7,2.0,best_second,wb6a7f71,7.775695749915245,7.147559271189454,8.20303024171486,7,7,0,1,1,1,
4274,"[[4, 8], [3], [0, 4], [], [], [], [], [5, 10], [], [7, 1], []]","[-1, -1, -1, 0, 1, 2, 2, 0, 1, None, 1]",106,2,1.0,best_second,wb6a7f71,8.067462667010057,7.330405211844402,8.458292083496076,2,2,0,1,1,1,
4275,"[[], [], [], [9], [2, 0], [], [], [10, 1], [4, 3], [], [1, 6]]","[4, -4, -4, -1, 0, -3, -2, -3, None, 1, 2]",92,6,4.0,best_min,wb6a7f71,7.919719760924575,6.678342114654332,8.173293438966228,4,4,0,1,1,1,
4276,"[[], [2, 0], [], [], [], [7], [8, 4], [], [], [6, 8], [1, 5]]","[1, 4, 0, -2, -3, 2, 1, -4, 4, 4, None]",186,4,,best_second,wb6a7f71,7.218176838403407,7.807916628926409,8.248790733696412,5,-2,7,0,0,1,1.0
4277,"[[3, 7], [], [0, 4], [], [1], [], [10, 5], [], [6, 10], [], []]","[-3, 2, None, -4, 4, -1, 2, 0, 3, -4, 4]",90,11,,best_alone,wb6a7f71,7.557472901614746,7.123672785204607,8.056743774975315,6,6,0,1,1,1,4.0
4278,"[[], [9, 0], [3, 5], [], [1, 9], [], [], [10], [2, 7], [], []]","[0, 2, 0, 4, 3, 1, -3, -3, None, 0, -4]",44,7,1.0,best_second,wb6a7f71,7.459338895220295,7.098375638590787,7.987864096085687,4,4,0,1,1,1,
4279,"[[], [], [3, 1], [], [], [], [8, 9], [2, 3], [0, 10], [5], []]","[-2, 2, 0, -1, 1, 1, None, -1, -4, -2, -4]",94,6,,best_alone,wb6a7f71,8.47886807709457,6.511745329644728,8.609590040682205,-1,-1,0,1,1,1,2.0
4282,"[[3], [], [], [], [], [], [2, 4], [6, 0], [5, 10], [8, 5], []]","[-4, 4, 3, 0, -2, -4, 2, None, -1, 1, -1]",14,7,4.0,best_second,wb6a7f71,7.65728279297819,6.212606095751519,7.868636894184167,5,5,0,1,1,1,
4283,"[[2, 10], [3], [10, 5], [], [], [], [], [8, 4], [], [7, 1], []]","[2, 0, 2, 0, 0, -2, -2, -1, -4, None, -2]",152,3,1.0,best_alone,wb6a7f71,6.505784060128228,7.744136627627991,7.998335395952982,0,-1,1,0,0,1,
4285,"[[], [], [], [], [1, 2], [8, 0], [4, 10], [], [0, 7], [], [9]]","[2, -1, -3, -3, -4, 2, None, -1, 4, 4, 1]",28,11,,best_alone,wb6a7f71,7.735433352499688,7.210079628170788,8.199738960630787,5,5,0,1,1,1,2.0
4288,"[[], [], [], [4, 7], [], [1, 8], [3, 10], [], [], [5, 1], [0]]","[2, 1, -1, 1, -4, -1, None, -2, -4, 3, 2]",172,6,,best_alone,wb6a7f71,8.353968130313271,7.373374309910049,8.672314828283538,4,4,0,1,1,1,2.0
4290,"[[], [7, 5], [1, 7], [], [10, 9], [], [], [], [], [0], [6, 3]]","[4, 1, 2, -4, None, 1, -2, -3, -2, 2, -2]",74,11,,best_alone,wb6a7f71,7.818832443803404,6.431331081933479,8.041412909393047,6,6,0,1,1,1,2.0
4293,"[[10, 4], [], [6, 7], [], [], [], [3, 9], [5], [], [], [4, 8]]","[-3, 0, None, 3, 0, 1, -4, -4, 0, 4, 3]",34,2,8.0,best_second,wb6a7f71,8.566173813637858,6.721425700790644,8.712759974960212,0,-1,1,0,1,1,
4294,"[[9, 10], [8, 4], [], [2], [], [1, 3], [0, 9], [], [], [], []]","[-4, -4, -1, 2, 3, None, -2, -1, 1, 1, -4]",86,3,,best_alone,wb6a7f71,8.114922974204593,7.0431599159883405,8.409162447202533,1,1,0,1,1,1,2.0
4295,"[[5, 10], [], [], [], [], [1, 8], [], [9, 3], [], [3, 6], [4]]","[None, 1, 4, -4, 2, 0, -3, 1, -3, 0, 4]",60,7,,best_alone,wb6a7f71,8.40804774415544,7.346655163176539,8.704999678440762,6,6,0,1,1,1,4.0
4297,"[[], [2, 5], [5, 3], [], [], [], [], [0], [9, 7], [6, 4], []]","[4, 3, 4, -2, 2, -4, 0, 4, None, -4, -3]",184,11,,best_alone,wb6a7f71,7.095893221097532,6.821107472256465,7.660585461703256,8,8,0,1,1,1,2.0
4298,"[[4], [], [], [7, 2], [], [8, 6], [], [], [], [3, 7], [5, 0]]","[0, -3, 1, 1, -2, 4, 0, -1, 3, -1, None]",154,6,4.0,best_second,wb6a7f71,7.5883236773352225,6.866933284461882,7.984121958702927,7,7,0,1,1,1,
4300,"[[], [], [8, 9], [1], [], [6, 3], [10, 7], [], [9, 0], [], []]","[1, -1, -3, 3, 2, None, -4, -4, -2, 2, -2]",22,9,,best_alone,wb6a7f71,7.4133673356952405,7.403061091090091,8.101071503119545,2,2,0,1,1,1,2.0
4301,"[[9, 4], [], [0, 10], [], [], [8, 3], [5, 8], [], [], [], [1]]","[-2, 3, None, 0, 4, -4, -1, -4, 0, 2, 3]",180,5,,best_alone,wb6a7f71,7.445417556701687,6.982862751468942,7.933438387627489,6,6,0,1,1,1,2.0
4304,"[[], [], [], [0], [], [9, 7], [1, 2], [], [6, 3], [7, 10], []]","[0, 2, 3, 2, -1, 2, 2, -4, None, -1, -2]",122,2,1.0,best_second,wb6a7f71,8.305484017727691,6.776506992372183,8.501470230951002,5,5,0,1,1,1,
4305,"[[], [6], [9, 4], [5, 10], [], [], [], [2, 9], [3, 1], [], []]","[4, 4, 2, -3, -2, -3, 2, 0, None, 4, -1]",72,11,,best_alone,wb6a7f71,7.427144133408616,7.819636302367591,8.335431477880796,6,6,0,1,1,1,2.0
4307,"[[3, 9], [], [], [9, 2], [], [6, 4], [], [5, 10], [], [], [1]]","[4, -4, 3, 0, -4, 0, 2, None, 3, -3, -4]",140,8,4.0,best_second,wb6a7f71,8.157657015196474,6.811244378601293,8.38867776918081,2,2,0,1,1,1,
4309,"[[], [], [6, 3], [], [9, 10], [2, 6], [], [], [], [0, 8], [7]]","[2, -3, 0, 3, None, 3, 1, 1, -4, 2, 4]",112,4,,best_alone,wb6a7f71,7.149131598557407,7.247792581767847,7.892452043520352,5,5,0,1,1,1,6.0
4312,"[[], [], [8, 0], [], [], [], [7, 10], [5, 3], [0, 1], [], [4]]","[-2, 0, 0, -1, 2, 1, None, 0, 1, -4, 4]",264,6,,best_alone,wb6a7f71,7.45529848568329,7.401231264413014,8.121480374750751,6,6,0,1,1,1,2.0
4313,"[[3, 10], [], [7], [10, 8], [], [], [9, 2], [], [], [4, 5], []]","[0, 4, 1, 2, -2, 4, None, 3, -4, -3, -2]",204,6,,best_alone,wb6a7f71,7.412764017426563,6.428105272684596,7.729735331385051,4,4,0,1,1,1,6.0
4314,"[[], [], [1, 5], [4], [], [], [2, 1], [10, 3], [], [], [9, 8]]","[-3, 3, 3, 2, -2, -1, -3, None, 3, 2, 2]",400,3,,best_second,wb6a7f71,7.408530566894627,7.242082359256962,8.021584533455107,5,0,5,0,0,1,1.0
4315,"[[], [2], [], [9, 5], [], [], [], [6, 4], [7, 1], [5, 0], []]","[2, 4, 4, 4, -2, 0, 2, -3, None, -2, 1]",274,11,,best_alone,wb6a7f71,7.2399325913204695,6.728628613084702,7.709308333385868,8,8,0,1,1,1,4.0
4317,"[[3, 4], [], [], [], [], [], [], [1, 2], [0, 10], [7, 1], [5]]","[-3, 4, -4, -2, -4, 0, -1, -3, None, -3, 4]",342,10,,best_alone,wb6a7f71,7.615791072035833,7.78155595923534,8.395025557442029,4,4,0,1,1,1,2.0
4318,"[[1, 6], [6, 7], [5], [], [], [], [], [], [10, 2], [], [9, 3]]","[1, -3, -2, 2, -2, 4, 2, 1, None, 3, 2]",212,2,0.0,best_second,wb6a7f71,7.804659297056102,6.206575926724928,7.988542982737695,5,5,0,1,1,1,
4319,"[[], [8, 5], [], [2, 6], [], [], [], [1, 9], [], [0], [3, 2]]","[4, 0, -1, 4, 3, -2, 0, None, 2, -1, -4]",338,3,2.0,best_alone,wb6a7f71,7.837948916025284,7.57147364885127,8.406485069431815,3,2,1,0,0,1,
4321,"[[], [], [0, 1], [8, 7], [9], [], [], [], [7, 5], [], [2, 4]]","[-4, -2, -1, 4, 4, -4, -1, 0, 4, -1, None]",260,7,,best_alone,wb6a7f71,7.7419678998206845,7.8826922062890254,8.507748732588238,3,3,0,1,1,1,2.0
4323,"[[], [9, 10], [], [], [], [7], [3, 2], [], [6, 5], [10, 0], []]","[0, 4, 3, 4, 0, 0, 3, 4, None, 1, 0]",234,2,0.0,best_second,wb6a7f71,7.591357046698551,8.15708378502887,8.606668197843842,7,7,0,1,1,1,
4324,"[[], [3, 8], [], [], [], [10, 0], [1, 7], [2], [], [], [0, 4]]","[-1, -1, 3, -1, 3, 3, None, 1, -3, 0, -3]",376,7,,best_alone,wb6a7f71,7.608374474380783,6.895682697747867,8.007034012193406,4,4,0,1,1,1,2.0
4326,"[[], [], [], [7, 6], [10, 8], [4, 10], [0], [2, 9], [], [], []]","[0, 2, 0, None, -2, -4, 1, -3, -1, -4, 4]",298,6,,best_alone,wb6a7f71,7.490529402060712,7.262628600974241,8.075893630298857,1,1,0,1,1,1,4.0
4328,"[[], [3, 0], [8, 10], [0, 6], [], [], [], [], [7, 4], [], [5]]","[-3, 1, None, 2, 3, 4, -2, 0, 3, 3, -3]",258,4,0.0,best_second,wb6a7f71,6.856461984594587,7.2078598714324755,7.740229524763181,6,6,0,1,1,1,
4329,"[[8, 6], [], [1, 5], [], [10], [], [], [2, 4], [6, 3], [], []]","[2, 3, -1, -2, -1, -2, -3, None, 0, 1, -4]",388,6,1.0,best_second,wb6a7f71,8.209580483475577,7.174724309836376,8.513385953073284,2,2,0,1,1,1,
4330,"[[], [], [1], [8, 2], [7, 5], [], [], [5, 0], [10, 9], [], []]","[0, 3, 3, None, -3, -1, 4, 4, -1, -2, 2]",310,7,,best_alone,wb6a7f71,7.53422832627409,6.212606095751519,7.7702232041587855,6,6,0,1,1,1,4.0
4332,"[[], [], [], [1], [2, 6], [10, 8], [], [4, 3], [], [], [8, 9]]","[3, 3, -2, -1, -3, 1, -4, None, 1, 4, 0]",232,8,,best_alone,wb6a7f71,7.645875825184814,6.8690144506657065,8.023879992734877,2,2,0,1,1,1,2.0
4336,"[[], [3, 4], [10], [], [], [], [], [8, 0], [0, 5], [1, 2], []]","[1, -2, -2, 2, -2, -2, -1, -1, -2, None, 3]",364,3,,best_alone,wb6a7f71,8.296297112642506,6.349138991379798,8.42945427710823,1,1,0,1,1,1,4.0
4340,"[[6, 4], [], [], [], [], [9, 1], [], [3], [0, 6], [], [5, 7]]","[-3, -3, 0, 0, -2, -1, -2, -1, 0, -1, None]",296,2,2.0,best_alone,wb6a7f71,8.417814747435958,7.475339236566737,8.746716349694486,-1,-2,1,0,0,1,
4341,"[[10, 4], [7], [], [8, 1], [], [], [], [], [5, 9], [], [4, 2]]","[3, -3, -4, None, 0, -2, -2, -3, 4, 3, -1]",374,9,1.0,best_second,wb6a7f71,7.091742115095153,7.321849713788356,7.906178840394815,7,7,0,1,1,1,
4342,"[[], [], [], [6, 1], [], [], [1, 5], [], [4, 2], [8, 10], [0]]","[1, -4, -3, -1, -1, 0, 2, -2, -4, None, 4]",358,11,,best_alone,wb6a7f71,7.228388451573604,6.236369590203704,7.543273346705446,5,5,0,1,1,1,2.0
4345,"[[6, 10], [5, 9], [], [], [], [], [8, 2], [1, 5], [], [], [4]]","[None, 4, 4, -4, 4, -1, 3, 3, 3, 2, 0]",352,2,1.0,best_second,wb6a7f71,7.550661243105336,7.952966790923131,8.464846711044029,7,7,0,1,1,1,
4350,"[[4, 2], [], [10], [1, 6], [7, 8], [], [], [], [], [3, 1], []]","[None, -1, 0, -2, -3, -4, 1, 3, 4, -4, -2]",278,2,7.0,best_second,wb6a7f71,8.6301646700754,6.835184586147301,8.783702698635217,1,1,0,1,1,1,
4351,"[[], [], [0, 8], [6, 7], [5], [], [], [], [], [2, 4], [3, 6]]","[1, 1, 4, 4, -2, 3, -2, -3, 2, None, -4]",252,3,2.0,best_second,wb6a7f71,7.111512116496157,7.73280753042202,8.162516250140179,6,6,0,1,1,1,
4352,"[[], [3, 9], [10, 0], [], [], [], [], [6], [1, 7], [], [0, 4]]","[2, 4, 4, -3, 2, -3, 1, -2, None, 2, 3]",312,6,2.0,best_second,wb6a7f71,7.204892510204673,7.718240951959316,8.187021067343503,6,6,0,1,1,1,
4353,"[[3, 4], [], [5], [], [], [], [8, 9], [0, 2], [], [], [6, 8]]","[3, 1, -4, 3, 4, 2, 3, None, 4, 0, 2]",218,5,1.0,best_second,wb6a7f71,6.975413927455952,6.771935555839602,7.57147364885127,7,6,1,0,1,1,
4358,"[[], [0], [5, 9], [8, 7], [2, 1], [], [3, 8], [], [], [], []]","[-3, -4, 0, 3, None, 1, 0, -4, 2, 4, -3]",316,7,4.0,best_second,wb6a7f71,8.118505067587098,6.955592608396297,8.39026849784257,4,4,0,1,1,1,
4359,"[[8, 4], [], [0, 8], [9, 5], [], [1], [], [], [], [7, 6], []]","[-3, 3, 3, None, -3, 3, 3, -3, 3, -4, 1]",270,10,,best_alone,wb6a7f71,7.721791776817535,7.336936913707618,8.240648863374913,6,6,0,1,1,1,6.0
4361,"[[], [], [0, 1], [], [7, 9], [2, 8], [], [9, 6], [3], [], []]","[1, -4, -1, -3, -4, None, 3, -1, 2, 1, -1]",304,3,,best_min,wb6a7f71,7.837554360881085,7.507690077819904,8.379079889286603,0,-1,1,0,0,1,5.0
4364,"[[1], [], [9, 4], [2, 9], [], [6, 7], [], [], [], [], [5, 0]]","[-4, -3, 0, 3, 3, -1, 3, 0, -2, -3, None]",256,6,1.0,best_second,wb6a7f71,7.659171367666058,6.659293919683638,7.972121128921656,2,2,0,1,1,1,
4365,"[[2, 8], [], [], [], [6, 7], [], [3, 9], [5], [], [], [0, 2]]","[4, 0, -2, 4, None, 2, 3, 1, -4, -4, -2]",240,6,7.0,best_min,wb6a7f71,7.302496423727326,7.261927092702751,7.97522083865341,7,7,0,1,1,1,
4366,"[[], [], [6, 9], [], [], [0], [], [1, 3], [2, 5], [], [7, 1]]","[-3, -4, -1, -4, 4, 0, 0, 4, None, 4, 3]",254,5,5.0,best_second,wb6a7f71,8.685246776412487,7.60389796852188,8.97714648480847,3,3,0,1,1,1,
4367,"[[10], [], [1, 3], [], [5, 7], [], [], [], [2, 0], [4, 5], []]","[-4, 2, 2, 4, 3, -4, 3, -4, None, 1, 2]",336,5,2.0,best_second,wb6a7f71,7.618251097876696,6.840546529288687,7.995980474763759,6,6,0,1,1,1,
4368,"[[5, 9], [], [7], [8, 2], [], [], [0, 5], [], [4, 1], [], []]","[3, 3, -1, None, 1, -3, 2, -4, 4, 1, -4]",330,7,1.0,best_second,wb6a7f71,7.303843225277704,7.4489161025442,8.071843149609158,7,7,0,1,1,1,
4369,"[[], [2], [], [], [0, 5], [], [], [4, 1], [9, 10], [10, 3], []]","[0, -1, 2, -4, -4, -2, 4, None, 1, 0, 4]",106,6,,best_alone,w8cd4c86,8.899730794880696,7.309212365692763,9.085117227222105,1,1,0,1,1,1,2.0
4370,"[[5, 4], [], [10, 3], [9], [], [], [], [], [0, 5], [], [1, 6]]","[-3, 4, None, 2, 2, 1, 1, -1, 4, 3, 2]",2,2,,best_min,w8cd4c86,8.9839415279413,6.594413459749778,9.071537969095724,6,5,1,0,0,1,3.0
4374,"[[], [2, 10], [6, 4], [], [], [7, 0], [], [0, 8], [], [], [9]]","[-1, None, 4, -3, -4, -1, 4, -3, -1, -3, -3]",162,11,8.0,best_second,w8cd4c86,8.074649075066652,6.673297967767653,8.294549515143679,8,8,0,1,1,1,
4375,"[[], [5, 4], [], [6, 7], [9], [0, 2], [], [], [], [], [3, 6]]","[3, None, 4, -2, -4, 3, -2, -4, 1, 2, -1]",46,5,1.0,best_second,w8cd4c86,8.39795910349254,8.376090350438236,9.080117784926209,7,7,0,1,1,1,
4376,"[[], [2], [], [6, 9], [7, 1], [3, 6], [], [8, 0], [], [], []]","[-1, 1, 4, -2, None, 0, 2, -1, -3, 3, 1]",42,8,,best_alone,w8cd4c86,8.156510226079966,6.3578422665081,8.30943074214033,5,5,0,1,1,1,2.0
4377,"[[], [7, 8], [10, 6], [], [], [4], [], [8, 3], [], [2, 5], []]","[-4, 3, 4, -3, -3, -4, 3, 1, -3, None, -3]",30,10,1.0,best_second,w8cd4c86,8.430981494597171,6.879355804460439,8.62299361030245,7,7,0,1,1,1,
4380,"[[5, 6], [4, 7], [], [], [2, 10], [6, 3], [], [8], [], [], []]","[4, None, 4, 0, 1, 0, -4, 1, -4, -2, 2]",24,5,1.0,best_second,w8cd4c86,8.37147353706683,6.795705775173515,8.559294367434873,5,5,0,1,1,1,
4381,"[[], [4, 5], [7, 3], [], [8, 9], [0], [], [3, 10], [], [], []]","[-4, None, 2, -2, 4, -3, 2, -3, 4, -3, 1]",170,11,7.0,best_second,w8cd4c86,7.826443135456014,6.5998704992128365,8.083328608786374,8,8,0,1,1,1,
4382,"[[3, 1], [], [5, 7], [1, 6], [], [], [], [], [], [8], [2, 9]]","[0, 0, 3, 0, 4, -3, 2, 4, -4, 0, None]",10,9,1.0,best_second,w8cd4c86,7.952263308657046,6.813444599510896,8.229777750081888,7,7,0,1,1,1,
4383,"[[], [], [], [], [], [7], [9, 1], [], [4, 3], [1, 0], [8, 5]]","[0, -2, -4, 2, -4, 2, -1, -4, 0, -2, None]",78,5,2.0,best_min,w8cd4c86,8.794976431688772,7.20934025660291,8.98117874833641,2,2,0,1,1,1,
4384,"[[], [2, 0], [], [8], [], [], [10, 4], [1, 3], [], [6, 10], []]","[-3, 3, -1, -3, -4, -1, 1, None, -1, 2, 4]",76,4,6.0,best_second,w8cd4c86,8.794976431688772,7.261225091971921,8.990192329641772,2,2,0,1,1,1,
4386,"[[], [5, 9], [], [], [2, 0], [10, 7], [], [], [4, 2], [3], []]","[-3, None, 3, 1, 0, 2, 4, -1, -4, -4, 4]",118,7,3.0,best_second,w8cd4c86,8.452121194672523,6.634633357861686,8.602453035367061,6,6,0,1,1,1,
4388,"[[], [], [1, 3], [], [], [4], [], [8, 6], [6, 10], [2, 5], []]","[-2, -2, -2, 2, 4, 1, -3, -3, 0, None, 4]",82,7,,best_alone,w8cd4c86,8.070593539949517,6.591673732008658,8.275631054578009,5,5,0,1,1,1,4.0
4389,"[[], [], [], [], [], [3, 4], [0], [], [5, 6], [10, 1], [1, 7]]","[-4, 2, -2, 1, -3, 1, -4, -3, None, 0, -3]",150,7,4.0,best_second,w8cd4c86,8.52158353971753,6.408528791059498,8.63550941823428,2,2,0,1,1,1,
4390,"[[3, 10], [8], [4, 1], [10, 5], [9, 7], [], [], [], [], [], []]","[1, -2, None, 3, 4, -1, -3, 4, -4, -2, 3]",164,10,0.0,best_second,w8cd4c86,7.763446388727362,6.977281341630747,8.138564737261632,8,8,0,1,1,1,
4392,"[[], [4], [], [7, 2], [], [9, 0], [], [2, 6], [5, 1], [], []]","[-3, 4, 1, -2, 2, -2, -4, 2, None, -1, -2]",68,10,,best_alone,w8cd4c86,7.7284157798410416,7.256297239690681,8.212839584676484,6,6,0,1,1,1,2.0
4393,"[[], [], [4], [7, 2], [], [8, 1], [], [0, 10], [], [5, 8], []]","[0, -1, -4, None, -3, 2, -3, -1, -1, 2, 4]",154,7,5.0,best_second,w8cd4c86,8.073402968986406,7.347299700743164,8.46779284112111,3,3,0,1,1,1,
4394,"[[], [], [1, 9], [], [], [2, 1], [8, 7], [10], [3, 0], [], []]","[-3, -2, -1, -1, 2, 1, None, 3, 4, 1, 2]",172,3,,best_alone,w8cd4c86,8.526152932787708,6.359573868672378,8.634442751466478,5,5,0,1,1,1,2.0
4395,"[[1, 6], [], [10, 4], [], [5], [], [], [], [0, 1], [], [9, 7]]","[-3, -2, None, 3, 1, 3, -3, -3, -1, -1, -4]",98,10,,best_alone,w8cd4c86,8.0774471493312,6.208590026096629,8.220672170297252,4,4,0,1,1,1,2.0
4399,"[[], [], [7, 1], [], [3], [], [9, 0], [], [2, 4], [0, 5], []]","[4, -2, -4, -2, 3, -3, 0, 0, None, -3, -4]",26,6,,best_alone,w8cd4c86,8.444192298531746,6.9930151229329605,8.654517382279456,1,1,0,1,1,1,2.0
4400,"[[], [], [], [], [], [6, 7], [2, 4], [1], [3, 9], [], [8, 3]]","[4, 3, 1, -3, -3, None, -4, 3, -1, 3, 3]",22,11,,best_alone,w8cd4c86,7.666690200080086,6.558197802812268,7.951559331155251,6,6,0,1,1,1,4.0
4402,"[[], [0, 8], [1, 0], [7, 9], [5], [], [3, 4], [], [], [], []]","[1, -1, 2, -1, 4, 1, None, 4, 1, 0, 4]",122,4,,best_alone,w8cd4c86,8.291797105048733,6.744059186311348,8.48446336679332,5,5,0,1,1,1,4.0
4403,"[[], [], [3, 9], [9, 0], [8, 7], [10], [4, 5], [], [], [], []]","[0, -1, -1, 2, 4, -2, None, 1, 0, 2, 4]",58,2,3.0,best_second,w8cd4c86,7.958926493050111,7.422971251049421,8.419359831067474,5,5,0,1,1,1,
4404,"[[], [10], [6, 7], [0, 4], [], [], [], [], [3, 1], [2, 6], []]","[2, 0, 1, 2, -1, -3, 0, 4, None, -4, 3]",196,2,3.0,best_min,w8cd4c86,8.798756582859841,7.282761179605593,8.99714715151514,4,4,0,1,1,1,
4407,"[[10, 6], [], [], [], [], [4, 8], [], [1], [], [5, 7], [6, 3]]","[0, -1, -4, -2, -2, -3, -1, 2, 0, None, -1]",62,5,,best_alone,w8cd4c86,7.759614150696904,7.926241523170962,8.53934599605737,1,1,0,1,1,1,2.0
4408,"[[], [2], [], [5, 10], [], [], [8, 1], [], [4, 7], [3, 5], []]","[-4, 1, 1, 2, -1, -1, None, -3, 2, -1, -4]",20,2,,best_alone,w8cd4c86,8.342601680684192,6.161207321695076,8.449342524508063,2,2,0,1,1,1,2.0
4409,"[[9, 3], [2, 8], [], [], [1, 5], [10], [], [0, 9], [], [], []]","[4, -3, 2, -4, None, 2, 2, -3, 0, -3, 0]",8,4,,best_alone,w8cd4c86,8.573195381531523,6.139884552226255,8.657129031713755,2,2,0,1,1,1,2.0
4411,"[[9, 1], [8], [], [4, 6], [6, 2], [], [], [], [], [5, 10], []]","[None, -1, 0, -3, -4, -2, -3, -4, 2, -2, 0]",14,4,,best_alone,w8cd4c86,8.671115273688494,6.240275845170769,8.755264763314683,1,1,0,1,1,1,2.0
4412,"[[], [], [3, 6], [], [], [2, 3], [], [4, 0], [7, 10], [], [9]]","[1, 3, -1, 4, -2, 2, -2, 4, None, 2, 2]",48,2,3.0,best_min,w8cd4c86,8.178077463849606,6.930494765951627,8.430327258394575,5,5,0,1,1,1,
4414,"[[1, 6], [7, 8], [], [], [9, 3], [], [5], [], [], [], [4, 9]]","[None, -1, -2, -3, -3, -2, -2, 1, 4, 0, -3]",94,5,5.0,best_second,w8cd4c86,8.46674164792014,6.642486801367256,8.616133139271142,3,3,0,1,1,1,
4416,"[[], [7, 10], [6, 0], [1, 5], [], [4], [0, 9], [], [], [], []]","[-1, 0, -3, None, -2, 0, -1, 4, 3, 2, 2]",104,4,2.0,best_second,w8cd4c86,8.374476889214641,6.3578422665081,8.499232866039245,4,4,0,1,1,1,
4421,"[[3, 2], [], [], [], [], [10], [8, 1], [], [1, 4], [0, 5], []]","[-3, 1, -4, -2, 4, 1, -1, 4, -1, None, -2]",156,5,,best_alone,w8cd4c86,8.834045641167798,6.612041034833092,8.936824154997302,-1,-1,0,1,1,1,2.0
4423,"[[4], [], [], [], [], [2, 6], [], [5, 0], [9, 3], [3, 1], []]","[3, 3, -1, -4, 2, -4, 1, None, -3, 4, 4]",188,9,,best_alone,w8cd4c86,8.436200032206704,6.444131256700441,8.56388591940822,5,5,0,1,1,1,2.0
4424,"[[], [], [], [1, 8], [3, 1], [10, 6], [0], [], [], [], [7, 9]]","[2, -3, 3, 0, 4, None, 2, -1, 0, -3, -3]",128,9,,best_alone,w8cd4c86,7.651595573857601,5.993961427306569,7.825644732219989,4,4,0,1,1,1,2.0
4425,"[[7, 4], [5, 3], [1, 6], [], [], [], [8], [4, 10], [], [], []]","[-1, 2, None, 3, -3, 0, 0, -3, -4, -4, 3]",28,6,1.0,best_second,w8cd4c86,8.637639344492104,5.996452088619021,8.706324840138741,5,2,3,0,1,1,
4426,"[[], [8, 0], [9], [10, 2], [], [], [1, 8], [], [], [], [7, 4]]","[0, 1, 2, None, 2, 2, 0, -4, 1, -3, 1]",96,5,1.0,best_min,w8cd4c86,8.474703139795285,7.084226422097916,8.696844519654315,3,3,0,1,1,1,
4429,"[[], [4, 0], [], [6], [0, 5], [], [], [], [10, 3], [], [9, 2]]","[-3, -3, 2, 4, 3, 0, 0, 3, None, 0, -2]",126,5,,best_alone,w8cd4c86,7.995980474763759,6.602587892189337,8.217438537730187,4,4,0,1,1,1,2.0
4430,"[[], [], [], [], [], [3, 4], [7, 2], [2, 0], [], [5, 10], [1]]","[2, 2, -3, 2, -2, -3, 4, 3, -1, None, 4]",108,9,,best_alone,w8cd4c86,8.20412493257404,6.761572768804055,8.41604600941128,6,6,0,1,1,1,4.0
4431,"[[5, 9], [], [], [], [6, 1], [], [], [2], [4, 7], [], [0, 5]]","[1, 2, 0, -4, -3, -1, 3, -3, None, -1, 4]",134,2,5.0,best_second,w8cd4c86,9.030615441029493,6.643789733147672,9.118444357271645,0,0,0,1,1,1,
4434,"[[], [], [10, 1], [], [], [8, 9], [], [], [4, 0], [3], [1, 7]]","[4, -1, 2, -4, -4, None, -3, 0, 4, -2, -3]",90,11,0.0,best_second,w8cd4c86,7.617267813628347,6.963189985870238,8.035602692918582,8,8,0,1,1,1,
4437,"[[2, 4], [], [], [1, 8], [], [9], [0, 5], [3, 1], [], [], []]","[1, -3, 1, -3, 4, 0, None, -2, 4, -4, -1]",16,6,3.0,best_second,w8cd4c86,8.220133957151859,6.921658184151129,8.461257559085935,5,5,0,1,1,1,
4440,"[[], [5, 6], [10], [7, 0], [3, 2], [6, 8], [], [], [], [], []]","[-3, -2, 3, -1, None, 4, -1, -1, -4, 2, 2]",112,8,,best_alone,w8cd4c86,7.968319500012718,7.192182058713245,8.346642090221197,5,5,0,1,1,1,2.0
4441,"[[6], [], [5, 1], [], [], [], [], [10, 0], [], [2, 5], [8, 3]]","[4, -1, 4, -2, -2, 2, 4, None, 0, -4, -1]",140,10,,best_alone,w8cd4c86,7.746300662231439,6.558197802812268,8.01201823915906,8,8,0,1,1,1,2.0
4444,"[[], [], [], [10, 0], [6, 2], [8], [], [4, 5], [], [], [0, 1]]","[-1, -1, -4, -2, -4, 4, 2, None, 2, -3, 3]",56,11,,best_alone,w8cd4c86,7.979338895262328,7.519149957669823,8.468423027046809,6,6,0,1,1,1,6.0
4445,"[[], [0, 7], [], [9], [1, 0], [10, 3], [], [], [], [], [8, 2]]","[-2, 0, -3, 4, -4, None, -2, 4, -1, 2, -2]",52,10,,best_alone,w8cd4c86,7.80669637252118,6.580639137284949,8.063692634269515,6,6,0,1,1,1,2.0
4447,"[[4, 6], [], [10, 5], [], [9, 8], [], [7], [], [], [], [5, 1]]","[None, 2, 1, -4, -1, -4, 1, 2, 2, -2, 1]",116,4,,best_alone,w8cd4c86,7.789454566086673,5.8916442118257715,7.9287663216266955,3,3,0,1,1,1,4.0
4448,"[[], [2, 4], [5, 6], [], [3], [], [], [], [10, 7], [], [7, 0]]","[-4, None, -1, 2, 0, 2, -4, -4, -1, 4, -4]",38,4,,best_alone,w8cd4c86,8.367532416861831,6.369900982828227,8.494538500851432,2,2,0,1,1,1,6.0
4449,"[[], [3, 5], [1, 7], [], [], [], [], [0], [10, 4], [], [4, 9]]","[-1, -4, None, -1, -4, 1, 3, 4, 2, -3, 1]",174,7,,best_alone,w8cd4c86,7.80994708647679,7.4413203897176174,8.335431477880796,3,3,0,1,1,1,2.0
4450,"[[10, 3], [0, 6], [], [], [8, 7], [4, 8], [9], [], [], [], []]","[-4, None, 2, -3, 3, 3, 4, 2, -1, 3, 3]",190,11,,best_alone,w8cd4c86,7.617759576608505,6.556778356158042,7.914617709040678,7,7,0,1,1,1,6.0
4452,"[[], [6, 7], [10], [], [], [0, 3], [7, 4], [], [], [5, 2], []]","[0, -4, 4, 2, -2, -3, 3, -4, -2, None, 0]",44,6,,best_alone,w8cd4c86,7.715123603632105,7.412160334945206,8.26796230533871,4,4,0,1,1,1,2.0
4458,"[[], [5, 3], [1, 8], [], [10, 6], [], [], [], [7], [], [6, 0]]","[-2, -4, None, -1, -4, 3, 1, 1, 4, 0, 3]",142,8,,best_alone,w8cd4c86,7.951911381854188,6.206575926724928,8.112527763478637,5,5,0,1,1,1,4.0
4460,"[[4], [10, 3], [], [], [], [8, 7], [], [], [], [5, 0], [3, 6]]","[3, -3, 4, 2, -1, -4, -2, 0, 4, None, -3]",136,4,,best_alone,w8cd4c86,7.890582534656536,7.168579897264035,8.286269452783065,2,2,0,1,1,1,4.0
4463,"[[6], [], [], [], [10, 2], [3, 1], [], [5, 0], [], [4, 10], []]","[4, -1, 3, -3, -3, 0, -2, None, -1, -3, 2]",180,4,1.0,best_alone,w8cd4c86,8.644882552557126,7.564757012905729,8.937087036176523,2,-1,3,0,0,1,
4464,"[[], [], [], [9, 8], [], [], [], [10, 0], [1], [5, 6], [0, 4]]","[-1, -4, 1, None, 3, 4, 1, -1, -3, 2, -4]",148,8,1.0,best_second,w8cd4c86,7.952615111650999,6.609349243167381,8.18423477409482,6,6,0,1,1,1,
4466,"[[], [10, 9], [], [2], [], [], [], [5, 0], [7, 3], [], [9, 4]]","[-3, 0, 4, 2, -1, 1, -1, -2, None, 2, 1]",138,9,,best_alone,w8cd4c86,7.581209826196346,6.089044875446846,7.783640596221253,6,6,0,1,1,1,4.0
4467,"[[9, 1], [], [], [8], [10, 5], [], [0, 3], [4, 10], [], [], []]","[-1, -1, 0, -2, -1, 1, None, -3, -4, 1, -4]",84,4,0.0,best_second,w8cd4c86,8.308199063206446,6.851184927493742,8.517393171418904,0,0,0,1,1,1,
4471,"[[], [], [], [5, 10], [], [], [7, 9], [2, 1], [3, 5], [0], []]","[3, 4, 1, -2, 4, -2, None, 0, 1, 0, -3]",6,2,4.0,best_min,w8cd4c86,8.391629968440892,6.824373670043086,8.580918882296784,4,4,0,1,1,1,
4473,"[[2, 9], [10, 4], [], [], [], [0, 8], [], [], [6], [], [4, 3]]","[-2, 2, -4, -1, -1, None, 2, 2, 0, -2, -3]",66,7,,best_alone,w8cd4c86,8.407601514786142,6.970730078143525,8.620651899784468,2,2,0,1,1,1,2.0
4474,"[[], [6, 0], [], [5, 4], [], [4, 9], [], [1, 10], [], [], [8]]","[0, -2, -3, 1, -2, -3, -4, None, -2, -3, 4]",184,6,,best_alone,w8cd4c86,7.597396320212795,6.925595197110468,8.00969535774292,2,2,0,1,1,1,4.0
4476,"[[], [], [6, 7], [9, 8], [3, 10], [], [7, 0], [], [], [], [5]]","[-1, 2, -1, -2, None, 4, -1, -3, -4, 2, 4]",110,11,,best_alone,w8cd4c86,7.887584031660279,6.489204931325316,8.108021221376747,8,8,0,1,1,1,6.0
4477,"[[], [2, 10], [], [6], [], [], [], [9, 4], [1, 3], [4, 5], []]","[3, -2, -4, 3, 3, -4, 1, -1, None, 1, -2]",12,9,,best_alone,w8cd4c86,7.845416036592485,5.863631175598097,7.974188669286012,4,4,0,1,1,1,2.0
4478,"[[], [], [], [5, 1], [], [1, 7], [], [], [4, 0], [2], [8, 9]]","[-3, -3, 3, -2, -1, -2, -1, 4, -3, 2, None]",74,10,,best_alone,w8cd4c86,7.917900586327916,6.2878585601617845,8.096512917501592,5,5,0,1,1,1,2.0
4481,"[[], [8], [10, 0], [], [6, 1], [], [3, 5], [], [], [], [0, 9]]","[0, 1, -1, -1, None, -4, 3, -3, -4, 2, -2]",132,4,7.0,best_second,w8cd4c86,8.37216741936598,7.067319848653476,8.61195776786066,2,2,0,1,1,1,
4482,"[[], [4, 10], [8, 0], [1, 7], [], [2, 8], [], [9], [], [], []]","[2, -1, -2, None, -2, 4, 4, 4, -1, 3, -4]",176,11,,best_alone,w8cd4c86,7.682482446534506,6.774223886357614,8.020927718981575,7,7,0,1,1,1,2.0
4487,"[[2], [], [], [], [5, 10], [], [3, 7], [], [4, 5], [6, 0], []]","[-3, -4, 2, -2, 2, -2, 3, 4, -4, None, 1]",50,7,1.0,best_second,w8cd4c86,7.581209826196346,6.955592608396297,8.009363076630045,7,7,0,1,1,1,
4491,"[[2, 3], [10, 5], [3, 8], [], [], [], [1, 9], [], [], [4], []]","[0, 2, -3, -2, -1, -2, None, 3, -4, -3, 3]",92,7,4.0,best_second,w8cd4c86,8.358900612421644,7.004881989712859,8.58839695042257,5,5,0,1,1,1,
4494,"[[], [2, 0], [], [], [7, 6], [10], [], [], [1, 5], [4, 7], []]","[-1, -3, 1, 3, 0, 3, 4, -4, None, 3, 3]",152,9,,best_alone,w8cd4c86,7.799753318287248,6.274762021241939,7.996317231796745,6,6,0,1,1,1,2.0
4495,"[[9], [], [], [4, 0], [5, 2], [], [], [8, 10], [10, 1], [], []]","[3, 1, 1, None, -3, -3, -1, -2, 4, 4, 4]",198,11,,best_alone,w8cd4c86,8.119993827725105,7.4073177104694174,8.518791912779934,7,7,0,1,1,1,4.0
4497,"[[], [], [], [2], [], [8, 1], [], [4, 6], [1, 10], [7, 3], []]","[1, -4, 4, 4, -2, -4, 0, -2, 2, None, -3]",182,11,,best_alone,w8cd4c86,7.544861068658458,5.929589143389895,7.725771441587952,8,8,0,1,1,1,2.0
4501,"[[], [], [], [], [5, 0], [0, 2], [], [], [1, 6], [7], [8, 9]]","[2, 0, 4, 1, 1, -3, -2, 4, 4, 1, None]",178,2,6.0,best_alone,w8cd4c86,7.4133673356952405,7.743269700829004,8.284756593190433,5,4,1,0,0,1,
4502,"[[], [], [], [5, 4], [], [4, 0], [1, 9], [2], [], [], [6, 7]]","[3, 0, -2, -1, -2, -3, 3, -3, 0, 3, None]",102,7,0.0,best_second,w8cd4c86,7.44600149832412,6.8679744089702925,7.890956716138919,6,6,0,1,1,1,
4503,"[[1, 6], [], [], [8, 9], [0, 1], [], [], [], [10, 5], [2], []]","[-4, 0, 1, None, 0, -1, -2, -3, -2, 2, -3]",60,7,,best_alone,w8cd4c86,7.860570785538664,6.175867270105761,8.030409562130485,3,3,0,1,1,1,2.0
4505,"[[7, 3], [], [], [5], [9, 6], [], [], [10, 2], [], [6, 1], []]","[None, 0, -2, 1, -4, 4, -1, -1, 1, -3, 0]",158,7,,best_alone,w8cd4c86,7.996317231796745,6.0112671744041615,8.124743020385568,5,5,0,1,1,1,2.0
4507,"[[], [], [], [4, 10], [1, 0], [], [], [], [9, 2], [2, 7], [5]]","[-4, 2, 3, None, 0, -1, -3, -1, 3, 2, -1]",166,5,4.0,best_min,w8cd4c86,7.977625098784593,6.849066282633457,8.257644958208227,2,2,0,1,1,1,
4512,"[[7, 3], [6, 2], [], [], [0, 10], [], [], [], [1, 6], [], [5]]","[2, -1, -3, -2, None, -1, -3, 3, -2, -4, -3]",72,7,4.0,best_second,w8cd4c86,8.114025442356757,6.587550014824797,8.310414994188292,5,5,0,1,1,1,
4516,"[[6, 8], [2, 5], [5, 3], [], [], [], [10, 4], [], [7], [], []]","[None, -4, -1, -3, -3, 3, 3, -4, 2, -4, 1]",80,5,6.0,best_second,w8cd4c86,8.235625719964311,6.51025834052315,8.39931015075952,4,4,0,1,1,1,
4519,"[[], [], [3, 6], [], [7, 1], [], [], [1, 8], [], [2, 10], [5]]","[-3, 1, 1, -1, -4, -2, 3, -1, -2, None, -2]",194,6,2.0,best_second,w8cd4c86,8.031385330625534,7.2449415463370075,8.406485069431815,4,4,0,1,1,1,
4520,"[[], [], [], [], [8, 6], [2, 9], [10], [5, 2], [3, 0], [], []]","[-1, -3, -1, -4, None, -2, -3, 2, 4, 2, -1]",160,5,5.0,best_second,w8cd4c86,8.53660358493606,7.149131598557407,8.759354748566208,3,3,0,1,1,1,
4524,"[[], [], [5, 8], [4, 7], [6, 0], [8, 9], [], [10], [], [], []]","[0, -4, 1, None, 4, 2, 4, -2, -4, 4, 0]",4,7,4.0,best_second,w8cd4c86,8.165363632473982,6.6240652277998935,8.359134886757962,8,8,0,1,1,1,
4528,"[[6, 1], [], [], [], [10], [], [1, 2], [], [9, 4], [3, 7], []]","[-2, 3, 1, 3, -4, 0, 3, -3, None, 4, 1]",36,8,7.0,best_second,w8cd4c86,7.424165281042028,6.220590170099739,7.686162303492906,7,7,0,1,1,1,
4530,"[[], [], [3, 9], [9, 1], [0, 5], [], [], [], [4, 10], [], [7]]","[4, 3, 1, -4, -4, 2, -3, 3, None, 3, 1]",32,5,,best_alone,w8cd4c86,7.886081401775745,5.908082938168931,8.015327309021718,4,4,0,1,1,1,2.0
4532,"[[10], [5, 0], [], [7, 2], [], [4, 8], [], [2, 6], [], [], []]","[1, None, -2, 4, -2, 0, -2, 0, -4, 2, 0]",146,4,,best_alone,w8cd4c86,8.406708458240965,5.680172609017068,8.469891918298224,1,1,0,1,1,1,2.0
4534,"[[5, 1], [], [], [], [], [1, 8], [3, 2], [6, 9], [], [10], []]","[-2, 0, 2, -3, -1, 2, -2, None, -3, 1, -2]",40,3,4.0,best_min,w8cd4c86,8.551208070003515,6.740519359606223,8.70251025718999,0,0,0,1,1,1,
4538,"[[], [9, 7], [6, 0], [], [1, 5], [10], [0, 3], [], [], [], []]","[4, -3, -4, 0, None, 1, -3, 3, -1, 1, 4]",54,6,,best_alone,w8cd4c86,8.40804774415544,6.781057625936179,8.587278798982926,5,5,0,1,1,1,2.0
4539,"[[], [6, 5], [], [], [], [0], [2, 7], [], [4, 3], [8, 4], []]","[-1, None, -4, -2, 3, -3, 4, 1, -4, -2, -2]",130,7,3.0,best_second,w8cd4c86,7.5256399750415355,7.115582126184454,8.034306936339489,5,5,0,1,1,1,
4542,"[[2], [], [], [], [], [10, 3], [9, 0], [], [5, 10], [1, 4], []]","[-3, -4, -3, 1, 4, -3, None, 4, -4, 4, 1]",100,11,0.0,best_second,w8cd4c86,7.824445930877619,6.577861357721047,8.07682603129881,8,8,0,1,1,1,
4543,"[[3, 10], [4, 5], [1, 4], [9, 8], [], [], [], [], [], [], [6]]","[None, -3, 1, 3, 4, -3, 4, 4, 3, 0, -3]",144,4,0.0,best_second,w8cd4c86,7.413970290190445,6.664409020350408,7.80057265467065,6,6,0,1,1,1,
4546,"[[6, 5], [7, 3], [], [], [], [8], [4, 10], [3, 2], [], [], []]","[None, 0, 1, 0, -2, 3, 0, -3, -3, -4, 3]",86,4,3.0,best_min,w8cd4c86,7.977625098784593,5.799092654460527,8.084562415235304,3,-2,5,0,1,1,
4547,"[[], [], [], [], [], [1, 10], [0], [5, 6], [9, 3], [3, 2], []]","[0, 1, 0, -2, -3, -4, 4, None, 3, 0, -1]",114,8,,best_alone,w8cd4c86,7.983781068977451,6.161207321695076,8.133293861222633,4,4,0,1,1,1,2.0
4549,"[[6, 4], [], [], [], [], [8, 9], [], [0, 10], [9, 2], [], [3]]","[4, 4, 2, -4, -3, 3, 4, None, -1, -4, -3]",120,11,7.0,best_second,w8cd4c86,7.711996507047669,7.233455418621439,8.193953023563743,8,8,0,1,1,1,
4550,"[[8], [], [], [], [9, 2], [], [4, 0], [10, 3], [], [], [3, 5]]","[3, -2, 2, -1, -4, 2, None, -2, 1, -4, 4]",200,9,,best_alone,w8cd4c86,7.45182223652793,7.857093864902493,8.367764677924308,4,4,0,1,1,1,6.0
4552,"[[], [], [10], [8, 6], [5, 0], [0, 7], [], [], [], [3, 2], []]","[-1, -3, 0, -1, 2, 2, -4, 2, 3, None, -1]",186,5,3.0,best_min,w8cd4c86,8.527143522269405,7.252762418053187,8.773539383558164,2,2,0,1,1,1,
4555,"[[], [], [], [4, 9], [9, 2], [], [5], [8, 0], [], [], [7, 6]]","[1, 1, 3, 1, 1, -4, -3, 0, 4, -2, None]",168,7,1.0,best_second,w8cd4c86,8.21554741194707,7.1693500166706,8.516392871245468,4,4,0,1,1,1,
4557,"[[10, 5], [2], [], [6, 8], [0, 10], [], [], [3, 1], [], [], []]","[-3, -4, -4, 0, -4, -2, -2, None, 4, -2, -3]",192,9,4.0,best_second,w8cd4c86,8.00469951054955,7.857093864902493,8.626585568187435,4,4,0,1,1,1,
4558,"[[], [7], [6, 3], [], [10, 1], [], [3, 0], [], [], [], [8, 5]]","[4, 1, -2, 2, None, 3, 1, -1, 1, -3, -4]",34,2,,best_alone,w8cd4c86,8.606851063346774,6.891625897052253,8.772145439245099,0,0,0,1,1,1,2.0
4561,"[[2, 3], [], [3, 1], [], [], [7, 8], [], [10, 4], [9], [], []]","[0, -4, -1, -1, 4, None, 0, 1, -3, -1, -1]",88,7,3.0,best_second,w8cd4c86,8.108322290173241,7.119635638017636,8.424419791263881,5,5,0,1,1,1,
4564,"[[1], [], [], [], [8, 7], [], [3, 5], [], [7, 2], [6, 0], []]","[4, 3, 4, 4, 1, -2, -4, -1, 1, None, 3]",124,10,,best_alone,w8cd4c86,7.532088143541722,6.261491684321042,7.779048644925556,7,7,0,1,1,1,6.0
4565,"[[], [6, 10], [], [], [8, 3], [0], [10, 2], [], [], [4, 5], []]","[-1, 2, 4, 2, -3, 3, -4, 4, -2, None, 3]",64,5,,best_alone,w8cd4c86,7.836369760545124,7.362645270417825,8.320204597578877,2,2,0,1,1,1,4.0
4567,"[[4, 8], [9, 6], [1, 3], [10], [8, 7], [], [], [], [], [], []]","[3, 3, None, 1, -2, -2, -4, 0, 3, 4, 2]",18,6,7.0,best_min,w8cd4c86,7.9786537290827315,6.4723462945009,8.1786387885907,7,7,0,1,1,1,
4568,"[[1], [], [], [], [8, 2], [7, 10], [], [10, 6], [], [4, 0], []]","[3, 1, 1, 3, -1, 1, -2, 0, -1, None, -4]",70,5,,best_alone,w8cd4c86,7.958576903813898,5.8916442118257715,8.0774471493312,4,4,0,1,1,1,2.0
4569,"[[5, 4], [3], [], [], [], [], [], [10, 1], [], [0, 5], [8, 2]]","[-4, 0, 1, -1, 3, -2, 1, None, 4, 1, -4]",284,2,,best_min,w8cd4c86,8.458504195067558,6.259581464064923,8.563504094279487,0,-1,1,0,0,1,3.0
4573,"[[], [4, 9], [3, 8], [], [], [1, 4], [2, 10], [], [], [], [0]]","[-4, 3, 4, 1, -4, -1, None, 2, 3, 4, -1]",296,7,1.0,best_second,w8cd4c86,7.466227556215481,6.985641817639208,7.947325027016463,7,7,0,1,1,1,
4575,"[[], [], [], [10, 8], [], [6, 2], [2, 1], [], [7], [], [4, 0]]","[-2, -3, 3, None, 3, 1, -3, -3, -4, -4, 3]",340,9,5.0,best_second,w8cd4c86,7.569927655242651,6.97166860472579,8.007700012884026,6,6,0,1,1,1,
4580,"[[], [], [], [5, 4], [10], [2, 1], [], [9, 6], [], [6, 8], []]","[-2, -1, -3, None, 4, -4, 4, -2, 2, 0, 1]",308,11,,best_alone,w8cd4c86,7.886081401775745,6.089044875446846,8.039157390473237,5,5,0,1,1,1,2.0
4585,"[[10, 2], [6, 7], [3], [], [], [], [7, 5], [], [], [], [8, 4]]","[None, 1, 2, 4, -3, -2, 1, 4, 1, 4, -3]",386,10,,best_alone,w8cd4c86,7.7752758464868625,6.0112671744041615,7.933079771880415,6,6,0,1,1,1,4.0
4586,"[[7, 9], [], [], [4], [], [10, 3], [0, 7], [], [], [], [1, 8]]","[-3, 1, -4, 3, 4, None, -1, 1, 3, -1, -2]",266,7,,best_alone,w8cd4c86,7.483806687665835,5.771441123130016,7.649216319820633,7,7,0,1,1,1,2.0
4588,"[[], [10], [6, 3], [], [], [], [], [5, 0], [7, 1], [2, 6], []]","[-2, -1, 0, 1, 1, -4, 2, 3, None, 3, -2]",236,3,5.0,best_second,w8cd4c86,8.7285879956959,7.475339236566737,8.979668554241181,1,1,0,1,1,1,
4590,"[[], [6, 8], [], [2], [], [9, 4], [], [1, 3], [], [4, 0], []]","[-3, 2, 3, 4, -2, 4, 4, None, 2, 2, -2]",370,2,0.0,best_alone,w8cd4c86,7.487173694213739,7.585788821732034,8.230577217146454,7,6,1,0,0,1,
4593,"[[10, 7], [], [1], [], [6, 2], [0, 10], [9, 8], [], [], [], []]","[-3, 4, 3, 3, None, -1, -2, 2, -1, -3, 3]",136,11,,best_alone,w7f1eb8e,7.995980474763759,6.236369590203704,8.154500175151943,7,7,0,1,1,1,2.0
4595,"[[], [], [1, 9], [6, 0], [3, 6], [], [], [], [2, 10], [], [5]]","[1, -2, -1, 0, 2, 1, 3, -2, None, 0, 2]",186,5,,best_alone,w7f1eb8e,8.283241441385423,6.833031732786201,8.493719835230596,3,3,0,1,1,1,2.0
4597,"[[2, 10], [0, 2], [], [], [9], [8, 3], [5, 4], [], [], [], []]","[-2, 1, -1, 2, -2, 2, None, -1, 3, 4, 4]",192,2,0.0,best_second,w7f1eb8e,8.120588711740268,6.815639990074331,8.360305435879093,5,5,0,1,1,1,
4599,"[[7, 4], [], [], [1, 10], [], [2], [], [], [3, 1], [0, 5], []]","[-4, -1, -1, -3, -2, 2, -2, 4, -4, None, 4]",110,4,,best_alone,w7f1eb8e,8.343791731996841,8.347827345782498,9.03884005381381,1,1,0,1,1,1,6.0
4600,"[[], [6, 5], [4, 7], [], [8, 10], [], [5, 3], [9], [], [], []]","[-1, -2, None, 4, 0, -1, 0, -2, -1, -1, 1]",34,3,1.0,best_second,w7f1eb8e,8.871084263978354,6.834108738813839,8.993551586299981,1,-1,2,0,1,1,
4601,"[[], [], [], [9], [8, 2], [], [7, 3], [0, 10], [2, 5], [], []]","[-3, 4, 2, -2, -4, 4, None, -1, 4, -4, 4]",52,8,5.0,best_second,w7f1eb8e,9.0062638833792,7.650168700845001,9.235423152343646,3,3,0,1,1,1,
4604,"[[], [4, 9], [], [5, 7], [9, 2], [10, 8], [], [6], [], [], []]","[-4, 2, -2, None, -4, -4, 2, -1, 0, -4, -4]",36,7,,best_alone,w7f1eb8e,8.731336360533149,8.445267451844648,9.291551627401006,1,1,0,1,1,1,4.0
4605,"[[10, 8], [3, 4], [], [], [], [], [], [1, 3], [2], [], [6, 5]]","[None, -3, 3, -3, -1, 0, 4, 0, 4, 0, -4]",38,9,,best_alone,w7f1eb8e,7.799343398215921,7.457609289715606,8.335911094196945,7,7,0,1,1,1,4.0
4606,"[[], [8, 4], [7], [], [], [9, 6], [], [], [4, 3], [], [5, 2]]","[-3, 1, 0, 0, 1, 3, -3, -2, 4, 1, None]",156,5,6.0,best_second,w7f1eb8e,8.899321434159964,7.141245122350491,9.058237593766224,4,4,0,1,1,1,
4608,"[[5], [], [], [], [], [], [3, 2], [], [1, 4], [6, 0], [8, 1]]","[0, -4, 2, -3, -2, -4, -3, -3, 4, None, 1]",154,4,5.0,best_min,w7f1eb8e,9.253878673990666,7.45182223652793,9.406482647787449,-1,-1,0,1,1,1,
4611,"[[], [], [7, 1], [8, 5], [], [0], [], [], [9, 6], [], [2, 7]]","[0, 2, -1, None, 3, 4, -4, -3, -3, -2, 3]",190,10,,best_alone,w7f1eb8e,7.903965634032166,6.846943139585379,8.201934351194222,4,4,0,1,1,1,2.0
4612,"[[5, 6], [2, 10], [10, 7], [], [], [9, 8], [4], [], [], [], []]","[None, -1, 3, 3, 2, -4, 2, 4, 1, -3, -2]",98,9,,best_alone,w7f1eb8e,8.03689677268507,7.816416983691801,8.625688787569537,4,4,0,1,1,1,4.0
4613,"[[], [5], [], [9, 2], [], [], [], [3, 9], [10, 1], [], [4, 6]]","[3, 3, 2, -1, 4, -1, 0, 2, None, 3, -4]",112,4,,best_alone,w7f1eb8e,7.923710333969238,7.253470382684528,8.336630087637145,2,2,0,1,1,1,4.0
4616,"[[], [5, 6], [], [], [], [0, 3], [4], [9, 2], [7, 9], [], []]","[1, None, 0, 3, 2, -1, 1, -3, 1, -1, -4]",90,2,,best_alone,w7f1eb8e,7.917536353943631,6.887552571664617,8.222553638396958,3,3,0,1,1,1,2.0
4617,"[[], [9, 4], [], [], [5], [], [], [8, 6], [6, 10], [3, 0], []]","[3, None, 1, -3, 1, 3, 3, -1, 3, 3, 0]",126,4,0.0,best_min,w7f1eb8e,8.941283763647567,7.518607216815251,9.157150543462064,6,6,0,1,1,1,
4619,"[[], [2, 8], [8, 0], [10, 5], [], [6], [], [], [], [], [4, 9]]","[0, 2, 4, None, -4, 0, 4, 1, 0, 4, -4]",24,8,,best_alone,w7f1eb8e,8.22389538017882,7.467942332285852,8.608677881538416,4,4,0,1,1,1,8.0
4620,"[[], [8, 5], [6, 7], [], [], [0], [], [], [3, 4], [2, 6], []]","[-4, None, 1, -1, -4, -1, -4, 4, -3, -1, -4]",80,2,,best_min,w7f1eb8e,9.479221814964246,7.729735331385051,9.639456900415627,-4,-5,1,0,0,1,3.0
4622,"[[], [], [], [], [], [], [1], [2, 3], [10, 4], [7, 6], [4, 5]]","[1, -1, 0, -2, -4, 2, 4, -4, -4, None, 3]",20,8,,best_alone,w7f1eb8e,8.43771698991444,7.787382026484701,8.857515151192198,3,3,0,1,1,1,2.0
4623,"[[], [], [9, 6], [], [1, 10], [4, 1], [], [2, 8], [3], [], []]","[4, -3, 0, 1, -1, -4, -4, None, 0, 0, -1]",184,3,,best_alone,w7f1eb8e,9.278559610953327,7.680637427560936,9.462731997649376,1,1,0,1,1,1,4.0
4630,"[[8, 7], [], [1], [4, 2], [6, 9], [], [], [], [], [], [0, 8]]","[2, 0, 4, None, -4, -4, -2, -3, 1, 0, 4]",142,9,,best_alone,w7f1eb8e,7.763446388727362,7.10002716662926,8.1786387885907,4,4,0,1,1,1,2.0
4636,"[[4, 9], [7, 5], [], [], [3, 6], [], [], [], [1, 7], [10], []]","[None, 3, -2, -4, -3, -4, -2, 4, 4, 2, 2]",86,10,,best_alone,w7f1eb8e,7.778211474512493,6.871091294610546,8.11701408773731,4,4,0,1,1,1,2.0
4638,"[[], [], [], [8, 10], [5, 7], [7, 0], [], [], [2, 6], [], [1]]","[3, -1, 1, None, 1, 3, -3, 3, 0, -4, 3]",94,3,,best_alone,w7f1eb8e,9.611663580917012,7.1284959456800365,9.691778378847582,2,2,0,1,1,1,4.0
4639,"[[], [3, 8], [], [8, 4], [], [0, 10], [9], [5, 6], [], [], []]","[2, 0, 0, -1, 2, -4, 2, None, -4, 4, -4]",46,11,,best_alone,w7f1eb8e,8.294299608857235,7.028201432058004,8.542470998600507,6,6,0,1,1,1,6.0
4641,"[[], [5, 8], [], [], [2, 3], [], [1, 10], [4, 2], [], [], [9]]","[-4, -3, 3, -2, -1, 2, None, 4, -4, 2, 4]",14,10,,best_alone,w7f1eb8e,7.491087593534876,7.442492722794441,8.159946655578548,6,6,0,1,1,1,6.0
4642,"[[], [5, 6], [], [], [9, 10], [], [], [], [1, 5], [7, 3], [2]]","[2, 1, 0, 3, None, -2, 4, -4, 2, -4, -2]",172,4,7.0,best_min,w7f1eb8e,8.731981938347694,7.897668150726906,9.092457331319466,-1,-1,0,1,1,1,
4645,"[[4, 5], [], [], [8, 6], [5, 2], [], [7], [], [10, 9], [], []]","[3, 4, -3, None, 1, 0, 2, -1, 2, 4, 1]",66,4,2.0,best_second,w7f1eb8e,8.552946361122055,7.499423290592229,8.851949671253948,6,6,0,1,1,1,
4646,"[[], [], [0, 9], [10], [2, 3], [8, 1], [], [5, 8], [], [], []]","[-1, -1, 4, 0, None, -2, 1, 1, -4, 2, -3]",102,6,2.0,best_second,w7f1eb8e,8.48590890137647,7.853216388156072,8.911799556189525,6,6,0,1,1,1,
4648,"[[5, 8], [], [1, 7], [], [], [8, 9], [3], [], [], [], [2, 6]]","[0, 4, 2, -3, 0, 1, -3, -4, 0, -1, None]",64,10,6.0,best_second,w7f1eb8e,8.302761580704049,7.111512116496157,8.567886305731756,6,6,0,1,1,1,
4649,"[[], [], [4, 10], [], [6, 0], [1, 7], [], [], [], [5, 1], [8]]","[3, -2, None, 3, 4, 2, 0, -2, -4, -4, -2]",178,8,1.0,best_second,w7f1eb8e,8.180600947594447,7.55171221535131,8.607764889600626,7,7,0,1,1,1,
4657,"[[7, 3], [], [], [], [], [4, 9], [2], [], [5, 4], [], [0, 6]]","[2, 4, 3, 2, -3, -3, 4, 4, -2, 3, None]",96,2,,best_alone,w7f1eb8e,7.581209826196346,6.947937068614969,8.006700845440367,7,7,0,1,1,1,2.0
4660,"[[], [10, 4], [], [5, 2], [7], [], [], [], [], [3, 5], [6, 0]]","[4, None, 4, -1, 0, 2, -3, -1, -3, -2, 4]",100,8,0.0,best_second,w7f1eb8e,7.827240901752812,7.80954132465341,8.511376306094673,8,8,0,1,1,1,
4662,"[[7, 10], [9, 8], [], [], [], [0, 7], [], [], [3], [6, 2], []]","[-3, None, -1, 0, -3, 0, -3, 3, -2, -4, -2]",22,4,,best_alone,w7f1eb8e,9.401786836547137,7.3537223303996315,9.523032079931992,-2,-2,0,1,1,1,2.0
4665,"[[10, 2], [], [], [], [1], [], [], [0, 10], [9, 4], [5, 3], []]","[4, -1, -2, 0, -3, 4, -3, -4, None, 2, -4]",78,7,2.0,best_second,w7f1eb8e,8.266935347610456,7.254884810077338,8.576781982827894,6,6,0,1,1,1,
4667,"[[], [2, 7], [7, 9], [], [], [], [5, 0], [], [4], [], [6, 8]]","[4, -1, -4, -1, -2, 3, -3, -2, 0, 1, None]",114,2,7.0,best_second,w7f1eb8e,9.091444217032327,7.311218384419628,9.247154345098899,1,1,0,1,1,1,
4668,"[[], [7, 3], [0, 10], [4], [], [], [], [9, 5], [2, 0], [], []]","[2, None, 3, 2, 1, -2, -4, -1, -2, 0, -2]",128,5,,best_alone,w7f1eb8e,8.173011311724972,7.247792581767847,8.50673873351238,3,3,0,1,1,1,2.0
4669,"[[1, 10], [], [], [], [3, 6], [4, 3], [], [0, 8], [9], [], []]","[2, 3, 2, -2, 2, 1, -3, None, 0, 1, 4]",148,3,2.0,best_second,w7f1eb8e,7.442492722794441,7.498869733976931,8.163940954755008,6,6,0,1,1,1,
4671,"[[], [7, 8], [], [1, 10], [9, 0], [4, 9], [], [], [], [], [2]]","[2, 2, 2, None, 4, 3, -3, 4, 2, 3, -4]",200,5,0.0,best_second,w7f1eb8e,8.297045149081827,6.643789733147672,8.471986598578159,6,6,0,1,1,1,
4674,"[[1, 8], [8, 4], [9, 5], [], [], [], [], [2, 10], [], [], [3]]","[-3, -2, 4, -4, 4, 4, 2, None, -2, -2, 4]",12,7,0.0,best_second,w7f1eb8e,7.935945103353701,7.258412150595306,8.346404870435956,8,8,0,1,1,1,
4676,"[[], [2, 4], [10, 6], [0, 8], [7], [], [], [], [], [3, 0], []]","[-2, None, -4, -4, 3, 1, 3, -1, -1, -2, -3]",164,6,,best_alone,w7f1eb8e,7.658227526161352,7.639642287858013,8.341886969516187,2,2,0,1,1,1,6.0
4677,"[[], [], [9, 6], [], [0], [], [], [3, 1], [7, 3], [], [2, 4]]","[-2, -4, 2, -3, -2, -3, -4, -4, 0, 4, None]",180,9,6.0,best_second,w7f1eb8e,8.318254328798844,6.769641976852502,8.510772623613315,6,6,0,1,1,1,
4678,"[[4, 7], [], [10, 5], [], [7, 1], [9], [], [], [], [], [3, 6]]","[1, -1, None, 3, 1, 4, -4, -1, -3, -1, 3]",68,5,7.0,best_min,w7f1eb8e,8.85594853405202,7.134890851565885,9.020389788017736,6,6,0,1,1,1,
4681,"[[], [], [7, 3], [], [1, 0], [], [10], [], [2, 7], [4, 6], []]","[-4, 3, -1, 1, 3, -1, -2, 2, 2, None, -3]",6,9,7.0,best_second,w7f1eb8e,7.8954360069429645,7.73718007783463,8.512381634419016,6,6,0,1,1,1,
4682,"[[5, 9], [], [4, 8], [1], [], [], [0, 5], [], [], [], [2, 3]]","[1, -3, 1, 2, -4, -2, 2, 0, 2, 3, None]",108,5,,best_min,w7f1eb8e,8.150467911624004,8.32482129876878,8.934455109403913,3,-1,4,0,0,1,6.0
4684,"[[], [2], [], [], [], [4, 9], [8, 1], [], [0, 7], [], [5, 4]]","[4, 4, 1, -3, 1, 3, None, -4, -1, 4, 3]",132,6,,best_alone,w7f1eb8e,8.660773919893762,6.732210706467206,8.796338932845732,5,5,0,1,1,1,8.0
4688,"[[7, 5], [], [], [], [8, 10], [1], [], [2, 9], [10, 3], [], []]","[None, 4, 2, 1, -4, -1, -2, 0, 4, -2, 0]",82,3,,best_alone,w7f1eb8e,8.937875265329263,6.931471805599453,9.063926353520646,3,3,0,1,1,1,4.0
4690,"[[], [9], [7, 1], [], [], [], [10, 5], [4, 8], [], [], [5, 0]]","[1, -1, None, -1, 2, 1, 0, -4, -3, -4, 3]",152,4,1.0,best_min,w7f1eb8e,8.688453800850768,7.040536390215956,8.864322722511439,-2,-2,0,1,1,1,
4693,"[[8, 4], [10], [3, 6], [], [], [2, 1], [], [], [4, 9], [], []]","[3, 3, -4, 0, -2, None, -4, 3, -4, 2, 2]",30,11,,best_alone,w7f1eb8e,7.975908360165539,6.656726524178392,8.212568398234144,5,5,0,1,1,1,4.0
4694,"[[2, 10], [], [10, 1], [8, 9], [], [], [], [], [5, 7], [4], []]","[4, -1, -1, None, 0, 4, 2, -4, 4, -4, -4]",162,10,8.0,best_second,w7f1eb8e,7.731930721948486,7.277938572945662,8.223358899479258,8,8,0,1,1,1,
4695,"[[], [4, 10], [], [9, 8], [7, 0], [], [], [], [], [8, 2], [6]]","[0, None, 3, 4, -4, -4, 0, -2, 2, -1, 4]",84,9,,best_alone,w7f1eb8e,7.88344635413774,7.292337176173877,8.323851131338817,4,4,0,1,1,1,2.0
4696,"[[10, 9], [], [1], [], [5, 3], [], [4, 5], [], [0, 2], [], []]","[-3, 2, -1, -1, -4, 1, 2, -4, None, -4, 2]",140,5,,best_alone,w7f1eb8e,8.506334448081363,6.903747257584598,8.689632748355741,1,1,0,1,1,1,6.0
4698,"[[], [], [8, 1], [], [7], [9, 4], [], [], [1, 0], [6, 3], []]","[-4, -3, -1, 4, 1, None, -2, 3, -2, -3, -4]",72,6,,best_alone,w7f1eb8e,7.707512194600341,6.650279048587422,8.005367067316664,4,4,0,1,1,1,6.0
4699,"[[], [8, 7], [3, 9], [], [], [2, 3], [], [4], [6, 0], [], []]","[4, None, 1, 3, -3, 0, -2, -4, 3, 1, 0]",18,10,1.0,best_second,w7f1eb8e,8.034631032923107,7.545389749611823,8.512582578858556,7,7,0,1,1,1,
4700,"[[5, 4], [9], [], [7, 2], [], [4, 10], [3, 1], [], [], [], []]","[4, -4, -3, -2, -3, -2, None, 4, -4, -3, -1]",26,8,1.0,best_second,w7f1eb8e,9.088850474388472,7.215975002651466,9.231710397712375,2,2,0,1,1,1,
4701,"[[], [8, 3], [1, 6], [], [5, 10], [], [0], [4, 5], [], [], []]","[3, -3, None, 3, 3, -4, 4, 2, -1, -2, -3]",150,9,,best_alone,w7f1eb8e,7.840312983320165,8.069655306886165,8.654517382279456,7,7,0,1,1,1,4.0
4702,"[[], [], [], [7], [1, 8], [2, 10], [5, 3], [], [], [4, 1], []]","[2, -4, -4, -3, 1, 1, None, -2, -3, 4, 0]",130,5,1.0,best_second,w7f1eb8e,8.829665432675236,7.57147364885127,9.079662048334066,1,1,0,1,1,1,
4703,"[[6], [], [8, 3], [], [], [], [], [4, 9], [3, 1], [], [7, 0]]","[-1, -3, 2, -2, 3, -4, 1, 4, -3, 0, None]",106,5,4.0,best_second,w7f1eb8e,7.214504414151143,7.157735484249907,7.879291485082271,7,7,0,1,1,1,
4705,"[[5, 9], [4, 3], [], [6], [7, 2], [], [], [], [], [], [0, 5]]","[3, None, -2, -1, 3, 4, -1, -3, 2, 4, -3]",176,2,5.0,best_second,w7f1eb8e,7.406103381237015,8.145259566516865,8.535425959677298,1,1,0,1,1,1,
4706,"[[7, 4], [3, 8], [], [], [], [6], [], [4, 9], [], [], [1, 5]]","[0, 3, -4, -3, 4, 4, 0, -2, 2, 0, None]",44,3,1.0,best_min,w7f1eb8e,8.771215062375383,7.909122183211411,9.123365357961776,5,5,0,1,1,1,
4709,"[[10], [], [4, 8], [5, 9], [], [], [3, 5], [2, 0], [], [], []]","[-4, 4, 2, 4, 2, 4, -1, None, 0, 4, -4]",50,7,2.0,best_second,w7f1eb8e,8.520388082312756,8.326516830239528,9.121181235656364,4,4,0,1,1,1,
4710,"[[5, 9], [], [3, 10], [10, 6], [], [], [], [0, 8], [4], [], []]","[4, 4, 4, 2, 4, 4, 4, None, 0, 2, 1]",160,3,2.0,best_second,w7f1eb8e,7.444833273892193,6.814542897259958,7.8713112033234065,8,8,0,1,1,1,
4712,"[[10, 5], [], [], [], [8, 2], [6], [], [], [2, 3], [], [1, 7]]","[None, 3, 3, 2, -3, 1, -2, 4, 2, 4, 0]",170,3,4.0,best_second,w7f1eb8e,8.36799688505411,7.857093864902493,8.837826364007704,4,4,0,1,1,1,
4713,"[[], [], [], [10], [], [7, 3], [1, 8], [0, 4], [], [6, 1], []]","[3, 4, -2, 0, 4, None, -4, -3, 3, -1, -2]",16,2,7.0,best_second,w7f1eb8e,8.745125259462244,7.48605261786314,8.994916943677111,1,1,0,1,1,1,
4715,"[[1, 4], [], [5], [7, 9], [], [], [0, 2], [9, 8], [], [], []]","[4, 1, -3, 3, 0, 3, None, -1, 0, 3, -3]",10,3,4.0,best_second,w7f1eb8e,8.607399459302387,7.833203948641058,8.986446539271268,5,5,0,1,1,1,
4718,"[[10, 2], [], [8], [6, 5], [], [], [5, 4], [], [], [], [7, 1]]","[None, 2, 2, 2, 3, -2, 4, 1, 1, 4, 4]",92,2,2.0,best_second,w7f1eb8e,9.175334762777368,7.7195739892595805,9.384881741451174,6,6,0,1,1,1,
4722,"[[5, 10], [9, 3], [], [8], [], [10, 4], [], [], [], [6, 2], []]","[0, None, -3, 4, 0, -2, 1, -4, 0, -3, -1]",158,8,,best_alone,w7f1eb8e,7.839525581704679,6.639875833826536,8.10258642539079,4,4,0,1,1,1,4.0
4724,"[[], [2, 7], [4, 0], [10, 5], [], [], [], [8], [], [3, 10], []]","[-4, None, -3, -4, -2, 1, 2, 4, 0, -3, -4]",196,10,,best_alone,w7f1eb8e,8.114025442356757,6.345636360828596,8.271292652979412,4,4,0,1,1,1,2.0
4725,"[[], [10, 2], [3], [], [], [], [4, 8], [6, 4], [], [], [9, 5]]","[0, None, 3, 4, -1, 0, 0, 0, 2, -2, 3]",62,5,,best_alone,w7f1eb8e,7.917536353943631,6.955592608396297,8.240912541688898,7,7,0,1,1,1,2.0
4733,"[[5, 2], [6, 8], [3], [], [], [9, 10], [8, 4], [], [], [], []]","[None, 1, 0, 2, 1, 1, -3, -1, -3, 4, 3]",182,2,2.0,best_second,w7f1eb8e,8.308938252595778,7.9672801789422,8.845633256340188,5,5,0,1,1,1,
4734,"[[], [], [8, 0], [10], [], [], [7, 3], [4, 1], [0, 9], [], []]","[0, -2, -3, 3, -4, 2, None, -1, 4, 4, 4]",124,11,,best_alone,w7f1eb8e,7.865187954187467,6.54965074223381,8.10258642539079,7,7,0,1,1,1,2.0
4737,"[[6], [], [], [], [5, 7], [], [], [], [10, 0], [4, 5], [2, 1]]","[3, 1, -3, 0, 0, -2, 4, 4, None, 1, -3]",56,11,,best_alone,w7f1eb8e,7.85979918056211,6.602587892189337,8.109826276018477,7,7,0,1,1,1,4.0
4740,"[[3, 5], [], [], [], [], [], [9, 7], [2], [], [4, 8], [0, 3]]","[0, 0, 4, -4, 3, 2, None, 4, -1, -4, 1]",2,11,,best_alone,w7f1eb8e,8.071843149609158,6.884486652042782,8.337827262447915,8,8,0,1,1,1,4.0
4741,"[[6], [10, 0], [9, 5], [2, 9], [], [], [], [], [], [], [7, 8]]","[4, None, 1, 2, 2, 4, 0, -4, -2, 0, -3]",28,10,,best_alone,w7f1eb8e,8.117312461601975,7.5251007461258,8.557374981049069,4,4,0,1,1,1,2.0
4742,"[[], [2], [], [], [3, 5], [], [8, 0], [4, 1], [], [6, 8], []]","[-4, -4, -3, 0, 3, 4, 3, None, -1, -3, 2]",42,9,1.0,best_second,w7f1eb8e,8.27842825919907,7.125283091510711,8.55256033525353,7,7,0,1,1,1,
4748,"[[], [6, 7], [], [0, 10], [], [2], [], [], [3, 5], [1, 6], []]","[-3, -3, -2, 1, 1, -2, 3, -3, None, 0, 4]",134,8,3.0,best_second,w7f1eb8e,8.452547997922707,7.218909707619059,8.707978826622321,5,5,0,1,1,1,
4749,"[[], [7], [], [10, 4], [], [], [8, 0], [], [0, 2], [3, 1], []]","[-2, -4, -2, 1, -3, 0, 1, -4, 1, None, 4]",146,10,4.0,best_second,w7f1eb8e,8.449128460502108,6.725033642166843,8.61304867705976,5,5,0,1,1,1,
4751,"[[], [], [3, 5], [1, 7], [], [9], [10, 4], [], [6, 10], [], []]","[1, -1, None, 3, 2, -3, -1, -3, -2, -1, 0]",168,4,6.0,best_second,w7f1eb8e,7.6511201757027,7.969357742016347,8.515792210500608,2,2,0,1,1,1,
4753,"[[10], [], [8, 9], [4, 5], [], [], [], [3, 0], [9, 1], [], []]","[-3, -2, 2, 0, 4, 1, -4, None, 3, 3, -4]",70,7,1.0,best_second,w7f1eb8e,8.318498320504338,7.132497551660044,8.584851839890053,4,4,0,1,1,1,
4754,"[[], [], [9, 10], [], [0, 8], [4, 0], [], [], [], [1, 3], [6]]","[1, 4, None, 0, 4, 2, 0, 3, 3, 4, -2]",74,7,4.0,best_second,w7f1eb8e,8.0805469658245,7.333023014386481,8.468002947225466,8,8,0,1,1,1,
4755,"[[6, 4], [], [], [2, 9], [], [], [4, 10], [1], [3, 7], [], []]","[1, 0, 2, 1, -1, -4, -4, -1, None, 0, -3]",118,3,1.0,best_second,w7f1eb8e,8.054522609537294,7.638679823876112,8.561018670956267,3,3,0,1,1,1,
4756,"[[], [], [8], [4, 5], [5, 10], [], [7, 1], [], [], [6, 2], []]","[0, -4, -2, 2, -3, 3, 3, 3, -3, None, 2]",174,9,7.0,best_second,w7f1eb8e,8.263332667439968,7.137278437260386,8.544029845369797,6,6,0,1,1,1,
4759,"[[7, 3], [], [0, 4], [], [9], [], [], [], [6, 1], [], [8, 6]]","[0, -1, None, 2, -2, 3, -4, 1, 1, -1, 0]",48,3,2.0,best_second,w7f1eb8e,9.043340831280013,6.833031732786201,9.147294070258548,2,1,1,0,1,1,
4760,"[[2], [], [], [4, 0], [8, 9], [], [10, 1], [6, 10], [], [], []]","[2, -1, 2, None, -1, 2, -3, 4, 3, -3, 1]",194,5,,best_alone,w7f1eb8e,8.21986474191265,6.593044534142437,8.399085102935908,4,4,0,1,1,1,6.0
4761,"[[], [], [], [6, 7], [], [1, 0], [9, 4], [8], [], [], [5, 1]]","[2, -2, 2, None, -4, -1, 4, -2, 0, 4, 1]",138,9,8.0,best_second,w7f1eb8e,7.75190533307861,7.653020413804189,8.39660622842712,8,8,0,1,1,1,
4762,"[[8, 6], [2], [], [9, 7], [0, 8], [], [], [], [], [], [3, 1]]","[-2, 4, 1, -1, -1, 2, 1, -4, -4, 4, None]",122,6,,best_alone,w7f1eb8e,7.578656850594762,6.78897174299217,7.952615111650999,5,5,0,1,1,1,8.0
4764,"[[], [], [], [5, 1], [], [1, 2], [0], [10, 6], [], [], [4, 9]]","[1, -4, -2, -2, 4, -1, 4, None, 1, 0, -1]",104,4,,best_alone,w7f1eb8e,7.4645098346365275,6.884486652042782,7.908754738783246,5,5,0,1,1,1,4.0
4769,"[[], [8, 6], [10, 7], [], [], [], [9], [], [5, 4], [], [7, 0]]","[-2, None, 4, 4, -3, 1, -4, -3, -2, -3, 1]",120,5,1.0,best_second,w7f1eb8e,8.98882050177807,6.981934677156389,9.11482017011877,-1,-1,0,1,1,1,
4770,"[[3], [], [8, 7], [], [], [], [5, 1], [], [7, 4], [6, 0], []]","[4, -1, -2, 2, 1, 3, -1, 0, 2, None, 3]",58,6,,best_alone,w7f1eb8e,7.776535028185241,6.947937068614969,8.138564737261632,6,6,0,1,1,1,4.0
4772,"[[], [8, 10], [7, 6], [], [], [], [], [], [3, 0], [2, 7], [4]]","[-4, None, 4, -2, 1, 1, -3, 1, -3, -3, 2]",60,9,,best_alone,w7f1eb8e,7.699389406256736,7.081708586105575,8.130353547431238,3,3,0,1,1,1,2.0
4774,"[[1], [], [], [], [], [3, 8], [], [4, 2], [], [7, 0], [5, 3]]","[3, 2, -4, 2, -2, -1, -3, -3, 3, None, -1]",144,11,,best_alone,w7f1eb8e,7.4489161025442,6.6080006252960874,7.807103290125981,5,5,0,1,1,1,2.0
4775,"[[], [0, 2], [], [], [5], [], [8, 9], [1, 4], [9, 3], [], []]","[-2, 1, 3, -4, 3, 0, 3, None, 3, -4, -2]",198,3,2.0,best_min,w7f1eb8e,7.52294091807237,8.090708716083997,8.53954159508,4,4,0,1,1,1,
4776,"[[], [], [1, 0], [], [], [6, 9], [], [2, 1], [4], [], [5, 8]]","[-4, -4, -4, 4, 4, -4, -4, -2, 0, 4, None]",116,8,,best_alone,w7f1eb8e,7.978310969867722,7.260522598089852,8.37539918579835,4,4,0,1,1,1,8.0
4777,"[[], [], [4, 7], [], [7, 1], [], [0, 3], [], [], [5], [6, 9]]","[-4, 2, -4, -1, 4, -1, 4, 1, -1, -3, None]",54,5,5.0,best_second,w7f1eb8e,8.412054873292933,7.793999089503996,8.843037724962368,3,3,0,1,1,1,
4779,"[[], [], [9, 0], [], [6], [1, 3], [], [], [5, 4], [0, 10], []]","[1, -1, -3, 0, 0, 4, 1, 0, None, 2, 1]",166,2,4.0,best_second,w7f1eb8e,8.376781037699491,7.925518979786926,8.869398159883517,4,4,0,1,1,1,
4781,"[[], [4, 5], [3, 7], [7, 10], [], [], [1, 8], [], [9], [], []]","[-2, -2, -2, 0, -3, 1, None, -1, 4, 4, -4]",32,11,,best_alone,w7f1eb8e,7.71244383427499,6.541029999189903,7.982074875081202,8,8,0,1,1,1,4.0
4782,"[[5, 1], [3], [], [], [], [8, 10], [9, 2], [6, 9], [], [], []]","[None, 2, -3, -3, 1, -1, 1, -1, 1, 0, -4]",4,3,3.0,best_min,w7f1eb8e,8.5422759717837,7.0085051820822795,8.737452587550585,0,0,0,1,1,1,
4783,"[[], [], [], [7], [0, 2], [4, 0], [8, 1], [], [], [], [6, 3]]","[-3, -2, -3, 0, 3, -4, -1, 1, 0, -2, None]",76,3,,best_alone,w7f1eb8e,8.806873266530692,7.3271232922592935,9.011889433252344,1,1,0,1,1,1,2.0
4788,"[[10, 9], [6], [0, 1], [5, 8], [], [8, 7], [], [], [], [], []]","[-3, 1, None, 3, 2, -2, -3, -2, 4, -3, -1]",188,3,,best_alone,w7f1eb8e,9.145375093123825,7.554334823725747,9.330697868639916,-2,-2,0,1,1,1,2.0
4789,"[[], [], [8], [6, 4], [], [], [4, 5], [9, 2], [], [1, 10], []]","[-3, 3, 1, 3, -3, 4, 3, None, 1, -2, 1]",88,2,,best_alone,w7f1eb8e,7.92588031673756,7.215975002651466,8.325548307161398,2,2,0,1,1,1,2.0
4790,"[[5, 2], [], [4], [6, 10], [], [7, 9], [10, 8], [], [], [], []]","[None, -1, 2, -3, 3, 1, 0, -3, 1, 1, 4]",40,5,,best_alone,w7f1eb8e,8.403128235128264,6.884486652042782,8.600982717145921,5,5,0,1,1,1,4.0
4791,"[[], [], [3, 5], [8, 7], [], [4], [0, 10], [], [], [6, 0], []]","[-1, -4, None, -4, 0, 0, -1, -1, 3, 4, 2]",8,3,,best_alone,w7f1eb8e,8.743053050224676,6.940222469119639,8.895492631451631,0,0,0,1,1,1,4.0
4793,"[[2, 3], [4, 6], [3, 9], [], [], [1, 7], [], [8], [], [], []]","[1, 4, -3, 1, 0, None, -3, -1, -4, 3, 1]",280,6,7.0,best_second,w7f1eb8e,8.67965211911394,7.716906135298388,9.002947130753205,4,4,0,1,1,1,
4798,"[[], [5], [7, 4], [2, 7], [], [], [8, 1], [], [0, 9], [], []]","[4, 0, 1, 1, 1, 0, None, -3, 1, 1, -4]",380,4,0.0,best_second,w7f1eb8e,8.422882511944996,6.915723448631314,8.622813673279921,5,5,0,1,1,1,
4799,"[[], [6, 7], [], [10, 4], [], [9], [], [], [1, 5], [], [4, 2]]","[1, -4, -3, 0, -3, 1, 2, -2, None, 2, 1]",340,7,,best_alone,w7f1eb8e,8.345930261979015,7.145984467714388,8.609042845046117,3,3,0,1,1,1,4.0
4803,"[[], [4, 0], [6], [], [], [1, 4], [], [], [10, 2], [], [9, 7]]","[-3, 2, 0, 1, 0, 4, 3, -2, None, -4, -4]",350,10,,best_alone,w7f1eb8e,7.698029170272805,6.814542897259958,8.043663352393944,3,3,0,1,1,1,2.0
4804,"[[], [10, 3], [], [], [0, 2], [], [], [4, 8], [5], [1, 10], []]","[4, 0, 3, -3, 0, -3, 0, None, 4, 3, 2]",312,2,3.0,best_second,w7f1eb8e,8.70251025718999,7.224753405767971,8.907883013942246,4,4,0,1,1,1,
4806,"[[], [8, 4], [], [5, 0], [], [], [], [3, 10], [4, 9], [], [6]]","[1, 4, 3, 1, 4, -3, -3, None, -1, 2, 3]",216,3,0.0,best_min,w7f1eb8e,8.698681067461616,7.359467638255621,8.931287626222456,2,2,0,1,1,1,
4810,"[[1, 7], [], [8, 3], [], [9], [], [2, 8], [], [], [], [0, 4]]","[4, -1, 3, 0, -3, -3, 0, 4, 4, -2, None]",300,9,0.0,best_second,w7f1eb8e,8.006367567650246,7.503840746698951,8.479283618343018,8,8,0,1,1,1,
4812,"[[], [], [6, 1], [], [], [2, 8], [], [10, 3], [9], [], [3, 4]]","[-2, 3, -4, 3, 3, None, -3, -4, -4, 1, 0]",308,4,7.0,best_min,w7f1eb8e,8.492080490601163,7.374001859350161,8.774776816043985,-1,-1,0,1,1,1,
4813,"[[], [5, 3], [6], [], [], [], [], [8, 2], [4, 9], [], [1, 5]]","[-3, 0, 1, -1, 1, 0, 3, None, -3, 3, -3]",304,5,,best_alone,w7f1eb8e,7.654917047848321,6.761572768804055,7.9976631270201,4,4,0,1,1,1,2.0
4814,"[[], [9, 10], [1, 7], [5, 0], [], [], [3, 5], [8], [], [], []]","[-3, 3, None, 3, 1, -4, -2, -3, -1, 4, -3]",386,9,6.0,best_second,w7f1eb8e,7.77863014732581,6.679599185844383,8.065893546964274,7,7,0,1,1,1,
4815,"[[], [8, 7], [4], [6, 2], [], [], [0, 5], [], [7, 10], [], []]","[0, 0, 4, None, 4, 2, -3, 4, -3, -3, 3]",354,10,,best_alone,w7f1eb8e,7.831220214604293,6.4754327167040895,8.060224240440958,8,8,0,1,1,1,2.0
4816,"[[5, 10], [8, 6], [0, 5], [], [], [], [7], [], [9, 4], [], []]","[1, None, -3, 2, -2, -4, 0, 3, -4, -4, 2]",320,10,,best_alone,w7f1eb8e,7.585788821732034,6.5722825426940075,7.895063498091572,3,3,0,1,1,1,2.0
4817,"[[], [2, 9], [9, 0], [10, 5], [], [], [8], [3, 6], [], [], []]","[-1, 1, 4, -2, -1, 0, 3, None, 3, -3, -2]",382,9,,best_alone,w7f1eb8e,7.822044008185619,6.504288173536645,8.058960017769419,6,6,0,1,1,1,2.0
4818,"[[3, 9], [], [], [], [1], [], [5, 7], [], [6, 4], [], [0, 3]]","[2, -1, -2, 0, -3, -2, 4, 2, None, -3, -4]",204,7,2.0,best_second,w7f1eb8e,8.057377488557993,7.107425474110705,8.384118837190895,6,6,0,1,1,1,
4819,"[[], [], [], [0, 2], [], [10], [], [3, 5], [6, 1], [8, 6], []]","[2, 2, 0, 1, 2, -1, 2, None, -2, -2, 0]",344,3,1.0,best_second,w7f1eb8e,8.309922989258318,7.538494999413465,8.689801056022553,3,3,0,1,1,1,
4821,"[[10], [], [], [7, 0], [], [], [], [1, 4], [9, 6], [6, 5], []]","[2, -4, 2, None, -2, 1, 3, -3, 2, -2, 2]",286,10,,best_alone,w7f1eb8e,7.751475318021457,6.897704943128636,8.105911197986508,4,4,0,1,1,1,2.0
4825,"[[1, 4], [4, 9], [], [], [], [8, 10], [], [], [3, 7], [], [6]]","[-4, 1, 4, -4, -2, None, 0, 3, 3, 4, 1]",378,6,0.0,best_min,w7f1eb8e,7.155396301896734,7.590346945602565,8.089175678837561,6,6,0,1,1,1,
4831,"[[3, 5], [2, 8], [], [10, 4], [], [7], [1, 2], [], [], [], []]","[None, -4, -2, -4, 0, 4, 2, 2, -4, 3, 2]",18,9,,best_alone,we8e4607,8.3696208269491,8.141189793457691,8.954931860074698,6,6,0,1,1,1,2.0
4833,"[[], [3], [], [], [8, 9], [4, 8], [0, 7], [], [], [], [6, 1]]","[-1, 1, 2, -4, 4, 1, -4, 2, 4, -1, None]",154,2,,best_min,we8e4607,8.045267716607803,8.801017833540714,9.185945215141462,-2,-3,1,0,0,1,3.0
4836,"[[5, 10], [8, 4], [], [1, 8], [], [2, 6], [], [], [], [], [9]]","[None, 1, 4, -2, -4, -1, -4, -1, 4, 1, 4]",144,6,,best_alone,we8e4607,8.62371303479391,7.469654172932128,8.897682313454224,5,5,0,1,1,1,8.0
4838,"[[], [10, 0], [], [], [9, 2], [], [3], [4, 6], [1, 10], [], []]","[3, 0, 3, -2, 1, -1, -2, None, -2, -1, 1]",106,6,2.0,best_second,we8e4607,9.048409504829962,8.464003362902119,9.49137540170617,4,4,0,1,1,1,
4840,"[[], [10, 3], [], [], [], [1, 7], [8, 4], [0], [4, 9], [], []]","[3, -1, -3, -3, 4, None, 0, 4, 2, 4, -1]",86,10,,best_alone,we8e4607,9.11382947159534,7.454719949364001,9.287949351303165,7,7,0,1,1,1,2.0
4842,"[[9, 7], [8, 6], [3], [], [0, 2], [], [], [], [6, 5], [], []]","[-1, -4, 2, -1, None, 3, 0, 0, 2, -2, 0]",126,3,1.0,best_alone,we8e4607,10.00278975360999,9.151121012316212,10.35812370465074,1,-1,2,0,0,1,
4844,"[[], [], [3, 5], [5, 7], [], [], [], [], [9, 10], [0, 6], [1]]","[-4, 4, -4, 0, -2, -2, 2, -2, None, -1, 1]",180,7,,best_alone,we8e4607,8.725669705687043,7.504391559161238,8.9839415279413,5,5,0,1,1,1,6.0
4845,"[[], [7, 2], [], [], [9, 8], [1, 7], [], [], [3], [6, 0], []]","[3, -1, 4, 3, None, -1, 2, 3, -3, 2, 0]",186,3,1.0,best_second,we8e4607,8.287025025165063,7.9786537290827315,8.837681215593195,5,5,0,1,1,1,
4847,"[[], [6, 0], [], [], [], [3], [], [10, 4], [7, 5], [1, 6], []]","[2, -2, 4, -4, 0, 1, 0, 3, None, 0, -2]",8,4,3.0,best_second,we8e4607,9.681967682338016,8.314587291319576,9.908873024812465,3,3,0,1,1,1,
4851,"[[], [6, 8], [], [9, 2], [0], [], [8, 7], [], [], [], [3, 4]]","[-4, 4, 4, 4, -4, -4, 3, -2, 3, -2, None]",66,11,0.0,best_second,we8e4607,8.391403185357937,8.096208271650035,8.947676062499688,8,8,0,1,1,1,
4853,"[[], [], [6, 0], [], [], [8, 1], [0, 4], [9], [], [], [5, 7]]","[3, 4, -1, 3, 3, 2, 1, -3, 3, 4, None]",76,3,2.0,best_second,we8e4607,8.421562960400987,8.182279739259018,9.002085433155724,6,5,1,0,1,1,
4854,"[[8], [], [3, 0], [1, 5], [], [], [9, 10], [], [], [10, 7], []]","[-1, -3, None, -3, -2, 4, 0, 0, -1, 0, -2]",78,5,,best_min,we8e4607,9.69898173460629,8.912607963670899,10.07428462347813,1,-2,3,0,0,1,7.0
4855,"[[], [], [3, 5], [], [6, 0], [], [0, 10], [], [7], [2, 8], []]","[4, -3, -4, 2, -3, 0, -2, 2, 4, None, 1]",178,9,,best_alone,we8e4607,8.516593011344204,7.051855622955895,8.724369949208368,6,6,0,1,1,1,2.0
4856,"[[], [], [9], [], [0, 7], [8, 3], [4, 2], [], [3, 1], [], []]","[3, -4, -4, 1, -1, -4, None, 0, 3, -3, 2]",160,6,1.0,best_second,we8e4607,9.789478635924262,7.629975707027789,9.89862575311922,2,2,0,1,1,1,
4862,"[[4, 7], [], [10, 5], [], [7, 6], [3], [], [], [], [], [9, 1]]","[0, -4, None, 2, 1, -1, 0, 4, -2, 2, -3]",164,5,,best_alone,we8e4607,9.678968055041986,7.344719054149673,9.771383711902791,1,1,0,1,1,1,6.0
4864,"[[], [], [1, 3], [], [9, 0], [2, 1], [], [], [4, 10], [], [6]]","[-4, 0, -4, 2, 4, -1, 0, -3, None, 4, 2]",142,7,8.0,best_min,we8e4607,7.598900456871409,7.773594467360194,8.382975849296429,8,8,0,1,1,1,
4866,"[[9, 2], [], [], [], [], [], [8], [10, 6], [], [2, 3], [5, 4]]","[-3, 0, 0, 3, 4, -3, -2, None, 3, 0, -2]",194,4,,best_min,we8e4607,9.527047123468579,7.548028969935014,9.656435456170243,2,1,1,0,0,1,7.0
4869,"[[2, 4], [], [10, 9], [], [3], [7, 6], [], [], [5, 7], [], []]","[None, 2, 3, 3, 4, 0, -3, 2, 0, 0, -2]",92,5,,best_alone,we8e4607,8.936692688488204,6.983789965258135,9.069237530998182,7,7,0,1,1,1,2.0
4870,"[[8, 9], [], [1, 7], [], [], [0, 8], [2, 10], [], [], [], [3]]","[4, -4, -3, -1, 1, -4, None, 4, 4, 1, -4]",138,7,7.0,best_min,we8e4607,9.748469830269519,7.64396194900253,9.863446502998945,1,1,0,1,1,1,
4871,"[[], [], [], [2, 4], [], [8, 1], [0], [], [1, 7], [], [3, 6]]","[4, 2, -4, -3, 2, -2, 3, 2, 4, -3, None]",130,11,,best_alone,we8e4607,8.207401833376355,7.317212408359839,8.551208070003515,7,7,0,1,1,1,6.0
4872,"[[], [5, 10], [0, 7], [2, 4], [8], [], [1, 5], [], [], [], []]","[1, -2, -3, None, 1, 4, 3, 3, 3, 3, -4]",174,5,,best_alone,we8e4607,8.405367376233981,7.114769448366464,8.648221453822641,4,4,0,1,1,1,2.0
4880,"[[], [4, 0], [], [9, 2], [], [], [], [3, 9], [1, 10], [], [6]]","[-3, -3, -2, -2, -1, 3, 3, 2, None, 4, 2]",34,10,,best_alone,we8e4607,8.694837158659082,7.194436851100334,8.89604050162011,5,5,0,1,1,1,2.0
4886,"[[], [], [], [7, 8], [6, 9], [], [1, 5], [], [], [0], [3, 7]]","[4, -2, 1, -1, None, 0, -4, -2, 1, 1, -1]",36,10,4.0,best_alone,we8e4607,7.878534196140362,8.412721169819527,8.873888135154973,5,-4,9,0,0,1,
4887,"[[], [3, 0], [], [], [], [], [4, 5], [1, 3], [], [6, 10], [8]]","[-4, 0, 2, -3, 3, 1, -4, 3, -1, None, 3]",150,4,,best_alone,we8e4607,9.111514017669288,7.468513271496337,9.288226910633254,2,2,0,1,1,1,2.0
4888,"[[5, 7], [], [], [], [], [3, 9], [8, 1], [2], [1, 4], [], []]","[None, 4, -3, -3, -1, 4, 2, -4, 1, 4, 2]",10,11,0.0,best_second,we8e4607,8.014004994779457,7.832807516524865,8.620471540869739,8,8,0,1,1,1,
4889,"[[3], [], [], [], [8, 0], [], [2, 9], [6, 2], [10, 5], [], []]","[3, 1, 4, 3, None, 3, 1, 3, -4, -4, -3]",172,10,,best_alone,we8e4607,8.114324709155339,6.882437470997846,8.370084326378025,6,6,0,1,1,1,6.0
4890,"[[2, 10], [], [10, 4], [], [], [], [], [6, 3], [5], [7, 8], []]","[-4, 2, -2, 0, -4, -4, -2, 4, -4, None, 1]",54,7,4.0,best_second,we8e4607,8.190631680903538,7.941295570906532,8.766705997750515,4,4,0,1,1,1,
4892,"[[], [], [6], [], [7, 3], [], [], [], [0, 5], [4, 2], [8, 0]]","[4, -4, 3, 1, 2, 0, 2, -1, 3, None, 2]",104,3,,best_alone,we8e4607,8.878776071707552,7.179307969504034,9.046526486737967,5,5,0,1,1,1,2.0
4896,"[[], [], [], [10, 1], [], [4], [3, 5], [], [2, 7], [8, 2], []]","[-4, 4, 4, 1, -4, -3, None, 0, 1, -1, 0]",190,8,3.0,best_second,we8e4607,8.429017500512511,8.481358738407021,9.148571345578551,5,5,0,1,1,1,
4897,"[[], [5, 3], [], [], [0], [], [], [], [1, 4], [6, 7], [9, 6]]","[-2, 2, 0, 2, -1, 1, 1, -3, None, 1, -2]",108,4,0.0,best_second,we8e4607,8.024207485778577,7.8156105320351905,8.61830469278465,4,4,0,1,1,1,
4899,"[[], [], [], [8, 6], [], [7, 2], [4], [2, 10], [0, 1], [], []]","[-2, -4, 3, None, 3, 1, 1, 1, -3, 2, -2]",98,10,,best_alone,we8e4607,8.098946748943339,7.119635638017636,8.417593826193484,4,4,0,1,1,1,2.0
4900,"[[], [10, 9], [], [], [8, 0], [], [], [], [0, 5], [2], [7, 3]]","[2, None, 3, 2, -4, 1, -4, 0, -4, 1, -3]",12,6,,best_alone,we8e4607,8.118505067587098,8.562357743370612,9.057888248784506,4,4,0,1,1,1,2.0
4902,"[[6], [2, 3], [], [], [], [1, 2], [], [], [9, 0], [7, 4], []]","[4, -2, -4, -3, -3, 2, 0, 1, None, -3, 2]",146,8,,best_alone,we8e4607,7.868636894184167,8.554103545436334,8.962007209588315,4,4,0,1,1,1,4.0
4905,"[[], [], [], [6, 9], [3, 6], [2], [], [], [10, 5], [], [7, 1]]","[4, 0, 4, 4, -1, 3, -4, -2, None, -3, 3]",120,5,,best_alone,we8e4607,8.663887570567042,6.8762646118907655,8.818482267274234,7,7,0,1,1,1,2.0
4906,"[[], [], [7, 0], [6, 10], [], [2, 9], [10, 1], [], [], [8], []]","[2, -3, 0, 4, -4, None, 3, -1, -1, 2, 4]",152,2,2.0,best_min,we8e4607,8.667680024690174,8.997394645638419,9.539140395148863,2,2,0,1,1,1,
4908,"[[], [6, 9], [], [], [8, 0], [], [10, 7], [], [0, 5], [2], []]","[-4, None, -2, -2, 1, -3, -3, -4, 0, -1, 4]",68,6,1.0,best_min,we8e4607,9.374497958142467,7.438383530044308,9.509184911634074,1,1,0,1,1,1,
4909,"[[4, 6], [], [], [], [1, 2], [], [10], [5, 9], [7, 5], [], []]","[None, 1, -3, 1, 3, 0, 3, -3, -3, 2, -1]",14,3,6.0,best_min,we8e4607,9.636783886469539,7.226209010100671,9.722684841711443,4,4,0,1,1,1,
4910,"[[], [8, 7], [], [], [], [], [10, 0], [9], [4, 2], [], [0, 5]]","[-2, None, 2, -1, -4, -2, -1, 4, -4, -3, 3]",84,6,,best_alone,we8e4607,9.01042494678118,8.489616423646003,9.476620038167528,1,1,0,1,1,1,6.0
4911,"[[], [], [], [9, 6], [], [10, 1], [0], [], [], [2, 7], [1, 8]]","[-3, 1, -2, None, 1, -3, -3, 1, 2, 4, -4]",166,7,3.0,best_second,we8e4607,8.864181369765426,7.496097345175956,9.090880931938855,5,5,0,1,1,1,
4913,"[[4], [2, 0], [5, 7], [6, 10], [], [], [], [], [], [3, 6], []]","[-1, None, -4, -3, 4, -1, 3, -3, -2, 1, -3]",112,9,,best_alone,we8e4607,9.220587688427733,7.333676395657684,9.361601165816767,3,3,0,1,1,1,2.0
4915,"[[1, 7], [], [10, 3], [], [], [], [0, 8], [], [5], [2, 10], []]","[4, 4, 4, 3, -3, -2, None, -4, -2, 1, 3]",52,10,8.0,best_second,we8e4607,8.024862150286411,6.968850378341948,8.323122887587735,8,8,0,1,1,1,
4916,"[[], [], [6, 3], [5], [], [], [0, 8], [10, 1], [], [], [1, 4]]","[3, -2, None, 4, 0, 3, -4, 1, -3, 0, 3]",38,11,,best_alone,we8e4607,8.387539983189367,6.616065185132817,8.544419177669829,7,7,0,1,1,1,6.0
4917,"[[], [2, 7], [], [], [], [1, 9], [3, 10], [], [6, 3], [4], []]","[3, 2, 1, 3, -1, None, -2, 4, 0, 2, 0]",110,4,2.0,best_second,we8e4607,7.734558844354756,7.742835955430749,8.431635303054591,6,6,0,1,1,1,
4918,"[[5, 3], [8, 7], [], [], [0, 5], [], [], [9], [2, 10], [], []]","[4, None, -1, 4, 3, 3, 1, 0, 3, 0, 2]",162,4,1.0,best_second,we8e4607,8.9182485910357,8.165932137321585,9.304285984818712,5,5,0,1,1,1,
4919,"[[5, 8], [], [9], [], [7, 2], [8, 3], [], [10, 6], [], [], []]","[-3, 4, 3, 4, None, -2, -4, -1, -3, 3, 4]",88,7,,best_alone,we8e4607,8.516192691082653,6.673297967767653,8.663023639627777,6,6,0,1,1,1,8.0
4921,"[[], [0, 5], [], [1, 0], [], [], [8, 9], [4], [], [], [6, 7]]","[-1, 1, 3, -2, 3, -3, -4, 2, 0, -4, None]",82,11,,best_alone,we8e4607,7.879669914604289,7.0707241072602764,8.247743887225516,5,5,0,1,1,1,4.0
4922,"[[8, 7], [0, 2], [10], [4, 5], [5, 9], [], [], [], [], [], []]","[-1, None, -1, 3, 1, 4, -4, 1, 0, -3, -2]",102,2,2.0,best_second,we8e4607,9.277999020449997,8.364973978438726,9.615338704494905,0,0,0,1,1,1,
4925,"[[5, 4], [], [0, 9], [], [], [], [10, 7], [], [6, 10], [1], []]","[0, -4, None, 3, -4, 2, 4, 2, 1, -4, 0]",176,8,4.0,best_second,we8e4607,9.012620873002131,8.188966863648874,9.376363155800636,2,2,0,1,1,1,
4926,"[[], [8, 10], [9, 3], [7], [], [], [], [], [10, 0], [4, 6], []]","[-3, -3, None, 4, -4, 2, 4, 4, 2, -3, 0]",132,11,,best_alone,we8e4607,8.610136937058977,6.913737350659685,8.778325928634482,8,8,0,1,1,1,8.0
4927,"[[], [3, 9], [1, 5], [], [], [4], [], [], [0, 6], [], [8, 0]]","[-1, 0, None, 4, -4, -3, -1, 1, -1, 1, -1]",90,7,1.0,best_second,we8e4607,8.940498217652733,7.303843225277704,9.118225083068376,4,4,0,1,1,1,
4929,"[[2], [10, 9], [], [8, 0], [], [], [1, 10], [], [4, 7], [], []]","[3, 3, 1, None, -3, 4, -1, 3, -2, 1, -1]",60,6,,best_alone,we8e4607,8.06777619577889,8.031710375322042,8.742893471512138,4,4,0,1,1,1,6.0
4930,"[[], [], [1], [7, 9], [], [4, 0], [], [], [3, 2], [], [5, 4]]","[4, -2, -3, 3, 3, 3, -3, 4, None, 0, 1]",134,8,3.0,best_second,we8e4607,7.4999765409521215,7.02108396428914,7.981733286691886,7,7,0,1,1,1,
4931,"[[], [], [], [2, 9], [7], [3, 2], [], [], [10, 4], [], [6, 1]]","[-3, -2, -4, 0, 2, 2, 0, -2, None, 0, -4]",118,5,,best_alone,we8e4607,8.518392471991719,7.8632667240095735,8.936561204693394,0,0,0,1,1,1,2.0
4932,"[[], [5, 6], [], [9, 8], [], [0, 10], [7], [], [], [8, 2], []]","[0, None, -3, -2, -1, -4, -2, 4, 0, -4, -4]",56,8,,best_alone,we8e4607,8.802973456578423,6.882437470997846,8.93958096672031,2,2,0,1,1,1,4.0
4933,"[[6, 4], [], [], [], [], [3], [], [10, 5], [], [0, 6], [8, 2]]","[-1, 1, -4, 1, -2, 2, -2, None, -2, -3, -3]",62,9,,best_alone,we8e4607,7.822044008185619,8.096817470572319,8.661812881026181,3,3,0,1,1,1,2.0
4934,"[[], [], [], [], [], [4, 1], [5, 7], [2], [], [0, 8], [9, 0]]","[2, 4, 3, -2, 1, 0, None, 0, -4, 4, 0]",196,2,4.0,best_min,we8e4607,8.872206756028303,7.423568444259167,9.083075020930307,4,4,0,1,1,1,
4936,"[[], [8, 9], [], [], [10], [1, 4], [0, 3], [6, 0], [], [], []]","[-4, -4, 4, 0, 4, None, 0, -1, -2, 0, 2]",192,11,,best_alone,we8e4607,8.292047637431354,7.156176637480615,8.570354739530469,6,6,0,1,1,1,2.0
4937,"[[8, 7], [9, 10], [0, 5], [], [], [4], [], [], [], [10, 6], []]","[4, 1, None, -4, -1, -1, 0, -2, 4, -1, -2]",72,8,6.0,best_second,we8e4607,7.949091499830517,7.117205503164344,8.310169021981912,8,8,0,1,1,1,
4938,"[[], [6], [], [], [0, 9], [4, 0], [], [3, 10], [7, 1], [], []]","[3, 1, 3, 0, 3, 4, 0, 3, None, -1, 3]",114,4,0.0,best_second,we8e4607,9.26245832623829,7.2633296174768365,9.389406636049463,6,6,0,1,1,1,
4942,"[[], [], [5, 10], [6, 9], [], [0, 1], [9, 4], [], [], [], [7]]","[-2, -1, None, 3, 2, 2, 1, 1, -4, -4, -3]",136,2,3.0,best_second,we8e4607,9.477539085486562,8.472405008626103,9.789366553431428,1,1,0,1,1,1,
4943,"[[], [], [5, 1], [4, 9], [0, 7], [1, 10], [], [], [], [6], []]","[2, 0, 4, None, 2, -1, -2, 3, -1, 2, -1]",32,3,1.0,best_second,we8e4607,7.977968093128549,8.03495502450216,8.699848026000314,5,5,0,1,1,1,
4944,"[[6, 9], [], [0, 6], [10, 8], [3, 5], [1], [], [], [], [], []]","[-2, 3, 1, -1, None, 4, 3, 0, 2, 1, -4]",28,9,,best_alone,we8e4607,8.637816633739975,7.305860032684008,8.871926251117628,7,7,0,1,1,1,6.0
4945,"[[], [], [8], [0, 6], [], [], [], [9, 5], [], [5, 1], [3, 2]]","[3, -3, 4, -4, -1, 1, 1, -4, 1, 2, None]",128,7,,best_alone,we8e4607,8.491054533806544,7.817222785508166,8.902863672196222,5,5,0,1,1,1,2.0
4946,"[[6, 1], [], [], [4], [], [9, 2], [1, 10], [], [5, 3], [], []]","[1, 2, 3, -3, 4, 3, 4, -2, None, 0, 1]",44,4,0.0,best_second,we8e4607,8.55429627936774,7.690743163541872,8.90598676523643,6,6,0,1,1,1,
4954,"[[], [4], [], [10, 1], [], [], [0, 5], [6, 0], [], [], [9, 8]]","[0, -4, 2, None, -4, 2, -3, 1, -2, 3, 2]",80,9,4.0,best_second,we8e4607,8.046549357283078,7.503289630675082,8.504310565585225,5,5,0,1,1,1,
4955,"[[], [8, 0], [], [], [], [4], [], [9, 6], [0, 3], [], [7, 5]]","[2, 4, 2, -3, 0, -2, 0, 4, -1, 4, None]",4,7,4.0,best_second,we8e4607,8.168486417126681,7.07834157955767,8.45807992692373,8,8,0,1,1,1,
4956,"[[4], [], [], [], [], [2, 10], [1, 7], [], [5, 0], [6, 1], []]","[2, 4, -4, -1, 1, -4, -1, 3, None, -3, 2]",24,8,,best_alone,we8e4607,8.53895468319775,8.232971790593439,9.090655529030203,3,3,0,1,1,1,6.0
4958,"[[], [4, 7], [], [], [7, 3], [2], [9, 10], [], [6, 5], [], []]","[-4, 2, 2, 3, -3, 4, -4, -3, None, -1, 1]",168,10,,best_alone,we8e4607,8.393442383980062,8.319717386850606,9.050288983827956,6,6,0,1,1,1,2.0
4959,"[[], [6, 8], [4, 5], [], [5, 0], [], [], [1, 9], [], [3], []]","[-2, 2, 0, -3, -2, -1, 0, None, 3, 3, 3]",2,4,1.0,best_second,we8e4607,9.616538544660177,7.687538766201629,9.752141270041493,5,5,0,1,1,1,
4960,"[[9, 3], [0, 9], [6], [], [], [], [], [8, 2], [10, 5], [], []]","[3, 0, -1, -4, -4, 4, 1, None, 3, 4, 3]",122,4,1.0,best_second,we8e4607,7.661527081358518,8.101980731853194,8.59877317840866,7,7,0,1,1,1,
4962,"[[], [4, 0], [], [], [0, 5], [], [], [3], [], [10, 7], [6, 8]]","[4, 2, -1, 1, -2, 3, -1, -1, 1, None, -4]",96,4,,best_alone,we8e4607,8.715059959545654,7.7510451179718025,9.038008749211576,0,0,0,1,1,1,2.0
4964,"[[], [], [3], [], [], [8, 10], [], [9, 2], [10, 4], [0, 1], []]","[0, -2, 2, -1, -1, -2, 0, None, 2, -3, 1]",94,5,,best_alone,we8e4607,9.009936307631463,7.0613343669104385,9.143024664691316,1,1,0,1,1,1,2.0
4965,"[[3, 10], [9, 6], [], [10, 8], [], [], [5], [], [], [7, 4], []]","[-2, None, 1, 3, -3, 4, -1, -1, -2, -4, -2]",20,9,,best_alone,we8e4607,8.52793528794814,6.919683849847411,8.71028982137815,3,3,0,1,1,1,2.0
4970,"[[], [6, 10], [], [], [], [], [0, 3], [9, 4], [7, 9], [], [5]]","[-3, None, -4, 1, 2, 3, -4, -4, -1, -2, 3]",30,11,,best_alone,we8e4607,8.156223323194626,7.1853870155804165,8.477204183199875,6,6,0,1,1,1,4.0
4976,"[[], [], [4, 0], [], [], [], [], [2, 8], [1], [10, 3], [3, 5]]","[-1, 3, 2, -4, 2, 2, 1, None, 0, -3, 4]",148,2,3.0,best_min,we8e4607,8.859221393608133,6.99576615630485,9.003316202541857,4,4,0,1,1,1,
4978,"[[], [0, 5], [1, 0], [], [9, 6], [], [8], [], [], [7, 3], []]","[2, -3, 2, 0, None, 4, 2, -4, 0, -3, -2]",184,7,,best_alone,we8e4607,9.014568767457822,7.573017256052546,9.226804098006848,2,2,0,1,1,1,4.0
4981,"[[6, 8], [], [1], [5, 2], [], [10, 4], [], [0, 6], [], [], []]","[1, 1, 4, None, -1, -4, -1, -1, 4, 1, 3]",158,8,,best_alone,we8e4607,8.19478163844336,6.64639051484773,8.387312270561717,5,5,0,1,1,1,4.0
4983,"[[], [], [10], [0, 1], [8, 5], [], [3, 0], [], [], [4, 2], []]","[0, -1, 1, -4, -1, 2, -1, -4, -4, None, 4]",200,7,,best_alone,we8e4607,8.527341522468053,7.309212365692763,8.786303878282583,5,5,0,1,1,1,6.0
4984,"[[], [], [9, 7], [], [5, 8], [], [], [0], [], [1, 3], [4, 5]]","[3, 2, None, -2, 2, 0, 3, 3, -4, -1, -1]",74,7,,best_alone,we8e4607,9.221774749601845,7.092573715974679,9.33406129896594,6,6,0,1,1,1,4.0
4986,"[[6], [9, 0], [], [], [], [2, 3], [], [], [], [7, 4], [5, 2]]","[4, None, 0, 0, -3, 2, 2, -1, -3, -2, 0]",198,10,,best_alone,we8e4607,7.999342952713282,6.887552571664617,8.28349412616251,6,6,0,1,1,1,2.0
4987,"[[2, 9], [], [9, 1], [], [], [4, 10], [7], [], [5, 6], [], []]","[-4, -2, 2, 2, -4, -4, 4, 0, None, 2, 2]",40,9,,best_alone,we8e4607,8.355379895253634,6.634633357861686,8.519789817263502,4,4,0,1,1,1,6.0
4989,"[[], [], [5, 10], [4, 0], [], [], [], [2, 8], [6], [3, 4], []]","[-1, 0, 2, -4, 1, -2, -3, None, -3, -2, -1]",6,4,3.0,best_second,we8e4607,8.947025655972695,7.786136437783072,9.219399216464529,1,1,0,1,1,1,
4991,"[[8], [], [9, 0], [], [5, 3], [3, 6], [], [], [], [7, 10], []]","[-4, 3, None, -3, -2, -1, 2, -4, 1, 3, 3]",64,8,0.0,best_second,we8e4607,7.534762657037537,7.7057128238944275,8.316789127071518,6,6,0,1,1,1,
4992,"[[], [4, 5], [], [], [5, 7], [], [], [], [6], [10, 8], [0, 3]]","[-1, -4, -2, -3, 0, -2, 4, -1, 1, None, -4]",188,11,,best_alone,we8e4607,8.32675881451173,6.92461239604856,8.546557800046141,5,5,0,1,1,1,2.0
4993,"[[2, 6], [], [6, 9], [7, 4], [10], [], [], [5, 1], [], [], []]","[2, 4, -2, None, -3, 0, -1, 1, -2, -3, -4]",100,8,3.0,best_second,we8e4607,7.89655270164304,7.62657020629066,8.463581421967588,5,5,0,1,1,1,
4995,"[[1, 7], [7, 8], [9], [10, 2], [], [], [], [], [], [], [6, 5]]","[-1, 2, 4, None, -1, 0, 4, -4, -3, 1, -1]",58,4,,best_alone,we8e4607,8.391403185357937,7.750184162257837,8.814330422638772,5,5,0,1,1,1,4.0
4999,"[[], [], [9], [4, 1], [], [7, 2], [3, 4], [10, 8], [], [], []]","[-4, -3, -4, 2, -3, None, 4, -1, 3, 4, -1]",116,3,,best_min,we8e4607,9.003439196207838,8.01829613851552,9.320628725870307,2,0,2,0,0,1,4.0
5001,"[[8], [], [1, 9], [2, 1], [5, 6], [], [], [], [], [], [4, 0]]","[-3, -4, -4, 1, 1, -3, 4, 3, -3, 1, None]",22,9,3.0,best_second,we8e4607,7.966239776559468,7.513163545234075,8.45807992692373,5,5,0,1,1,1,
5002,"[[], [], [1], [], [0, 3], [], [4, 0], [], [], [8, 5], [9, 2]]","[2, 0, -1, 1, -2, 1, 3, 0, 2, 0, None]",26,2,1.0,best_second,we8e4607,8.299285906897273,7.51479976048867,8.675051276031818,2,2,0,1,1,1,
5003,"[[], [], [], [], [3, 7], [4, 3], [10, 8], [], [2], [], [0, 1]]","[1, -3, 0, 2, -3, -3, None, 2, 3, 1, -2]",50,6,,best_alone,we8e4607,8.056109659545061,7.198183577101943,8.409385238781931,3,3,0,1,1,1,4.0
5005,"[[], [], [6, 0], [], [], [], [0, 1], [5, 3], [10], [7, 8], []]","[1, -3, -4, -1, 0, -3, 2, -4, 4, None, 1]",48,11,,best_alone,we8e4607,8.65956043270316,7.068172000388042,8.844768827529697,5,5,0,1,1,1,2.0
5007,"[[], [], [], [9, 7], [5, 6], [6, 1], [], [2], [], [0, 10], []]","[-2, -4, 2, None, -2, -2, 1, -2, 4, 4, 0]",170,3,4.0,best_second,we8e4607,8.281217661286648,7.79770203551669,8.761393485256058,4,4,0,1,1,1,
5015,"[[], [], [], [], [], [8, 9], [10, 4], [], [1, 7], [3], [4, 0]]","[-1, -3, 2, -4, 4, None, 3, 4, 3, -2, 1]",124,10,1.0,best_second,we8e4607,7.610852790395251,8.297543529356284,8.704999678440762,7,7,0,1,1,1,
5016,"[[6, 3], [], [0, 5], [], [9, 7], [1], [], [], [], [7, 10], []]","[-4, 3, None, -3, 0, 1, -1, 0, 1, 2, 1]",16,10,,best_alone,we8e4607,8.50572771330696,7.549609165154532,8.830835365537549,4,4,0,1,1,1,2.0
5019,"[[], [6, 9], [], [0, 10], [], [], [7, 2], [], [3, 0], [5], []]","[2, None, -3, -1, 4, 4, 1, 1, 2, -1, -3]",46,3,4.0,best_alone,we8e4607,8.854807632616227,8.241966560231802,9.287671714912507,3,2,1,0,0,1,
5022,"[[], [], [], [4, 1], [1, 0], [], [], [8, 9], [5, 2], [10], []]","[1, -2, 2, 2, 1, 0, 4, None, -3, -1, 4]",156,5,,best_alone,we8e4607,9.207937487359871,7.27931883541462,9.343559215762406,3,3,0,1,1,1,2.0
5023,"[[4], [], [10, 1], [], [], [6, 7], [7, 9], [], [2, 0], [], []]","[-1, 0, 1, 3, 0, 1, 3, -2, None, -3, 2]",140,3,1.0,best_second,we8e4607,7.965545573129992,7.372118028337787,8.405143687607614,3,3,0,1,1,1,
5024,"[[], [], [], [0], [10, 2], [], [1, 5], [], [6, 3], [4, 10], []]","[1, -4, -1, -4, 0, 2, 3, 3, None, -3, 2]",42,7,1.0,best_second,we8e4607,7.884576510596324,7.4798641311650265,8.395477432732141,5,5,0,1,1,1,
5027,"[[], [7, 3], [6], [], [], [10, 0], [], [], [1, 2], [5, 10], []]","[-1, -1, 1, 0, 3, -1, -4, 2, None, -3, 1]",182,3,1.0,best_second,we8e4607,9.201400530406708,7.3777589082278725,9.350971501715929,1,1,0,1,1,1,
5028,"[[5, 10], [9, 2], [8], [0, 5], [], [], [], [], [], [6, 4], []]","[0, None, 3, 0, -4, 3, 0, 4, 3, -3, 0]",70,11,,best_alone,we8e4607,8.331345424845724,6.660575149839686,8.503499864284235,6,6,0,1,1,1,4.0
5029,"[[], [], [], [], [6, 7], [], [0, 1], [3], [2, 9], [], [8, 2]]","[-2, -4, 4, 0, None, 3, -4, 4, -1, -3, 4]",252,11,,best_alone,we8e4607,8.101374671228582,7.655864017616056,8.596189197642735,4,4,0,1,1,1,2.0
5032,"[[], [8, 2], [0], [], [], [], [10, 4], [], [9, 3], [], [4, 5]]","[-3, None, -4, -3, -1, 2, -4, 1, 0, 4, 2]",232,9,3.0,best_second,we8e4607,8.59489469908009,7.2019163175316265,8.816556768641856,4,4,0,1,1,1,
5033,"[[5, 9], [2, 7], [], [1, 8], [], [], [], [], [6], [], [0, 5]]","[-1, 3, 2, None, 3, 1, -2, -3, -4, 4, -2]",310,8,6.0,best_second,we8e4607,7.755338812846502,7.047517221357296,8.155649270366002,5,5,0,1,1,1,
5034,"[[7], [], [4, 1], [2, 4], [], [], [10, 0], [], [], [], [8, 9]]","[-3, 3, 0, 2, -4, 3, None, 3, 1, 0, 4]",280,3,4.0,best_second,we8e4607,7.417580402414544,7.7146774738009265,8.270013062273787,5,5,0,1,1,1,
5035,"[[], [], [], [9, 8], [1], [10, 4], [], [], [], [8, 2], [0, 7]]","[0, 1, 1, -2, -4, None, 3, -1, 2, -4, 0]",352,2,1.0,best_second,we8e4607,9.102532419341877,7.961370201719511,9.379661116592887,0,0,0,1,1,1,
5040,"[[], [7, 2], [], [5, 6], [], [9, 4], [10], [2, 8], [], [], []]","[2, 1, 4, None, -4, 1, 3, -3, -4, 1, -2]",270,3,5.0,best_min,we8e4607,9.149528232579426,8.722580021141187,9.651751606857816,2,2,0,1,1,1,
5041,"[[10, 2], [], [9], [1, 5], [], [], [3, 1], [], [], [], [7, 8]]","[None, -3, 0, 4, -4, -3, -4, 4, 0, -3, -1]",380,5,1.0,best_second,we8e4607,8.965462328515967,7.406103381237015,9.156200925875535,3,3,0,1,1,1,
5044,"[[3], [], [], [], [9, 0], [], [], [6, 8], [], [2, 1], [7, 6]]","[4, 4, -4, 2, None, -4, -2, 3, -1, -2, 1]",316,8,,best_alone,we8e4607,8.974871170971335,7.1785454837637,9.128262260940575,6,6,0,1,1,1,8.0
5045,"[[3, 6], [2, 7], [9, 4], [], [], [], [], [8], [], [], [0, 3]]","[0, None, 3, -4, 3, -2, -3, -4, -4, -1, -4]",390,9,0.0,best_second,we8e4607,8.243282523048375,7.313886831633462,8.57583938684897,6,6,0,1,1,1,
5049,"[[], [], [4, 1], [9, 6], [1, 10], [3, 8], [], [], [0], [], []]","[0, 4, -4, 1, -4, None, -2, 4, -4, -3, -2]",236,2,3.0,best_second,we8e4607,9.413934064045677,8.154500175151943,9.663706360068895,-1,-1,0,1,1,1,
5053,"[[3, 10], [0, 3], [], [], [], [], [2, 5], [4], [6, 7], [], []]","[3, -1, 0, 3, -3, 4, 3, -2, None, 0, -1]",266,8,1.0,best_second,we8e4607,8.142063283104145,7.463363045520021,8.552174160311482,7,7,0,1,1,1,
5055,"[[8, 6], [4, 7], [], [5], [], [], [], [], [6, 10], [1, 3], []]","[3, 4, -4, -2, -3, 1, -4, 2, -3, None, -2]",382,6,2.0,best_second,we8e4607,8.713582005421626,7.651595573857601,9.01042494678118,6,6,0,1,1,1,
5056,"[[1], [], [], [], [], [], [4, 5], [9, 10], [6, 0], [10, 3], []]","[2, 3, -1, -1, 4, 1, 2, 2, None, 2, -2]",286,2,1.0,best_min,we8e4607,7.848933726364071,6.695798917058491,8.12296471523406,6,6,0,1,1,1,
5057,"[[10, 7], [], [5], [], [9, 2], [], [0, 10], [], [], [3, 8], []]","[-4, 0, -1, 4, None, -2, -2, 4, -3, 4, 2]",384,9,7.0,best_second,we8e4607,7.681099001536359,6.551080335043405,7.960672608388117,8,8,0,1,1,1,
5058,"[[10, 4], [9], [5, 1], [], [], [8, 3], [], [], [], [], [4, 7]]","[0, -1, None, -3, 3, 4, 2, 3, 4, -2, 3]",400,9,7.0,best_second,we8e4607,7.77485576666552,7.247080584585757,8.23827262463303,8,8,0,1,1,1,
5060,"[[], [4, 8], [], [], [6, 5], [], [], [], [2], [7, 3], [9, 7]]","[3, None, -4, -3, 0, 4, 3, -2, 1, 1, -3]",248,4,4.0,best_second,we8e4607,8.966356154790121,7.4360278163518485,9.162199996648248,4,4,0,1,1,1,
5062,"[[3, 9], [], [0, 3], [], [], [], [4], [8, 6], [1, 10], [], []]","[-4, -1, -3, 4, -1, -1, 4, None, -4, 4, 1]",368,7,,best_alone,we8e4607,8.592486175451668,6.963189985870238,8.77137018531062,3,3,0,1,1,1,2.0
5065,"[[2], [10, 0], [], [], [8, 7], [], [], [], [7, 6], [], [3, 9]]","[-4, None, -4, 2, -3, -1, -3, 2, 4, 4, -4]",92,5,,best_second,wa53371b,10.189267817698314,9.003439196207838,10.455819736453844,0,-8,8,0,0,1,2.0
5067,"[[2, 4], [], [4, 10], [], [], [], [3, 1], [], [5], [6, 8], []]","[2, 2, 0, 0, 0, -4, 0, 2, 0, None, -1]",72,4,2.0,best_second,wa53371b,8.882252884889363,8.468423027046809,9.389657419749838,2,2,0,1,1,1,
5068,"[[], [6, 10], [5, 3], [], [2, 5], [], [0, 7], [], [], [], [8]]","[2, None, 2, 1, 0, -4, 4, 0, 1, -1, -1]",194,4,4.0,best_second,wa53371b,8.822027322685583,7.4770384723196965,9.053452616439039,6,6,0,1,1,1,
5072,"[[9, 2], [0, 10], [], [6, 8], [], [], [], [3, 6], [], [], [5]]","[0, None, -2, -3, -4, 4, 2, 0, 3, -4, -4]",62,3,2.0,best_alone,wa53371b,8.472195825485501,8.63141433550626,9.248021438943871,0,-2,2,0,0,1,
5076,"[[], [], [], [], [2], [6, 0], [], [5, 6], [10, 4], [], [3, 1]]","[1, -4, -3, 4, -3, 4, -3, 3, None, 3, 2]",32,10,6.0,best_second,wa53371b,8.474285690404962,7.4645098346365275,8.784774592161014,6,6,0,1,1,1,
5078,"[[4, 8], [7], [0, 1], [], [], [3, 10], [], [], [], [5, 3], []]","[4, -2, None, -2, 4, 1, 1, -2, -4, -2, -1]",90,10,8.0,best_second,wa53371b,9.090655529030203,7.976938756959434,9.374497958142467,8,8,0,1,1,1,
5083,"[[1, 3], [5, 9], [4, 6], [10], [], [], [], [2, 4], [], [], []]","[None, 4, -3, 0, -3, -3, 4, -3, -3, 3, -3]",184,8,1.0,best_second,wa53371b,7.795646536334594,7.822845290279774,8.502282578680484,7,7,0,1,1,1,
5086,"[[], [], [], [9, 10], [], [], [1, 7], [], [6, 1], [0, 5], [4]]","[4, -4, 0, None, -2, 0, -2, -3, -4, 3, -3]",74,8,3.0,best_second,wa53371b,7.945201132412759,7.1098794630722715,8.305236829492591,7,7,0,1,1,1,
5088,"[[], [], [4, 7], [6, 9], [], [], [0, 1], [], [2, 4], [5], []]","[4, 2, 4, None, 2, -2, 0, -3, 2, 0, -2]",190,4,,best_second,wa53371b,8.515992470839718,9.255504923930557,9.645687854566216,4,-2,6,0,0,1,2.0
5090,"[[10, 2], [7, 6], [], [], [], [], [], [], [1, 9], [5], [2, 3]]","[2, -1, -1, -3, 4, -3, 0, 4, None, 0, 4]",176,5,,best_second,wa53371b,8.047509510981422,8.834045641167798,9.20923976653215,3,-3,6,0,0,1,4.0
5095,"[[], [], [], [], [], [3, 0], [10], [4, 1], [5, 3], [7, 6], []]","[-2, 3, 2, 2, -1, -2, 0, 3, 4, None, 0]",8,5,0.0,best_second,wa53371b,7.575584651557792,8.058643712215618,8.53895468319775,6,6,0,1,1,1,
5097,"[[9, 8], [], [3, 10], [10, 4], [], [], [], [], [5], [1, 7], []]","[None, -4, -1, -2, 2, 4, 3, -2, 3, -1, -1]",52,11,,best_alone,wa53371b,8.499029220788566,7.283448228756631,8.758569510991506,7,7,0,1,1,1,2.0
5098,"[[4, 7], [10], [3, 1], [6, 5], [7, 9], [], [], [], [], [], []]","[-4, 1, None, -1, 3, -1, 1, -1, -1, 0, 1]",146,3,,best_alone,wa53371b,8.266935347610456,8.676757761087575,9.18574025510795,2,2,0,1,1,1,2.0
5106,"[[], [], [], [10], [2, 7], [6, 1], [], [], [4, 2], [5, 3], []]","[4, 4, 2, -4, 4, 3, 3, 3, 3, None, 2]",66,5,1.0,best_second,wa53371b,8.01102337918644,7.098375638590787,8.348301054933943,7,6,1,0,1,1,
5107,"[[4, 6], [7, 9], [8], [1, 2], [6, 5], [], [], [], [], [], []]","[-4, 1, -2, None, 4, -3, 2, -4, 1, 3, -2]",200,6,2.0,best_min,wa53371b,8.661293535389994,7.896924656268864,9.043458999670106,4,4,0,1,1,1,
5108,"[[], [], [], [10, 9], [], [7, 1], [5, 7], [], [], [8], [2, 0]]","[-3, 1, -1, None, 2, 0, 0, -2, 3, 0, -1]",116,6,,best_alone,wa53371b,8.57583938684897,8.226305988015508,9.109303827798412,3,3,0,1,1,1,2.0
5112,"[[7, 9], [], [], [], [2], [6, 3], [], [9, 1], [5, 4], [], []]","[-2, -1, -4, -4, -3, 3, 4, 3, None, 2, -4]",20,11,7.0,best_second,wa53371b,7.5416830998821105,7.7102051944325325,8.32239411311117,7,7,0,1,1,1,
5113,"[[10, 4], [3, 7], [], [6, 8], [], [], [], [5], [], [], [4, 9]]","[0, None, 0, -3, -4, 3, 3, 4, -1, 1, 2]",140,9,2.0,best_alone,wa53371b,7.305188215393037,8.683385366280309,8.908018322784887,7,0,7,0,0,1,
5114,"[[], [], [1], [10, 8], [], [], [9, 4], [6, 2], [], [], [8, 0]]","[-3, -3, -3, 3, -1, -1, 2, None, 1, -2, -2]",162,4,3.0,best_second,wa53371b,8.126518168780708,8.29054350077274,8.904901577935142,1,1,0,1,1,1,
5115,"[[10], [], [], [], [7, 9], [8, 0], [4, 7], [], [1, 3], [], []]","[3, 2, 4, -2, 0, None, 2, 3, -1, 0, 3]",80,7,,best_alone,wa53371b,8.015987811027237,7.577633832602728,8.513586695822127,6,6,0,1,1,1,4.0
5116,"[[5, 3], [4, 10], [], [], [2, 9], [3, 6], [], [], [], [], [7]]","[2, None, -2, -1, -4, -2, 4, 0, -4, 0, 4]",6,9,,best_alone,wa53371b,7.87473912517181,8.537779825024625,8.953252164609035,4,4,0,1,1,1,2.0
5120,"[[], [], [10, 1], [6, 9], [], [], [4, 8], [], [], [0], [1, 7]]","[-3, 3, 2, None, 1, -2, 0, -2, 4, -4, 4]",4,7,4.0,best_second,wa53371b,8.583542571957771,7.753194269884341,8.945202263959295,4,1,3,0,1,1,
5121,"[[], [6, 3], [1, 6], [], [10], [9, 7], [], [], [5, 4], [], []]","[-4, 4, -4, 0, -2, 1, -3, -4, None, 3, -3]",48,8,5.0,best_second,wa53371b,8.862625169408922,7.473069088032197,9.085003880664885,4,4,0,1,1,1,
5122,"[[6, 2], [], [3], [], [], [], [5, 10], [9, 1], [], [1, 8], []]","[None, 2, 2, 4, 3, 3, -2, 4, 2, 4, -1]",98,7,,best_alone,wa53371b,7.8808043446749005,7.9714309977693505,8.620110725422924,6,6,0,1,1,1,4.0
5124,"[[], [2, 0], [], [5], [1, 3], [], [], [6, 10], [], [7, 6], []]","[-4, -3, 2, 2, None, 4, 4, 2, -4, 3, -3]",198,10,,best_alone,wa53371b,8.20111164444276,7.103322062526113,8.48879371689454,6,6,0,1,1,1,6.0
5126,"[[], [3], [5, 1], [], [6, 9], [8, 0], [], [], [], [], [4, 6]]","[2, 1, None, 0, 2, 4, 0, 1, -1, 3, -1]",102,4,2.0,best_second,wa53371b,7.40184157874383,8.308199063206446,8.647343875881282,6,6,0,1,1,1,
5127,"[[], [], [1], [10, 6], [9, 7], [3, 2], [], [], [], [7, 8], []]","[1, -2, 3, -4, -3, None, -2, -3, -1, 1, 0]",168,6,,best_alone,wa53371b,7.802209316247118,8.27614021955846,8.759982494977281,1,1,0,1,1,1,2.0
5128,"[[], [7, 4], [5, 6], [], [10], [6, 9], [], [8, 3], [], [], []]","[0, None, 0, -2, 3, -1, -3, 0, 4, -2, 2]",186,4,,best_alone,wa53371b,8.446985296372741,7.5688956634069955,8.794370279222871,5,5,0,1,1,1,6.0
5129,"[[2, 5], [], [], [], [0, 2], [], [], [8, 10], [3, 9], [], [1]]","[4, -1, -4, -1, -4, 1, -4, None, -1, 4, -3]",40,6,5.0,best_second,wa53371b,8.00202481821611,8.133293861222633,8.76280248744611,3,3,0,1,1,1,
5130,"[[], [5, 6], [3, 4], [], [], [], [], [], [1, 10], [2, 3], [7]]","[-3, 1, 4, 2, 0, 1, 4, -4, None, 4, 0]",56,6,3.0,best_second,wa53371b,8.873888135154973,8.053569169134542,9.23863624113103,5,5,0,1,1,1,
5132,"[[8, 5], [3, 2], [6], [7, 4], [], [], [], [], [], [0, 8], []]","[-2, None, 4, -4, 3, -2, 4, 1, -4, -1, 1]",178,10,,best_alone,wa53371b,7.8156105320351905,7.998671361015776,8.604287898267172,8,8,0,1,1,1,2.0
5133,"[[6, 4], [], [5, 8], [0, 6], [], [], [], [], [], [2, 10], [1]]","[-4, 2, -1, -3, 2, 1, 4, 4, -3, None, -4]",182,3,2.0,best_min,wa53371b,8.334951631422452,8.261526448396468,8.991935575009146,0,0,0,1,1,1,
5134,"[[], [3, 5], [8, 0], [10, 9], [], [7], [2, 8], [], [], [], []]","[-2, None, -3, -4, -1, 4, 4, 0, 2, 2, -4]",156,9,,best_alone,wa53371b,8.197263371414337,8.138856750696325,8.861491864286915,4,4,0,1,1,1,6.0
5138,"[[1], [], [5, 0], [], [], [9, 4], [8, 10], [], [10, 7], [], []]","[1, 3, None, -4, 2, -4, 4, 3, -4, 4, 4]",124,5,,best_alone,wa53371b,8.006367567650246,7.227662498728654,8.383890344101816,4,4,0,1,1,1,2.0
5139,"[[], [], [10, 0], [7, 5], [3, 6], [], [9], [], [], [], [0, 8]]","[3, -2, 0, -4, None, 4, -1, -1, -2, 0, -4]",100,3,,best_min,wa53371b,8.268218880067506,8.586719254064848,9.133135301067211,0,-1,1,0,0,1,5.0
5141,"[[5, 4], [], [], [], [], [], [3], [], [7, 2], [0, 5], [8, 6]]","[4, -4, -2, -3, 2, 0, 4, 4, 1, 3, None]",122,5,,best_min,wa53371b,8.055475141757276,8.787678239039495,9.1801903950253,5,1,4,0,0,1,6.0
5143,"[[5, 3], [6, 8], [], [], [], [3, 10], [9, 2], [], [4], [], []]","[-2, None, 0, -3, 3, 3, 1, 0, 3, -2, -2]",152,6,,best_alone,wa53371b,8.029758520440822,7.284820912568604,8.41803561988302,6,6,0,1,1,1,2.0
5146,"[[1, 7], [3, 10], [], [], [], [], [4, 2], [8], [], [6, 4], []]","[None, 4, 2, -2, 3, 0, -4, -4, -2, 3, 4]",112,10,0.0,best_second,wa53371b,8.201934351194222,8.060855752934316,8.826881344130632,8,8,0,1,1,1,
5147,"[[], [8, 10], [], [7, 4], [], [1, 6], [0], [], [], [3, 7], []]","[4, -3, 4, -2, 3, None, 4, -2, 1, -3, -1]",28,11,,best_alone,wa53371b,8.398184404834035,7.492203042618741,8.737452587550585,8,8,0,1,1,1,2.0
5150,"[[], [2, 0], [], [6], [1, 2], [], [], [9, 3], [], [10, 8], []]","[3, 1, 1, -2, -3, -1, -4, None, 4, 2, -4]",46,10,2.0,best_second,wa53371b,8.09101504171053,7.766840537085513,8.634976227072622,6,6,0,1,1,1,
5155,"[[10, 3], [], [6, 5], [], [0, 10], [1], [7, 9], [], [], [], []]","[-2, 4, None, -3, -1, 4, -3, -3, -3, 3, -3]",142,11,,best_alone,wa53371b,7.76004068088038,7.186144304522325,8.206583614320751,8,8,0,1,1,1,6.0
5163,"[[], [], [7], [5, 2], [], [0, 4], [8, 1], [], [], [6, 8], []]","[0, 4, -2, None, -4, -4, 0, 4, -2, 4, -4]",114,8,0.0,best_alone,wa53371b,7.333023014386481,8.664060267225791,8.898365606955357,2,-4,6,0,0,1,
5165,"[[9, 4], [5, 2], [7], [0, 9], [], [6, 8], [], [], [], [], []]","[-1, None, -3, -3, 1, 3, 0, -2, 4, 0, -2]",160,8,1.0,best_second,wa53371b,7.333023014386481,7.734996194022781,8.246958032568177,7,7,0,1,1,1,
5166,"[[], [], [], [0, 1], [], [4, 2], [9], [5, 6], [], [], [3, 0]]","[3, -1, -1, 0, -3, -2, 3, None, 3, 1, 2]",42,8,,best_alone,wa53371b,7.735870319952566,8.18451375303372,8.67812085552252,4,4,0,1,1,1,2.0
5167,"[[9, 2], [], [], [], [6, 10], [0, 9], [1, 7], [], [], [], [8]]","[0, -3, 3, 4, None, 0, -4, -1, 0, 1, -1]",106,5,,best_alone,wa53371b,7.987864096085687,8.559486103606488,9.006999447958153,-1,-1,0,1,1,1,2.0
5168,"[[10, 4], [], [], [6, 5], [], [], [5, 9], [2], [0, 7], [], []]","[1, 0, 3, -1, 0, -2, 1, 3, None, 1, -2]",166,6,,best_alone,wa53371b,8.24117615049496,7.321188556739479,8.576405051048084,6,6,0,1,1,1,2.0
5169,"[[4, 6], [8], [0, 4], [7, 1], [], [], [], [9, 10], [], [], []]","[0, 1, 3, None, 2, 0, 2, 4, 0, -1, 2]",144,4,2.0,best_second,wa53371b,7.478169694159785,7.908019444632471,8.408939605975984,6,6,0,1,1,1,
5170,"[[8, 9], [6], [4, 1], [], [7, 10], [], [], [], [9, 3], [], []]","[2, 0, None, 0, -4, 1, 2, 1, 1, 4, -1]",108,6,,best_alone,wa53371b,7.8636512654486515,7.6487397889562425,8.454892165218858,2,2,0,1,1,1,2.0
5171,"[[], [10, 9], [], [2, 4], [], [3, 6], [0], [], [], [], [9, 7]]","[-1, -1, 3, -4, 1, None, 3, 1, -1, -1, 4]",94,4,,best_alone,wa53371b,7.783224016336037,8.164794804244766,8.685077700412423,2,2,0,1,1,1,2.0
5173,"[[], [8, 6], [], [10, 7], [], [], [], [0], [6, 5], [], [4, 9]]","[-4, 2, 3, None, 2, 4, -3, 1, 3, -2, -3]",88,3,,best_min,wa53371b,8.41847721847708,8.279950715722524,9.044639916198465,-1,-3,2,0,0,1,4.0
5174,"[[3], [9, 8], [], [], [], [4, 7], [1, 0], [], [], [], [5, 4]]","[-1, 2, 4, 3, 0, -1, None, 1, 3, -2, -1]",14,4,1.0,best_min,wa53371b,7.238496840894365,7.763871287820222,8.22817689595132,5,5,0,1,1,1,
5175,"[[4, 3], [7, 9], [], [], [], [], [2], [], [1, 7], [], [0, 6]]","[-3, 2, 3, 0, -2, -2, 2, 2, 3, 2, None]",154,9,,best_alone,wa53371b,7.990576881743922,7.223295679562314,8.371704884667631,5,5,0,1,1,1,2.0
5176,"[[], [9], [6, 8], [], [], [7, 1], [8, 3], [10, 0], [], [], []]","[-3, -4, 1, -1, 4, None, -4, 1, 0, -4, 4]",150,10,4.0,best_second,wa53371b,8.335191583433202,7.161622002939187,8.6044711995233,5,5,0,1,1,1,
5177,"[[], [0], [], [], [], [], [4, 2], [9, 1], [6, 4], [10, 5], []]","[4, 4, 2, 4, 2, -2, -4, None, 0, -3, 2]",138,11,,best_alone,wa53371b,7.64826303090192,7.822845290279774,8.432288684325792,8,8,0,1,1,1,4.0
5179,"[[], [8, 4], [], [], [3], [], [9, 5], [], [10, 7], [5, 2], []]","[1, None, 2, -4, -1, -2, 4, 4, -2, -2, -1]",30,6,,best_second,wa53371b,8.179760493699899,8.668368019213355,9.14665482029005,2,-5,7,0,0,1,5.0
5181,"[[10, 9], [], [], [8, 2], [0, 6], [], [7], [], [2, 1], [], []]","[3, -2, 2, -4, None, -4, 3, -4, -4, -1, -2]",170,2,4.0,best_second,wa53371b,6.866933284461882,8.110727582974489,8.36380888451688,2,2,0,1,1,1,
5182,"[[], [], [], [1, 0], [9, 7], [], [], [5], [], [8, 2], [3, 1]]","[2, 0, 0, -3, None, 3, 0, 4, -2, -2, 4]",10,10,,best_alone,wa53371b,7.4360278163518485,7.2682230211595655,8.048468743668883,7,7,0,1,1,1,2.0
5184,"[[], [], [], [], [], [3, 2], [8, 1], [], [1, 4], [5, 10], [7]]","[3, 0, -3, 4, 3, 3, 3, -4, 3, None, 2]",158,8,6.0,best_second,wa53371b,7.221835825288449,7.368339686311381,7.990576881743922,7,7,0,1,1,1,
5186,"[[], [], [0, 4], [], [], [3], [7, 1], [1, 10], [2, 5], [], []]","[-4, 0, 0, 3, 0, 2, -2, 2, None, 1, 1]",172,7,,best_alone,wa53371b,7.850882664809852,8.069029328774958,8.658866349732383,5,5,0,1,1,1,4.0
5187,"[[], [8, 9], [7, 5], [1, 8], [], [0], [], [10, 6], [], [], []]","[4, -1, None, -4, 1, 4, 0, -3, 1, 3, 2]",2,10,,best_alone,wa53371b,7.851661177889265,7.02197642307216,8.213381737034572,8,8,0,1,1,1,2.0
5190,"[[6, 3], [], [5], [], [7, 1], [], [], [], [], [0, 2], [4, 7]]","[-2, -4, 4, 2, 4, 0, 0, 4, -3, None, 1]",126,5,,best_alone,wa53371b,8.423980809694058,7.555381944240272,8.774158291205957,4,4,0,1,1,1,2.0
5191,"[[6, 8], [], [3, 10], [5, 7], [], [], [8, 9], [], [], [], [1]]","[1, -2, None, -2, -1, 4, -1, -3, 2, -4, 1]",18,5,1.0,best_min,wa53371b,7.33823815006559,8.053569169134542,8.451480648050856,2,2,0,1,1,1,
5193,"[[], [8, 0], [1, 8], [], [7, 3], [10], [], [], [], [4, 5], []]","[2, 1, 1, -4, -4, 3, -2, -2, 3, None, 0]",16,10,,best_alone,wa53371b,7.546446273746024,7.433075348898581,8.18423477409482,3,3,0,1,1,1,2.0
5194,"[[8, 7], [10], [6, 4], [], [], [2, 1], [], [], [7, 3], [], []]","[3, 1, -2, 3, -2, None, -4, -4, 4, -3, -2]",130,4,,best_alone,wa53371b,7.807103290125981,8.354438940114811,8.810757927026174,-1,-1,0,1,1,1,2.0
5199,"[[], [4, 2], [], [7, 0], [], [], [], [], [3, 7], [1, 10], [5]]","[4, 4, -3, -2, -1, 2, -1, 0, -3, None, 2]",96,2,7.0,best_alone,wa53371b,7.328437352895162,8.333270353255308,8.645058562414132,4,3,1,0,0,1,
5200,"[[6, 9], [], [], [], [], [10, 7], [8, 3], [], [], [4], [7, 1]]","[None, 1, 1, 4, -4, 4, -3, -4, 0, 3, 4]",120,3,,best_min,wa53371b,7.906178840394815,8.533066540572527,8.960981173843562,1,-1,2,0,0,1,4.0
5201,"[[], [], [], [6, 1], [3, 9], [], [], [], [10, 7], [5], [7, 2]]","[0, 1, 0, 3, None, 0, -4, 3, -3, -3, -1]",58,6,2.0,best_second,wa53371b,7.273092595999523,7.869783902530146,8.308199063206446,4,4,0,1,1,1,
5203,"[[], [7, 0], [3, 8], [], [2, 3], [], [10], [], [], [1, 6], []]","[-2, 0, 3, 3, 3, 3, -4, -4, 0, None, 4]",64,3,2.0,best_alone,wa53371b,8.180320874773685,8.337348564497175,8.954931860074698,0,-2,2,0,0,1,
5205,"[[7, 9], [], [], [], [], [2, 1], [4], [], [5, 2], [], [0, 6]]","[-2, -4, -3, 1, 2, 2, 4, -1, 2, -3, None]",86,10,,best_alone,wa53371b,7.787382026484701,7.688913336864795,8.432288684325792,6,6,0,1,1,1,2.0
5211,"[[], [5, 6], [], [], [0, 10], [6, 3], [], [4, 9], [], [8], []]","[0, 1, 4, 0, -3, 0, 1, None, 1, 2, -4]",36,8,,best_alone,wa53371b,7.6415644412609725,7.620214770574456,8.323851131338817,3,3,0,1,1,1,4.0
5215,"[[], [], [4, 0], [], [], [6], [], [], [2, 5], [7, 1], [9, 7]]","[4, 0, -3, -1, 2, 3, 2, 1, None, 0, 1]",22,5,,best_alone,wa53371b,7.689828668736483,7.543802867501509,8.31238059678675,5,5,0,1,1,1,2.0
5216,"[[], [], [7, 0], [], [], [], [9, 3], [0, 5], [4], [], [6, 8]]","[-3, 4, -1, -4, -4, -4, -3, 0, -1, -1, None]",148,2,,best_min,wa53371b,8.01201823915906,8.550821372396221,9.010302809376448,-4,-5,1,0,0,1,3.0
5217,"[[5, 1], [], [], [2, 7], [], [1, 9], [4], [], [3, 6], [], []]","[-1, 1, -2, 0, 4, 2, 4, -4, None, -4, -4]",34,11,,best_alone,wa53371b,8.550821372396221,7.197435354096591,8.780480107033297,8,8,0,1,1,1,2.0
5219,"[[], [0], [], [], [], [10, 7], [5, 1], [], [4, 2], [8, 4], []]","[1, -1, -2, 1, 0, 1, None, 2, 4, -4, 1]",128,2,1.0,best_second,wa53371b,7.4133673356952405,7.315218389752975,8.058327306580958,3,2,1,0,1,1,
5221,"[[], [], [3, 5], [5, 7], [0, 1], [], [], [], [4, 9], [10], []]","[-4, -2, -2, -4, -1, 3, 2, 2, None, 4, 3]",50,11,,best_alone,wa53371b,7.935945103353701,7.16703787691222,8.316544717929398,7,7,0,1,1,1,2.0
5222,"[[8, 10], [], [], [], [], [7, 6], [], [6, 3], [9, 4], [], [1]]","[None, -4, -4, -3, 0, -2, -3, -2, -1, 2, 1]",84,3,,best_second,wa53371b,8.169053149927342,8.319961021886527,8.940367233305174,1,-3,4,0,0,1,2.0
5225,"[[4, 2], [], [], [7, 10], [], [], [0, 4], [5, 8], [], [], [1]]","[-1, 1, -4, None, 0, -3, -2, -2, -1, 3, 3]",78,8,,best_alone,wa53371b,7.704811922932594,7.984803389734406,8.54752839121231,4,4,0,1,1,1,2.0
5226,"[[9], [10, 7], [], [5, 2], [], [], [3, 0], [], [1, 10], [], []]","[2, -3, 1, -3, 0, -3, None, -4, 4, 4, -3]",118,10,,best_alone,wa53371b,7.540090320145325,7.412764017426563,8.17131687471973,6,6,0,1,1,1,4.0
5228,"[[], [4, 2], [], [0, 8], [2, 5], [], [10], [], [], [3, 6], []]","[1, 1, -1, 1, -2, 1, 3, 4, -2, None, -2]",38,2,,best_min,wa53371b,8.494947582468917,7.923348211930154,8.942460926820582,2,1,1,0,0,1,3.0
5229,"[[], [], [], [5, 8], [], [7, 9], [10, 1], [], [4], [], [1, 2]]","[-3, -4, -4, None, -1, -3, -2, -2, 3, 2, -1]",174,5,,best_alone,wa53371b,7.669028288589683,7.956827122090111,8.516192691082653,2,2,0,1,1,1,4.0
5230,"[[], [3, 0], [], [], [1, 5], [6], [], [2, 9], [7, 2], [], []]","[-3, 4, 0, -1, None, 2, 2, -1, 0, -1, 3]",192,2,7.0,best_alone,wa53371b,7.21081845347222,8.308199063206446,8.596004371840527,4,3,1,0,0,1,
5232,"[[], [], [9], [], [3, 5], [], [], [4, 2], [0, 6], [], [8, 0]]","[-4, 3, 0, 0, -2, -4, -4, None, -4, 3, 3]",82,7,2.0,best_alone,wa53371b,8.434246270595311,8.527143522269405,9.174816815907135,3,-2,5,0,0,1,
5233,"[[], [9, 4], [0], [8, 7], [], [], [], [], [], [4, 5], [3, 2]]","[4, 0, 4, -3, -2, -2, -4, 0, 2, 4, None]",188,10,,best_alone,wa53371b,7.6487397889562425,7.173958319756793,8.132118772955806,8,8,0,1,1,1,2.0
5234,"[[], [2], [], [10, 5], [], [], [0, 4], [3, 10], [6, 1], [], []]","[-4, 0, -3, -1, -2, 1, -2, -2, None, 3, 1]",24,2,0.0,best_alone,wa53371b,8.58839695042257,8.141189793457691,9.082620630373812,-3,-4,1,0,0,1,
5235,"[[], [4, 10], [1, 4], [], [], [3], [], [8, 6], [], [7, 5], []]","[-1, -4, 2, -2, -3, -1, 2, 2, 1, None, 1]",104,4,0.0,best_second,wa53371b,7.217443431696532,7.728855823852543,8.19836438996762,4,3,1,0,1,1,
5236,"[[], [], [10, 8], [9, 0], [], [], [], [], [1], [0, 6], [4, 5]]","[-3, 4, None, 0, -1, 1, -2, 2, 2, -4, -4]",68,10,,best_alone,wa53371b,8.189799618728228,7.283448228756631,8.528924114291936,6,6,0,1,1,1,2.0
5237,"[[2, 9], [6, 8], [], [0, 2], [], [], [4, 10], [], [5], [], []]","[4, None, -1, 0, 2, 4, 0, 0, -1, -1, -2]",136,3,,best_alone,wa53371b,8.57810012631976,7.869019376499023,8.978156076009823,3,3,0,1,1,1,4.0
5238,"[[2], [], [], [], [6, 1], [], [], [9, 0], [], [5, 3], [4, 6]]","[-3, 2, -3, -1, 3, 4, -4, None, 1, 1, 0]",132,8,2.0,best_second,wa53371b,8.1371033896393,7.569411792450711,8.585972706811065,5,5,0,1,1,1,
5239,"[[5, 4], [], [], [], [], [4, 6], [], [1], [9, 7], [2, 3], []]","[2, -1, 1, 2, 4, 2, 1, -4, None, -2, 4]",26,3,4.0,best_second,wa53371b,8.801017833540714,7.8808043446749005,9.136263168579866,0,-1,1,0,1,1,
5240,"[[], [], [], [7, 0], [3, 5], [2], [1, 10], [], [], [6, 1], []]","[-3, 4, 2, -1, None, 2, 3, 3, 3, -3, 1]",164,5,,best_alone,wa53371b,7.854381210652365,7.137278437260386,8.251663923605589,4,4,0,1,1,1,6.0
5241,"[[], [9, 8], [7], [], [3, 10], [4, 2], [], [], [], [8, 0], []]","[-3, -1, 1, 1, -1, None, -4, 2, -1, -3, 3]",12,2,,best_alone,wa53371b,8.057060681965766,7.305188215393037,8.44311598801992,3,3,0,1,1,1,2.0
5246,"[[], [], [4, 10], [8], [10, 7], [9, 3], [], [], [], [1, 6], []]","[2, -3, -1, 4, 2, None, -1, -1, -2, 1, -2]",70,3,,best_alone,wa53371b,7.808323050391056,7.802618063442672,8.498418036089904,2,2,0,1,1,1,2.0
5247,"[[], [], [], [], [6, 1], [], [1, 3], [], [5], [0, 2], [9, 8]]","[-1, -1, 1, -2, -4, -1, 4, -4, 3, -3, None]",44,5,,best_alone,wa53371b,7.733245646529795,8.030409562130485,8.58578598288185,2,2,0,1,1,1,2.0
5251,"[[], [], [], [], [8], [3, 1], [0, 9], [6, 4], [], [], [5, 3]]","[4, -2, 3, 2, 0, 4, 0, None, -2, 2, 4]",76,4,,best_second,wa53371b,8.065265208897731,8.140607042858448,8.796641458940915,4,-2,6,0,0,1,2.0
5255,"[[], [6, 2], [7], [9, 0], [], [], [5, 10], [], [3, 9], [], []]","[3, None, 0, 4, -1, -3, -3, -4, -4, -3, 2]",54,4,,best_min,wa53371b,7.963807953231451,8.335431477880796,8.85978949474541,-1,-4,3,0,0,1,5.0
5256,"[[], [0, 7], [], [1, 0], [], [], [], [], [10, 9], [4], [6, 5]]","[-4, -4, -4, -4, 0, -4, 2, 0, None, 2, -2]",60,5,,best_alone,wa53371b,7.7397944584087,7.957877358489813,8.54772239645106,2,2,0,1,1,1,6.0
5258,"[[], [9, 10], [7, 6], [], [], [], [], [6, 0], [], [8, 3], [4]]","[-4, None, 1, 4, -1, 3, 0, 1, -1, 1, -3]",180,7,3.0,best_second,wa53371b,8.074026216124063,7.896924656268864,8.682368589375223,5,5,0,1,1,1,
5262,"[[8], [], [4, 5], [], [5, 9], [], [], [3, 6], [], [], [7, 0]]","[1, 2, -3, 4, 1, -4, 2, -4, 3, -3, None]",110,5,,best_alone,wa53371b,7.84971375760487,7.555905093611346,8.406485069431815,4,4,0,1,1,1,2.0
5263,"[[], [10, 2], [], [4], [], [], [], [0, 6], [7, 0], [1, 3], []]","[-3, -4, 2, 3, 2, 2, -1, -4, 3, None, -4]",134,10,,best_alone,wa53371b,7.711996507047669,7.085901464365611,8.14002395246292,5,5,0,1,1,1,6.0
5264,"[[], [], [5, 6], [], [], [6, 1], [], [8, 9], [10, 4], [3], []]","[-3, 4, -3, 2, -4, 3, 3, None, 0, 4, 4]",196,6,,best_alone,wa53371b,7.618742377670413,7.561121589530238,8.283241441385423,6,6,0,1,1,1,8.0
5265,"[[4, 7], [], [5, 10], [2, 9], [], [], [], [], [0, 4], [1], []]","[0, -2, 4, None, -2, -4, -3, 4, -1, -2, 4]",228,10,0.0,best_second,wa53371b,7.757906208351748,8.09132127353041,8.63141433550626,8,8,0,1,1,1,
5267,"[[], [], [3, 10], [], [], [6, 9], [0, 8], [2, 3], [], [4], []]","[-2, 2, -2, -3, 0, None, -4, -2, -4, 3, -1]",338,10,,best_alone,wa53371b,7.579678823090456,8.213110697596676,8.638702608813434,3,3,0,1,1,1,2.0
5268,"[[6, 7], [5], [4, 3], [], [3, 10], [], [], [], [], [0, 1], []]","[-3, 4, -3, -4, 3, 2, -3, -1, -3, None, 3]",302,11,,best_alone,wa53371b,7.537430036586509,7.848153086199526,8.39773375137891,6,6,0,1,1,1,2.0
5270,"[[3, 6], [], [], [10, 9], [], [], [5], [8, 1], [1, 2], [], []]","[None, -2, 4, 4, 4, 2, -2, 0, -2, 0, -2]",364,3,4.0,best_second,wa53371b,7.31455283232408,8.09803475617607,8.47407690034261,4,4,0,1,1,1,
5271,"[[7, 2], [0, 7], [], [6, 4], [], [3, 9], [], [], [], [10], []]","[-4, -2, 4, -4, -4, None, 2, 3, 3, 2, 4]",342,11,,best_alone,wa53371b,8.054522609537294,7.015712420487229,8.357259153499912,6,6,0,1,1,1,6.0
5272,"[[], [], [], [], [9, 8], [4, 9], [0], [10, 6], [], [], [3, 1]]","[2, -4, 4, 4, -3, 3, 3, None, 0, -2, -2]",278,7,,best_alone,wa53371b,8.013012110368916,7.358193752733032,8.431199478249262,5,5,0,1,1,1,8.0
5273,"[[7], [10, 0], [8, 5], [], [], [], [], [], [5, 6], [], [3, 4]]","[4, None, 2, -4, -2, -1, -3, 3, -1, -4, -1]",298,11,,best_alone,wa53371b,7.67693714581808,6.824373670043086,8.031710375322042,7,7,0,1,1,1,2.0
5274,"[[9, 2], [8, 3], [], [], [], [], [0, 7], [5], [3, 10], [], []]","[-4, 1, 3, 0, -2, 4, None, 4, -1, -1, 3]",300,11,,best_alone,wa53371b,7.630461261783627,6.993932975223189,8.054840221101026,8,8,0,1,1,1,4.0
5277,"[[3, 6], [5, 2], [], [8, 4], [], [2, 9], [10], [], [], [], []]","[None, -1, 3, -2, -4, -1, 4, -2, -2, -4, -3]",234,6,,best_alone,wa53371b,8.116118431609367,8.191186004642788,8.847359875474174,1,1,0,1,1,1,2.0
5283,"[[], [4, 8], [3, 10], [], [8, 5], [], [2, 9], [], [], [7], []]","[3, 1, -1, 0, -2, -2, None, -4, -4, -3, 3]",280,6,4.0,best_second,wa53371b,7.859026979751538,8.197538739721185,8.735525185733225,2,2,0,1,1,1,
5284,"[[], [], [], [], [3, 6], [4, 8], [], [9, 1], [2], [], [7, 9]]","[0, 3, 1, 3, 4, None, 0, -2, -1, -4, 0]",318,5,4.0,best_second,wa53371b,7.939158817956797,7.300472814267798,8.36287583103188,7,7,0,1,1,1,
5286,"[[], [], [10, 8], [], [6, 9], [], [9, 0], [], [5], [], [7, 1]]","[4, -4, None, 1, -1, 2, -1, -2, 3, -4, -3]",366,11,,best_alone,wa53371b,7.6577552711348655,7.795646536334594,8.422003004412488,5,5,0,1,1,1,2.0
5288,"[[10, 1], [], [], [], [], [6, 4], [4, 3], [0, 9], [], [8], []]","[-3, 0, -3, -2, -2, -1, -2, None, 3, 2, -2]",378,9,,best_alone,wa53371b,7.824445930877619,7.022868086082641,8.19478163844336,5,5,0,1,1,1,2.0
5289,"[[], [], [], [7, 6], [1], [], [], [6, 9], [10, 4], [], [5, 0]]","[-3, -4, 1, -4, -4, 3, 0, 3, None, -1, 3]",336,10,6.0,best_second,wa53371b,7.217443431696532,7.353081920515432,7.980365765111246,6,6,0,1,1,1,
5290,"[[9, 1], [], [], [4, 7], [6, 10], [], [], [5], [], [1, 2], []]","[1, 1, 3, None, -4, 4, -4, -1, -1, 4, 0]",388,9,,best_alone,wa53371b,8.042699496897637,7.416979621381154,8.470939806898775,3,3,0,1,1,1,4.0
5292,"[[], [3, 10], [], [9, 5], [8, 7], [], [], [], [7, 0], [], [2]]","[-4, None, 2, -2, 1, -3, -2, 2, -4, -1, 4]",262,10,,best_alone,wa53371b,8.026496938945412,7.227662498728654,8.39773375137891,6,6,0,1,1,1,2.0
5295,"[[9, 6], [], [], [4, 10], [], [], [1], [3, 4], [], [5, 2], []]","[None, -1, -1, 2, -1, 2, -2, -2, 1, 4, -4]",354,6,5.0,best_second,wa53371b,7.774435510302958,7.969011781106478,8.569406062863171,6,6,0,1,1,1,
5296,"[[], [10, 9], [5, 7], [], [], [4, 3], [], [6], [], [], [9, 0]]","[2, 1, None, -3, -1, -1, 3, 1, -1, -2, -3]",226,7,,best_alone,wa53371b,7.830425617820332,7.6246189861593985,8.425735580927402,4,4,0,1,1,1,2.0
5300,"[[], [], [5], [6, 2], [], [], [1, 4], [], [], [8, 7], [9, 8]]","[4, 4, 0, None, 0, -4, 2, -3, 2, -4, -2]",306,7,2.0,best_second,wa53371b,7.1204443723924875,7.2950564164626295,7.904334842085095,6,6,0,1,1,1,
5301,"[[10, 1], [], [], [], [3, 8], [], [2], [0, 6], [], [4, 3], []]","[-1, 4, -1, -3, 1, 2, -3, None, -4, -4, -1]",290,6,5.0,best_second,wa53371b,7.87473912517181,8.307952545271018,8.807621489536045,3,3,0,1,1,1,
5304,"[[4, 6], [5], [0, 1], [], [], [], [], [3, 10], [], [7, 3], []]","[-4, 2, None, 4, 0, -3, -4, 4, 4, -2, 4]",344,5,,best_alone,wa53371b,7.62657020629066,8.08394570229562,8.574140471857987,-1,-1,0,1,1,1,4.0
5305,"[[], [], [], [9, 5], [], [7], [10, 0], [], [6, 10], [1, 2], []]","[3, -3, 1, None, -4, -1, -2, 4, 0, -4, -4]",334,8,,best_alone,wa53371b,7.82803803212583,7.721791776817535,8.469262657658687,3,3,0,1,1,1,4.0
5306,"[[1, 9], [8, 2], [], [], [7, 6], [4, 7], [], [], [], [3], []]","[None, -4, 2, 1, 4, 4, 1, 0, -4, 2, -4]",276,8,,best_alone,wa53371b,8.052933036797569,6.947937068614969,8.338783971442197,3,3,0,1,1,1,6.0
5308,"[[], [], [], [5, 0], [], [0, 8], [7], [], [], [10, 6], [1, 2]]","[0, 0, -2, 2, 2, -2, 3, 2, 4, None, 3]",268,3,5.0,best_alone,wa53371b,7.0604763659998016,8.053887083618225,8.368693183097793,5,3,2,0,0,1,
5311,"[[], [], [4], [6, 1], [], [3, 6], [], [9, 2], [], [0, 10], []]","[4, -2, -1, 0, -1, -1, -1, None, -1, 4, -2]",330,8,6.0,best_second,wa53371b,7.153051634937481,7.321188556739479,7.933438387627489,8,8,0,1,1,1,
5312,"[[], [], [1, 0], [2, 4], [10], [], [], [8, 6], [6, 5], [], []]","[0, -2, -1, None, 2, -4, 0, -1, 3, -4, -1]",214,3,,best_alone,wa53371b,7.769378609513984,8.15708378502887,8.674880467251832,1,1,0,1,1,1,2.0
5313,"[[4], [], [5, 10], [], [], [], [3, 8], [6, 3], [], [2, 0], []]","[2, -3, -4, 4, 1, -4, 0, 4, 3, None, 2]",252,8,,best_alone,wa53371b,8.31360713931756,7.966239776559468,8.847934753328467,3,3,0,1,1,1,6.0
5314,"[[], [4, 10], [9], [8, 2], [], [], [1, 4], [], [5, 7], [], []]","[2, 0, 3, None, 0, -1, 4, 1, -4, 2, -4]",308,9,,best_alone,wa53371b,8.027476530860481,7.472500744737558,8.480944058741116,5,5,0,1,1,1,2.0
5315,"[[4, 7], [], [10, 5], [], [], [3], [], [], [0, 4], [], [1, 6]]","[0, 1, None, 1, -2, 4, -1, -1, -1, -4, -4]",310,9,,best_alone,wa53371b,7.786136437783072,8.405367376233981,8.835937789319836,5,5,0,1,1,1,2.0
5316,"[[6], [5, 7], [], [], [10, 0], [], [], [], [1, 5], [], [2, 9]]","[3, 0, 0, -4, None, 2, 1, -3, -2, -4, -3]",322,9,,best_alone,wa53371b,8.527737405291909,7.474204806496124,8.826734598220911,4,4,0,1,1,1,4.0
5317,"[[10, 3], [], [], [], [], [4], [], [2, 1], [7, 5], [], [3, 9]]","[-3, 0, -2, 1, -2, -4, 2, 2, None, 4, -2]",204,5,2.0,best_second,wa53371b,7.2875606403097235,7.804251383528113,8.271804031154709,2,2,0,1,1,1,
5318,"[[], [], [8, 10], [], [], [], [9, 7], [4], [10, 0], [3, 1], []]","[2, 0, 4, -2, 4, -2, None, 4, -2, -1, -1]",292,10,,best_alone,wa53371b,7.8119734296220225,7.594381242551816,8.40200678160712,8,8,0,1,1,1,2.0
5320,"[[3], [], [4, 5], [], [5, 9], [], [7, 1], [], [], [], [6, 0]]","[-1, -4, 0, -4, -4, 0, -3, -1, -1, -4, None]",326,2,,best_min,wa53371b,7.789040401657477,8.416709652837914,8.844336332748933,-4,-5,1,0,0,1,3.0
5321,"[[10], [4, 0], [], [], [3, 5], [], [], [9, 2], [], [2, 6], []]","[1, None, 4, -2, -2, 2, 3, -4, -2, -1, 4]",314,7,,best_alone,wa53371b,8.158516244806831,7.22402480828583,8.489616423646003,5,5,0,1,1,1,4.0
5322,"[[], [], [], [], [], [], [3, 4], [1, 2], [7, 10], [6, 3], [0]]","[4, 0, -2, -1, -4, 4, -2, 0, None, -4, 0]",284,5,,best_alone,wa53371b,7.803026643632217,7.685243607975833,8.438799123988225,4,4,0,1,1,1,2.0
